trade_date,ts_code,open,high,low,close,pre_close,change,pct_chg,vol,amount,adj_open,adj_high,adj_low,adj_close
20010827,600519.SH,34.51,37.78,32.85,35.55,,,,406318.0,1410347.179,4.09,4.47,3.89,4.21
20010828,600519.SH,34.99,37.0,34.61,36.86,35.55,1.3100000000000023,3.68,129647.79,463463.143,4.14,4.38,4.1,4.36
20010829,600519.SH,36.98,37.0,36.1,36.38,36.86,-0.4799999999999969,-1.3,53252.75,194689.62,4.38,4.38,4.27,4.31
20010830,600519.SH,36.28,37.51,36.0,37.1,36.38,0.7199999999999989,1.98,48013.06,177558.558,4.3,4.44,4.26,4.39
20010831,600519.SH,37.15,37.62,36.8,37.01,37.1,-0.09000000000000341,-0.24,23231.48,86231.237,4.4,4.45,4.36,4.38
20010903,600519.SH,37.2,37.57,36.85,36.99,37.01,-0.01999999999999602,-0.05,22112.09,82129.438,4.4,4.45,4.36,4.38
20010904,600519.SH,37.01,38.08,36.88,37.46,36.99,0.46999999999999886,1.27,37006.77,139204.38,4.38,4.51,4.37,4.44
20010905,600519.SH,37.61,37.92,37.21,37.44,37.46,-0.020000000000003126,-0.05,26066.95,97796.243,4.45,4.49,4.41,4.43
20010906,600519.SH,37.35,37.47,36.51,36.7,37.44,-0.7399999999999949,-1.98,28997.03,107078.403,4.42,4.44,4.32,4.35
20010907,600519.SH,36.5,36.95,35.65,35.68,36.7,-1.0200000000000031,-2.78,31552.25,113868.743,4.32,4.37,4.22,4.22
20010910,600519.SH,35.4,36.85,35.01,36.7,35.68,1.0200000000000031,2.86,18878.89,68406.471,4.19,4.36,4.14,4.35
20010911,600519.SH,36.8,36.95,36.2,36.29,36.7,-0.4100000000000037,-1.12,11390.81,41579.698,4.36,4.37,4.29,4.3
20010912,600519.SH,35.33,36.2,35.3,35.98,36.29,-0.3100000000000023,-0.85,25045.19,89421.38,4.18,4.29,4.18,4.26
20010913,600519.SH,36.01,36.3,35.7,35.89,35.98,-0.0899999999999963,-0.25,10986.68,39512.775,4.26,4.3,4.23,4.25
20010914,600519.SH,36.01,36.5,35.8,36.3,35.89,0.4099999999999966,1.14,7672.83,27740.691,4.26,4.32,4.24,4.3
20010917,600519.SH,36.08,36.29,35.5,35.84,36.3,-0.45999999999999375,-1.27,8983.97,32183.249,4.27,4.3,4.2,4.24
20010918,600519.SH,35.88,36.55,35.85,36.25,35.84,0.4099999999999966,1.14,10773.26,39006.062,4.25,4.33,4.24,4.29
20010919,600519.SH,36.3,36.92,36.06,36.92,36.25,0.6700000000000017,1.85,8650.53,31597.369,4.3,4.37,4.27,4.37
20010920,600519.SH,36.9,37.05,36.5,36.61,36.92,-0.3100000000000023,-0.84,11173.35,41189.577,4.37,4.39,4.32,4.33
20010921,600519.SH,36.28,36.6,36.0,36.06,36.61,-0.5499999999999972,-1.5,7879.72,28638.681,4.3,4.33,4.26,4.27
20010924,600519.SH,36.06,36.39,36.0,36.05,36.06,-0.010000000000005116,-0.03,4068.6,14703.096,4.27,4.31,4.26,4.27
20010925,600519.SH,36.28,36.54,36.05,36.23,36.05,0.17999999999999972,0.5,3488.45,12639.79,4.3,4.33,4.27,4.29
20010926,600519.SH,36.11,36.48,36.0,36.08,36.23,-0.14999999999999858,-0.41,4956.26,17892.565,4.28,4.32,4.26,4.27
20010927,600519.SH,36.08,36.98,36.0,36.7,36.08,0.6200000000000045,1.72,8778.04,32085.131,4.27,4.38,4.26,4.35
20010928,600519.SH,36.9,37.2,36.5,37.09,36.7,0.39000000000000057,1.06,17088.47,63169.143,4.37,4.4,4.32,4.39
20011008,600519.SH,37.0,37.18,36.25,36.58,37.09,-0.5100000000000051,-1.38,6552.17,24091.149,4.38,4.4,4.29,4.33
20011009,600519.SH,36.6,37.5,36.6,37.3,36.58,0.7199999999999989,1.97,9558.52,35498.605,4.33,4.44,4.33,4.42
20011010,600519.SH,37.3,37.43,36.03,36.1,37.3,-1.1999999999999957,-3.22,17548.69,63956.753,4.42,4.43,4.27,4.27
20011011,600519.SH,36.01,36.5,35.65,35.75,36.1,-0.3500000000000014,-0.97,12306.84,44319.896,4.26,4.32,4.22,4.23
20011012,600519.SH,35.9,36.65,34.05,36.0,35.75,0.25,0.7,20010.7,70897.331,4.25,4.34,4.03,4.26
20011015,600519.SH,35.9,36.0,34.9,35.3,36.0,-0.7000000000000028,-1.94,9755.31,34501.714,4.25,4.26,4.13,4.18
20011016,600519.SH,35.13,35.8,34.75,34.8,35.3,-0.5,-1.42,8319.91,29068.173,4.16,4.24,4.11,4.12
20011017,600519.SH,34.79,34.81,33.9,34.2,34.8,-0.5999999999999943,-1.72,12507.68,42766.283,4.12,4.12,4.01,4.05
20011018,600519.SH,34.2,34.66,33.91,34.04,34.2,-0.1600000000000037,-0.47,4983.46,16999.063,4.05,4.1,4.01,4.03
20011019,600519.SH,34.0,34.15,33.01,33.5,34.04,-0.5399999999999991,-1.59,15687.54,52422.843,4.03,4.04,3.91,3.97
20011022,600519.SH,33.3,33.7,32.7,32.79,33.5,-0.7100000000000009,-2.12,9760.65,32268.911,3.94,3.99,3.87,3.88
20011023,600519.SH,36.0,36.07,35.01,36.07,32.79,3.280000000000001,10.0,40598.24,145710.538,4.26,4.27,4.14,4.27
20011024,600519.SH,36.78,36.8,35.11,35.86,36.07,-0.21000000000000085,-0.58,40682.39,147001.102,4.35,4.36,4.16,4.25
20011025,600519.SH,35.7,35.8,34.86,34.88,35.86,-0.9799999999999969,-2.73,16036.86,56527.283,4.23,4.24,4.13,4.13
20011026,600519.SH,34.7,35.1,34.42,35.0,34.88,0.11999999999999744,0.34,9002.2,31280.145,4.11,4.16,4.08,4.14
20011029,600519.SH,34.88,35.63,34.88,35.3,35.0,0.29999999999999716,0.86,4587.86,16205.054,4.13,4.22,4.13,4.18
20011030,600519.SH,35.25,35.49,34.92,35.0,35.3,-0.29999999999999716,-0.85,3484.17,12214.728,4.17,4.2,4.13,4.14
20011031,600519.SH,35.0,35.09,34.8,35.05,35.0,0.04999999999999716,0.14,4762.47,16633.345,4.14,4.15,4.12,4.15
20011101,600519.SH,35.05,35.64,34.95,35.57,35.05,0.5200000000000031,1.48,6643.03,23511.58,4.15,4.22,4.14,4.21
20011102,600519.SH,35.28,35.72,35.16,35.36,35.57,-0.21000000000000085,-0.59,3435.2,12189.356,4.18,4.23,4.16,4.19
20011105,600519.SH,35.0,35.26,34.7,34.9,35.36,-0.46000000000000085,-1.3,3690.76,12879.737,4.14,4.17,4.11,4.13
20011106,600519.SH,34.8,35.3,34.72,35.15,34.9,0.25,0.72,2609.31,9138.666,4.12,4.18,4.11,4.16
20011107,600519.SH,35.0,35.0,33.8,33.85,35.15,-1.2999999999999972,-3.7,9325.38,31791.131,4.14,4.14,4.0,4.01
20011108,600519.SH,33.35,33.89,32.98,33.7,33.85,-0.14999999999999858,-0.44,7402.16,24682.905,3.95,4.01,3.9,3.99
20011109,600519.SH,33.7,34.48,33.34,34.15,33.7,0.44999999999999574,1.34,3760.76,12737.203,3.99,4.08,3.95,4.04
20011112,600519.SH,34.4,34.4,33.52,33.6,34.15,-0.5499999999999972,-1.61,2683.33,9088.858,4.07,4.07,3.97,3.98
20011113,600519.SH,33.28,33.7,33.21,33.64,33.6,0.03999999999999915,0.12,2673.81,8965.279,3.94,3.99,3.93,3.98
20011114,600519.SH,33.64,34.0,33.64,33.65,33.64,0.00999999999999801,0.03,769.0,2599.26,3.98,4.03,3.98,3.98
20011115,600519.SH,33.65,33.8,33.5,33.68,33.65,0.030000000000001137,0.09,2193.45,7378.238,3.98,4.0,3.97,3.99
20011116,600519.SH,36.2,36.2,33.99,34.09,33.68,0.4100000000000037,1.22,9954.7,34600.364,4.29,4.29,4.02,4.04
20011119,600519.SH,34.15,35.08,34.1,35.05,34.09,0.9599999999999937,2.82,3734.61,12950.484,4.04,4.15,4.04,4.15
20011120,600519.SH,35.2,35.53,34.9,35.38,35.05,0.3300000000000054,0.94,8069.08,28559.195,4.17,4.21,4.13,4.19
20011121,600519.SH,35.48,35.5,34.9,35.18,35.38,-0.20000000000000284,-0.57,5114.42,17957.63,4.2,4.2,4.13,4.17
20011122,600519.SH,35.22,35.3,34.91,35.12,35.18,-0.060000000000002274,-0.17,4198.79,14713.84,4.17,4.18,4.13,4.16
20011123,600519.SH,35.01,35.25,34.78,34.98,35.12,-0.14000000000000057,-0.4,3960.9,13866.447,4.14,4.17,4.12,4.14
20011126,600519.SH,35.0,35.0,34.5,34.61,34.98,-0.36999999999999744,-1.06,3100.99,10749.495,4.14,4.14,4.08,4.1
20011127,600519.SH,34.58,35.07,34.58,35.0,34.61,0.39000000000000057,1.13,2569.48,8954.894,4.09,4.15,4.09,4.14
20011128,600519.SH,35.05,35.39,34.9,35.05,35.0,0.04999999999999716,0.14,3773.62,13256.608,4.15,4.19,4.13,4.15
20011129,600519.SH,35.01,35.2,34.81,34.83,35.05,-0.21999999999999886,-0.63,3046.18,10658.762,4.14,4.17,4.12,4.12
20011130,600519.SH,34.83,35.45,34.8,35.34,34.83,0.5100000000000051,1.46,4070.97,14292.95,4.12,4.2,4.12,4.18
20011203,600519.SH,35.35,36.27,35.34,36.17,35.34,0.8299999999999983,2.35,16037.05,57741.7,4.19,4.29,4.18,4.28
20011204,600519.SH,36.25,36.27,35.81,36.21,36.17,0.03999999999999915,0.11,6894.99,24859.86,4.29,4.29,4.24,4.29
20011205,600519.SH,37.0,37.0,35.96,36.0,36.21,-0.21000000000000085,-0.58,15028.35,54737.513,4.38,4.38,4.26,4.26
20011206,600519.SH,35.9,36.3,35.8,36.06,36.0,0.060000000000002274,0.17,6372.22,23004.767,4.25,4.3,4.24,4.27
20011207,600519.SH,36.1,36.2,35.8,35.86,36.06,-0.20000000000000284,-0.55,3908.2,14031.912,4.27,4.29,4.24,4.25
20011210,600519.SH,36.0,36.08,35.71,35.99,35.86,0.13000000000000256,0.36,4161.56,14941.666,4.26,4.27,4.23,4.26
20011211,600519.SH,36.0,36.0,35.61,35.64,35.99,-0.3500000000000014,-0.97,3580.02,12821.499,4.26,4.26,4.22,4.22
20011212,600519.SH,35.6,36.1,35.6,35.77,35.64,0.13000000000000256,0.36,4632.67,16611.472,4.21,4.27,4.21,4.23
20011213,600519.SH,35.61,35.97,35.2,35.26,35.77,-0.5100000000000051,-1.43,3540.45,12580.276,4.22,4.26,4.17,4.17
20011214,600519.SH,35.02,35.5,35.02,35.2,35.26,-0.05999999999999517,-0.17,2841.25,10026.619,4.15,4.2,4.15,4.17
20011217,600519.SH,35.11,35.61,35.05,35.36,35.2,0.1599999999999966,0.45,4413.89,15611.05,4.16,4.22,4.15,4.19
20011218,600519.SH,35.48,35.96,35.1,35.9,35.36,0.5399999999999991,1.53,4821.2,17167.382,4.2,4.26,4.16,4.25
20011219,600519.SH,35.9,36.49,35.63,35.96,35.9,0.060000000000002274,0.17,9620.01,34761.229,4.25,4.32,4.22,4.26
20011220,600519.SH,35.9,35.9,34.65,34.76,35.96,-1.2000000000000028,-3.34,11362.23,39988.83,4.25,4.25,4.1,4.12
20011221,600519.SH,34.7,35.97,34.7,35.87,34.76,1.1099999999999994,3.19,8135.04,28861.442,4.11,4.26,4.11,4.25
20011224,600519.SH,35.99,37.25,35.81,36.42,35.87,0.5500000000000043,1.53,27250.79,99947.172,4.26,4.41,4.24,4.31
20011225,600519.SH,36.45,36.72,35.95,36.5,36.42,0.0799999999999983,0.22,12182.6,44420.025,4.32,4.35,4.26,4.32
20011226,600519.SH,36.54,37.25,36.1,37.19,36.5,0.6899999999999977,1.89,16809.52,62127.143,4.33,4.41,4.27,4.4
20011227,600519.SH,37.22,37.84,36.92,37.32,37.19,0.13000000000000256,0.35,23284.78,87052.679,4.41,4.48,4.37,4.42
20011228,600519.SH,37.3,37.6,36.88,37.3,37.32,-0.020000000000003126,-0.05,12279.32,45692.306,4.42,4.45,4.37,4.42
20011231,600519.SH,37.67,39.3,37.46,38.55,37.3,1.25,3.35,52195.41,202281.565,4.46,4.65,4.44,4.56
20020104,600519.SH,38.72,38.8,37.45,37.55,38.55,-1.0,-2.59,29109.62,111030.307,4.58,4.59,4.43,4.45
20020107,600519.SH,37.15,37.5,36.68,37.35,37.55,-0.19999999999999574,-0.53,18942.95,70279.717,4.4,4.44,4.34,4.42
20020108,600519.SH,37.0,37.59,36.48,36.59,37.35,-0.759999999999998,-2.03,13286.64,48947.614,4.38,4.45,4.32,4.33
20020109,600519.SH,36.5,37.18,36.35,36.87,36.59,0.27999999999999403,0.77,10606.82,38912.708,4.32,4.4,4.3,4.37
20020110,600519.SH,36.98,37.39,36.35,37.24,36.87,0.37000000000000455,1.0,18815.55,69093.753,4.38,4.43,4.3,4.41
20020111,600519.SH,37.01,37.14,36.0,36.05,37.24,-1.1900000000000048,-3.2,11834.75,43306.414,4.38,4.4,4.26,4.27
20020114,600519.SH,35.7,36.4,35.43,36.1,36.05,0.05000000000000426,0.14,18718.51,67196.713,4.23,4.31,4.19,4.27
20020115,600519.SH,35.98,37.05,35.91,36.54,36.1,0.4399999999999977,1.22,18247.41,66666.866,4.26,4.39,4.25,4.33
20020116,600519.SH,36.48,36.97,35.4,36.35,36.54,-0.18999999999999773,-0.52,13974.33,50700.232,4.32,4.38,4.19,4.3
20020117,600519.SH,36.2,36.49,34.7,35.06,36.35,-1.2899999999999991,-3.55,24180.31,85418.339,4.29,4.32,4.11,4.15
20020118,600519.SH,34.8,36.88,34.7,36.65,35.06,1.5899999999999963,4.54,32262.08,116437.266,4.12,4.37,4.11,4.34
20020121,600519.SH,36.3,36.6,35.58,35.87,36.65,-0.7800000000000011,-2.13,15755.93,56764.193,4.3,4.33,4.21,4.25
20020122,600519.SH,35.8,36.95,35.8,36.44,35.87,0.5700000000000003,1.59,13485.67,49186.214,4.24,4.37,4.24,4.31
20020123,600519.SH,36.65,37.65,36.2,37.62,36.44,1.1799999999999997,3.24,23336.48,86396.947,4.34,4.46,4.29,4.45
20020124,600519.SH,37.36,37.87,36.8,37.29,37.62,-0.3299999999999983,-0.88,26615.8,99483.236,4.42,4.48,4.36,4.41
20020125,600519.SH,37.24,37.57,36.8,37.1,37.29,-0.18999999999999773,-0.51,13941.12,51685.502,4.41,4.45,4.36,4.39
20020128,600519.SH,37.0,37.29,35.3,35.49,37.1,-1.6099999999999994,-4.34,21667.82,77886.073,4.38,4.41,4.18,4.2
20020129,600519.SH,35.2,36.2,34.98,35.66,35.49,0.1699999999999946,0.48,11872.0,42283.085,4.17,4.29,4.14,4.22
20020130,600519.SH,35.6,36.28,35.2,35.58,35.66,-0.0799999999999983,-0.22,8419.22,30030.708,4.21,4.3,4.17,4.21
20020131,600519.SH,36.0,38.0,36.0,37.6,35.58,2.020000000000003,5.68,40828.3,152780.902,4.26,4.5,4.26,4.45
20020201,600519.SH,37.5,37.98,36.9,37.06,37.6,-0.5399999999999991,-1.44,17345.03,64926.556,4.44,4.5,4.37,4.39
20020204,600519.SH,37.18,38.15,37.0,37.92,37.06,0.8599999999999994,2.32,16510.19,62395.237,4.4,4.52,4.38,4.49
20020205,600519.SH,37.93,38.68,37.63,37.9,37.92,-0.020000000000003126,-0.05,11195.73,42691.507,4.49,4.58,4.46,4.49
20020206,600519.SH,37.86,38.11,37.09,37.18,37.9,-0.7199999999999989,-1.9,9668.54,36137.656,4.48,4.51,4.39,4.4
20020207,600519.SH,37.18,37.92,37.12,37.41,37.18,0.22999999999999687,0.62,6688.17,25158.901,4.4,4.49,4.39,4.43
20020208,600519.SH,37.6,38.2,37.58,37.65,37.41,0.240000000000002,0.64,12569.31,47643.92,4.45,4.52,4.45,4.46
20020226,600519.SH,37.99,38.5,37.45,37.77,37.65,0.12000000000000455,0.32,14815.99,56234.511,4.5,4.56,4.43,4.47
20020227,600519.SH,37.85,38.1,37.5,37.93,37.77,0.1599999999999966,0.42,8290.81,31387.541,4.48,4.51,4.44,4.49
20020228,600519.SH,38.0,38.46,37.78,38.0,37.93,0.07000000000000028,0.18,12506.98,47786.791,4.5,4.55,4.47,4.5
20020301,600519.SH,37.95,38.15,37.2,37.39,38.0,-0.6099999999999994,-1.61,7421.45,27907.358,4.49,4.52,4.4,4.43
20020304,600519.SH,37.35,38.08,37.12,38.04,37.39,0.6499999999999986,1.74,5224.85,19593.096,4.42,4.51,4.39,4.5
20020305,600519.SH,38.06,39.1,37.86,38.59,38.04,0.5500000000000043,1.45,22188.87,85787.001,4.51,4.63,4.48,4.57
20020306,600519.SH,38.8,39.08,38.02,38.36,38.59,-0.23000000000000398,-0.6,18620.14,71904.848,4.59,4.63,4.5,4.54
20020307,600519.SH,38.2,38.6,38.05,38.5,38.36,0.14000000000000057,0.36,13616.02,52163.426,4.52,4.57,4.5,4.56
20020308,600519.SH,38.55,39.78,38.55,39.63,38.5,1.1300000000000026,2.94,35326.81,137988.821,4.56,4.71,4.56,4.69
20020311,600519.SH,39.69,39.69,39.07,39.45,39.63,-0.17999999999999972,-0.45,17606.0,69191.402,4.7,4.7,4.63,4.67
20020312,600519.SH,39.45,39.45,38.5,38.5,39.45,-0.9500000000000028,-2.41,17251.85,66875.879,4.67,4.67,4.56,4.56
20020313,600519.SH,38.31,38.8,38.19,38.24,38.5,-0.259999999999998,-0.68,7793.99,29935.169,4.54,4.59,4.52,4.53
20020314,600519.SH,38.11,38.7,38.05,38.62,38.24,0.37999999999999545,0.99,6387.74,24487.493,4.51,4.58,4.5,4.57
20020315,600519.SH,38.02,38.9,37.85,37.92,38.62,-0.6999999999999957,-1.81,11892.88,45551.718,4.5,4.61,4.48,4.49
20020318,600519.SH,38.12,38.8,37.9,38.0,37.92,0.0799999999999983,0.21,6070.27,23162.182,4.51,4.59,4.49,4.5
20020319,600519.SH,38.1,38.88,38.02,38.75,38.0,0.75,1.97,6774.04,26123.11,4.51,4.6,4.5,4.59
20020320,600519.SH,38.8,39.5,38.7,38.97,38.75,0.21999999999999886,0.57,15031.33,58767.953,4.59,4.68,4.58,4.61
20020321,600519.SH,39.3,39.56,38.66,38.92,38.97,-0.04999999999999716,-0.13,15037.21,58789.396,4.65,4.68,4.58,4.61
20020322,600519.SH,38.92,39.0,38.42,38.54,38.92,-0.38000000000000256,-0.98,7972.76,30733.685,4.61,4.62,4.55,4.56
20020325,600519.SH,38.49,38.9,38.3,38.78,38.54,0.240000000000002,0.62,4315.07,16693.141,4.56,4.61,4.53,4.59
20020326,600519.SH,38.7,38.8,38.12,38.2,38.78,-0.5799999999999983,-1.5,6239.09,23950.585,4.58,4.59,4.51,4.52
20020327,600519.SH,38.15,38.46,37.91,38.1,38.2,-0.10000000000000142,-0.26,4991.01,19022.433,4.52,4.55,4.49,4.51
20020328,600519.SH,38.01,38.28,38.0,38.01,38.1,-0.09000000000000341,-0.24,5291.57,20150.615,4.5,4.53,4.5,4.5
20020329,600519.SH,38.0,38.05,37.1,37.26,38.01,-0.75,-1.97,10625.47,39865.325,4.5,4.5,4.39,4.41
20020401,600519.SH,37.16,37.79,37.12,37.6,37.26,0.3400000000000034,0.91,2766.05,10386.559,4.4,4.47,4.39,4.45
20020402,600519.SH,37.61,37.76,36.81,37.02,37.6,-0.5799999999999983,-1.54,7329.33,27163.339,4.45,4.47,4.36,4.38
20020403,600519.SH,37.02,37.3,36.82,36.98,37.02,-0.04000000000000625,-0.11,6019.45,22255.856,4.38,4.42,4.36,4.38
20020404,600519.SH,36.97,37.6,36.51,37.58,36.98,0.6000000000000014,1.62,5161.43,19068.025,4.38,4.45,4.32,4.45
20020405,600519.SH,37.78,37.94,37.1,37.28,37.58,-0.29999999999999716,-0.8,3046.85,11402.145,4.47,4.49,4.39,4.41
20020408,600519.SH,37.3,37.4,36.95,37.0,37.28,-0.28000000000000114,-0.75,2300.46,8539.346,4.42,4.43,4.37,4.38
20020409,600519.SH,37.0,37.5,36.88,37.43,37.0,0.4299999999999997,1.16,3291.57,12257.478,4.38,4.44,4.37,4.43
20020410,600519.SH,37.43,37.77,37.2,37.48,37.43,0.04999999999999716,0.13,3423.83,12828.309,4.43,4.47,4.4,4.44
20020411,600519.SH,37.49,37.88,37.41,37.49,37.48,0.010000000000005116,0.03,6797.99,25576.043,4.44,4.48,4.43,4.44
20020412,600519.SH,37.62,38.22,37.52,38.0,37.49,0.509999999999998,1.36,4519.28,17168.808,4.45,4.53,4.44,4.5
20020415,600519.SH,38.46,38.5,37.6,37.89,38.0,-0.10999999999999943,-0.29,2925.94,11085.699,4.55,4.56,4.45,4.49
20020416,600519.SH,37.88,38.3,37.88,38.26,37.89,0.36999999999999744,0.98,6036.15,23013.458,4.48,4.53,4.48,4.53
20020417,600519.SH,38.5,38.5,36.85,36.98,38.26,-1.2800000000000011,-3.35,13219.28,48993.045,4.56,4.56,4.36,4.38
20020418,600519.SH,37.0,37.19,36.38,36.39,36.98,-0.5899999999999963,-1.6,8538.15,31299.469,4.38,4.4,4.31,4.31
20020419,600519.SH,36.39,36.45,35.89,36.22,36.39,-0.1700000000000017,-0.47,8854.32,31912.486,4.31,4.32,4.25,4.29
20020422,600519.SH,36.0,36.4,35.9,36.19,36.22,-0.030000000000001137,-0.08,4113.65,14831.735,4.26,4.31,4.25,4.28
20020423,600519.SH,36.19,36.19,35.51,35.52,36.19,-0.6699999999999946,-1.85,4088.22,14622.595,4.28,4.28,4.2,4.21
20020424,600519.SH,35.5,35.88,35.16,35.24,35.52,-0.28000000000000114,-0.79,5050.88,17876.338,4.2,4.25,4.16,4.17
20020425,600519.SH,35.1,35.68,35.1,35.51,35.24,0.269999999999996,0.77,2596.76,9206.508,4.16,4.22,4.16,4.2
20020426,600519.SH,35.5,36.08,35.4,36.02,35.51,0.5100000000000051,1.44,2381.23,8537.641,4.2,4.27,4.19,4.26
20020429,600519.SH,36.2,37.0,36.2,36.35,36.02,0.3299999999999983,0.92,4665.21,17015.082,4.29,4.38,4.29,4.3
20020430,600519.SH,36.48,36.6,35.95,36.2,36.35,-0.14999999999999858,-0.41,5978.47,21592.851,4.32,4.33,4.26,4.29
20020508,600519.SH,36.31,36.5,36.02,36.25,36.2,0.04999999999999716,0.14,1700.49,6152.534,4.3,4.32,4.26,4.29
20020509,600519.SH,36.0,36.45,36.0,36.03,36.25,-0.21999999999999886,-0.61,1712.21,6186.437,4.26,4.32,4.26,4.27
20020510,600519.SH,36.05,36.13,35.65,35.66,36.03,-0.37000000000000455,-1.03,2688.5,9625.82,4.27,4.28,4.22,4.22
20020513,600519.SH,35.57,35.7,35.38,35.4,35.66,-0.259999999999998,-0.73,2830.74,10033.864,4.21,4.23,4.19,4.19
20020514,600519.SH,35.4,36.48,35.21,35.48,35.4,0.0799999999999983,0.23,5070.03,18159.637,4.19,4.32,4.17,4.2
20020515,600519.SH,35.68,35.69,35.2,35.34,35.48,-0.13999999999999346,-0.39,2244.3,7948.908,4.22,4.23,4.17,4.18
20020516,600519.SH,35.25,35.36,34.91,34.96,35.34,-0.38000000000000256,-1.08,5549.83,19465.458,4.17,4.19,4.13,4.14
20020517,600519.SH,34.89,35.59,34.75,35.04,34.96,0.0799999999999983,0.23,3859.68,13508.333,4.13,4.21,4.11,4.15
20020520,600519.SH,34.99,34.99,34.5,34.51,35.04,-0.5300000000000011,-1.51,3353.69,11623.861,4.14,4.14,4.08,4.09
20020521,600519.SH,35.54,35.54,34.9,35.03,34.51,0.5200000000000031,1.51,5707.0,20081.8,4.21,4.21,4.13,4.15
20020522,600519.SH,35.1,35.48,34.95,35.02,35.03,-0.00999999999999801,-0.03,2974.06,10442.708,4.16,4.2,4.14,4.15
20020523,600519.SH,35.88,35.88,35.1,35.2,35.02,0.17999999999999972,0.51,1619.9,5705.093,4.25,4.25,4.16,4.17
20020524,600519.SH,35.01,35.2,34.68,34.89,35.2,-0.3100000000000023,-0.88,2407.35,8401.313,4.14,4.17,4.11,4.13
20020527,600519.SH,35.0,35.34,34.89,35.11,34.89,0.21999999999999886,0.63,1653.26,5801.25,4.14,4.18,4.13,4.16
20020528,600519.SH,35.2,35.55,35.1,35.16,35.11,0.04999999999999716,0.14,2614.9,9258.306,4.17,4.21,4.16,4.16
20020529,600519.SH,35.21,35.38,34.66,34.77,35.16,-0.38999999999999346,-1.11,2684.74,9340.641,4.17,4.19,4.1,4.12
20020530,600519.SH,34.88,35.06,34.6,34.86,34.77,0.0899999999999963,0.26,1962.25,6813.508,4.13,4.15,4.1,4.13
20020531,600519.SH,35.0,35.16,34.8,34.95,34.86,0.09000000000000341,0.26,1806.1,6326.36,4.14,4.16,4.12,4.14
20020603,600519.SH,34.9,35.01,34.51,34.93,34.95,-0.020000000000003126,-0.06,2290.22,7966.689,4.13,4.14,4.09,4.14
20020604,600519.SH,34.9,35.0,34.0,34.5,34.93,-0.4299999999999997,-1.23,1976.0,6831.604,4.13,4.14,4.03,4.08
20020605,600519.SH,34.5,34.5,34.1,34.35,34.5,-0.14999999999999858,-0.43,2224.75,7636.262,4.08,4.08,4.04,4.07
20020606,600519.SH,34.38,35.47,34.1,34.99,34.35,0.6400000000000006,1.86,5757.4,19928.86,4.07,4.2,4.04,4.14
20020607,600519.SH,34.8,35.16,34.61,34.92,34.99,-0.07000000000000028,-0.2,3622.16,12686.067,4.12,4.16,4.1,4.13
20020610,600519.SH,35.0,35.05,34.51,34.64,34.92,-0.28000000000000114,-0.8,1832.53,6371.263,4.14,4.15,4.09,4.1
20020611,600519.SH,34.75,35.02,34.65,34.82,34.64,0.17999999999999972,0.52,1539.2,5368.576,4.11,4.15,4.1,4.12
20020612,600519.SH,34.8,35.12,34.55,35.11,34.82,0.28999999999999915,0.83,2082.2,7240.715,4.12,4.16,4.09,4.16
20020613,600519.SH,35.1,35.3,34.88,34.9,35.11,-0.21000000000000085,-0.6,1623.0,5701.623,4.16,4.18,4.13,4.13
20020614,600519.SH,34.9,35.2,34.6,34.65,34.9,-0.25,-0.72,947.11,3289.645,4.13,4.17,4.1,4.1
20020617,600519.SH,34.55,34.66,34.3,34.65,34.65,0.0,0.0,1358.1,4678.657,4.09,4.1,4.06,4.1
20020618,600519.SH,34.7,35.08,34.69,34.97,34.65,0.3200000000000003,0.92,1636.99,5721.28,4.11,4.15,4.11,4.14
20020619,600519.SH,34.9,35.0,34.7,34.73,34.97,-0.240000000000002,-0.69,833.5,2900.266,4.13,4.14,4.11,4.11
20020620,600519.SH,34.98,35.05,34.76,34.88,34.73,0.15000000000000568,0.43,1319.2,4609.083,4.14,4.15,4.12,4.13
20020621,600519.SH,35.0,35.7,34.88,35.49,34.88,0.6099999999999994,1.75,4266.51,15107.102,4.14,4.23,4.13,4.2
20020624,600519.SH,39.04,39.04,37.0,38.18,35.49,2.6899999999999977,7.58,61254.41,234474.989,4.62,4.62,4.38,4.52
20020626,600519.SH,37.28,37.4,36.56,36.85,38.18,-1.3299999999999983,-3.48,15423.0,56971.879,4.41,4.43,4.33,4.36
20020627,600519.SH,36.9,37.18,36.6,36.78,36.85,-0.07000000000000028,-0.19,5581.78,20574.559,4.37,4.4,4.33,4.35
20020628,600519.SH,36.7,37.38,36.7,37.03,36.78,0.25,0.68,10763.73,39735.942,4.35,4.43,4.35,4.38
20020701,600519.SH,37.08,37.49,36.78,36.8,37.03,-0.23000000000000398,-0.62,4320.0,16032.014,4.39,4.44,4.35,4.36
20020702,600519.SH,36.8,36.8,36.58,36.75,36.8,-0.04999999999999716,-0.14,3935.07,14439.88,4.36,4.36,4.33,4.35
20020703,600519.SH,36.75,36.85,36.5,36.66,36.75,-0.09000000000000341,-0.24,5333.12,19520.104,4.35,4.36,4.32,4.34
20020704,600519.SH,36.68,36.7,36.0,36.07,36.66,-0.5899999999999963,-1.61,6669.87,24199.148,4.34,4.35,4.26,4.27
20020705,600519.SH,36.06,36.18,36.0,36.16,36.07,0.0899999999999963,0.25,6815.67,24596.151,4.27,4.28,4.26,4.28
20020708,600519.SH,36.18,36.46,36.1,36.17,36.16,0.010000000000005116,0.03,3192.72,11563.09,4.28,4.32,4.27,4.28
20020709,600519.SH,36.18,36.24,36.03,36.12,36.17,-0.05000000000000426,-0.14,3523.23,12721.871,4.28,4.29,4.27,4.28
20020710,600519.SH,36.12,36.24,35.65,35.72,36.12,-0.3999999999999986,-1.11,4622.79,16561.215,4.28,4.29,4.22,4.23
20020711,600519.SH,35.63,36.25,35.63,35.93,35.72,0.21000000000000085,0.59,2357.61,8471.292,4.22,4.29,4.22,4.25
20020712,600519.SH,35.99,36.18,35.8,36.03,35.93,0.10000000000000142,0.28,1588.49,5724.883,4.26,4.28,4.24,4.27
20020715,600519.SH,36.01,36.16,35.9,35.91,36.03,-0.12000000000000455,-0.33,1308.58,4708.941,4.26,4.28,4.25,4.25
20020716,600519.SH,35.68,36.13,35.68,35.9,35.91,-0.00999999999999801,-0.03,2316.49,8339.593,4.22,4.28,4.22,4.25
20020717,600519.SH,35.95,36.0,35.65,35.9,35.9,0.0,0.0,1342.19,4803.76,4.26,4.26,4.22,4.25
20020718,600519.SH,36.05,36.49,36.0,36.24,35.9,0.3400000000000034,0.95,5893.89,21394.4,4.27,4.32,4.26,4.29
20020719,600519.SH,36.37,36.46,36.26,36.39,36.24,0.14999999999999858,0.41,2516.89,9151.205,4.31,4.32,4.29,4.31
20020722,600519.SH,36.68,36.7,36.33,36.4,36.39,0.00999999999999801,0.03,6103.57,22267.992,4.34,4.35,4.3,4.31
20020723,600519.SH,36.45,36.45,36.01,36.25,36.4,-0.14999999999999858,-0.41,2901.58,10500.988,4.32,4.32,4.26,4.29
20020724,600519.SH,36.3,36.49,36.1,36.4,36.25,0.14999999999999858,0.41,4663.87,16952.456,4.3,4.32,4.27,4.31
20020725,600519.SH,32.61,32.81,32.11,32.31,36.4,-4.089999999999996,-11.24,1700.42,5497.155,4.32,4.34,4.25,4.28
20020726,600519.SH,32.5,32.5,32.07,32.13,32.31,-0.17999999999999972,-0.56,1558.24,5017.641,4.3,4.3,4.24,4.25
20020729,600519.SH,32.2,32.28,31.58,31.69,32.13,-0.4400000000000013,-1.37,2557.48,8122.111,4.26,4.27,4.18,4.19
20020730,600519.SH,31.68,31.75,31.48,31.52,31.69,-0.1700000000000017,-0.54,3445.96,10878.707,4.19,4.2,4.17,4.17
20020731,600519.SH,31.52,31.7,31.25,31.32,31.52,-0.1999999999999993,-0.63,2579.85,8116.149,4.17,4.2,4.14,4.15
20020801,600519.SH,31.28,31.49,31.15,31.24,31.32,-0.08000000000000185,-0.26,2000.89,6261.72,4.14,4.17,4.12,4.14
20020802,600519.SH,31.3,31.78,31.05,31.43,31.24,0.19000000000000128,0.61,1253.88,3927.364,4.14,4.21,4.11,4.16
20020805,600519.SH,31.44,31.5,31.25,31.32,31.43,-0.10999999999999943,-0.35,1078.12,3381.678,4.16,4.17,4.14,4.15
20020806,600519.SH,31.32,31.58,31.22,31.42,31.32,0.10000000000000142,0.32,2092.37,6575.058,4.15,4.18,4.13,4.16
20020807,600519.SH,31.43,31.5,31.35,31.42,31.42,0.0,0.0,1355.79,4259.61,4.16,4.17,4.15,4.16
20020808,600519.SH,31.42,31.57,31.2,31.29,31.42,-0.13000000000000256,-0.41,1264.6,3969.885,4.16,4.18,4.13,4.14
20020809,600519.SH,31.21,31.35,30.94,30.98,31.29,-0.3099999999999987,-0.99,2490.2,7741.685,4.13,4.15,4.1,4.1
20020812,600519.SH,30.8,30.88,30.6,30.6,30.98,-0.379999999999999,-1.23,2250.5,6900.6,4.08,4.09,4.05,4.05
20020813,600519.SH,30.7,30.7,30.4,30.6,30.6,0.0,0.0,1704.13,5204.223,4.06,4.06,4.02,4.05
20020814,600519.SH,30.98,30.98,30.6,30.98,30.6,0.379999999999999,1.24,2472.46,7621.22,4.1,4.1,4.05,4.1
20020815,600519.SH,30.98,30.98,30.75,30.76,30.98,-0.21999999999999886,-0.71,1259.55,3886.298,4.1,4.1,4.07,4.07
20020816,600519.SH,30.5,30.87,30.3,30.8,30.76,0.03999999999999915,0.13,2240.98,6857.222,4.04,4.09,4.01,4.08
20020819,600519.SH,30.79,30.9,30.61,30.66,30.8,-0.14000000000000057,-0.45,1108.96,3407.937,4.08,4.09,4.05,4.06
20020820,600519.SH,30.59,30.99,30.59,30.9,30.66,0.23999999999999844,0.78,2372.11,7316.845,4.05,4.1,4.05,4.09
20020821,600519.SH,31.0,31.0,30.77,30.9,30.9,0.0,0.0,1694.51,5229.829,4.1,4.1,4.07,4.09
20020822,600519.SH,31.0,31.37,30.9,31.18,30.9,0.28000000000000114,0.91,4220.34,13173.485,4.1,4.15,4.09,4.13
20020823,600519.SH,31.15,31.35,31.15,31.23,31.18,0.05000000000000071,0.16,2431.41,7592.485,4.12,4.15,4.12,4.13
20020826,600519.SH,31.15,31.15,30.69,30.73,31.23,-0.5,-1.6,2631.49,8109.133,4.12,4.12,4.06,4.07
20020827,600519.SH,30.73,30.9,30.6,30.85,30.73,0.120000000000001,0.39,2584.41,7938.1,4.07,4.09,4.05,4.08
20020828,600519.SH,30.89,31.12,30.5,30.56,30.85,-0.2900000000000027,-0.94,3765.82,11550.533,4.09,4.12,4.04,4.05
20020829,600519.SH,30.55,30.68,30.45,30.49,30.56,-0.07000000000000028,-0.23,2899.37,8846.652,4.04,4.06,4.03,4.04
20020830,600519.SH,30.56,30.56,30.42,30.47,30.49,-0.019999999999999574,-0.07,1886.68,5751.168,4.05,4.05,4.03,4.03
20020902,600519.SH,30.45,30.5,30.35,30.4,30.47,-0.07000000000000028,-0.23,2341.3,7119.903,4.03,4.04,4.02,4.02
20020903,600519.SH,30.4,30.88,30.4,30.63,30.4,0.23000000000000043,0.76,2277.01,6981.608,4.02,4.09,4.02,4.05
20020904,600519.SH,30.63,30.79,30.42,30.59,30.63,-0.03999999999999915,-0.13,1788.69,5457.397,4.05,4.08,4.03,4.05
20020905,600519.SH,30.52,30.52,30.3,30.3,30.59,-0.28999999999999915,-0.95,2893.69,8795.149,4.04,4.04,4.01,4.01
20020906,600519.SH,30.35,30.46,30.2,30.35,30.3,0.05000000000000071,0.17,1859.62,5634.774,4.02,4.03,4.0,4.02
20020909,600519.SH,30.3,30.35,30.02,30.07,30.35,-0.28000000000000114,-0.92,2613.9,7873.842,4.01,4.02,3.97,3.98
20020910,600519.SH,30.0,30.1,29.48,29.6,30.07,-0.46999999999999886,-1.56,8057.12,23941.53,3.97,3.98,3.9,3.92
20020911,600519.SH,29.46,29.6,28.6,29.1,29.6,-0.5,-1.69,9845.29,28552.916,3.9,3.92,3.79,3.85
20020912,600519.SH,29.0,29.25,28.77,29.07,29.1,-0.030000000000001137,-0.1,1716.59,4984.486,3.84,3.87,3.81,3.85
20020913,600519.SH,29.01,29.18,28.92,29.16,29.07,0.08999999999999986,0.31,1071.73,3119.148,3.84,3.86,3.83,3.86
20020916,600519.SH,29.11,29.17,28.69,28.7,29.16,-0.46000000000000085,-1.58,3923.51,11280.816,3.85,3.86,3.8,3.8
20020917,600519.SH,28.75,29.08,28.62,28.9,28.7,0.1999999999999993,0.7,2613.49,7538.521,3.81,3.85,3.79,3.83
20020918,600519.SH,28.99,28.99,28.73,28.87,28.9,-0.029999999999997584,-0.1,1616.06,4660.761,3.84,3.84,3.8,3.82
20020919,600519.SH,28.8,29.15,28.57,29.0,28.87,0.129999999999999,0.45,3650.15,10478.77,3.81,3.86,3.78,3.84
20020920,600519.SH,28.97,28.97,28.67,28.73,29.0,-0.2699999999999996,-0.93,1372.98,3949.578,3.83,3.83,3.79,3.8
20020923,600519.SH,28.68,28.73,28.4,28.43,28.73,-0.3000000000000007,-1.04,2121.1,6061.634,3.8,3.8,3.76,3.76
20020924,600519.SH,28.4,28.43,27.9,27.98,28.43,-0.4499999999999993,-1.58,7148.54,20063.143,3.76,3.76,3.69,3.7
20020925,600519.SH,27.98,28.55,27.98,28.3,27.98,0.3200000000000003,1.14,3557.09,10075.783,3.7,3.78,3.7,3.75
20020926,600519.SH,28.36,28.36,28.01,28.03,28.3,-0.2699999999999996,-0.95,2168.07,6093.149,3.75,3.75,3.71,3.71
20020927,600519.SH,28.12,28.35,27.98,28.18,28.03,0.14999999999999858,0.54,1505.45,4234.851,3.72,3.75,3.7,3.73
20021008,600519.SH,28.15,28.15,27.93,28.08,28.18,-0.10000000000000142,-0.35,3589.77,10069.826,3.73,3.73,3.7,3.72
20021009,600519.SH,28.0,28.05,27.58,27.73,28.08,-0.34999999999999787,-1.25,2458.71,6822.147,3.71,3.71,3.65,3.67
20021010,600519.SH,27.7,28.03,27.65,27.78,27.73,0.05000000000000071,0.18,1087.67,3018.141,3.67,3.71,3.66,3.68
20021011,600519.SH,27.68,27.9,27.5,27.58,27.78,-0.20000000000000284,-0.72,1217.05,3366.265,3.66,3.69,3.64,3.65
20021014,600519.SH,27.9,27.9,27.52,27.62,27.58,0.0400000000000027,0.15,1095.29,3024.408,3.69,3.69,3.64,3.66
20021015,600519.SH,27.6,27.79,27.55,27.78,27.62,0.16000000000000014,0.58,2065.94,5710.573,3.65,3.68,3.65,3.68
20021016,600519.SH,27.78,28.19,27.77,27.91,27.78,0.129999999999999,0.47,2261.33,6327.939,3.68,3.73,3.68,3.69
20021017,600519.SH,27.91,28.0,27.5,27.59,27.91,-0.3200000000000003,-1.15,1564.8,4336.014,3.69,3.71,3.64,3.65
20021018,600519.SH,27.5,27.68,26.55,26.81,27.59,-0.7800000000000011,-2.83,4635.33,12464.187,3.64,3.66,3.51,3.55
20021021,600519.SH,26.79,27.28,26.55,26.85,26.81,0.0400000000000027,0.15,1646.05,4391.499,3.55,3.61,3.51,3.55
20021022,600519.SH,26.97,27.55,26.9,27.38,26.85,0.5299999999999976,1.97,2105.71,5735.513,3.57,3.65,3.56,3.62
20021023,600519.SH,27.45,27.45,27.03,27.13,27.38,-0.25,-0.91,1080.78,2938.025,3.63,3.63,3.58,3.59
20021024,600519.SH,27.1,27.38,27.1,27.11,27.13,-0.019999999999999574,-0.07,970.6,2637.743,3.59,3.62,3.59,3.59
20021025,600519.SH,27.11,27.12,26.6,26.65,27.11,-0.46000000000000085,-1.7,2368.12,6346.386,3.59,3.59,3.52,3.53
20021028,600519.SH,26.6,26.6,25.9,25.96,26.65,-0.6899999999999977,-2.59,4471.53,11679.872,3.52,3.52,3.43,3.44
20021029,600519.SH,26.5,26.5,25.61,26.21,25.96,0.25,0.96,3198.69,8294.858,3.51,3.51,3.39,3.47
20021030,600519.SH,26.25,26.3,25.96,26.03,26.21,-0.17999999999999972,-0.69,2035.57,5323.624,3.47,3.48,3.44,3.45
20021031,600519.SH,26.03,26.48,26.0,26.09,26.03,0.05999999999999872,0.23,2817.3,7375.701,3.45,3.51,3.44,3.45
20021101,600519.SH,26.08,26.27,25.96,26.22,26.09,0.129999999999999,0.5,1471.19,3830.309,3.45,3.48,3.44,3.47
20021104,600519.SH,26.22,26.66,26.22,26.66,26.22,0.4400000000000013,1.68,1995.03,5271.415,3.47,3.53,3.47,3.53
20021105,600519.SH,26.7,27.2,26.51,26.91,26.66,0.25,0.94,3485.38,9402.742,3.53,3.6,3.51,3.56
20021106,600519.SH,26.95,26.98,26.7,26.72,26.91,-0.19000000000000128,-0.71,1622.65,4344.756,3.57,3.57,3.53,3.54
20021107,600519.SH,26.75,26.85,26.52,26.63,26.72,-0.08999999999999986,-0.34,2416.52,6446.131,3.54,3.55,3.51,3.52
20021108,600519.SH,27.2,27.2,25.96,26.08,26.63,-0.5500000000000007,-2.07,2717.56,7151.816,3.6,3.6,3.44,3.45
20021111,600519.SH,26.13,26.35,25.81,26.01,26.08,-0.06999999999999673,-0.27,1882.82,4915.876,3.46,3.49,3.42,3.44
20021112,600519.SH,26.05,26.28,25.75,25.8,26.01,-0.21000000000000085,-0.81,2395.89,6207.445,3.45,3.48,3.41,3.41
20021113,600519.SH,25.78,25.99,25.67,25.97,25.8,0.16999999999999815,0.66,1953.68,5035.473,3.41,3.44,3.4,3.44
20021114,600519.SH,25.98,26.13,25.8,25.83,25.97,-0.14000000000000057,-0.54,1688.32,4380.22,3.44,3.46,3.41,3.42
20021115,600519.SH,25.8,26.04,25.65,25.82,25.83,-0.00999999999999801,-0.04,2349.01,6065.973,3.41,3.45,3.4,3.42
20021118,600519.SH,25.8,26.06,25.8,26.0,25.82,0.17999999999999972,0.7,1947.19,5049.727,3.41,3.45,3.41,3.44
20021119,600519.SH,26.0,26.55,25.92,26.43,26.0,0.4299999999999997,1.65,3218.19,8450.56,3.44,3.51,3.43,3.5
20021120,600519.SH,26.48,26.7,25.9,26.34,26.43,-0.08999999999999986,-0.34,9579.38,25196.773,3.51,3.53,3.43,3.49
20021121,600519.SH,26.24,26.4,25.85,25.86,26.34,-0.4800000000000004,-1.82,4019.53,10494.85,3.47,3.49,3.42,3.42
20021122,600519.SH,26.0,26.26,25.58,25.91,25.86,0.05000000000000071,0.19,2429.25,6292.793,3.44,3.48,3.39,3.43
20021125,600519.SH,25.92,26.28,25.6,26.18,25.91,0.2699999999999996,1.04,3987.96,10418.495,3.43,3.48,3.39,3.47
20021126,600519.SH,26.3,26.4,25.7,25.71,26.18,-0.46999999999999886,-1.8,2054.54,5354.392,3.48,3.49,3.4,3.4
20021127,600519.SH,25.6,25.98,25.42,25.63,25.71,-0.08000000000000185,-0.31,3320.91,8506.108,3.39,3.44,3.36,3.39
20021128,600519.SH,25.69,26.4,25.62,26.28,25.63,0.6500000000000021,2.54,2492.03,6508.407,3.4,3.49,3.39,3.48
20021202,600519.SH,26.5,26.7,25.92,25.99,26.28,-0.2900000000000027,-1.1,5850.87,15455.37,3.51,3.53,3.43,3.44
20021203,600519.SH,25.92,26.42,25.7,26.39,25.99,0.40000000000000213,1.54,3103.85,8113.029,3.43,3.5,3.4,3.49
20021204,600519.SH,26.07,26.8,26.07,26.45,26.39,0.05999999999999872,0.23,4151.0,11045.716,3.45,3.55,3.45,3.5
20021205,600519.SH,26.38,27.38,26.3,27.1,26.45,0.6500000000000021,2.46,13020.18,35246.694,3.49,3.62,3.48,3.59
20021206,600519.SH,27.0,27.2,26.82,27.01,27.1,-0.08999999999999986,-0.33,3741.54,10116.516,3.57,3.6,3.55,3.58
20021209,600519.SH,27.0,27.1,26.7,26.77,27.01,-0.240000000000002,-0.89,2902.58,7793.264,3.57,3.59,3.53,3.54
20021210,600519.SH,26.82,26.9,26.4,26.46,26.77,-0.3099999999999987,-1.16,2611.98,6946.196,3.55,3.56,3.49,3.5
20021211,600519.SH,26.35,26.45,26.1,26.32,26.46,-0.14000000000000057,-0.53,2546.8,6682.742,3.49,3.5,3.45,3.48
20021212,600519.SH,26.32,26.6,26.13,26.57,26.32,0.25,0.95,3989.33,10541.432,3.48,3.52,3.46,3.52
20021213,600519.SH,25.8,26.73,25.8,26.49,26.57,-0.08000000000000185,-0.3,2223.1,5860.451,3.41,3.54,3.41,3.51
20021216,600519.SH,26.49,26.98,26.37,26.91,26.49,0.4200000000000017,1.59,7976.94,21310.704,3.51,3.57,3.49,3.56
20021217,600519.SH,26.91,27.1,26.72,26.92,26.91,0.010000000000001563,0.04,2926.15,7886.188,3.56,3.59,3.54,3.56
20021218,600519.SH,26.88,26.98,26.72,26.76,26.92,-0.16000000000000014,-0.59,2028.53,5434.639,3.56,3.57,3.54,3.54
20021219,600519.SH,26.76,26.79,26.51,26.62,26.76,-0.14000000000000057,-0.52,2310.04,6160.134,3.54,3.55,3.51,3.52
20021220,600519.SH,26.62,26.96,26.62,26.83,26.62,0.2099999999999973,0.79,1624.74,4353.432,3.52,3.57,3.52,3.55
20021223,600519.SH,27.08,27.1,26.7,26.8,26.83,-0.029999999999997584,-0.11,1984.55,5333.977,3.58,3.59,3.53,3.55
20021224,600519.SH,26.81,26.96,26.48,26.76,26.8,-0.03999999999999915,-0.15,848.16,2257.524,3.55,3.57,3.51,3.54
20021225,600519.SH,26.79,26.8,26.46,26.47,26.76,-0.2900000000000027,-1.08,1481.38,3939.76,3.55,3.55,3.5,3.5
20021226,600519.SH,26.45,26.5,25.61,25.7,26.47,-0.7699999999999996,-2.91,5145.61,13383.935,3.5,3.51,3.39,3.4
20021227,600519.SH,25.69,25.97,25.51,25.84,25.7,0.14000000000000057,0.54,3390.21,8693.114,3.4,3.44,3.38,3.42
20021230,600519.SH,25.82,25.82,25.45,25.55,25.84,-0.28999999999999915,-1.12,3002.2,7672.458,3.42,3.42,3.37,3.38
20021231,600519.SH,25.6,25.78,25.45,25.46,25.55,-0.08999999999999986,-0.35,1644.78,4200.254,3.39,3.41,3.37,3.37
20030102,600519.SH,25.5,25.5,24.7,24.72,25.46,-0.740000000000002,-2.91,3565.3,8921.541,3.38,3.38,3.27,3.27
20030103,600519.SH,24.68,24.94,24.5,24.68,24.72,-0.03999999999999915,-0.16,1743.68,4300.516,3.27,3.3,3.24,3.27
20030106,600519.SH,24.58,24.9,24.51,24.86,24.68,0.17999999999999972,0.73,986.36,2438.329,3.25,3.3,3.24,3.29
20030107,600519.SH,24.85,24.96,24.61,24.63,24.86,-0.23000000000000043,-0.93,1450.5,3595.101,3.29,3.3,3.26,3.26
20030108,600519.SH,25.01,25.3,24.68,25.3,24.63,0.6700000000000017,2.72,1768.02,4438.021,3.31,3.35,3.27,3.35
20030109,600519.SH,25.27,25.68,25.02,25.52,25.3,0.21999999999999886,0.87,2602.57,6616.31,3.34,3.4,3.31,3.38
20030110,600519.SH,25.5,25.9,25.28,25.41,25.52,-0.10999999999999943,-0.43,2346.38,6010.671,3.38,3.43,3.35,3.36
20030113,600519.SH,25.2,25.5,25.2,25.37,25.41,-0.03999999999999915,-0.16,1403.8,3560.912,3.34,3.38,3.34,3.36
20030114,600519.SH,25.35,26.72,25.18,26.39,25.37,1.0199999999999996,4.02,9588.25,25012.085,3.36,3.54,3.33,3.49
20030115,600519.SH,26.49,27.18,26.39,26.7,26.39,0.3099999999999987,1.17,11451.68,30551.168,3.51,3.6,3.49,3.53
20030116,600519.SH,26.81,27.15,26.66,27.11,26.7,0.41000000000000014,1.54,7359.08,19870.062,3.55,3.59,3.53,3.59
20030117,600519.SH,27.18,27.18,26.67,26.68,27.11,-0.4299999999999997,-1.59,3795.18,10187.34,3.6,3.6,3.53,3.53
20030120,600519.SH,26.6,26.6,26.26,26.54,26.68,-0.14000000000000057,-0.52,2070.9,5466.246,3.52,3.52,3.48,3.51
20030121,600519.SH,26.55,27.0,26.5,26.55,26.54,0.010000000000001563,0.04,4787.44,12816.356,3.51,3.57,3.51,3.51
20030122,600519.SH,26.5,26.5,26.3,26.34,26.55,-0.21000000000000085,-0.79,1633.1,4309.306,3.51,3.51,3.48,3.49
20030123,600519.SH,26.3,26.5,26.3,26.35,26.34,0.010000000000001563,0.04,2167.49,5719.869,3.48,3.51,3.48,3.49
20030124,600519.SH,26.3,26.48,26.3,26.4,26.35,0.04999999999999716,0.19,2441.19,6438.339,3.48,3.51,3.48,3.49
20030127,600519.SH,26.31,26.9,26.31,26.81,26.4,0.41000000000000014,1.55,3955.68,10571.327,3.48,3.56,3.48,3.55
20030128,600519.SH,26.8,27.0,26.68,26.84,26.81,0.030000000000001137,0.11,3494.96,9383.544,3.55,3.57,3.53,3.55
20030129,600519.SH,26.84,27.0,26.75,26.88,26.84,0.03999999999999915,0.15,3302.19,8889.672,3.55,3.57,3.54,3.56
20030210,600519.SH,26.86,26.86,26.5,26.6,26.88,-0.2799999999999976,-1.04,1693.78,4508.037,3.56,3.56,3.51,3.52
20030211,600519.SH,26.38,26.68,26.38,26.66,26.6,0.05999999999999872,0.23,821.5,2174.401,3.49,3.53,3.49,3.53
20030212,600519.SH,26.7,26.95,26.5,26.88,26.66,0.21999999999999886,0.83,1477.3,3959.442,3.53,3.57,3.51,3.56
20030213,600519.SH,26.86,26.97,26.65,26.65,26.88,-0.23000000000000043,-0.86,2718.32,7302.546,3.56,3.57,3.53,3.53
20030214,600519.SH,26.6,26.99,26.6,26.88,26.65,0.23000000000000043,0.86,1904.75,5111.392,3.52,3.57,3.52,3.56
20030217,600519.SH,26.7,26.92,26.52,26.55,26.88,-0.3299999999999983,-1.23,1567.76,4181.515,3.53,3.56,3.51,3.51
20030218,600519.SH,26.52,26.6,26.4,26.5,26.55,-0.05000000000000071,-0.19,1048.19,2772.836,3.51,3.52,3.49,3.51
20030219,600519.SH,26.5,26.61,26.45,26.58,26.5,0.0799999999999983,0.3,1029.7,2732.606,3.51,3.52,3.5,3.52
20030220,600519.SH,26.61,26.8,26.55,26.69,26.58,0.11000000000000298,0.41,851.2,2269.016,3.52,3.55,3.51,3.53
20030221,600519.SH,26.53,26.6,26.2,26.38,26.69,-0.3100000000000023,-1.16,2268.93,5978.463,3.51,3.52,3.47,3.49
20030224,600519.SH,26.49,26.49,26.21,26.31,26.38,-0.07000000000000028,-0.27,615.66,1625.901,3.51,3.51,3.47,3.48
20030225,600519.SH,26.3,26.9,26.28,26.89,26.31,0.5800000000000018,2.2,1878.59,4998.648,3.48,3.56,3.48,3.56
20030226,600519.SH,26.95,27.05,26.68,26.7,26.89,-0.19000000000000128,-0.71,1082.15,2904.654,3.57,3.58,3.53,3.53
20030227,600519.SH,26.75,26.98,26.57,26.74,26.7,0.03999999999999915,0.15,1697.61,4531.823,3.54,3.57,3.52,3.54
20030228,600519.SH,26.88,26.88,26.6,26.8,26.74,0.060000000000002274,0.22,1360.45,3636.053,3.56,3.56,3.52,3.55
20030303,600519.SH,26.88,27.47,26.88,27.4,26.8,0.5999999999999979,2.24,6000.93,16398.104,3.56,3.64,3.56,3.63
20030304,600519.SH,27.4,27.44,27.06,27.27,27.4,-0.129999999999999,-0.47,1909.5,5200.922,3.63,3.63,3.58,3.61
20030305,600519.SH,27.27,27.98,27.11,27.83,27.27,0.5599999999999987,2.05,9405.01,26031.534,3.61,3.7,3.59,3.68
20030306,600519.SH,27.9,27.9,27.33,27.5,27.83,-0.3299999999999983,-1.19,4507.69,12426.005,3.69,3.69,3.62,3.64
20030307,600519.SH,27.52,27.59,27.2,27.31,27.5,-0.19000000000000128,-0.69,2475.45,6781.984,3.64,3.65,3.6,3.61
20030310,600519.SH,27.35,27.41,26.88,26.9,27.31,-0.41000000000000014,-1.5,3103.4,8423.721,3.62,3.63,3.56,3.56
20030311,600519.SH,26.85,26.9,26.55,26.8,26.9,-0.09999999999999787,-0.37,1964.49,5253.243,3.55,3.56,3.51,3.55
20030312,600519.SH,26.79,26.9,26.6,26.86,26.8,0.05999999999999872,0.22,1177.17,3146.322,3.55,3.56,3.52,3.56
20030313,600519.SH,26.88,27.26,26.85,26.94,26.86,0.08000000000000185,0.3,1997.58,5398.37,3.56,3.61,3.55,3.57
20030314,600519.SH,26.88,26.94,26.72,26.82,26.94,-0.120000000000001,-0.45,2756.42,7388.968,3.56,3.57,3.54,3.55
20030317,600519.SH,26.78,26.78,26.49,26.62,26.82,-0.1999999999999993,-0.75,4692.92,12465.705,3.54,3.54,3.51,3.52
20030318,600519.SH,26.6,26.7,26.13,26.29,26.62,-0.33000000000000185,-1.24,3147.9,8320.204,3.52,3.53,3.46,3.48
20030319,600519.SH,26.01,26.3,25.86,25.91,26.29,-0.379999999999999,-1.45,3397.92,8841.844,3.44,3.48,3.42,3.43
20030320,600519.SH,26.0,26.43,25.9,25.99,25.91,0.0799999999999983,0.31,1968.4,5120.173,3.44,3.5,3.43,3.44
20030321,600519.SH,26.0,26.46,26.0,26.43,25.99,0.4400000000000013,1.69,2021.07,5285.37,3.44,3.5,3.44,3.5
20030324,600519.SH,26.42,26.5,26.2,26.31,26.43,-0.120000000000001,-0.45,1718.7,4522.748,3.5,3.51,3.47,3.48
20030325,600519.SH,26.23,26.31,25.9,26.0,26.31,-0.3099999999999987,-1.18,2062.38,5372.767,3.47,3.48,3.43,3.44
20030326,600519.SH,26.0,26.45,25.5,25.7,26.0,-0.3000000000000007,-1.15,3589.51,9202.596,3.44,3.5,3.38,3.4
20030327,600519.SH,25.68,26.27,25.41,26.13,25.7,0.4299999999999997,1.67,2105.65,5430.724,3.4,3.48,3.36,3.46
20030328,600519.SH,26.2,26.25,26.01,26.04,26.13,-0.08999999999999986,-0.34,3810.7,9946.659,3.47,3.47,3.44,3.45
20030331,600519.SH,25.99,26.15,25.98,26.05,26.04,0.010000000000001563,0.04,3047.3,7935.303,3.44,3.46,3.44,3.45
20030401,600519.SH,26.06,26.25,25.98,26.22,26.05,0.16999999999999815,0.65,3729.84,9730.81,3.45,3.47,3.44,3.47
20030402,600519.SH,26.2,26.46,26.13,26.35,26.22,0.13000000000000256,0.5,3713.2,9769.605,3.47,3.5,3.46,3.49
20030403,600519.SH,26.4,26.5,26.23,26.3,26.35,-0.05000000000000071,-0.19,5193.67,13726.384,3.49,3.51,3.47,3.48
20030404,600519.SH,26.29,26.3,25.95,26.03,26.3,-0.2699999999999996,-1.03,4984.73,12980.379,3.48,3.48,3.43,3.45
20030407,600519.SH,26.0,26.03,25.6,25.69,26.03,-0.33999999999999986,-1.31,4462.11,11509.954,3.44,3.45,3.39,3.4
20030408,600519.SH,25.69,25.7,25.35,25.6,25.69,-0.08999999999999986,-0.35,6112.87,15568.085,3.4,3.4,3.36,3.39
20030409,600519.SH,25.59,26.05,25.35,26.0,25.6,0.3999999999999986,1.56,10123.77,26059.689,3.39,3.45,3.36,3.44
20030410,600519.SH,26.0,26.1,25.62,25.92,26.0,-0.0799999999999983,-0.31,10789.13,27753.599,3.44,3.45,3.39,3.43
20030411,600519.SH,25.88,26.5,25.85,26.46,25.92,0.5399999999999991,2.08,29966.84,78671.196,3.43,3.51,3.42,3.5
20030414,600519.SH,26.61,27.18,26.6,27.07,26.46,0.6099999999999994,2.31,12612.41,33863.674,3.52,3.6,3.52,3.58
20030415,600519.SH,27.1,27.18,26.61,26.96,27.07,-0.10999999999999943,-0.41,7797.83,20927.73,3.59,3.6,3.52,3.57
20030416,600519.SH,26.96,27.4,26.42,26.49,26.96,-0.4700000000000024,-1.74,17017.15,45879.208,3.57,3.63,3.5,3.51
20030417,600519.SH,26.55,26.69,26.25,26.28,26.49,-0.2099999999999973,-0.79,7598.87,20049.212,3.51,3.53,3.47,3.48
20030418,600519.SH,26.35,26.78,26.35,26.38,26.28,0.09999999999999787,0.38,5339.32,14169.319,3.49,3.54,3.49,3.49
20030421,600519.SH,26.34,26.4,25.5,25.57,26.38,-0.8099999999999987,-3.07,11301.53,29053.506,3.49,3.49,3.38,3.38
20030422,600519.SH,25.55,25.8,25.45,25.47,25.57,-0.10000000000000142,-0.39,5131.14,13111.434,3.38,3.41,3.37,3.37
20030423,600519.SH,25.48,25.54,25.01,25.04,25.47,-0.4299999999999997,-1.69,5816.64,14679.641,3.37,3.38,3.31,3.31
20030424,600519.SH,25.04,25.15,24.7,24.71,25.04,-0.3299999999999983,-1.32,9749.38,24258.559,3.31,3.33,3.27,3.27
20030425,600519.SH,24.88,25.35,24.8,24.95,24.71,0.23999999999999844,0.97,7008.41,17541.876,3.29,3.36,3.28,3.3
20030428,600519.SH,24.95,25.18,24.5,25.14,24.95,0.19000000000000128,0.76,7845.32,19413.811,3.3,3.33,3.24,3.33
20030429,600519.SH,25.35,25.37,24.5,24.78,25.14,-0.35999999999999943,-1.43,9840.93,24464.578,3.36,3.36,3.24,3.28
20030430,600519.SH,24.8,25.46,24.72,25.19,24.78,0.41000000000000014,1.65,13499.3,33816.176,3.28,3.37,3.27,3.33
20030512,600519.SH,25.2,25.38,24.95,24.97,25.19,-0.22000000000000242,-0.87,7351.2,18413.86,3.34,3.36,3.3,3.31
20030513,600519.SH,25.0,25.01,23.65,23.66,24.97,-1.3099999999999987,-5.25,15235.4,36698.786,3.31,3.31,3.13,3.13
20030514,600519.SH,23.75,24.0,23.6,23.8,23.66,0.14000000000000057,0.59,9342.22,22223.327,3.14,3.18,3.12,3.15
20030515,600519.SH,23.9,24.6,23.8,24.55,23.8,0.75,3.15,10417.06,25192.95,3.16,3.26,3.15,3.25
20030516,600519.SH,24.6,24.67,24.1,24.39,24.55,-0.16000000000000014,-0.65,9658.05,23550.103,3.26,3.27,3.19,3.23
20030519,600519.SH,24.5,25.3,24.5,25.05,24.39,0.6600000000000001,2.71,12899.08,32321.424,3.24,3.35,3.24,3.32
20030520,600519.SH,25.02,25.05,24.65,24.75,25.05,-0.3000000000000007,-1.2,5148.16,12771.62,3.31,3.32,3.26,3.28
20030521,600519.SH,24.75,25.08,24.7,24.7,24.75,-0.05000000000000071,-0.2,3163.58,7874.689,3.28,3.32,3.27,3.27
20030522,600519.SH,24.61,24.99,24.6,24.9,24.7,0.1999999999999993,0.81,3099.46,7672.879,3.26,3.31,3.26,3.3
20030523,600519.SH,24.9,24.91,24.5,24.73,24.9,-0.16999999999999815,-0.68,6889.96,17042.735,3.3,3.3,3.24,3.27
20030526,600519.SH,24.7,25.08,24.68,24.83,24.73,0.09999999999999787,0.4,9985.01,24833.946,3.27,3.32,3.27,3.29
20030527,600519.SH,24.85,24.98,24.65,24.88,24.83,0.05000000000000071,0.2,3622.68,8973.935,3.29,3.31,3.26,3.29
20030528,600519.SH,25.0,25.77,24.9,25.15,24.88,0.2699999999999996,1.09,9617.97,24413.346,3.31,3.41,3.3,3.33
20030529,600519.SH,25.1,25.6,25.02,25.39,25.15,0.240000000000002,0.95,5156.02,13025.241,3.32,3.39,3.31,3.36
20030530,600519.SH,25.73,26.27,25.44,26.14,25.39,0.75,2.95,18180.94,47295.54,3.41,3.48,3.37,3.46
20030602,600519.SH,26.22,26.25,25.81,26.04,26.14,-0.10000000000000142,-0.38,6258.51,16282.794,3.47,3.47,3.42,3.45
20030603,600519.SH,26.04,26.15,25.66,25.69,26.04,-0.34999999999999787,-1.34,5536.65,14325.999,3.45,3.46,3.4,3.4
20030604,600519.SH,25.65,25.77,25.31,25.54,25.69,-0.15000000000000213,-0.58,3995.9,10206.523,3.4,3.41,3.35,3.38
20030605,600519.SH,25.53,25.98,25.45,25.56,25.54,0.019999999999999574,0.08,6798.98,17422.312,3.38,3.44,3.37,3.38
20030606,600519.SH,25.56,25.58,25.2,25.37,25.56,-0.18999999999999773,-0.74,3596.33,9123.796,3.38,3.39,3.34,3.36
20030609,600519.SH,25.35,25.45,25.21,25.32,25.37,-0.05000000000000071,-0.2,2436.18,6174.17,3.36,3.37,3.34,3.35
20030610,600519.SH,25.35,25.65,25.34,25.46,25.32,0.14000000000000057,0.55,1628.42,4142.275,3.36,3.4,3.35,3.37
20030611,600519.SH,25.46,25.65,25.46,25.61,25.46,0.14999999999999858,0.59,3018.25,7712.445,3.37,3.4,3.37,3.39
20030613,600519.SH,25.6,25.88,25.55,25.65,25.61,0.03999999999999915,0.16,3200.27,8241.151,3.39,3.43,3.38,3.4
20030616,600519.SH,25.65,25.65,25.29,25.34,25.65,-0.3099999999999987,-1.21,2012.65,5108.268,3.4,3.4,3.35,3.35
20030617,600519.SH,25.36,25.4,25.01,25.15,25.34,-0.19000000000000128,-0.75,2994.3,7523.686,3.36,3.36,3.31,3.33
20030618,600519.SH,25.15,25.45,24.95,25.02,25.15,-0.129999999999999,-0.52,3184.83,8004.964,3.33,3.37,3.3,3.31
20030619,600519.SH,25.04,25.25,24.75,24.9,25.02,-0.120000000000001,-0.48,3260.09,8113.184,3.31,3.34,3.28,3.3
20030620,600519.SH,24.95,25.2,24.85,25.0,24.9,0.10000000000000142,0.4,1670.9,4175.134,3.3,3.34,3.29,3.31
20030623,600519.SH,25.0,25.75,24.95,25.42,25.0,0.4200000000000017,1.68,7811.2,19907.731,3.31,3.41,3.3,3.36
20030624,600519.SH,25.42,25.58,25.3,25.48,25.42,0.05999999999999872,0.24,1694.36,4313.862,3.36,3.39,3.35,3.37
20030625,600519.SH,25.48,25.9,25.36,25.45,25.48,-0.030000000000001137,-0.12,4204.7,10783.228,3.37,3.43,3.36,3.37
20030626,600519.SH,25.45,25.65,24.83,25.19,25.45,-0.259999999999998,-1.02,4477.05,11265.141,3.37,3.4,3.29,3.33
20030627,600519.SH,25.2,25.4,24.9,24.97,25.19,-0.22000000000000242,-0.87,2719.7,6835.321,3.34,3.36,3.3,3.31
20030630,600519.SH,25.0,25.1,24.95,24.96,24.97,-0.00999999999999801,-0.04,3520.14,8803.181,3.31,3.32,3.3,3.3
20030701,600519.SH,24.9,25.3,24.9,25.24,24.96,0.2799999999999976,1.12,4885.77,12302.828,3.3,3.35,3.3,3.34
20030702,600519.SH,25.2,25.2,25.0,25.1,25.24,-0.13999999999999702,-0.55,1336.89,3354.437,3.34,3.34,3.31,3.32
20030703,600519.SH,25.12,25.25,24.89,25.04,25.1,-0.060000000000002274,-0.24,2878.67,7192.931,3.32,3.34,3.29,3.31
20030704,600519.SH,25.0,25.13,24.95,24.99,25.04,-0.05000000000000071,-0.2,2197.2,5492.526,3.31,3.33,3.3,3.31
20030707,600519.SH,25.01,25.09,24.8,24.87,24.99,-0.11999999999999744,-0.48,1669.92,4154.239,3.31,3.32,3.28,3.29
20030708,600519.SH,24.95,25.18,24.91,25.17,24.87,0.3000000000000007,1.21,2272.32,5693.893,3.3,3.33,3.3,3.33
20030709,600519.SH,25.16,25.19,24.98,25.05,25.17,-0.120000000000001,-0.48,1483.99,3722.71,3.33,3.33,3.31,3.32
20030710,600519.SH,25.19,25.74,25.03,25.63,25.05,0.5799999999999983,2.32,6288.1,16057.693,3.33,3.41,3.31,3.39
20030711,600519.SH,25.68,25.88,25.59,25.7,25.63,0.07000000000000028,0.27,5763.71,14825.594,3.4,3.43,3.39,3.4
20030714,600519.SH,23.45,24.0,23.2,23.78,25.7,-1.9199999999999982,-7.47,8674.3,20533.771,3.44,3.52,3.41,3.49
20030715,600519.SH,23.7,24.19,23.58,23.89,23.78,0.10999999999999943,0.46,6660.82,15884.705,3.48,3.55,3.46,3.51
20030716,600519.SH,23.9,24.2,23.86,24.03,23.89,0.14000000000000057,0.59,7796.19,18717.481,3.51,3.55,3.5,3.53
20030717,600519.SH,24.05,24.5,24.0,24.2,24.03,0.16999999999999815,0.71,9978.25,24185.34,3.53,3.6,3.52,3.55
20030718,600519.SH,24.2,24.3,23.51,23.61,24.2,-0.5899999999999999,-2.44,9629.67,23126.678,3.55,3.57,3.45,3.47
20030721,600519.SH,23.5,23.78,23.36,23.7,23.61,0.08999999999999986,0.38,7112.48,16722.758,3.45,3.49,3.43,3.48
20030722,600519.SH,23.61,23.95,23.61,23.82,23.7,0.120000000000001,0.51,3109.43,7381.958,3.47,3.52,3.47,3.5
20030723,600519.SH,23.82,23.95,23.6,23.83,23.82,0.00999999999999801,0.04,5592.27,13316.655,3.5,3.52,3.46,3.5
20030724,600519.SH,23.83,23.83,23.6,23.65,23.83,-0.17999999999999972,-0.76,1450.51,3437.577,3.5,3.5,3.46,3.47
20030725,600519.SH,23.65,23.7,23.12,23.3,23.65,-0.34999999999999787,-1.48,2875.94,6717.751,3.47,3.48,3.39,3.42
20030728,600519.SH,23.35,23.4,23.2,23.23,23.3,-0.07000000000000028,-0.3,1885.48,4383.607,3.43,3.44,3.41,3.41
20030729,600519.SH,23.35,23.49,23.2,23.4,23.23,0.16999999999999815,0.73,1303.78,3043.368,3.43,3.45,3.41,3.44
20030730,600519.SH,23.58,23.58,23.18,23.35,23.4,-0.04999999999999716,-0.21,2730.9,6375.509,3.46,3.46,3.4,3.43
20030731,600519.SH,23.35,23.35,22.92,23.15,23.35,-0.20000000000000284,-0.86,2249.38,5205.478,3.43,3.43,3.36,3.4
20030801,600519.SH,23.0,23.13,22.75,22.89,23.15,-0.259999999999998,-1.12,3255.83,7459.787,3.38,3.4,3.34,3.36
20030804,600519.SH,22.8,22.9,22.6,22.89,22.89,0.0,0.0,2709.68,6168.033,3.35,3.36,3.32,3.36
20030805,600519.SH,22.89,23.09,22.75,23.08,22.89,0.18999999999999773,0.83,1930.39,4411.194,3.36,3.39,3.34,3.39
20030806,600519.SH,23.08,23.22,22.91,23.2,23.08,0.120000000000001,0.52,2284.44,5272.928,3.39,3.41,3.36,3.41
20030807,600519.SH,23.0,23.1,22.93,23.02,23.2,-0.17999999999999972,-0.78,750.57,1725.955,3.38,3.39,3.37,3.38
20030808,600519.SH,22.91,23.05,22.71,22.78,23.02,-0.23999999999999844,-1.04,1865.07,4268.481,3.36,3.38,3.33,3.34
20030811,600519.SH,22.61,22.78,22.61,22.73,22.78,-0.05000000000000071,-0.22,996.32,2260.732,3.32,3.34,3.32,3.34
20030812,600519.SH,22.75,23.1,22.75,22.99,22.73,0.259999999999998,1.14,752.07,1725.279,3.34,3.39,3.34,3.38
20030813,600519.SH,22.9,23.01,22.9,22.97,22.99,-0.019999999999999574,-0.09,1802.7,4138.095,3.36,3.38,3.36,3.37
20030814,600519.SH,22.81,22.99,22.77,22.8,22.97,-0.16999999999999815,-0.74,1906.5,4369.482,3.35,3.38,3.34,3.35
20030815,600519.SH,22.78,22.89,22.76,22.81,22.8,0.00999999999999801,0.04,928.4,2117.303,3.34,3.36,3.34,3.35
20030818,600519.SH,22.81,22.86,22.73,22.75,22.81,-0.05999999999999872,-0.26,890.3,2029.145,3.35,3.36,3.34,3.34
20030819,600519.SH,22.74,22.88,22.68,22.78,22.75,0.030000000000001137,0.13,1140.97,2595.147,3.34,3.36,3.33,3.34
20030820,600519.SH,22.8,22.8,22.6,22.67,22.78,-0.10999999999999943,-0.48,868.75,1967.31,3.35,3.35,3.32,3.33
20030821,600519.SH,22.65,22.8,21.0,22.2,22.67,-0.4700000000000024,-2.07,4551.28,9879.703,3.33,3.35,3.08,3.26
20030822,600519.SH,22.2,22.44,21.71,21.78,22.2,-0.41999999999999815,-1.89,3864.67,8446.625,3.26,3.29,3.19,3.2
20030825,600519.SH,21.6,21.65,21.3,21.35,21.78,-0.4299999999999997,-1.97,2345.32,5036.822,3.17,3.18,3.13,3.13
20030826,600519.SH,21.35,21.5,21.3,21.36,21.35,0.00999999999999801,0.05,1001.0,2141.565,3.13,3.16,3.13,3.14
20030827,600519.SH,21.36,22.97,21.36,21.87,21.36,0.5100000000000016,2.39,4246.21,9547.143,3.14,3.37,3.14,3.21
20030828,600519.SH,21.61,21.96,21.53,21.7,21.87,-0.1700000000000017,-0.78,1446.78,3148.383,3.17,3.22,3.16,3.19
20030829,600519.SH,21.75,21.8,21.3,21.51,21.7,-0.18999999999999773,-0.88,2752.0,5896.174,3.19,3.2,3.13,3.16
20030901,600519.SH,21.69,21.88,21.36,21.86,21.51,0.34999999999999787,1.63,4951.74,10737.291,3.18,3.21,3.14,3.21
20030902,600519.SH,21.82,22.5,21.82,22.09,21.86,0.23000000000000043,1.05,7206.37,15963.063,3.2,3.3,3.2,3.24
20030903,600519.SH,22.1,22.27,21.88,22.07,22.09,-0.019999999999999574,-0.09,1161.4,2555.237,3.24,3.27,3.21,3.24
20030904,600519.SH,22.08,22.25,21.86,21.89,22.07,-0.17999999999999972,-0.82,1244.51,2733.564,3.24,3.27,3.21,3.21
20030905,600519.SH,21.89,21.89,21.0,21.5,21.89,-0.39000000000000057,-1.78,5812.04,12436.931,3.21,3.21,3.08,3.16
20030908,600519.SH,21.32,21.5,21.18,21.4,21.5,-0.10000000000000142,-0.47,1813.64,3877.014,3.13,3.16,3.11,3.14
20030909,600519.SH,21.4,21.48,21.0,21.37,21.4,-0.029999999999997584,-0.14,3562.54,7588.439,3.14,3.15,3.08,3.14
20030910,600519.SH,21.37,21.86,21.11,21.4,21.37,0.029999999999997584,0.14,2041.5,4387.546,3.14,3.21,3.1,3.14
20030911,600519.SH,21.41,21.49,21.3,21.32,21.4,-0.0799999999999983,-0.37,1009.95,2160.179,3.14,3.15,3.13,3.13
20030912,600519.SH,21.32,21.32,21.14,21.22,21.32,-0.10000000000000142,-0.47,2803.19,5941.702,3.13,3.13,3.1,3.12
20030915,600519.SH,21.21,21.36,21.0,21.1,21.22,-0.11999999999999744,-0.57,2648.87,5601.667,3.11,3.14,3.08,3.1
20030916,600519.SH,21.1,21.3,20.82,21.12,21.1,0.019999999999999574,0.09,1811.72,3803.937,3.1,3.13,3.06,3.1
20030917,600519.SH,21.28,21.35,21.0,21.0,21.12,-0.120000000000001,-0.57,6788.65,14360.717,3.12,3.13,3.08,3.08
20030918,600519.SH,20.9,21.08,20.9,21.0,21.0,0.0,0.0,1195.68,2508.659,3.07,3.09,3.07,3.08
20030919,600519.SH,20.95,21.1,20.91,20.99,21.0,-0.010000000000001563,-0.05,3830.15,8044.199,3.08,3.1,3.07,3.08
20030922,600519.SH,21.1,21.1,20.81,20.88,20.99,-0.10999999999999943,-0.52,1186.86,2488.64,3.1,3.1,3.06,3.07
20030923,600519.SH,20.9,21.0,20.71,20.88,20.88,0.0,0.0,955.52,1991.592,3.07,3.08,3.04,3.07
20030924,600519.SH,21.16,21.22,20.9,21.2,20.88,0.3200000000000003,1.53,2285.21,4821.609,3.11,3.12,3.07,3.11
20030925,600519.SH,21.2,21.2,20.95,21.2,21.2,0.0,0.0,2138.3,4498.042,3.11,3.11,3.08,3.11
20030926,600519.SH,21.17,21.4,21.01,21.22,21.2,0.019999999999999574,0.09,2654.5,5638.16,3.11,3.14,3.08,3.12
20030929,600519.SH,21.1,21.19,21.07,21.11,21.22,-0.10999999999999943,-0.52,1888.06,3986.232,3.1,3.11,3.09,3.1
20030930,600519.SH,21.12,21.39,21.12,21.24,21.11,0.129999999999999,0.62,1443.27,3068.648,3.1,3.14,3.1,3.12
20031008,600519.SH,21.12,21.29,21.0,21.25,21.24,0.010000000000001563,0.05,852.01,1802.81,3.1,3.13,3.08,3.12
20031009,600519.SH,21.2,21.3,21.11,21.2,21.25,-0.05000000000000071,-0.24,1135.2,2406.369,3.11,3.13,3.1,3.11
20031010,600519.SH,21.13,21.65,21.09,21.6,21.2,0.40000000000000213,1.89,1337.1,2869.291,3.1,3.18,3.1,3.17
20031013,600519.SH,21.6,21.7,21.4,21.65,21.6,0.04999999999999716,0.23,1619.82,3500.004,3.17,3.19,3.14,3.18
20031014,600519.SH,21.58,21.72,21.43,21.68,21.65,0.030000000000001137,0.14,1792.18,3875.773,3.17,3.19,3.15,3.18
20031015,600519.SH,21.75,21.85,21.62,21.66,21.68,-0.019999999999999574,-0.09,1161.27,2523.298,3.19,3.21,3.17,3.18
20031016,600519.SH,21.66,21.75,21.38,21.47,21.66,-0.19000000000000128,-0.88,1490.39,3206.207,3.18,3.19,3.14,3.15
20031017,600519.SH,21.46,21.47,21.3,21.36,21.47,-0.10999999999999943,-0.51,822.88,1759.531,3.15,3.15,3.13,3.14
20031020,600519.SH,21.38,21.5,21.31,21.36,21.36,0.0,0.0,928.42,1986.082,3.14,3.16,3.13,3.14
20031021,600519.SH,21.39,21.55,21.36,21.4,21.36,0.03999999999999915,0.19,663.91,1421.413,3.14,3.16,3.14,3.14
20031022,600519.SH,21.45,21.88,21.45,21.81,21.4,0.41000000000000014,1.92,2163.21,4701.448,3.15,3.21,3.15,3.2
20031023,600519.SH,21.81,21.9,21.66,21.66,21.81,-0.14999999999999858,-0.69,2251.61,4898.91,3.2,3.22,3.18,3.18
20031024,600519.SH,21.6,21.65,21.5,21.5,21.66,-0.16000000000000014,-0.74,971.0,2091.74,3.17,3.18,3.16,3.16
20031027,600519.SH,21.48,21.5,21.12,21.21,21.5,-0.28999999999999915,-1.35,3655.66,7761.245,3.15,3.16,3.1,3.11
20031028,600519.SH,21.2,21.65,21.2,21.33,21.21,0.11999999999999744,0.57,2983.28,6367.834,3.11,3.18,3.11,3.13
20031029,600519.SH,21.33,22.02,21.33,21.99,21.33,0.6600000000000001,3.09,7084.96,15341.314,3.13,3.23,3.13,3.23
20031030,600519.SH,22.1,22.3,21.81,22.08,21.99,0.08999999999999986,0.41,9309.82,20522.203,3.24,3.27,3.2,3.24
20031031,600519.SH,22.5,22.5,22.03,22.39,22.08,0.3100000000000023,1.4,5784.62,12895.253,3.3,3.3,3.23,3.29
20031103,600519.SH,22.68,22.82,22.33,22.75,22.39,0.35999999999999943,1.61,4878.26,11043.553,3.33,3.35,3.28,3.34
20031104,600519.SH,22.76,23.6,22.75,23.32,22.75,0.5700000000000003,2.51,15387.86,35781.199,3.34,3.46,3.34,3.42
20031105,600519.SH,23.24,23.85,23.15,23.58,23.32,0.259999999999998,1.11,17312.26,40944.023,3.41,3.5,3.4,3.46
20031106,600519.SH,23.67,23.7,23.3,23.43,23.58,-0.14999999999999858,-0.64,6273.7,14718.968,3.47,3.48,3.42,3.44
20031107,600519.SH,23.3,23.4,22.7,22.91,23.43,-0.5199999999999996,-2.22,7497.01,17267.141,3.42,3.44,3.33,3.36
20031110,600519.SH,23.0,23.19,22.78,23.05,22.91,0.14000000000000057,0.61,2760.93,6335.394,3.38,3.4,3.34,3.38
20031111,600519.SH,23.05,23.35,22.95,23.25,23.05,0.1999999999999993,0.87,2601.67,6018.093,3.38,3.43,3.37,3.41
20031112,600519.SH,23.0,23.3,23.0,23.0,23.25,-0.25,-1.08,2960.58,6839.594,3.38,3.42,3.38,3.38
20031113,600519.SH,22.99,23.12,22.7,22.84,23.0,-0.16000000000000014,-0.7,2103.93,4796.537,3.38,3.39,3.33,3.35
20031114,600519.SH,22.8,23.08,22.65,23.0,22.84,0.16000000000000014,0.7,2273.57,5200.996,3.35,3.39,3.33,3.38
20031117,600519.SH,23.08,23.12,22.88,22.97,23.0,-0.030000000000001137,-0.13,1800.28,4141.789,3.39,3.39,3.36,3.37
20031118,600519.SH,23.0,23.0,22.7,22.75,22.97,-0.21999999999999886,-0.96,2449.93,5590.828,3.38,3.38,3.33,3.34
20031119,600519.SH,22.75,22.99,22.61,22.95,22.75,0.1999999999999993,0.88,3146.82,7192.949,3.34,3.38,3.32,3.37
20031120,600519.SH,22.85,23.17,22.8,23.05,22.95,0.10000000000000142,0.44,4987.85,11467.71,3.35,3.4,3.35,3.38
20031121,600519.SH,23.38,23.4,22.91,22.98,23.05,-0.07000000000000028,-0.3,1825.92,4207.14,3.43,3.44,3.36,3.37
20031124,600519.SH,23.08,23.3,22.8,23.26,22.98,0.28000000000000114,1.22,2497.84,5751.645,3.39,3.42,3.35,3.41
20031125,600519.SH,23.3,23.3,22.95,23.19,23.26,-0.07000000000000028,-0.3,3349.01,7752.298,3.42,3.42,3.37,3.4
20031126,600519.SH,23.0,23.25,22.9,23.2,23.19,0.00999999999999801,0.04,3401.95,7832.142,3.38,3.41,3.36,3.41
20031127,600519.SH,23.09,23.49,22.93,23.05,23.2,-0.14999999999999858,-0.65,5847.05,13553.445,3.39,3.45,3.37,3.38
20031128,600519.SH,23.09,23.09,22.85,22.98,23.05,-0.07000000000000028,-0.3,3104.8,7138.329,3.39,3.39,3.35,3.37
20031201,600519.SH,23.3,23.3,22.85,23.01,22.98,0.030000000000001137,0.13,8764.73,20159.528,3.42,3.42,3.35,3.38
20031202,600519.SH,23.19,23.26,23.0,23.18,23.01,0.16999999999999815,0.74,6943.87,16075.321,3.4,3.41,3.38,3.4
20031203,600519.SH,23.25,23.8,23.18,23.52,23.18,0.33999999999999986,1.47,13572.29,31788.191,3.41,3.49,3.4,3.45
20031204,600519.SH,23.56,23.68,23.31,23.42,23.52,-0.09999999999999787,-0.43,8160.32,19152.457,3.46,3.48,3.42,3.44
20031205,600519.SH,23.4,23.9,23.31,23.87,23.42,0.4499999999999993,1.92,20335.61,48018.185,3.44,3.51,3.42,3.5
20031208,600519.SH,23.9,23.91,23.58,23.69,23.87,-0.17999999999999972,-0.75,3532.92,8392.0,3.51,3.51,3.46,3.48
20031209,600519.SH,23.68,23.76,23.45,23.55,23.69,-0.14000000000000057,-0.59,3796.46,8935.849,3.48,3.49,3.44,3.46
20031210,600519.SH,23.78,23.78,23.52,23.72,23.55,0.16999999999999815,0.72,5360.01,12660.246,3.49,3.49,3.45,3.48
20031211,600519.SH,23.75,23.84,23.51,23.53,23.72,-0.18999999999999773,-0.8,4640.16,10986.759,3.49,3.5,3.45,3.45
20031212,600519.SH,23.53,23.59,23.46,23.52,23.53,-0.010000000000001563,-0.04,1932.25,4539.656,3.45,3.46,3.44,3.45
20031215,600519.SH,23.52,23.69,23.42,23.6,23.52,0.08000000000000185,0.34,1862.42,4392.702,3.45,3.48,3.44,3.46
20031216,600519.SH,23.59,23.7,23.2,23.54,23.6,-0.060000000000002274,-0.25,3332.16,7816.685,3.46,3.48,3.41,3.46
20031217,600519.SH,23.58,24.3,23.58,24.02,23.54,0.4800000000000004,2.04,8282.65,19926.94,3.46,3.57,3.46,3.53
20031218,600519.SH,24.0,24.27,23.8,24.22,24.02,0.1999999999999993,0.83,5708.03,13788.18,3.52,3.56,3.49,3.56
20031219,600519.SH,24.27,24.27,23.81,24.0,24.22,-0.21999999999999886,-0.91,5827.24,14005.567,3.56,3.56,3.5,3.52
20031222,600519.SH,24.0,24.48,23.7,24.45,24.0,0.4499999999999993,1.87,6253.96,15017.997,3.52,3.59,3.48,3.59
20031223,600519.SH,24.45,24.86,24.26,24.63,24.45,0.17999999999999972,0.74,10333.64,25513.368,3.59,3.65,3.56,3.62
20031224,600519.SH,24.68,25.27,24.52,25.22,24.63,0.5899999999999999,2.4,7043.15,17578.282,3.62,3.71,3.6,3.7
20031225,600519.SH,25.22,25.3,25.01,25.05,25.22,-0.16999999999999815,-0.67,7431.41,18686.453,3.7,3.71,3.67,3.68
20031226,600519.SH,25.0,25.45,24.9,25.28,25.05,0.23000000000000043,0.92,5153.11,12938.394,3.67,3.74,3.66,3.71
20031230,600519.SH,25.18,25.68,24.81,25.5,25.28,0.21999999999999886,0.87,4138.23,10461.733,3.7,3.77,3.64,3.74
20031231,600519.SH,25.5,25.5,25.23,25.4,25.5,-0.10000000000000142,-0.39,5510.77,13951.355,3.74,3.74,3.7,3.73
20040102,600519.SH,25.01,25.48,25.0,25.19,25.4,-0.2099999999999973,-0.83,6513.76,16401.867,3.67,3.74,3.67,3.7
20040105,600519.SH,25.1,26.45,25.1,26.4,25.19,1.2099999999999973,4.8,8539.75,22096.848,3.68,3.88,3.68,3.88
20040106,600519.SH,26.5,27.18,26.5,26.96,26.4,0.5600000000000023,2.12,9467.36,25293.426,3.89,3.99,3.89,3.96
20040107,600519.SH,26.87,27.18,26.33,26.95,26.96,-0.010000000000001563,-0.04,11336.19,30614.269,3.94,3.99,3.87,3.96
20040108,600519.SH,27.0,27.48,26.88,27.42,26.95,0.4700000000000024,1.74,8607.42,23401.787,3.96,4.03,3.95,4.03
20040109,600519.SH,27.5,27.5,26.05,26.21,27.42,-1.2100000000000009,-4.41,8821.59,23829.502,4.04,4.04,3.82,3.85
20040112,600519.SH,26.0,26.6,25.83,26.53,26.21,0.3200000000000003,1.22,6490.72,16933.81,3.82,3.91,3.79,3.89
20040113,600519.SH,26.8,27.68,26.8,27.6,26.53,1.0700000000000003,4.03,13421.21,36807.002,3.93,4.06,3.93,4.05
20040114,600519.SH,27.6,29.15,27.37,28.87,27.6,1.2699999999999996,4.6,25095.74,71681.04,4.05,4.28,4.02,4.24
20040115,600519.SH,28.5,28.91,28.01,28.28,28.87,-0.5899999999999999,-2.04,10170.93,29112.473,4.18,4.24,4.11,4.15
20040116,600519.SH,28.12,28.85,28.0,28.49,28.28,0.2099999999999973,0.74,7407.55,21179.706,4.13,4.24,4.11,4.18
20040129,600519.SH,28.0,29.02,28.0,28.96,28.49,0.4700000000000024,1.65,5353.72,15425.466,4.11,4.26,4.11,4.25
20040130,600519.SH,28.94,29.05,28.1,28.12,28.96,-0.8399999999999999,-2.9,7785.23,22429.306,4.25,4.26,4.13,4.13
20040202,600519.SH,28.5,29.35,28.3,28.92,28.12,0.8000000000000007,2.84,31304.94,90694.934,4.18,4.31,4.15,4.25
20040203,600519.SH,29.0,29.16,28.72,29.0,28.92,0.0799999999999983,0.28,8127.68,23508.437,4.26,4.28,4.22,4.26
20040204,600519.SH,29.0,29.15,28.8,28.99,29.0,-0.010000000000001563,-0.03,8646.39,25042.786,4.26,4.28,4.23,4.26
20040205,600519.SH,28.88,28.99,28.1,28.19,28.99,-0.7999999999999972,-2.76,9256.63,26274.156,4.24,4.26,4.13,4.14
20040206,600519.SH,28.0,28.6,27.66,27.83,28.19,-0.360000000000003,-1.28,12925.87,36392.591,4.11,4.2,4.06,4.09
20040209,600519.SH,27.88,28.39,27.68,28.14,27.83,0.3100000000000023,1.11,5778.36,16136.748,4.09,4.17,4.06,4.13
20040210,600519.SH,28.18,28.29,27.72,27.77,28.14,-0.370000000000001,-1.31,2891.39,8054.689,4.14,4.15,4.07,4.08
20040211,600519.SH,28.0,28.0,27.4,27.62,27.77,-0.14999999999999858,-0.54,4488.03,12391.205,4.11,4.11,4.02,4.05
20040212,600519.SH,27.69,28.2,27.5,27.64,27.62,0.019999999999999574,0.07,2231.03,6196.653,4.07,4.14,4.04,4.06
20040213,600519.SH,27.7,28.1,27.56,27.89,27.64,0.25,0.9,2531.39,7068.284,4.07,4.13,4.05,4.09
20040216,600519.SH,27.89,28.7,27.89,28.65,27.89,0.759999999999998,2.72,4081.51,11599.148,4.09,4.21,4.09,4.21
20040217,600519.SH,28.75,28.75,28.51,28.54,28.65,-0.10999999999999943,-0.38,7236.31,20708.523,4.22,4.22,4.19,4.19
20040218,600519.SH,28.54,29.45,28.24,29.09,28.54,0.5500000000000007,1.93,9703.85,28085.541,4.19,4.32,4.15,4.27
20040219,600519.SH,29.1,29.15,28.68,28.8,29.09,-0.28999999999999915,-1.0,6155.35,17792.327,4.27,4.28,4.21,4.23
20040220,600519.SH,28.61,28.88,28.42,28.73,28.8,-0.07000000000000028,-0.24,3256.02,9294.561,4.2,4.24,4.17,4.22
20040223,600519.SH,28.95,28.98,27.92,28.0,28.73,-0.7300000000000004,-2.54,4234.26,11943.403,4.25,4.25,4.1,4.11
20040224,600519.SH,27.88,28.39,27.56,28.23,28.0,0.23000000000000043,0.82,8245.4,22993.324,4.09,4.17,4.05,4.14
20040225,600519.SH,28.25,28.75,27.3,27.32,28.23,-0.9100000000000001,-3.22,5595.68,15651.947,4.15,4.22,4.01,4.01
20040226,600519.SH,27.4,28.28,27.2,28.25,27.32,0.9299999999999997,3.4,10313.48,28613.246,4.02,4.15,3.99,4.15
20040227,600519.SH,28.28,28.42,27.75,28.4,28.25,0.14999999999999858,0.53,4431.37,12479.813,4.15,4.17,4.07,4.17
20040301,600519.SH,28.35,28.58,28.01,28.53,28.4,0.13000000000000256,0.46,2938.33,8324.629,4.16,4.2,4.11,4.19
20040302,600519.SH,28.2,31.38,28.2,31.13,28.53,2.599999999999998,9.11,25187.62,75299.463,4.14,4.61,4.14,4.57
20040303,600519.SH,31.18,31.6,30.39,30.69,31.13,-0.4399999999999977,-1.41,24661.23,76280.342,4.58,4.64,4.46,4.51
20040304,600519.SH,30.58,30.8,30.26,30.52,30.69,-0.1700000000000017,-0.55,5718.29,17429.571,4.49,4.52,4.44,4.48
20040305,600519.SH,30.6,31.2,30.3,30.62,30.52,0.10000000000000142,0.33,4117.31,12628.392,4.49,4.58,4.45,4.5
20040308,600519.SH,30.6,31.0,29.7,30.09,30.62,-0.5300000000000011,-1.73,6327.55,19124.563,4.49,4.55,4.36,4.42
20040309,600519.SH,30.1,30.3,29.75,29.9,30.09,-0.19000000000000128,-0.63,4492.14,13474.582,4.42,4.45,4.37,4.39
20040310,600519.SH,29.72,30.4,29.72,30.34,29.9,0.4400000000000013,1.47,3116.77,9368.573,4.36,4.46,4.36,4.45
20040311,600519.SH,30.0,30.9,30.0,30.89,30.34,0.5500000000000007,1.81,6966.95,21204.913,4.4,4.54,4.4,4.53
20040312,600519.SH,31.99,33.3,31.55,32.7,30.89,1.8100000000000023,5.86,37852.09,123629.708,4.7,4.89,4.63,4.8
20040315,600519.SH,32.65,33.5,32.4,33.42,32.7,0.7199999999999989,2.2,18985.72,62741.21,4.79,4.92,4.76,4.91
20040316,600519.SH,33.42,35.44,33.11,34.91,33.42,1.4899999999999949,4.46,30957.61,106413.222,4.91,5.2,4.86,5.13
20040317,600519.SH,34.8,35.25,34.31,34.91,34.91,0.0,0.0,13411.2,46683.001,5.11,5.17,5.04,5.13
20040318,600519.SH,34.91,35.3,34.7,34.97,34.91,0.060000000000002274,0.17,15703.8,55053.859,5.13,5.18,5.09,5.13
20040319,600519.SH,34.91,35.32,34.6,34.87,34.97,-0.10000000000000142,-0.29,14743.95,51625.581,5.13,5.19,5.08,5.12
20040322,600519.SH,35.0,35.18,34.5,34.52,34.87,-0.3499999999999943,-1.0,10206.25,35526.463,5.14,5.16,5.06,5.07
20040323,600519.SH,34.33,34.5,33.54,33.81,34.52,-0.7100000000000009,-2.06,13909.74,47091.718,5.04,5.06,4.92,4.96
20040324,600519.SH,33.7,35.2,33.58,35.05,33.81,1.2399999999999949,3.67,13295.74,46222.27,4.95,5.17,4.93,5.15
20040325,600519.SH,34.85,35.2,33.9,34.06,35.05,-0.9899999999999949,-2.82,14931.38,51190.803,5.12,5.17,4.98,5.0
20040326,600519.SH,34.5,34.87,33.15,34.73,34.06,0.6699999999999946,1.97,17415.46,59748.602,5.06,5.12,4.87,5.1
20040329,600519.SH,34.73,35.55,34.2,34.28,34.73,-0.44999999999999574,-1.3,11281.75,39480.878,5.1,5.22,5.02,5.03
20040330,600519.SH,34.2,34.8,34.05,34.73,34.28,0.44999999999999574,1.31,5876.54,20288.601,5.02,5.11,5.0,5.1
20040331,600519.SH,34.7,35.2,34.58,35.04,34.73,0.3100000000000023,0.89,7310.13,25543.352,5.09,5.17,5.08,5.14
20040401,600519.SH,34.79,35.5,34.79,35.39,35.04,0.3500000000000014,1.0,8504.21,29966.66,5.11,5.21,5.11,5.2
20040402,600519.SH,35.35,36.5,35.35,36.29,35.39,0.8999999999999986,2.54,18818.21,67825.517,5.19,5.36,5.19,5.33
20040405,600519.SH,36.3,37.4,36.3,37.25,36.29,0.9600000000000009,2.65,18631.34,68785.082,5.33,5.49,5.33,5.47
20040406,600519.SH,37.4,37.4,36.9,37.23,37.25,-0.020000000000003126,-0.05,7135.67,26461.49,5.49,5.49,5.42,5.47
20040407,600519.SH,37.26,39.05,37.26,38.87,37.23,1.6400000000000006,4.41,18692.2,72038.041,5.47,5.73,5.47,5.71
20040408,600519.SH,38.9,40.52,38.72,40.48,38.87,1.6099999999999994,4.14,15913.24,63361.314,5.71,5.95,5.68,5.94
20040409,600519.SH,40.45,40.45,39.18,39.2,40.48,-1.279999999999994,-3.16,34322.8,135738.045,5.94,5.94,5.75,5.75
20040412,600519.SH,38.9,39.5,38.3,38.76,39.2,-0.44000000000000483,-1.12,10272.24,39974.344,5.71,5.8,5.62,5.69
20040413,600519.SH,38.9,39.4,38.6,39.15,38.76,0.39000000000000057,1.01,15524.41,60506.087,5.71,5.78,5.67,5.75
20040414,600519.SH,38.85,38.99,37.6,38.15,39.15,-1.0,-2.55,15543.83,59198.319,5.7,5.72,5.52,5.6
20040415,600519.SH,38.0,38.6,37.8,37.96,38.15,-0.18999999999999773,-0.5,5958.63,22690.028,5.58,5.67,5.55,5.57
20040416,600519.SH,37.82,38.48,37.4,37.99,37.96,0.030000000000001137,0.08,4497.78,17042.489,5.55,5.65,5.49,5.58
20040419,600519.SH,38.0,38.0,36.8,36.85,37.99,-1.1400000000000006,-3.0,5897.01,22127.813,5.58,5.58,5.4,5.41
20040420,600519.SH,36.8,37.48,36.31,37.2,36.85,0.3500000000000014,0.95,7705.92,28305.52,5.4,5.5,5.33,5.46
20040421,600519.SH,37.39,37.5,36.2,36.63,37.2,-0.5700000000000003,-1.53,3994.19,14703.155,5.49,5.51,5.31,5.38
20040422,600519.SH,36.5,36.8,36.2,36.6,36.63,-0.030000000000001137,-0.08,8252.44,30019.962,5.36,5.4,5.31,5.37
20040423,600519.SH,36.4,36.78,36.2,36.77,36.6,0.1700000000000017,0.46,8065.07,29417.711,5.34,5.4,5.31,5.4
20040426,600519.SH,36.54,37.37,36.4,37.22,36.77,0.44999999999999574,1.22,6603.39,24414.409,5.36,5.49,5.34,5.46
20040427,600519.SH,37.25,39.0,37.25,37.91,37.22,0.6899999999999977,1.85,20597.48,78913.119,5.47,5.73,5.47,5.57
20040428,600519.SH,37.9,37.9,37.1,37.55,37.91,-0.35999999999999943,-0.95,5596.78,21005.617,5.56,5.56,5.45,5.51
20040429,600519.SH,38.48,38.8,35.5,36.66,37.55,-0.8900000000000006,-2.37,17383.26,62795.124,5.65,5.7,5.21,5.38
20040430,600519.SH,36.29,37.5,36.01,37.43,36.66,0.7700000000000031,2.1,12961.66,47858.161,5.33,5.51,5.29,5.5
20040510,600519.SH,37.3,37.4,35.58,36.23,37.43,-1.2000000000000028,-3.21,8003.64,28883.861,5.48,5.49,5.22,5.32
20040511,600519.SH,35.75,36.8,35.75,36.04,36.23,-0.18999999999999773,-0.52,6734.23,24441.916,5.25,5.4,5.25,5.29
20040512,600519.SH,36.02,36.85,36.01,36.81,36.04,0.7700000000000031,2.14,8684.46,31635.698,5.29,5.41,5.29,5.4
20040513,600519.SH,36.5,37.8,36.5,37.79,36.81,0.9799999999999969,2.66,14720.22,55043.074,5.36,5.55,5.36,5.55
20040514,600519.SH,37.88,37.99,36.8,37.45,37.79,-0.3399999999999963,-0.9,6028.82,22432.732,5.56,5.58,5.4,5.5
20040517,600519.SH,37.27,37.27,36.32,36.72,37.45,-0.730000000000004,-1.95,3389.03,12486.993,5.47,5.47,5.33,5.39
20040518,600519.SH,36.75,37.2,35.0,36.21,36.72,-0.509999999999998,-1.39,19383.38,70073.744,5.4,5.46,5.14,5.32
20040519,600519.SH,36.5,37.1,36.05,36.59,36.21,0.38000000000000256,1.05,4800.1,17709.875,5.36,5.45,5.29,5.37
20040520,600519.SH,36.4,36.66,36.16,36.48,36.59,-0.11000000000000654,-0.3,2495.3,9068.633,5.34,5.38,5.31,5.36
20040521,600519.SH,36.48,36.7,35.81,36.4,36.48,-0.0799999999999983,-0.22,1291.0,4704.499,5.36,5.39,5.26,5.34
20040524,600519.SH,36.36,36.5,35.95,36.0,36.4,-0.3999999999999986,-1.1,1563.03,5641.346,5.34,5.36,5.28,5.29
20040525,600519.SH,35.93,36.5,35.8,35.85,36.0,-0.14999999999999858,-0.42,5146.61,18589.609,5.27,5.36,5.26,5.26
20040526,600519.SH,35.86,36.14,35.62,36.04,35.85,0.18999999999999773,0.53,2776.41,10011.88,5.26,5.31,5.23,5.29
20040527,600519.SH,36.6,36.98,36.0,36.5,36.04,0.46000000000000085,1.28,3758.69,13778.597,5.37,5.43,5.29,5.36
20040528,600519.SH,36.4,36.97,36.3,36.88,36.5,0.38000000000000256,1.04,1951.59,7168.549,5.34,5.43,5.33,5.41
20040601,600519.SH,36.88,37.45,36.87,37.4,36.88,0.519999999999996,1.41,3637.71,13507.855,5.41,5.5,5.41,5.49
20040602,600519.SH,37.4,37.4,36.8,36.84,37.4,-0.5599999999999952,-1.5,2381.3,8832.775,5.49,5.49,5.4,5.41
20040603,600519.SH,36.9,37.27,36.5,36.8,36.84,-0.04000000000000625,-0.11,782.44,2869.881,5.42,5.47,5.36,5.4
20040604,600519.SH,36.21,36.88,36.09,36.28,36.8,-0.519999999999996,-1.41,2070.44,7529.168,5.32,5.41,5.3,5.33
20040607,600519.SH,36.03,36.48,35.95,36.36,36.28,0.0799999999999983,0.22,2453.52,8856.253,5.29,5.36,5.28,5.34
20040608,600519.SH,36.01,36.47,35.9,36.31,36.36,-0.04999999999999716,-0.14,3357.16,12115.216,5.29,5.35,5.27,5.33
20040609,600519.SH,36.01,36.38,35.8,35.99,36.31,-0.3200000000000003,-0.88,4724.71,17036.585,5.29,5.34,5.26,5.28
20040610,600519.SH,36.0,36.3,34.05,34.3,35.99,-1.6900000000000048,-4.7,24414.16,84607.735,5.29,5.33,5.0,5.04
20040611,600519.SH,34.06,35.1,34.06,34.51,34.3,0.21000000000000085,0.61,9236.77,31913.342,5.0,5.15,5.0,5.07
20040614,600519.SH,34.3,34.36,33.2,33.4,34.51,-1.1099999999999994,-3.22,11932.22,40393.296,5.04,5.04,4.87,4.9
20040615,600519.SH,33.33,33.68,32.4,33.56,33.4,0.1600000000000037,0.48,21484.47,70392.158,4.89,4.94,4.76,4.93
20040616,600519.SH,33.5,34.64,33.3,34.44,33.56,0.8799999999999955,2.62,6623.43,22482.333,4.92,5.09,4.89,5.06
20040617,600519.SH,34.44,34.44,32.82,33.13,34.44,-1.3099999999999952,-3.8,14816.15,49602.583,5.06,5.06,4.82,4.86
20040618,600519.SH,33.0,33.4,32.2,33.31,33.13,0.17999999999999972,0.54,11670.68,38053.133,4.84,4.9,4.73,4.89
20040621,600519.SH,32.81,33.58,32.71,33.5,33.31,0.18999999999999773,0.57,1034.22,3441.885,4.82,4.93,4.8,4.92
20040622,600519.SH,33.6,34.0,33.5,34.0,33.5,0.5,1.49,1254.47,4238.393,4.93,4.99,4.92,4.99
20040623,600519.SH,33.95,33.95,33.0,33.22,34.0,-0.7800000000000011,-2.29,595.93,1987.467,4.98,4.98,4.84,4.88
20040624,600519.SH,33.22,33.79,33.18,33.23,33.22,0.00999999999999801,0.03,1241.64,4133.36,4.88,4.96,4.87,4.88
20040625,600519.SH,33.43,34.7,33.08,33.8,33.23,0.5700000000000003,1.72,3696.81,12619.117,4.91,5.09,4.86,4.96
20040628,600519.SH,33.5,34.4,33.5,34.12,33.8,0.3200000000000003,0.95,3080.2,10476.223,4.92,5.05,4.92,5.01
20040629,600519.SH,34.12,34.25,33.8,34.09,34.12,-0.02999999999999403,-0.09,6890.8,23479.163,5.01,5.03,4.96,5.0
20040630,600519.SH,34.09,34.19,33.0,33.85,34.09,-0.240000000000002,-0.7,4102.81,13952.503,5.0,5.02,4.84,4.97
20040701,600519.SH,25.02,26.8,25.01,26.73,33.85,-7.120000000000001,-21.03,2781.62,7361.258,4.82,5.16,4.81,5.15
20040702,600519.SH,26.8,27.3,26.38,27.26,26.73,0.5300000000000011,1.98,2873.37,7731.847,5.16,5.26,5.08,5.25
20040705,600519.SH,27.0,28.38,27.0,28.33,27.26,1.0699999999999967,3.93,5202.29,14545.862,5.2,5.46,5.2,5.45
20040706,600519.SH,28.48,29.38,28.2,28.22,28.33,-0.10999999999999943,-0.39,16359.4,47067.614,5.48,5.66,5.43,5.43
20040707,600519.SH,28.18,29.02,27.7,28.83,28.22,0.6099999999999994,2.16,13244.98,38002.932,5.42,5.59,5.33,5.55
20040708,600519.SH,28.95,29.0,28.51,28.59,28.83,-0.23999999999999844,-0.83,2357.99,6779.704,5.57,5.58,5.49,5.5
20040709,600519.SH,28.43,28.88,28.43,28.5,28.59,-0.08999999999999986,-0.31,1635.63,4678.105,5.47,5.56,5.47,5.49
20040712,600519.SH,28.5,28.86,28.1,28.66,28.5,0.16000000000000014,0.56,4328.08,12351.574,5.49,5.56,5.41,5.52
20040713,600519.SH,28.5,29.5,28.5,29.43,28.66,0.7699999999999996,2.69,6419.32,18772.253,5.49,5.68,5.49,5.67
20040714,600519.SH,29.38,29.58,29.0,29.56,29.43,0.129999999999999,0.44,4478.65,13176.396,5.66,5.69,5.58,5.69
20040715,600519.SH,29.56,30.66,29.56,30.61,29.56,1.0500000000000007,3.55,28186.18,85455.066,5.69,5.9,5.69,5.89
20040716,600519.SH,30.62,30.85,30.0,30.58,30.61,-0.030000000000001137,-0.1,5876.64,17947.709,5.89,5.94,5.78,5.89
20040719,600519.SH,30.59,30.79,29.93,30.55,30.58,-0.029999999999997584,-0.1,8508.01,25718.864,5.89,5.93,5.76,5.88
20040720,600519.SH,30.45,30.55,30.02,30.5,30.55,-0.05000000000000071,-0.16,7868.77,23908.753,5.86,5.88,5.78,5.87
20040721,600519.SH,30.5,30.9,30.18,30.85,30.5,0.3500000000000014,1.15,7533.75,23041.353,5.87,5.95,5.81,5.94
20040722,600519.SH,30.8,31.86,30.6,30.77,30.85,-0.08000000000000185,-0.26,27936.23,87061.727,5.93,6.13,5.89,5.92
20040723,600519.SH,30.5,31.5,30.4,31.46,30.77,0.6900000000000013,2.24,10551.81,32608.304,5.87,6.06,5.85,6.06
20040726,600519.SH,31.6,31.6,30.28,30.82,31.46,-0.6400000000000006,-2.03,6616.89,20362.836,6.08,6.08,5.83,5.93
20040727,600519.SH,30.9,30.9,29.77,29.82,30.82,-1.0,-3.24,11112.74,33370.357,5.95,5.95,5.73,5.74
20040728,600519.SH,30.66,30.66,28.82,29.48,29.82,-0.33999999999999986,-1.14,8846.6,25861.812,5.9,5.9,5.55,5.68
20040729,600519.SH,29.3,29.68,29.03,29.63,29.48,0.14999999999999858,0.51,3413.64,10010.293,5.64,5.71,5.59,5.7
20040730,600519.SH,29.5,30.36,29.5,30.07,29.63,0.4400000000000013,1.48,2490.72,7475.971,5.68,5.84,5.68,5.79
20040802,600519.SH,30.05,30.3,29.5,29.75,30.07,-0.3200000000000003,-1.06,7327.58,21734.52,5.78,5.83,5.68,5.73
20040803,600519.SH,29.5,29.95,29.31,29.39,29.75,-0.35999999999999943,-1.21,7760.1,22860.312,5.68,5.77,5.64,5.66
20040804,600519.SH,29.18,30.0,29.12,29.89,29.39,0.5,1.7,4741.49,13978.388,5.62,5.78,5.61,5.75
20040805,600519.SH,29.8,29.8,29.3,29.55,29.89,-0.33999999999999986,-1.14,2169.03,6399.271,5.74,5.74,5.64,5.69
20040806,600519.SH,29.4,29.9,29.11,29.79,29.55,0.23999999999999844,0.81,2657.17,7857.159,5.66,5.76,5.6,5.73
20040809,600519.SH,29.51,29.96,29.51,29.95,29.79,0.16000000000000014,0.54,2457.38,7317.44,5.68,5.77,5.68,5.77
20040810,600519.SH,29.71,30.2,29.65,30.16,29.95,0.21000000000000085,0.7,2609.96,7820.329,5.72,5.81,5.71,5.81
20040811,600519.SH,30.0,30.1,29.8,29.95,30.16,-0.21000000000000085,-0.7,1042.78,3119.88,5.78,5.79,5.74,5.77
20040812,600519.SH,29.52,30.1,29.52,30.09,29.95,0.14000000000000057,0.47,2818.38,8383.159,5.68,5.79,5.68,5.79
20040813,600519.SH,29.89,30.18,29.7,30.11,30.09,0.019999999999999574,0.07,3719.48,11134.747,5.75,5.81,5.72,5.8
20040816,600519.SH,29.88,30.11,29.85,29.86,30.11,-0.25,-0.83,1783.29,5336.45,5.75,5.8,5.75,5.75
20040817,600519.SH,29.81,30.1,29.57,30.0,29.86,0.14000000000000057,0.47,1970.53,5905.094,5.74,5.79,5.69,5.78
20040818,600519.SH,30.2,30.31,29.9,30.12,30.0,0.120000000000001,0.4,5510.93,16624.721,5.81,5.83,5.76,5.8
20040819,600519.SH,30.0,30.2,29.81,29.92,30.12,-0.1999999999999993,-0.66,5889.62,17653.366,5.78,5.81,5.74,5.76
20040820,600519.SH,29.92,30.2,29.8,29.95,29.92,0.029999999999997584,0.1,5630.68,16868.762,5.76,5.81,5.74,5.77
20040823,600519.SH,29.8,29.8,29.15,29.21,29.95,-0.7399999999999984,-2.47,5733.09,16839.797,5.74,5.74,5.61,5.62
20040824,600519.SH,29.0,29.4,29.0,29.35,29.21,0.14000000000000057,0.48,2859.89,8339.871,5.58,5.66,5.58,5.65
20040825,600519.SH,29.5,29.51,29.1,29.46,29.35,0.10999999999999943,0.37,1630.89,4768.554,5.68,5.68,5.6,5.67
20040826,600519.SH,29.2,29.6,29.2,29.53,29.46,0.07000000000000028,0.24,2161.1,6353.347,5.62,5.7,5.62,5.68
20040827,600519.SH,29.49,29.65,29.3,29.46,29.53,-0.07000000000000028,-0.24,1324.9,3898.855,5.68,5.71,5.64,5.67
20040830,600519.SH,29.2,29.39,28.8,28.97,29.46,-0.490000000000002,-1.66,3491.73,10126.801,5.62,5.66,5.54,5.58
20040831,600519.SH,29.29,29.9,28.9,29.17,28.97,0.20000000000000284,0.69,2413.83,7032.456,5.64,5.76,5.56,5.62
20040901,600519.SH,29.05,29.05,28.6,28.62,29.17,-0.5500000000000007,-1.89,3798.03,10907.461,5.59,5.59,5.51,5.51
20040902,600519.SH,28.47,28.7,27.91,28.69,28.62,0.07000000000000028,0.24,4399.83,12428.743,5.48,5.52,5.37,5.52
20040903,600519.SH,28.5,28.71,28.1,28.67,28.69,-0.019999999999999574,-0.07,2729.64,7734.124,5.49,5.53,5.41,5.52
20040906,600519.SH,28.33,28.8,28.33,28.71,28.67,0.03999999999999915,0.14,2327.13,6677.838,5.45,5.54,5.45,5.53
20040907,600519.SH,28.97,29.12,28.8,29.0,28.71,0.28999999999999915,1.01,2635.4,7621.058,5.58,5.61,5.54,5.58
20040908,600519.SH,29.07,29.6,29.02,29.54,29.0,0.5399999999999991,1.86,4696.34,13766.558,5.6,5.7,5.59,5.69
20040909,600519.SH,29.55,30.0,29.35,29.66,29.54,0.120000000000001,0.41,10208.81,30324.405,5.69,5.78,5.65,5.71
20040910,600519.SH,29.6,29.8,29.3,29.68,29.66,0.019999999999999574,0.07,2206.35,6519.369,5.7,5.74,5.64,5.71
20040913,600519.SH,29.68,29.68,29.0,29.4,29.68,-0.28000000000000114,-0.94,3242.88,9459.18,5.71,5.71,5.58,5.66
20040914,600519.SH,29.4,30.0,29.0,29.84,29.4,0.4400000000000013,1.5,6125.94,18071.359,5.66,5.78,5.58,5.74
20040915,600519.SH,29.78,31.19,29.62,31.15,29.84,1.3099999999999987,4.39,11409.58,35117.697,5.73,6.0,5.7,6.0
20040916,600519.SH,31.1,32.0,31.0,31.63,31.15,0.4800000000000004,1.54,11471.61,36213.781,5.99,6.16,5.97,6.09
20040917,600519.SH,31.77,32.41,31.11,32.3,31.63,0.6699999999999982,2.12,13196.89,42076.514,6.12,6.24,5.99,6.22
20040920,600519.SH,32.55,33.0,32.21,32.69,32.3,0.39000000000000057,1.21,12021.66,39168.091,6.27,6.35,6.2,6.29
20040921,600519.SH,32.09,32.98,32.09,32.3,32.69,-0.39000000000000057,-1.19,8374.13,27222.818,6.18,6.35,6.18,6.22
20040922,600519.SH,32.03,32.49,32.03,32.16,32.3,-0.14000000000000057,-0.43,4348.12,13965.168,6.17,6.25,6.17,6.19
20040923,600519.SH,32.11,33.52,32.11,33.42,32.16,1.2600000000000051,3.92,17667.48,58219.692,6.18,6.45,6.18,6.43
20040924,600519.SH,33.6,35.89,33.6,34.49,33.42,1.0700000000000003,3.2,30981.37,108295.826,6.47,6.91,6.47,6.64
20040927,600519.SH,34.95,35.98,34.5,34.93,34.49,0.4399999999999977,1.28,6066.63,21339.456,6.73,6.93,6.64,6.72
20040928,600519.SH,34.89,35.97,34.8,35.8,34.93,0.8699999999999974,2.49,6740.55,23948.625,6.72,6.92,6.7,6.89
20040929,600519.SH,35.8,36.18,35.4,35.54,35.8,-0.259999999999998,-0.73,13628.42,48864.987,6.89,6.96,6.81,6.84
20040930,600519.SH,35.5,36.08,34.55,35.97,35.54,0.4299999999999997,1.21,7366.47,26230.672,6.83,6.95,6.65,6.92
20041008,600519.SH,35.49,36.55,35.01,36.51,35.97,0.5399999999999991,1.5,9667.84,34809.243,6.83,7.04,6.74,7.03
20041011,600519.SH,36.55,38.12,36.55,37.17,36.51,0.6600000000000037,1.81,10197.76,38270.567,7.04,7.34,7.04,7.16
20041012,600519.SH,36.9,36.9,35.6,36.03,37.17,-1.1400000000000006,-3.07,7452.22,26810.8,7.1,7.1,6.85,6.94
20041013,600519.SH,35.73,35.95,35.11,35.69,36.03,-0.3400000000000034,-0.94,6645.17,23571.291,6.88,6.92,6.76,6.87
20041014,600519.SH,35.7,36.88,35.18,35.37,35.69,-0.3200000000000003,-0.9,6479.14,23199.283,6.87,7.1,6.77,6.81
20041015,600519.SH,35.0,36.0,34.66,35.35,35.37,-0.01999999999999602,-0.06,5121.54,18189.199,6.74,6.93,6.67,6.81
20041018,600519.SH,35.29,35.32,34.65,34.86,35.35,-0.490000000000002,-1.39,2336.87,8190.572,6.79,6.8,6.67,6.71
20041019,600519.SH,34.8,36.2,34.7,35.98,34.86,1.1199999999999974,3.21,10583.64,37755.969,6.7,6.97,6.68,6.93
20041020,600519.SH,36.0,37.51,35.81,36.68,35.98,0.7000000000000028,1.95,15933.84,58326.643,6.93,7.22,6.89,7.06
20041021,600519.SH,36.55,37.5,35.8,37.07,36.68,0.39000000000000057,1.06,5996.03,22003.54,7.04,7.22,6.89,7.14
20041022,600519.SH,37.03,39.41,37.0,39.15,37.07,2.0799999999999983,5.61,18161.45,70151.234,7.13,7.59,7.12,7.54
20041025,600519.SH,39.5,40.3,39.12,39.46,39.15,0.3100000000000023,0.79,15601.78,61900.269,7.6,7.76,7.53,7.6
20041026,600519.SH,39.18,39.88,38.7,39.8,39.46,0.3399999999999963,0.86,4973.47,19618.432,7.54,7.68,7.45,7.66
20041027,600519.SH,39.84,40.6,39.32,39.4,39.8,-0.3999999999999986,-1.01,11878.04,47630.068,7.67,7.82,7.57,7.58
20041028,600519.SH,39.1,39.66,38.62,39.0,39.4,-0.3999999999999986,-1.02,9338.2,36495.905,7.53,7.63,7.43,7.51
20041029,600519.SH,38.01,39.3,38.01,38.96,39.0,-0.03999999999999915,-0.1,14363.14,55678.746,7.32,7.57,7.32,7.5
20041101,600519.SH,38.58,39.57,38.52,39.38,38.96,0.4200000000000017,1.08,3673.18,14302.88,7.43,7.62,7.42,7.58
20041102,600519.SH,39.0,39.1,38.1,39.09,39.38,-0.28999999999999915,-0.74,3356.02,12926.156,7.51,7.53,7.33,7.53
20041103,600519.SH,39.0,39.2,38.4,38.93,39.09,-0.1600000000000037,-0.41,7615.86,29484.721,7.51,7.55,7.39,7.49
20041104,600519.SH,38.6,39.0,38.16,38.31,38.93,-0.6199999999999974,-1.59,6785.67,26198.028,7.43,7.51,7.35,7.37
20041105,600519.SH,38.05,38.05,35.99,36.52,38.31,-1.7899999999999991,-4.67,25994.09,95080.945,7.32,7.32,6.93,7.03
20041108,600519.SH,36.5,37.0,36.02,36.97,36.52,0.44999999999999574,1.23,3585.53,13062.547,7.03,7.12,6.93,7.12
20041109,600519.SH,37.3,38.3,36.95,38.29,36.97,1.3200000000000003,3.57,7314.79,27801.916,7.18,7.37,7.11,7.37
20041110,600519.SH,38.0,39.83,38.0,39.45,38.29,1.1600000000000037,3.03,11288.62,44436.007,7.32,7.67,7.32,7.59
20041111,600519.SH,39.4,39.8,38.8,38.8,39.45,-0.6500000000000057,-1.65,8330.13,32780.357,7.58,7.66,7.47,7.47
20041112,600519.SH,38.68,39.1,38.27,38.5,38.8,-0.29999999999999716,-0.77,5667.94,21837.428,7.45,7.53,7.37,7.41
20041115,600519.SH,38.51,38.8,37.6,38.76,38.5,0.259999999999998,0.68,8947.76,34292.416,7.41,7.47,7.24,7.46
20041116,600519.SH,38.5,38.76,38.0,38.0,38.76,-0.759999999999998,-1.96,3298.47,12563.653,7.41,7.46,7.32,7.32
20041117,600519.SH,38.0,38.21,37.7,38.0,38.0,0.0,0.0,8032.72,30415.917,7.32,7.36,7.26,7.32
20041118,600519.SH,37.98,38.25,37.55,37.98,38.0,-0.020000000000003126,-0.05,2624.16,9967.008,7.31,7.36,7.23,7.31
20041119,600519.SH,38.01,38.01,37.7,37.91,37.98,-0.07000000000000028,-0.18,3196.34,12098.84,7.32,7.32,7.26,7.3
20041122,600519.SH,37.81,37.9,37.1,37.4,37.91,-0.509999999999998,-1.35,6429.08,24094.05,7.28,7.3,7.14,7.2
20041123,600519.SH,37.25,37.59,36.8,36.87,37.4,-0.5300000000000011,-1.42,6155.9,22797.433,7.17,7.24,7.08,7.1
20041124,600519.SH,36.79,37.2,36.5,36.55,36.87,-0.3200000000000003,-0.87,4292.06,15819.097,7.08,7.16,7.03,7.04
20041125,600519.SH,36.41,38.08,36.41,37.63,36.55,1.0800000000000054,2.95,5924.14,22286.271,7.01,7.33,7.01,7.24
20041126,600519.SH,37.62,37.96,37.3,37.61,37.63,-0.020000000000003126,-0.05,1974.01,7411.584,7.24,7.31,7.18,7.24
20041129,600519.SH,37.65,38.56,37.6,38.09,37.61,0.480000000000004,1.28,5442.53,20728.652,7.25,7.42,7.24,7.33
20041130,600519.SH,37.33,38.0,37.0,37.05,38.09,-1.0400000000000063,-2.73,1618.3,6026.605,7.19,7.32,7.12,7.13
20041201,600519.SH,37.51,37.51,36.8,36.99,37.05,-0.05999999999999517,-0.16,784.9,2900.938,7.22,7.22,7.08,7.12
20041202,600519.SH,37.2,37.2,36.5,37.0,36.99,0.00999999999999801,0.03,3985.28,14671.547,7.16,7.16,7.03,7.12
20041203,600519.SH,36.8,37.09,36.6,36.74,37.0,-0.259999999999998,-0.7,626.24,2303.971,7.08,7.14,7.05,7.07
20041206,600519.SH,37.0,37.0,36.51,36.69,36.74,-0.05000000000000426,-0.14,1111.17,4068.796,7.12,7.12,7.03,7.06
20041207,600519.SH,36.52,37.1,36.51,36.78,36.69,0.09000000000000341,0.25,1899.08,6998.528,7.03,7.14,7.03,7.08
20041208,600519.SH,37.0,37.17,36.5,36.81,36.78,0.030000000000001137,0.08,10290.83,37575.758,7.12,7.16,7.03,7.09
20041209,600519.SH,36.81,37.5,36.58,36.59,36.81,-0.21999999999999886,-0.6,11349.04,41890.865,7.09,7.22,7.04,7.04
20041210,600519.SH,36.66,37.01,36.63,37.0,36.59,0.4099999999999966,1.12,897.03,3311.205,7.06,7.12,7.05,7.12
20041213,600519.SH,36.6,37.2,36.6,37.1,37.0,0.10000000000000142,0.27,2208.32,8189.873,7.05,7.16,7.05,7.14
20041214,600519.SH,37.0,37.1,36.78,36.78,37.1,-0.3200000000000003,-0.86,1245.44,4601.617,7.12,7.14,7.08,7.08
20041215,600519.SH,36.58,37.08,36.5,36.51,36.78,-0.2700000000000031,-0.73,10969.73,40055.481,7.04,7.14,7.03,7.03
20041216,600519.SH,36.5,36.88,36.3,36.76,36.51,0.25,0.68,11500.03,42361.519,7.03,7.1,6.99,7.08
20041217,600519.SH,36.5,36.55,36.07,36.2,36.76,-0.5599999999999952,-1.52,1049.03,3805.636,7.03,7.04,6.94,6.97
20041220,600519.SH,36.0,36.5,34.82,34.9,36.2,-1.3000000000000043,-3.59,2459.3,8749.161,6.93,7.03,6.7,6.72
20041221,600519.SH,35.0,35.4,34.66,34.73,34.9,-0.1700000000000017,-0.49,2198.68,7700.17,6.74,6.81,6.67,6.69
20041222,600519.SH,34.67,35.35,34.18,35.3,34.73,0.5700000000000003,1.64,3168.54,11055.083,6.67,6.81,6.58,6.8
20041223,600519.SH,35.3,35.77,35.2,35.2,35.3,-0.09999999999999432,-0.28,6883.48,24351.861,6.8,6.89,6.78,6.78
20041224,600519.SH,35.0,35.85,35.0,35.5,35.2,0.29999999999999716,0.85,4469.59,15920.008,6.74,6.9,6.74,6.83
20041227,600519.SH,35.5,36.07,35.5,36.0,35.5,0.5,1.41,1570.84,5614.076,6.83,6.94,6.83,6.93
20041228,600519.SH,35.5,36.93,35.5,36.67,36.0,0.6700000000000017,1.86,2924.12,10655.265,6.83,7.11,6.83,7.06
20041229,600519.SH,36.99,37.48,36.67,37.28,36.67,0.6099999999999994,1.66,5654.78,21025.179,7.12,7.22,7.06,7.18
20041230,600519.SH,36.9,37.25,36.33,36.81,37.28,-0.46999999999999886,-1.26,3345.0,12358.921,7.1,7.17,6.99,7.09
20041231,600519.SH,36.7,37.7,36.08,36.64,36.81,-0.1700000000000017,-0.46,5869.9,21514.898,7.07,7.26,6.95,7.05
20050104,600519.SH,36.4,36.8,36.0,36.45,36.64,-0.18999999999999773,-0.52,2348.81,8566.179,7.01,7.08,6.93,7.02
20050105,600519.SH,36.4,37.28,36.23,37.24,36.45,0.7899999999999991,2.17,6139.33,22582.4,7.01,7.18,6.97,7.17
20050106,600519.SH,37.0,37.1,36.5,36.6,37.24,-0.6400000000000006,-1.72,5523.72,20282.548,7.12,7.14,7.03,7.05
20050107,600519.SH,36.5,37.2,36.5,36.9,36.6,0.29999999999999716,0.82,3002.74,11115.44,7.03,7.16,7.03,7.1
20050110,600519.SH,36.9,38.3,36.9,38.25,36.9,1.3500000000000014,3.66,10718.11,40597.723,7.1,7.37,7.1,7.36
20050111,600519.SH,38.26,38.6,38.2,38.3,38.25,0.04999999999999716,0.13,5003.56,19240.403,7.37,7.43,7.35,7.37
20050112,600519.SH,38.28,38.45,37.88,38.4,38.3,0.10000000000000142,0.26,3389.03,12949.338,7.37,7.4,7.29,7.39
20050113,600519.SH,38.1,38.85,38.1,38.62,38.4,0.21999999999999886,0.57,2883.83,11159.242,7.33,7.48,7.33,7.43
20050114,600519.SH,38.45,38.7,37.7,37.92,38.62,-0.6999999999999957,-1.81,3338.47,12691.131,7.4,7.45,7.26,7.3
20050117,600519.SH,37.45,38.18,37.11,37.9,37.92,-0.020000000000003126,-0.05,1812.39,6845.213,7.21,7.35,7.14,7.3
20050118,600519.SH,37.9,38.5,37.7,38.5,37.9,0.6000000000000014,1.58,2638.2,10016.326,7.3,7.41,7.26,7.41
20050119,600519.SH,38.0,38.88,37.9,37.92,38.5,-0.5799999999999983,-1.51,2652.0,10180.585,7.32,7.48,7.3,7.3
20050120,600519.SH,37.84,37.99,37.5,37.91,37.92,-0.010000000000005116,-0.03,974.05,3670.093,7.28,7.31,7.22,7.3
20050121,600519.SH,37.6,38.0,36.5,37.9,37.91,-0.00999999999999801,-0.03,3177.36,11879.307,7.24,7.32,7.03,7.3
20050124,600519.SH,37.95,38.59,37.68,38.26,37.9,0.35999999999999943,0.95,4173.4,15943.177,7.31,7.43,7.25,7.37
20050125,600519.SH,38.5,39.5,38.15,39.39,38.26,1.1300000000000026,2.95,5816.65,22704.867,7.41,7.6,7.34,7.58
20050126,600519.SH,39.45,39.8,38.98,39.39,39.39,0.0,0.0,3734.98,14767.52,7.59,7.66,7.5,7.58
20050127,600519.SH,39.09,39.45,39.09,39.22,39.39,-0.1700000000000017,-0.43,1021.62,4007.784,7.53,7.59,7.53,7.55
20050128,600519.SH,39.22,39.22,38.61,39.09,39.22,-0.12999999999999545,-0.33,1341.23,5226.481,7.55,7.55,7.43,7.53
20050131,600519.SH,38.6,39.4,38.6,39.36,39.09,0.269999999999996,0.69,1165.07,4552.532,7.43,7.58,7.43,7.58
20050201,600519.SH,39.0,39.3,38.67,39.0,39.36,-0.35999999999999943,-0.91,4002.6,15598.247,7.51,7.57,7.44,7.51
20050202,600519.SH,38.91,39.98,38.91,39.85,39.0,0.8500000000000014,2.18,5378.17,21280.023,7.49,7.7,7.49,7.67
20050203,600519.SH,39.85,39.85,39.0,39.35,39.85,-0.5,-1.25,4442.64,17455.936,7.67,7.67,7.51,7.58
20050204,600519.SH,39.39,39.85,39.0,39.66,39.35,0.30999999999999517,0.79,4008.38,15785.371,7.58,7.67,7.51,7.63
20050216,600519.SH,39.98,40.0,39.6,39.82,39.66,0.1600000000000037,0.4,4440.63,17660.778,7.7,7.7,7.62,7.67
20050217,600519.SH,39.95,39.95,38.8,39.02,39.82,-0.7999999999999972,-2.01,11591.68,45296.879,7.69,7.69,7.47,7.51
20050218,600519.SH,38.86,39.3,38.86,39.26,39.02,0.23999999999999488,0.62,9595.49,37550.338,7.48,7.57,7.48,7.56
20050221,600519.SH,39.28,40.5,39.27,40.3,39.26,1.0399999999999991,2.65,10629.98,42401.501,7.56,7.8,7.56,7.76
20050222,600519.SH,40.3,40.5,40.0,40.39,40.3,0.09000000000000341,0.22,5629.02,22687.067,7.76,7.8,7.7,7.78
20050223,600519.SH,40.48,41.5,40.16,41.42,40.39,1.0300000000000011,2.55,5647.06,23056.177,7.79,7.99,7.73,7.97
20050224,600519.SH,41.3,43.15,41.01,43.0,41.42,1.5799999999999983,3.81,9447.26,40046.102,7.95,8.31,7.89,8.28
20050225,600519.SH,43.25,43.25,42.53,42.98,43.0,-0.020000000000003126,-0.05,5990.53,25777.149,8.33,8.33,8.19,8.27
20050228,600519.SH,42.98,44.26,42.68,43.5,42.98,0.5200000000000031,1.21,4483.44,19453.353,8.27,8.52,8.22,8.37
20050301,600519.SH,43.9,43.9,42.8,43.47,43.5,-0.030000000000001137,-0.07,5506.09,23670.511,8.45,8.45,8.24,8.37
20050302,600519.SH,42.88,43.39,42.5,42.51,43.47,-0.9600000000000009,-2.21,11396.74,48820.913,8.25,8.35,8.18,8.18
20050303,600519.SH,42.28,42.98,42.2,42.78,42.51,0.2700000000000031,0.64,3429.85,14586.728,8.14,8.27,8.12,8.24
20050304,600519.SH,42.43,43.4,42.43,43.2,42.78,0.4200000000000017,0.98,4364.96,18804.824,8.17,8.35,8.17,8.32
20050307,600519.SH,43.25,45.0,43.25,44.65,43.2,1.4499999999999957,3.36,10222.84,45290.496,8.33,8.66,8.33,8.6
20050308,600519.SH,45.0,45.38,44.31,45.26,44.65,0.6099999999999994,1.37,6585.54,29575.338,8.66,8.74,8.53,8.71
20050309,600519.SH,45.6,46.78,45.3,46.08,45.26,0.8200000000000003,1.81,4713.03,21694.338,8.78,9.01,8.72,8.87
20050310,600519.SH,47.0,47.0,44.3,45.62,46.08,-0.46000000000000085,-1.0,4726.21,21498.741,9.05,9.05,8.53,8.78
20050311,600519.SH,45.6,46.78,44.7,46.38,45.62,0.7600000000000051,1.67,9362.31,42521.284,8.78,9.01,8.61,8.93
20050314,600519.SH,45.8,48.9,45.6,47.32,46.38,0.9399999999999977,2.03,10378.97,48987.452,8.82,9.41,8.78,9.11
20050315,600519.SH,47.3,47.55,46.6,46.88,47.32,-0.4399999999999977,-0.93,5783.03,27220.784,9.11,9.15,8.97,9.02
20050316,600519.SH,46.5,47.0,45.95,46.88,46.88,0.0,0.0,6829.64,31720.439,8.95,9.05,8.85,9.02
20050317,600519.SH,46.7,48.29,46.2,47.49,46.88,0.6099999999999994,1.3,5015.69,23726.912,8.99,9.3,8.89,9.14
20050318,600519.SH,47.49,47.6,46.5,47.14,47.49,-0.3500000000000014,-0.74,2405.49,11319.532,9.14,9.16,8.95,9.07
20050321,600519.SH,47.0,47.45,46.0,47.0,47.14,-0.14000000000000057,-0.3,2701.26,12692.125,9.05,9.13,8.86,9.05
20050322,600519.SH,47.0,49.38,46.8,48.78,47.0,1.7800000000000011,3.79,12259.2,59468.831,9.05,9.51,9.01,9.39
20050323,600519.SH,48.9,50.2,48.74,49.03,48.78,0.25,0.51,12551.23,62550.272,9.41,9.66,9.38,9.44
20050324,600519.SH,49.0,49.15,46.5,47.02,49.03,-2.009999999999998,-4.1,9162.67,43515.225,9.43,9.46,8.95,9.05
20050325,600519.SH,47.0,47.9,46.22,47.28,47.02,0.259999999999998,0.55,2329.46,10960.985,9.05,9.22,8.9,9.1
20050328,600519.SH,47.3,49.38,47.0,49.09,47.28,1.8100000000000023,3.83,2428.51,11802.982,9.11,9.51,9.05,9.45
20050329,600519.SH,49.09,49.9,48.0,48.11,49.09,-0.980000000000004,-2.0,2448.56,11989.719,9.45,9.61,9.24,9.26
20050330,600519.SH,48.0,48.0,47.1,47.37,48.11,-0.740000000000002,-1.54,2480.4,11744.62,9.24,9.24,9.07,9.12
20050331,600519.SH,47.02,48.2,46.8,48.11,47.37,0.740000000000002,1.56,1507.18,7129.716,9.05,9.28,9.01,9.26
20050401,600519.SH,48.08,50.1,48.0,48.97,48.11,0.8599999999999994,1.79,3410.85,16774.374,9.26,9.64,9.24,9.43
20050404,600519.SH,48.97,50.09,48.45,49.94,48.97,0.9699999999999989,1.98,5427.51,26985.512,9.43,9.64,9.33,9.61
20050405,600519.SH,50.2,50.99,49.7,49.95,49.94,0.010000000000005116,0.02,4902.33,24660.016,9.66,9.82,9.57,9.62
20050406,600519.SH,50.17,51.29,49.59,51.16,49.95,1.2099999999999937,2.42,5674.88,28795.816,9.66,9.87,9.55,9.85
20050407,600519.SH,51.2,52.49,50.0,50.08,51.16,-1.0799999999999983,-2.11,12437.52,64340.829,9.86,10.1,9.63,9.64
20050408,600519.SH,50.08,50.08,48.31,49.9,50.08,-0.17999999999999972,-0.36,4505.13,22165.004,9.64,9.64,9.3,9.61
20050411,600519.SH,49.8,49.8,47.7,48.2,49.9,-1.6999999999999957,-3.41,9126.19,44306.742,9.59,9.59,9.18,9.28
20050412,600519.SH,48.22,48.3,47.35,47.57,48.2,-0.6300000000000026,-1.31,1994.91,9516.181,9.28,9.3,9.12,9.16
20050413,600519.SH,48.3,49.39,48.0,48.89,47.57,1.3200000000000003,2.77,8689.12,42332.154,9.3,9.51,9.24,9.41
20050414,600519.SH,48.9,49.18,48.1,48.99,48.89,0.10000000000000142,0.2,1914.6,9295.179,9.41,9.47,9.26,9.43
20050415,600519.SH,49.5,49.5,48.5,48.8,48.99,-0.19000000000000483,-0.39,1635.59,7963.442,9.53,9.53,9.34,9.39
20050418,600519.SH,48.68,48.7,47.52,47.56,48.8,-1.2399999999999949,-2.54,2957.45,14168.64,9.37,9.38,9.15,9.16
20050419,600519.SH,47.5,47.78,46.4,46.5,47.56,-1.0600000000000023,-2.23,7807.95,36608.85,9.14,9.2,8.93,8.95
20050420,600519.SH,46.48,46.99,46.32,46.84,46.5,0.3400000000000034,0.73,5357.62,24960.623,8.95,9.05,8.92,9.02
20050421,600519.SH,46.6,48.5,46.5,48.27,46.84,1.4299999999999997,3.05,2808.96,13403.617,8.97,9.34,8.95,9.29
20050422,600519.SH,48.33,48.74,47.9,48.12,48.27,-0.15000000000000568,-0.31,3520.43,16950.065,9.3,9.38,9.22,9.26
20050425,600519.SH,49.1,52.5,48.61,52.0,48.12,3.8800000000000026,8.06,12704.37,65092.003,9.45,10.11,9.36,10.01
20050426,600519.SH,51.99,53.53,51.8,52.27,52.0,0.2700000000000031,0.52,13609.23,71600.714,10.01,10.3,9.97,10.06
20050427,600519.SH,51.88,53.12,51.81,52.82,52.27,0.5499999999999972,1.05,7472.7,39437.614,9.99,10.23,9.97,10.17
20050428,600519.SH,52.82,53.5,52.23,53.0,52.82,0.17999999999999972,0.34,8521.21,45118.705,10.17,10.3,10.05,10.2
20050429,600519.SH,52.3,53.15,52.01,53.0,53.0,0.0,0.0,6825.03,35950.86,10.07,10.23,10.01,10.2
20050509,600519.SH,52.5,52.95,51.31,51.52,53.0,-1.4799999999999969,-2.79,7655.75,39655.697,10.11,10.19,9.88,9.92
20050510,600519.SH,51.0,51.3,49.8,50.66,51.52,-0.8600000000000065,-1.67,6446.94,32384.041,9.82,9.88,9.59,9.75
20050511,600519.SH,50.7,50.7,49.2,49.35,50.66,-1.3099999999999952,-2.59,6784.91,33782.884,9.76,9.76,9.47,9.5
20050512,600519.SH,48.5,50.47,48.05,48.9,49.35,-0.45000000000000284,-0.91,14250.51,69749.251,9.34,9.72,9.25,9.41
20050513,600519.SH,48.51,49.89,47.99,48.72,48.9,-0.17999999999999972,-0.37,15076.69,73784.829,9.34,9.6,9.24,9.38
20050516,600519.SH,48.48,49.3,48.18,48.9,48.72,0.17999999999999972,0.37,2596.41,12703.148,9.33,9.49,9.28,9.41
20050517,600519.SH,49.0,50.1,48.9,49.65,48.9,0.75,1.53,7724.52,38326.325,9.43,9.64,9.41,9.56
20050518,600519.SH,49.89,49.9,46.52,48.0,49.65,-1.6499999999999986,-3.32,9678.09,46208.05,9.6,9.61,8.96,9.24
20050519,600519.SH,48.0,49.65,47.05,49.17,48.0,1.1700000000000017,2.44,5123.32,25028.891,9.24,9.56,9.06,9.47
20050520,600519.SH,49.01,50.14,49.01,49.15,49.17,-0.020000000000003126,-0.04,5845.02,29146.429,9.43,9.65,9.43,9.46
20050523,600519.SH,49.01,49.89,48.0,48.39,49.15,-0.759999999999998,-1.55,2614.57,12730.239,9.43,9.6,9.24,9.32
20050524,600519.SH,48.39,48.65,48.06,48.16,48.39,-0.23000000000000398,-0.48,1379.17,6674.005,9.32,9.37,9.25,9.27
20050525,600519.SH,48.06,48.1,47.6,47.8,48.16,-0.35999999999999943,-0.75,3208.33,15348.058,9.25,9.26,9.16,9.2
20050526,600519.SH,47.9,48.01,45.8,46.05,47.8,-1.75,-3.66,10634.27,49432.691,9.22,9.24,8.82,8.86
20050527,600519.SH,45.5,45.9,44.15,44.8,46.05,-1.25,-2.71,15949.79,71377.627,8.76,8.84,8.5,8.62
20050530,600519.SH,44.0,45.2,43.31,44.7,44.8,-0.09999999999999432,-0.22,9034.73,40352.669,8.47,8.7,8.34,8.61
20050531,600519.SH,44.65,45.2,44.28,44.57,44.7,-0.13000000000000256,-0.29,11879.76,53080.356,8.6,8.7,8.52,8.58
20050601,600519.SH,44.6,45.0,43.55,44.7,44.57,0.13000000000000256,0.29,8658.43,38201.051,8.59,8.66,8.38,8.61
20050602,600519.SH,44.5,44.5,40.5,41.1,44.7,-3.6000000000000014,-8.05,25297.74,105700.729,8.57,8.57,7.8,7.91
20050603,600519.SH,40.5,42.5,39.62,42.19,41.1,1.0899999999999963,2.65,7146.69,29143.703,7.8,8.18,7.63,8.12
20050606,600519.SH,41.83,44.8,41.33,44.64,42.19,2.450000000000003,5.81,4213.56,18349.446,8.05,8.62,7.96,8.59
20050607,600519.SH,44.95,46.2,44.66,45.24,44.64,0.6000000000000014,1.34,5989.46,27080.944,8.65,8.89,8.6,8.71
20050608,600519.SH,44.8,49.74,44.8,49.41,45.24,4.169999999999995,9.22,11039.1,52789.496,8.62,9.58,8.62,9.51
20050609,600519.SH,49.3,50.18,48.0,48.33,49.41,-1.0799999999999983,-2.19,7770.0,38204.045,9.49,9.66,9.24,9.3
20050610,600519.SH,48.12,48.87,46.6,47.02,48.33,-1.3099999999999952,-2.71,4165.09,19681.14,9.26,9.41,8.97,9.05
20050613,600519.SH,47.15,48.0,46.55,47.23,47.02,0.20999999999999375,0.45,7069.73,33389.071,9.08,9.24,8.96,9.09
20050614,600519.SH,47.0,48.47,47.0,47.67,47.23,0.44000000000000483,0.93,7271.49,34530.651,9.05,9.33,9.05,9.18
20050615,600519.SH,47.11,48.0,47.1,47.63,47.67,-0.03999999999999915,-0.08,1596.77,7599.37,9.07,9.24,9.07,9.17
20050616,600519.SH,47.7,48.51,47.5,48.49,47.63,0.8599999999999994,1.81,5931.53,28452.404,9.18,9.34,9.14,9.33
20050617,600519.SH,48.5,49.0,47.62,48.5,48.49,0.00999999999999801,0.02,3262.99,15703.945,9.34,9.43,9.17,9.34
20050620,600519.SH,49.0,53.1,48.5,51.8,48.5,3.299999999999997,6.8,12368.89,62906.075,9.43,10.22,9.34,9.97
20050621,600519.SH,51.49,51.99,50.56,50.82,51.8,-0.9799999999999969,-1.89,2597.92,13347.957,9.91,10.01,9.73,9.78
20050622,600519.SH,50.8,52.5,50.79,52.31,50.82,1.490000000000002,2.93,6121.74,31728.393,9.78,10.11,9.78,10.07
20050623,600519.SH,52.28,52.57,51.69,52.09,52.31,-0.21999999999999886,-0.42,5276.45,27503.937,10.06,10.12,9.95,10.03
20050624,600519.SH,51.66,52.6,49.1,52.51,52.09,0.4199999999999946,0.81,6150.49,31786.457,9.94,10.13,9.45,10.11
20050627,600519.SH,52.8,54.94,52.4,54.85,52.51,2.3400000000000034,4.46,10824.23,58344.425,10.16,10.58,10.09,10.56
20050628,600519.SH,54.0,54.49,53.02,53.4,54.85,-1.4500000000000028,-2.64,3766.36,20129.464,10.4,10.49,10.21,10.28
20050630,600519.SH,53.0,54.35,53.0,53.65,53.4,0.25,0.47,12778.17,68740.725,10.2,10.46,10.2,10.33
20050701,600519.SH,54.99,54.99,51.21,52.36,53.65,-1.2899999999999991,-2.4,6104.31,32182.036,10.59,10.59,9.86,10.08
20050704,600519.SH,52.0,52.8,51.52,52.29,52.36,-0.07000000000000028,-0.13,3018.51,15730.157,10.01,10.16,9.92,10.07
20050705,600519.SH,52.0,52.0,51.56,51.97,52.29,-0.3200000000000003,-0.61,2248.38,11662.288,10.01,10.01,9.93,10.0
20050706,600519.SH,51.75,52.0,50.0,50.31,51.97,-1.6599999999999966,-3.19,6316.76,32226.601,9.96,10.01,9.63,9.69
20050707,600519.SH,50.0,50.96,49.66,50.51,50.31,0.19999999999999574,0.4,5785.32,29052.55,9.63,9.81,9.56,9.72
20050708,600519.SH,50.16,52.2,50.16,51.9,50.51,1.3900000000000006,2.75,6930.76,35940.472,9.66,10.05,9.66,9.99
20050711,600519.SH,52.0,53.1,51.76,51.96,51.9,0.060000000000002274,0.12,6562.77,34538.17,10.01,10.22,9.96,10.0
20050712,600519.SH,51.87,53.7,51.24,53.5,51.96,1.5399999999999991,2.96,5712.43,30210.107,9.99,10.34,9.86,10.3
20050713,600519.SH,53.39,53.48,50.5,52.5,53.5,-1.0,-1.87,3857.96,19981.575,10.28,10.3,9.72,10.11
20050714,600519.SH,52.0,52.98,51.97,52.9,52.5,0.3999999999999986,0.76,2012.66,10624.551,10.01,10.2,10.0,10.18
20050715,600519.SH,52.51,53.28,52.51,52.99,52.9,0.09000000000000341,0.17,1002.9,5300.561,10.11,10.26,10.11,10.2
20050718,600519.SH,52.95,53.2,52.56,52.7,52.99,-0.28999999999999915,-0.55,1564.07,8258.01,10.19,10.24,10.12,10.15
20050719,600519.SH,52.68,53.37,52.6,52.95,52.7,0.25,0.47,1325.4,7015.76,10.14,10.27,10.13,10.19
20050720,600519.SH,52.94,52.97,51.92,52.11,52.95,-0.8400000000000034,-1.59,3012.29,15767.931,10.19,10.2,10.0,10.03
20050721,600519.SH,52.11,52.56,51.3,51.98,52.11,-0.13000000000000256,-0.25,2536.82,13127.981,10.03,10.12,9.88,10.01
20050722,600519.SH,52.0,52.87,51.58,52.07,51.98,0.09000000000000341,0.17,6095.96,31708.848,10.01,10.18,9.93,10.02
20050725,600519.SH,52.01,52.28,51.08,51.36,52.07,-0.7100000000000009,-1.36,6961.89,35971.529,10.01,10.06,9.83,9.89
20050726,600519.SH,51.0,52.08,51.0,51.79,51.36,0.4299999999999997,0.84,8008.24,41433.496,9.82,10.03,9.82,9.97
20050727,600519.SH,52.28,53.2,52.0,52.87,51.79,1.0799999999999983,2.09,5369.82,28350.004,10.06,10.24,10.01,10.18
20050728,600519.SH,52.88,53.48,52.53,53.3,52.87,0.4299999999999997,0.81,8592.52,45732.284,10.18,10.3,10.11,10.26
20050729,600519.SH,53.02,53.5,53.0,53.16,53.3,-0.14000000000000057,-0.26,2425.18,12951.117,10.21,10.3,10.2,10.23
20050801,600519.SH,53.24,53.8,53.0,53.58,53.16,0.4200000000000017,0.79,3840.3,20465.514,10.25,10.36,10.2,10.31
20050802,600519.SH,53.53,53.7,52.75,53.38,53.58,-0.19999999999999574,-0.37,4262.87,22676.468,10.3,10.34,10.15,10.28
20050803,600519.SH,53.2,53.7,53.0,53.59,53.38,0.21000000000000085,0.39,8184.21,43619.808,10.24,10.34,10.2,10.32
20050804,600519.SH,53.69,55.8,53.69,55.51,53.59,1.9199999999999946,3.58,10560.44,58044.426,10.34,10.74,10.34,10.69
20050805,600519.SH,46.66,47.46,46.0,46.65,55.51,-8.86,-15.96,6365.16,29678.263,10.88,11.06,10.72,10.87
20050808,600519.SH,46.7,46.98,44.8,46.11,46.65,-0.5399999999999991,-1.16,8545.55,39434.837,10.89,10.95,10.44,10.75
20050809,600519.SH,46.0,46.0,45.11,45.44,46.11,-0.6700000000000017,-1.45,5841.98,26540.331,10.72,10.72,10.52,10.59
20050810,600519.SH,45.12,46.5,45.12,46.17,45.44,0.730000000000004,1.61,5800.27,26665.195,10.52,10.84,10.52,10.76
20050811,600519.SH,46.01,47.4,46.01,47.37,46.17,1.1999999999999957,2.6,13593.6,63589.532,10.73,11.05,10.73,11.04
20050812,600519.SH,47.37,47.4,46.37,47.02,47.37,-0.3499999999999943,-0.74,4715.45,22081.209,11.04,11.05,10.81,10.96
20050815,600519.SH,46.89,48.59,46.0,47.99,47.02,0.9699999999999989,2.06,7020.4,32711.316,10.93,11.33,10.72,11.19
20050816,600519.SH,47.99,47.99,46.94,47.48,47.99,-0.5100000000000051,-1.06,5751.51,27203.993,11.19,11.19,10.94,11.07
20050817,600519.SH,49.69,52.23,46.5,48.82,47.48,1.3400000000000034,2.82,12506.74,60400.828,11.58,12.18,10.84,11.38
20050818,600519.SH,49.5,49.8,47.0,47.09,48.82,-1.7299999999999969,-3.54,10989.09,52638.476,11.54,11.61,10.96,10.98
20050819,600519.SH,46.88,47.44,46.68,47.09,47.09,0.0,0.0,4972.71,23314.587,10.93,11.06,10.88,10.98
20050822,600519.SH,46.98,47.81,46.5,47.5,47.09,0.4099999999999966,0.87,6929.87,32877.617,10.95,11.15,10.84,11.07
20050823,600519.SH,47.2,48.06,47.2,48.01,47.5,0.509999999999998,1.07,4786.0,22825.313,11.0,11.2,11.0,11.19
20050824,600519.SH,48.0,48.2,47.56,47.95,48.01,-0.05999999999999517,-0.12,3214.12,15394.347,11.19,11.24,11.09,11.18
20050825,600519.SH,47.96,48.08,47.6,47.95,47.95,0.0,0.0,3540.08,16937.359,11.18,11.21,11.1,11.18
20050826,600519.SH,47.71,48.75,47.71,48.42,47.95,0.46999999999999886,0.98,4582.41,22162.003,11.12,11.36,11.12,11.29
20050829,600519.SH,48.5,48.88,48.4,48.69,48.42,0.269999999999996,0.56,5128.3,24984.384,11.31,11.39,11.28,11.35
20050830,600519.SH,48.6,48.85,48.1,48.38,48.69,-0.30999999999999517,-0.64,2453.26,11883.761,11.33,11.39,11.21,11.28
20050831,600519.SH,48.1,48.98,48.01,48.86,48.38,0.4799999999999969,0.99,2394.34,11660.189,11.21,11.42,11.19,11.39
20050901,600519.SH,48.76,50.32,48.76,50.0,48.86,1.1400000000000006,2.33,5487.26,27342.423,11.37,11.73,11.37,11.66
20050902,600519.SH,49.8,51.15,49.8,50.56,50.0,0.5600000000000023,1.12,4998.16,25226.079,11.61,11.92,11.61,11.79
20050905,600519.SH,50.5,51.58,50.5,50.95,50.56,0.39000000000000057,0.77,3910.58,19986.278,11.77,12.02,11.77,11.88
20050906,600519.SH,50.96,51.29,50.0,50.1,50.95,-0.8500000000000014,-1.67,3194.83,16132.458,11.88,11.96,11.66,11.68
20050907,600519.SH,50.09,50.66,50.01,50.54,50.1,0.4399999999999977,0.88,5186.27,26062.481,11.68,11.81,11.66,11.78
20050908,600519.SH,50.54,50.54,49.71,50.03,50.54,-0.509999999999998,-1.01,6307.52,31589.421,11.78,11.78,11.59,11.66
20050909,600519.SH,50.03,50.05,49.0,49.8,50.03,-0.23000000000000398,-0.46,4254.47,21034.934,11.66,11.67,11.42,11.61
20050912,600519.SH,49.8,49.8,48.83,49.61,49.8,-0.18999999999999773,-0.38,1595.47,7856.513,11.61,11.61,11.38,11.56
20050913,600519.SH,49.3,50.8,49.3,50.79,49.61,1.1799999999999997,2.38,4901.15,24688.592,11.49,11.84,11.49,11.84
20050914,600519.SH,50.7,51.2,50.1,50.86,50.79,0.07000000000000028,0.14,3299.47,16772.02,11.82,11.94,11.68,11.86
20050915,600519.SH,50.76,51.34,50.36,50.74,50.86,-0.11999999999999744,-0.24,1740.66,8846.89,11.83,11.97,11.74,11.83
20050916,600519.SH,50.63,51.18,50.63,50.97,50.74,0.22999999999999687,0.45,3217.33,16398.35,11.8,11.93,11.8,11.88
20050919,600519.SH,50.6,51.38,50.38,50.48,50.97,-0.490000000000002,-0.96,2040.25,10355.074,11.8,11.98,11.74,11.77
20050920,600519.SH,50.55,50.55,50.2,50.46,50.48,-0.01999999999999602,-0.04,1795.22,9041.752,11.78,11.78,11.7,11.76
20050921,600519.SH,50.08,50.6,49.49,49.69,50.46,-0.7700000000000031,-1.53,2949.27,14686.809,11.67,11.8,11.54,11.58
20050922,600519.SH,49.38,49.98,48.18,49.05,49.69,-0.6400000000000006,-1.29,3358.26,16372.929,11.51,11.65,11.23,11.43
20050923,600519.SH,48.89,49.49,48.35,48.92,49.05,-0.12999999999999545,-0.27,3064.46,15048.364,11.4,11.54,11.27,11.4
20050926,600519.SH,48.95,49.35,48.5,48.58,48.92,-0.3400000000000034,-0.7,1766.6,8657.47,11.41,11.5,11.31,11.32
20050927,600519.SH,48.55,48.75,48.15,48.25,48.58,-0.3299999999999983,-0.68,1709.21,8278.85,11.32,11.36,11.22,11.25
20050928,600519.SH,48.02,48.99,48.02,48.77,48.25,0.5200000000000031,1.08,2336.95,11331.85,11.19,11.42,11.19,11.37
20050929,600519.SH,48.95,49.8,48.81,49.7,48.77,0.9299999999999997,1.91,2084.96,10308.512,11.41,11.61,11.38,11.59
20050930,600519.SH,49.7,49.7,48.5,49.46,49.7,-0.240000000000002,-0.48,3324.15,16352.331,11.59,11.59,11.31,11.53
20051010,600519.SH,49.08,49.7,48.6,48.64,49.46,-0.8200000000000003,-1.66,2647.95,12946.8,11.44,11.59,11.33,11.34
20051011,600519.SH,48.5,48.96,48.22,48.84,48.64,0.20000000000000284,0.41,1359.09,6622.928,11.31,11.41,11.24,11.39
20051012,600519.SH,49.0,49.0,47.42,47.51,48.84,-1.3300000000000054,-2.72,8327.95,39835.259,11.42,11.42,11.05,11.08
20051013,600519.SH,47.55,47.91,46.72,47.09,47.51,-0.4199999999999946,-0.88,10907.53,51553.349,11.08,11.17,10.89,10.98
20051014,600519.SH,46.98,47.45,45.3,45.54,47.09,-1.5500000000000043,-3.29,4942.58,22786.107,10.95,11.06,10.56,10.62
20051017,600519.SH,45.15,46.5,44.89,45.71,45.54,0.1700000000000017,0.37,9468.38,43391.916,10.53,10.84,10.46,10.66
20051018,600519.SH,45.7,46.9,45.7,46.9,45.71,1.1899999999999977,2.6,9642.18,44960.711,10.65,10.93,10.65,10.93
20051019,600519.SH,47.09,47.45,46.47,46.9,46.9,0.0,0.0,7924.51,37063.755,10.98,11.06,10.83,10.93
20051020,600519.SH,46.72,47.1,46.05,46.23,46.9,-0.6700000000000017,-1.43,5721.62,26662.088,10.89,10.98,10.74,10.78
20051021,600519.SH,46.1,46.45,46.0,46.3,46.23,0.07000000000000028,0.15,3395.38,15694.623,10.75,10.83,10.72,10.79
20051024,600519.SH,46.2,47.15,46.2,47.05,46.3,0.75,1.62,4444.67,20771.238,10.77,10.99,10.77,10.97
20051025,600519.SH,47.33,47.8,47.3,47.64,47.05,0.5900000000000034,1.25,11594.86,55177.336,11.03,11.14,11.03,11.11
20051026,600519.SH,47.62,47.74,47.3,47.58,47.64,-0.060000000000002274,-0.13,9635.79,45847.901,11.1,11.13,11.03,11.09
20051027,600519.SH,47.54,47.54,46.55,46.97,47.58,-0.6099999999999994,-1.28,9748.15,45785.21,11.08,11.08,10.85,10.95
20051028,600519.SH,46.98,48.1,46.98,47.56,46.97,0.5900000000000034,1.26,6982.31,33237.651,10.95,11.21,10.95,11.09
20051031,600519.SH,47.49,48.8,47.11,48.19,47.56,0.6299999999999955,1.32,6685.72,32099.219,11.07,11.38,10.98,11.23
20051101,600519.SH,48.39,48.55,47.82,48.3,48.19,0.10999999999999943,0.23,8542.88,41028.115,11.28,11.32,11.15,11.26
20051102,600519.SH,48.0,48.55,47.58,48.16,48.3,-0.14000000000000057,-0.29,2766.09,13366.082,11.19,11.32,11.09,11.23
20051103,600519.SH,48.39,48.45,47.2,47.21,48.16,-0.9499999999999957,-1.97,2539.7,12120.721,11.28,11.29,11.0,11.01
20051104,600519.SH,47.22,47.6,46.39,47.25,47.21,0.03999999999999915,0.08,4895.62,22899.009,11.01,11.1,10.81,11.01
20051107,600519.SH,46.51,47.0,46.4,46.93,47.25,-0.3200000000000003,-0.68,2475.17,11545.343,10.84,10.96,10.82,10.94
20051108,600519.SH,46.92,47.03,46.86,46.93,46.93,0.0,0.0,6077.3,28543.068,10.94,10.96,10.92,10.94
20051109,600519.SH,47.18,47.5,46.51,46.72,46.93,-0.21000000000000085,-0.45,6020.73,28203.162,11.0,11.07,10.84,10.89
20051110,600519.SH,46.9,46.9,46.16,46.63,46.72,-0.0899999999999963,-0.19,3950.13,18352.311,10.93,10.93,10.76,10.87
20051111,600519.SH,46.22,46.64,45.99,46.38,46.63,-0.25,-0.54,2926.91,13501.333,10.77,10.87,10.72,10.81
20051114,600519.SH,46.06,46.3,45.55,45.6,46.38,-0.7800000000000011,-1.68,2162.89,9877.96,10.74,10.79,10.62,10.63
20051115,600519.SH,45.75,45.88,45.4,45.4,45.6,-0.20000000000000284,-0.44,7767.6,35512.394,10.67,10.7,10.58,10.58
20051116,600519.SH,45.38,45.96,45.0,45.89,45.4,0.490000000000002,1.08,7248.56,33007.959,10.58,10.71,10.49,10.7
20051117,600519.SH,45.8,45.86,43.19,44.96,45.89,-0.9299999999999997,-2.03,11008.02,49497.15,10.68,10.69,10.07,10.48
20051118,600519.SH,45.0,45.8,44.01,45.3,44.96,0.3399999999999963,0.76,6941.23,31397.165,10.49,10.68,10.26,10.56
20051121,600519.SH,45.0,45.75,44.8,45.65,45.3,0.3500000000000014,0.77,4575.17,20639.36,10.49,10.67,10.44,10.64
20051122,600519.SH,45.45,46.58,44.5,46.14,45.65,0.490000000000002,1.07,3538.81,16131.067,10.6,10.86,10.37,10.76
20051123,600519.SH,45.72,46.4,45.6,46.26,46.14,0.11999999999999744,0.26,1371.41,6306.488,10.66,10.82,10.63,10.78
20051124,600519.SH,46.0,46.0,45.0,45.37,46.26,-0.8900000000000006,-1.92,10882.95,49193.081,10.72,10.72,10.49,10.58
20051125,600519.SH,45.1,45.6,44.88,45.53,45.37,0.1600000000000037,0.35,3913.87,17618.489,10.51,10.63,10.46,10.61
20051128,600519.SH,45.47,45.68,44.5,45.46,45.53,-0.07000000000000028,-0.15,1523.78,6903.246,10.6,10.65,10.37,10.6
20051129,600519.SH,45.45,45.68,43.0,44.39,45.46,-1.0700000000000003,-2.35,2488.8,11117.104,10.6,10.65,10.02,10.35
20051130,600519.SH,44.0,44.16,42.9,43.74,44.39,-0.6499999999999986,-1.46,6508.2,28172.021,10.26,10.29,10.0,10.2
20051201,600519.SH,43.49,43.85,43.21,43.3,43.74,-0.44000000000000483,-1.01,5354.24,23266.367,10.14,10.22,10.07,10.09
20051202,600519.SH,43.3,44.8,43.3,44.52,43.3,1.220000000000006,2.82,9633.83,42441.653,10.09,10.44,10.09,10.38
20051205,600519.SH,44.52,44.65,43.64,44.17,44.52,-0.3500000000000014,-0.79,2757.43,12151.492,10.38,10.41,10.17,10.3
20051206,600519.SH,43.7,44.13,43.5,43.76,44.17,-0.4100000000000037,-0.93,14916.67,65529.318,10.19,10.29,10.14,10.2
20051207,600519.SH,43.5,44.13,43.5,43.74,43.76,-0.01999999999999602,-0.05,4309.98,18878.496,10.14,10.29,10.14,10.2
20051208,600519.SH,43.54,44.0,43.53,43.6,43.74,-0.14000000000000057,-0.32,3657.78,16002.582,10.15,10.26,10.15,10.16
20051209,600519.SH,43.7,43.7,42.8,42.88,43.6,-0.7199999999999989,-1.65,15462.06,66478.204,10.19,10.19,9.98,10.0
20051212,600519.SH,42.8,42.8,41.65,41.66,42.88,-1.220000000000006,-2.85,15102.2,63383.458,9.98,9.98,9.71,9.71
20051213,600519.SH,41.7,41.95,40.5,41.37,41.66,-0.28999999999999915,-0.7,20414.41,83729.902,9.72,9.78,9.44,9.64
20051214,600519.SH,41.05,42.8,41.03,42.48,41.37,1.1099999999999994,2.68,17975.93,75326.82,9.57,9.98,9.56,9.9
20051215,600519.SH,42.53,42.9,42.01,42.86,42.48,0.38000000000000256,0.89,5934.65,25306.079,9.91,10.0,9.79,9.99
20051216,600519.SH,42.8,43.66,42.5,43.47,42.86,0.6099999999999994,1.42,6670.61,28659.038,9.98,10.18,9.91,10.13
20051219,600519.SH,43.5,44.08,43.25,43.85,43.47,0.38000000000000256,0.87,4702.67,20587.488,10.14,10.28,10.08,10.22
20051220,600519.SH,44.04,44.05,43.0,43.38,43.85,-0.46999999999999886,-1.07,4540.42,19679.338,10.27,10.27,10.02,10.11
20051221,600519.SH,43.1,43.6,42.72,42.96,43.38,-0.4200000000000017,-0.97,4959.17,21349.222,10.05,10.16,9.96,10.01
20051222,600519.SH,42.66,43.6,42.51,43.23,42.96,0.269999999999996,0.63,3340.67,14361.625,9.94,10.16,9.91,10.08
20051223,600519.SH,42.91,44.2,42.9,44.08,43.23,0.8500000000000014,1.97,6291.83,27434.932,10.0,10.3,10.0,10.28
20051226,600519.SH,44.2,44.5,43.8,44.21,44.08,0.13000000000000256,0.29,6992.35,30863.111,10.3,10.37,10.21,10.31
20051227,600519.SH,44.3,44.99,44.13,44.92,44.21,0.7100000000000009,1.61,7290.17,32574.56,10.33,10.49,10.29,10.47
20051228,600519.SH,44.99,45.5,44.76,45.47,44.92,0.5499999999999972,1.22,6250.35,28274.416,10.49,10.61,10.43,10.6
20051229,600519.SH,45.5,46.8,45.5,46.77,45.47,1.3000000000000043,2.86,15674.35,72783.428,10.61,10.91,10.61,10.9
20051230,600519.SH,46.5,46.52,44.9,45.62,46.77,-1.1500000000000057,-2.46,36647.56,167469.295,10.84,10.84,10.47,10.63
20060104,600519.SH,45.4,45.4,44.11,44.28,45.62,-1.3399999999999963,-2.94,35507.13,157456.208,10.58,10.58,10.28,10.32
20060105,600519.SH,44.2,45.3,44.12,44.76,44.28,0.4799999999999969,1.08,16992.3,75918.198,10.3,10.56,10.29,10.43
20060106,600519.SH,44.8,45.45,44.35,45.23,44.76,0.46999999999999886,1.05,17162.3,77233.333,10.44,10.6,10.34,10.54
20060109,600519.SH,45.35,47.3,45.3,46.79,45.23,1.5600000000000023,3.45,20770.8,96726.018,10.57,11.03,10.56,10.91
20060110,600519.SH,47.0,47.58,46.53,46.97,46.79,0.17999999999999972,0.38,17456.82,82153.545,10.96,11.09,10.85,10.95
20060111,600519.SH,46.95,47.6,46.51,46.56,46.97,-0.4099999999999966,-0.87,8315.15,39227.536,10.94,11.1,10.84,10.85
20060112,600519.SH,46.4,47.06,46.1,47.0,46.56,0.4399999999999977,0.95,9989.72,46568.064,10.82,10.97,10.75,10.96
20060113,600519.SH,47.0,48.3,46.5,47.48,47.0,0.4799999999999969,1.02,9936.88,47330.433,10.96,11.26,10.84,11.07
20060116,600519.SH,47.78,47.9,46.51,46.55,47.48,-0.9299999999999997,-1.96,7730.84,36255.138,11.14,11.17,10.84,10.85
20060117,600519.SH,46.0,46.62,45.8,46.05,46.55,-0.5,-1.07,13824.7,63618.353,10.72,10.87,10.68,10.74
20060118,600519.SH,46.0,46.96,46.0,46.16,46.05,0.10999999999999943,0.24,9706.85,45114.697,10.72,10.95,10.72,10.76
20060119,600519.SH,46.78,46.8,45.77,46.08,46.16,-0.0799999999999983,-0.17,7283.03,33651.491,10.91,10.91,10.67,10.74
20060120,600519.SH,46.1,46.35,45.36,45.98,46.08,-0.10000000000000142,-0.22,14216.37,65092.507,10.75,10.8,10.57,10.72
20060123,600519.SH,46.0,46.0,44.9,45.0,45.98,-0.9799999999999969,-2.13,13286.42,59899.023,10.72,10.72,10.47,10.49
20060124,600519.SH,45.01,46.28,45.0,45.51,45.0,0.509999999999998,1.13,11452.89,52535.743,10.49,10.79,10.49,10.61
20060125,600519.SH,45.62,47.5,45.32,47.24,45.51,1.730000000000004,3.8,15730.73,73251.753,10.63,11.07,10.56,11.01
20060206,600519.SH,47.55,47.7,46.5,47.4,47.24,0.1599999999999966,0.34,15691.41,74143.388,11.08,11.12,10.84,11.05
20060207,600519.SH,47.4,50.01,47.15,50.0,47.4,2.6000000000000014,5.49,28665.81,140985.315,11.05,11.66,10.99,11.66
20060208,600519.SH,49.67,50.09,48.88,49.84,50.0,-0.1599999999999966,-0.32,22264.37,110727.36,11.58,11.68,11.39,11.62
20060209,600519.SH,49.75,50.0,48.3,48.48,49.84,-1.3600000000000065,-2.73,7770.3,38004.186,11.6,11.66,11.26,11.3
20060210,600519.SH,48.4,53.0,48.08,52.53,48.48,4.050000000000004,8.35,31873.95,160573.342,11.28,12.36,11.21,12.25
20060213,600519.SH,57.78,57.78,57.78,57.78,52.53,5.25,9.99,16966.0,98029.548,13.47,13.47,13.47,13.47
20060215,600519.SH,59.5,59.5,56.8,58.09,57.78,0.3100000000000023,0.54,28996.55,168845.65,13.87,13.87,13.24,13.54
20060216,600519.SH,57.65,59.99,57.3,58.67,58.09,0.5799999999999983,1.0,18977.5,110783.125,13.44,13.98,13.36,13.68
20060217,600519.SH,58.66,58.88,58.12,58.26,58.67,-0.4100000000000037,-0.7,8907.82,51929.488,13.67,13.73,13.55,13.58
20060220,600519.SH,57.78,58.1,56.18,57.39,58.26,-0.8699999999999974,-1.49,10843.98,62004.351,13.47,13.54,13.1,13.38
20060221,600519.SH,56.88,58.55,56.88,58.54,57.39,1.1499999999999986,2.0,10239.0,59431.946,13.26,13.65,13.26,13.65
20060222,600519.SH,58.35,59.0,58.0,58.7,58.54,0.1600000000000037,0.27,10335.1,60384.853,13.6,13.75,13.52,13.68
20060223,600519.SH,58.71,62.5,58.29,62.27,58.7,3.5700000000000003,6.08,11730.27,69601.18,13.69,14.57,13.59,14.52
20060417,600519.SH,68.5,68.5,68.5,68.5,62.27,6.229999999999997,10.0,238.1,1630.985,15.97,15.97,15.97,15.97
20060418,600519.SH,75.35,75.35,75.35,75.35,68.5,6.849999999999994,10.0,324.44,2444.655,17.57,17.57,17.57,17.57
20060419,600519.SH,82.89,82.89,82.08,82.89,75.35,7.540000000000006,10.01,43967.51,364421.942,19.32,19.32,19.13,19.32
20060420,600519.SH,89.98,89.98,80.05,84.03,82.89,1.1400000000000006,1.38,55615.01,475176.332,20.98,20.98,18.66,19.59
20060421,600519.SH,83.77,90.5,83.01,88.93,84.03,4.900000000000006,5.83,31886.09,278281.209,19.53,21.1,19.35,20.73
20060424,600519.SH,89.5,91.79,87.3,89.13,88.93,0.19999999999998863,0.22,36248.98,322955.394,20.86,21.4,20.35,20.78
20060425,600519.SH,89.0,93.2,87.61,91.41,89.13,2.280000000000001,2.56,39704.65,357994.221,20.75,21.73,20.42,21.31
20060525,600519.SH,45.0,47.0,38.1,39.59,91.41,-51.81999999999999,-56.69,198116.97,811908.674,24.04,25.11,20.36,21.15
20060526,600519.SH,39.49,40.02,37.68,39.99,39.59,0.3999999999999986,1.01,91801.96,360661.885,21.1,21.38,20.13,21.37
20060529,600519.SH,40.0,43.99,40.0,43.99,39.99,4.0,10.0,80683.62,345986.865,21.37,23.5,21.37,23.5
20060530,600519.SH,47.1,48.39,45.61,48.39,43.99,4.399999999999999,10.0,138758.54,664776.55,25.17,25.86,24.37,25.86
20060531,600519.SH,48.45,51.9,46.88,48.02,48.39,-0.36999999999999744,-0.76,151731.03,747411.522,25.89,27.73,25.05,25.66
20060601,600519.SH,48.02,50.1,46.98,49.5,48.02,1.4799999999999969,3.08,90331.67,438913.211,25.66,26.77,25.1,26.45
20060602,600519.SH,49.5,49.5,46.6,47.11,49.5,-2.3900000000000006,-4.83,73104.73,348052.311,26.45,26.45,24.9,25.17
20060605,600519.SH,46.6,46.6,43.8,44.87,47.11,-2.240000000000002,-4.75,68747.56,308294.272,24.9,24.9,23.4,23.97
20060606,600519.SH,44.23,44.23,43.0,43.05,44.87,-1.8200000000000003,-4.06,56641.97,246688.992,23.63,23.63,22.98,23.0
20060607,600519.SH,42.57,43.99,41.7,42.03,43.05,-1.019999999999996,-2.37,71001.13,302769.993,22.75,23.5,22.28,22.46
20060608,600519.SH,41.83,43.09,41.01,42.72,42.03,0.6899999999999977,1.64,58454.35,247094.039,22.35,23.02,21.91,22.83
20060609,600519.SH,42.72,43.2,41.5,42.6,42.72,-0.11999999999999744,-0.28,58410.82,247306.955,22.83,23.08,22.17,22.76
20060612,600519.SH,42.0,45.19,41.5,45.08,42.6,2.479999999999997,5.82,71344.49,311536.764,22.44,24.15,22.17,24.09
20060613,600519.SH,45.08,47.17,45.08,45.94,45.08,0.8599999999999994,1.91,74829.48,347247.357,24.09,25.2,24.09,24.55
20060614,600519.SH,45.5,47.2,43.5,46.8,45.94,0.8599999999999994,1.87,62233.84,287725.376,24.31,25.22,23.24,25.01
20060615,600519.SH,46.79,48.2,45.9,46.4,46.8,-0.3999999999999986,-0.85,51311.47,242480.009,25.0,25.75,24.52,24.79
20060616,600519.SH,46.39,47.3,46.2,46.74,46.4,0.3400000000000034,0.73,40080.29,188160.36,24.79,25.27,24.69,24.97
20060619,600519.SH,46.5,49.58,45.7,48.53,46.74,1.7899999999999991,3.83,76305.89,368697.291,24.85,26.49,24.42,25.93
20060620,600519.SH,48.15,48.86,47.71,48.35,48.53,-0.17999999999999972,-0.37,37608.92,181973.717,25.73,26.11,25.49,25.83
20060621,600519.SH,48.35,48.5,46.75,47.33,48.35,-1.0200000000000031,-2.11,36323.94,172805.456,25.83,25.91,24.98,25.29
20060622,600519.SH,47.0,47.48,46.7,46.77,47.33,-0.5599999999999952,-1.18,23653.79,111205.968,25.11,25.37,24.95,24.99
20060623,600519.SH,46.5,47.3,46.3,46.68,46.77,-0.09000000000000341,-0.19,27924.08,130091.791,24.85,25.27,24.74,24.94
20060626,600519.SH,46.7,48.35,46.7,47.72,46.68,1.0399999999999991,2.23,47869.59,227823.194,24.95,25.83,24.95,25.5
20060627,600519.SH,47.87,49.6,47.82,48.96,47.72,1.240000000000002,2.6,51466.17,252140.738,25.58,26.5,25.55,26.16
20060628,600519.SH,48.86,48.86,47.6,47.85,48.96,-1.1099999999999994,-2.27,26800.57,128599.786,26.11,26.11,25.43,25.57
20060629,600519.SH,47.9,48.49,47.6,48.1,47.85,0.25,0.52,37191.05,178456.804,25.59,25.91,25.43,25.7
20060630,600519.SH,48.25,48.75,46.8,47.44,48.1,-0.6600000000000037,-1.37,39032.78,185164.398,25.78,26.05,25.01,25.35
20060703,600519.SH,47.42,47.42,46.38,46.8,47.44,-0.6400000000000006,-1.35,48287.74,225238.88,25.34,25.34,24.78,25.01
20060704,600519.SH,46.5,47.05,45.65,47.0,46.8,0.20000000000000284,0.43,52506.66,242839.931,24.85,25.14,24.39,25.11
20060705,600519.SH,47.2,47.2,46.2,46.55,47.0,-0.45000000000000284,-0.96,15572.63,72575.812,25.22,25.22,24.69,24.87
20060706,600519.SH,46.5,47.1,46.1,46.68,46.55,0.13000000000000256,0.28,22055.6,103048.532,24.85,25.17,24.63,24.94
20060707,600519.SH,46.72,46.99,45.91,45.99,46.68,-0.6899999999999977,-1.48,28023.63,129587.181,24.96,25.11,24.53,24.57
20060710,600519.SH,45.88,45.88,44.85,45.03,45.99,-0.9600000000000009,-2.09,27697.75,125019.271,24.51,24.51,23.96,24.06
20060711,600519.SH,45.0,45.46,44.6,44.75,45.03,-0.28000000000000114,-0.62,27214.09,122211.032,24.04,24.29,23.83,23.91
20060712,600519.SH,44.7,44.75,43.55,43.99,44.75,-0.759999999999998,-1.7,33125.13,145831.734,23.88,23.91,23.27,23.5
20060713,600519.SH,43.75,45.4,43.28,44.67,43.99,0.6799999999999997,1.55,39424.2,175231.413,23.38,24.26,23.12,23.87
20060714,600519.SH,44.2,44.75,43.62,44.57,44.67,-0.10000000000000142,-0.22,18343.74,80947.648,23.62,23.91,23.31,23.81
20060717,600519.SH,44.3,45.55,43.85,44.86,44.57,0.28999999999999915,0.65,25684.18,115482.082,23.67,24.34,23.43,23.97
20060718,600519.SH,44.82,44.86,44.03,44.32,44.86,-0.5399999999999991,-1.2,15392.32,68227.611,23.95,23.97,23.53,23.68
20060719,600519.SH,44.2,44.4,42.9,43.47,44.32,-0.8500000000000014,-1.92,31326.98,136738.969,23.62,23.72,22.92,23.23
20060720,600519.SH,43.43,44.39,42.88,44.29,43.47,0.8200000000000003,1.89,19372.01,85005.958,23.21,23.72,22.91,23.66
20060721,600519.SH,44.25,44.5,44.01,44.43,44.29,0.14000000000000057,0.32,10759.71,47693.738,23.64,23.78,23.52,23.74
20060724,600519.SH,44.1,46.87,43.8,46.21,44.43,1.7800000000000011,4.01,40525.41,185467.434,23.56,25.04,23.4,24.69
20060725,600519.SH,46.21,47.0,45.7,46.82,46.21,0.6099999999999994,1.32,32542.13,151329.073,24.69,25.11,24.42,25.02
20060726,600519.SH,46.82,47.0,45.85,46.5,46.82,-0.3200000000000003,-0.68,17404.3,80947.127,25.02,25.11,24.5,24.85
20060727,600519.SH,46.4,46.79,45.8,46.18,46.5,-0.3200000000000003,-0.69,24515.14,113653.352,24.79,25.0,24.47,24.67
20060728,600519.SH,46.0,46.09,45.25,45.5,46.18,-0.6799999999999997,-1.47,22886.46,104187.953,24.58,24.63,24.18,24.31
20060731,600519.SH,45.38,45.4,44.0,44.0,45.5,-1.5,-3.3,15948.07,70945.071,24.25,24.26,23.51,23.51
20060801,600519.SH,44.0,45.0,43.9,44.74,44.0,0.740000000000002,1.68,13168.38,58663.703,23.51,24.04,23.46,23.91
20060802,600519.SH,44.7,45.0,43.88,44.08,44.74,-0.6600000000000037,-1.48,8860.22,39215.95,23.88,24.04,23.45,23.55
20060803,600519.SH,44.1,44.55,42.7,42.98,44.08,-1.1000000000000014,-2.5,16655.48,71947.181,23.56,23.8,22.82,22.96
20060804,600519.SH,43.0,43.38,42.0,42.69,42.98,-0.28999999999999915,-0.67,14793.41,63433.581,22.98,23.18,22.44,22.81
20060807,600519.SH,42.25,43.39,41.08,42.36,42.69,-0.3299999999999983,-0.77,14142.35,59874.589,22.57,23.18,21.95,22.63
20060808,600519.SH,42.0,43.24,42.0,43.21,42.36,0.8500000000000014,2.01,7771.76,33435.494,22.44,23.1,22.44,23.09
20060809,600519.SH,43.25,44.3,43.0,43.85,43.21,0.6400000000000006,1.48,10288.41,44982.771,23.11,23.67,22.98,23.43
20060810,600519.SH,43.85,44.38,43.85,44.01,43.85,0.1599999999999966,0.36,13105.61,57720.598,23.43,23.71,23.43,23.52
20060811,600519.SH,44.08,44.5,44.05,44.08,44.01,0.07000000000000028,0.16,7247.13,32036.673,23.55,23.78,23.54,23.55
20060814,600519.SH,44.08,44.28,43.2,43.81,44.08,-0.269999999999996,-0.61,11173.66,49033.692,23.55,23.66,23.08,23.41
20060815,600519.SH,43.55,44.18,43.5,44.12,43.81,0.30999999999999517,0.71,6398.25,28008.387,23.27,23.61,23.24,23.57
20060816,600519.SH,44.1,45.09,44.0,44.99,44.12,0.8700000000000045,1.97,8998.88,40252.021,23.56,24.09,23.51,24.04
20060817,600519.SH,45.09,45.09,43.39,44.25,44.99,-0.740000000000002,-1.64,10929.65,48410.678,24.09,24.09,23.18,23.64
20060818,600519.SH,43.9,44.46,43.56,44.13,44.25,-0.11999999999999744,-0.27,3381.23,14888.941,23.46,23.76,23.27,23.58
20060821,600519.SH,42.98,44.2,42.85,44.17,44.13,0.03999999999999915,0.09,7293.21,32062.134,22.96,23.62,22.9,23.6
20060822,600519.SH,44.0,45.35,44.0,45.19,44.17,1.019999999999996,2.31,11108.75,49977.253,23.51,24.23,23.51,24.15
20060823,600519.SH,43.8,44.69,43.8,44.42,45.19,-0.769999999999996,-1.7,21056.23,93035.269,23.4,23.88,23.4,23.73
20060824,600519.SH,44.0,44.4,43.88,44.11,44.42,-0.3100000000000023,-0.7,12574.07,55366.636,23.51,23.72,23.45,23.57
20060825,600519.SH,44.11,44.59,43.8,44.04,44.11,-0.07000000000000028,-0.16,7474.87,32852.244,23.57,23.82,23.4,23.53
20060828,600519.SH,43.91,44.19,43.4,43.85,44.04,-0.18999999999999773,-0.43,25572.59,112066.807,23.46,23.61,23.19,23.43
20060829,600519.SH,43.97,46.21,43.96,45.66,43.85,1.8099999999999952,4.13,37854.4,171776.439,23.49,24.69,23.49,24.4
20060830,600519.SH,45.25,45.8,44.8,44.98,45.66,-0.6799999999999997,-1.49,9692.92,43806.887,24.18,24.47,23.94,24.03
20060831,600519.SH,45.0,45.47,44.8,45.23,44.98,0.25,0.56,12358.48,55827.539,24.04,24.3,23.94,24.17
20060901,600519.SH,45.35,45.37,44.88,45.07,45.23,-0.1599999999999966,-0.35,10873.94,48927.412,24.23,24.24,23.98,24.08
20060904,600519.SH,44.78,45.27,44.78,45.13,45.07,0.060000000000002274,0.13,5903.76,26589.669,23.93,24.19,23.93,24.11
20060905,600519.SH,45.01,45.23,44.82,44.94,45.13,-0.19000000000000483,-0.42,12354.76,55522.598,24.05,24.17,23.95,24.01
20060906,600519.SH,44.9,45.45,44.8,45.12,44.94,0.17999999999999972,0.4,11380.69,51403.21,23.99,24.28,23.94,24.11
20060907,600519.SH,44.98,45.15,44.39,44.99,45.12,-0.12999999999999545,-0.29,10518.62,46987.03,24.03,24.12,23.72,24.04
20060908,600519.SH,44.5,44.9,44.16,44.46,44.99,-0.5300000000000011,-1.18,5890.62,26157.744,23.78,23.99,23.6,23.76
20060911,600519.SH,44.2,44.41,43.89,44.13,44.46,-0.3299999999999983,-0.74,8302.99,36625.467,23.62,23.73,23.45,23.58
20060912,600519.SH,44.13,44.13,43.7,43.8,44.13,-0.3300000000000054,-0.75,19393.05,85026.963,23.58,23.58,23.35,23.4
20060913,600519.SH,43.82,44.26,43.82,43.88,43.8,0.0800000000000054,0.18,18421.46,81014.932,23.41,23.65,23.41,23.45
20060914,600519.SH,44.0,46.14,43.2,46.1,43.88,2.219999999999999,5.06,63366.87,284212.834,23.51,24.65,23.08,24.63
20060915,600519.SH,46.1,46.78,45.1,45.84,46.1,-0.259999999999998,-0.56,29243.97,134841.289,24.63,25.0,24.1,24.49
20060918,600519.SH,45.88,46.1,45.28,45.83,45.84,-0.010000000000005116,-0.02,34084.76,155113.047,24.51,24.63,24.19,24.49
20060919,600519.SH,45.66,46.74,45.45,46.41,45.83,0.5799999999999983,1.27,29992.52,138992.138,24.4,24.97,24.28,24.8
20060920,600519.SH,46.29,47.32,46.08,46.99,46.41,0.5800000000000054,1.25,22442.46,105158.852,24.73,25.28,24.62,25.11
20060921,600519.SH,47.0,47.15,46.8,46.8,46.99,-0.19000000000000483,-0.4,16312.83,76643.185,25.11,25.19,25.01,25.01
20060922,600519.SH,46.76,47.0,46.1,46.81,46.8,0.010000000000005116,0.02,12425.97,57912.198,24.98,25.11,24.63,25.01
20060925,600519.SH,46.35,47.15,46.35,46.72,46.81,-0.09000000000000341,-0.19,10475.25,49168.157,24.77,25.19,24.77,24.96
20060926,600519.SH,46.67,46.68,45.96,45.98,46.72,-0.740000000000002,-1.58,11789.72,54462.375,24.94,24.94,24.56,24.57
20060927,600519.SH,45.89,46.35,45.66,46.12,45.98,0.14000000000000057,0.3,8052.18,36977.026,24.52,24.77,24.4,24.64
20060928,600519.SH,46.0,46.95,45.72,46.81,46.12,0.6900000000000048,1.5,16779.2,77577.351,24.58,25.09,24.43,25.01
20060929,600519.SH,46.8,47.88,46.5,47.43,46.81,0.6199999999999974,1.32,22756.22,107764.446,25.01,25.58,24.85,25.34
20061009,600519.SH,48.01,51.3,48.01,50.87,47.43,3.4399999999999977,7.25,37970.12,191569.287,25.65,27.41,25.65,27.18
20061010,600519.SH,51.5,52.5,50.5,50.73,50.87,-0.14000000000000057,-0.28,24124.48,124074.029,27.52,28.05,26.98,27.11
20061011,600519.SH,50.67,51.0,49.5,49.74,50.73,-0.9899999999999949,-1.95,12117.97,60357.112,27.07,27.25,26.45,26.58
20061012,600519.SH,49.74,50.26,49.08,49.63,49.74,-0.10999999999999943,-0.22,14286.89,70986.726,26.58,26.85,26.22,26.52
20061013,600519.SH,49.63,49.8,48.71,49.01,49.63,-0.6200000000000045,-1.25,14898.03,73257.749,26.52,26.61,26.03,26.19
20061016,600519.SH,49.0,49.0,46.8,47.4,49.01,-1.6099999999999994,-3.29,38076.75,180476.685,26.18,26.18,25.01,25.33
20061017,600519.SH,47.4,48.4,46.85,48.14,47.4,0.740000000000002,1.56,15370.44,73212.48,25.33,25.86,25.03,25.72
20061018,600519.SH,48.0,50.21,47.5,49.81,48.14,1.6700000000000017,3.47,23878.83,118175.55,25.65,26.83,25.38,26.61
20061019,600519.SH,49.65,50.5,49.02,50.0,49.81,0.18999999999999773,0.38,16611.15,83199.478,26.53,26.98,26.19,26.72
20061020,600519.SH,49.96,50.15,49.57,49.6,50.0,-0.3999999999999986,-0.8,12095.4,60370.256,26.69,26.8,26.49,26.5
20061023,600519.SH,49.2,51.35,49.2,51.0,49.6,1.3999999999999986,2.82,38998.75,198293.833,26.29,27.44,26.29,27.25
20061024,600519.SH,51.05,52.58,50.8,52.16,51.0,1.1599999999999966,2.27,26709.12,138579.123,27.28,28.09,27.14,27.87
20061025,600519.SH,52.7,55.88,52.2,55.18,52.16,3.020000000000003,5.79,47476.08,261743.388,28.16,29.86,27.89,29.48
20061026,600519.SH,55.0,55.36,54.0,55.0,55.18,-0.17999999999999972,-0.33,20428.5,112072.591,29.39,29.58,28.85,29.39
20061027,600519.SH,54.99,54.99,53.9,54.02,55.0,-0.9799999999999969,-1.78,14791.45,80382.72,29.38,29.38,28.8,28.86
20061030,600519.SH,54.0,54.35,53.3,54.04,54.02,0.01999999999999602,0.04,12369.43,66246.109,28.85,29.04,28.48,28.87
20061031,600519.SH,54.04,55.3,53.41,53.99,54.04,-0.04999999999999716,-0.09,11266.83,61092.387,28.87,29.55,28.54,28.85
20061101,600519.SH,53.6,54.0,52.98,53.2,53.99,-0.7899999999999991,-1.46,12762.04,67866.974,28.64,28.85,28.31,28.43
20061102,600519.SH,53.11,54.79,52.36,54.77,53.2,1.5700000000000003,2.95,23319.0,123978.621,28.38,29.27,27.98,29.26
20061103,600519.SH,54.99,55.49,53.7,54.77,54.77,0.0,0.0,13876.4,75858.369,29.38,29.65,28.69,29.26
20061106,600519.SH,54.05,57.2,54.0,56.09,54.77,1.3200000000000003,2.41,26740.04,147856.261,28.88,30.56,28.85,29.97
20061107,600519.SH,56.1,56.9,55.5,55.8,56.09,-0.29000000000000625,-0.52,21326.45,119649.818,29.97,30.4,29.65,29.81
20061108,600519.SH,55.5,57.5,55.0,56.81,55.8,1.0100000000000051,1.81,25348.3,143238.979,29.65,30.72,29.39,30.35
20061109,600519.SH,56.55,57.2,56.12,57.17,56.81,0.35999999999999943,0.63,15962.43,90494.365,30.22,30.56,29.99,30.55
20061110,600519.SH,56.95,58.9,56.6,57.6,57.17,0.4299999999999997,0.75,33153.29,191717.604,30.43,31.47,30.24,30.78
20061113,600519.SH,57.5,57.5,55.9,56.91,57.6,-0.6900000000000048,-1.2,28315.49,161068.513,30.72,30.72,29.87,30.41
20061114,600519.SH,56.65,60.15,56.65,59.9,56.91,2.990000000000002,5.25,31306.77,183957.465,30.27,32.14,30.27,32.01
20061115,600519.SH,60.48,63.0,59.6,61.84,59.9,1.9400000000000048,3.24,34033.76,211445.126,32.32,33.66,31.84,33.04
20061116,600519.SH,61.87,66.98,61.85,64.68,61.84,2.8400000000000034,4.59,48628.57,313184.874,33.06,35.79,33.05,34.56
20061117,600519.SH,64.98,65.5,63.0,64.56,64.68,-0.12000000000000455,-0.19,38341.46,244957.666,34.72,35.0,33.66,34.5
20061120,600519.SH,63.53,65.8,63.53,64.6,64.56,0.03999999999999204,0.06,27060.49,174396.384,33.94,35.16,33.94,34.52
20061121,600519.SH,64.66,64.72,62.0,63.13,64.6,-1.4699999999999918,-2.28,30241.21,190983.784,34.55,34.58,33.13,33.73
20061122,600519.SH,63.1,64.19,61.86,63.44,63.13,0.30999999999999517,0.49,28900.47,182237.646,33.71,34.3,33.05,33.9
20061123,600519.SH,63.01,64.5,63.01,63.46,63.44,0.020000000000003126,0.03,12547.85,79824.997,33.67,34.46,33.67,33.91
20061124,600519.SH,63.41,64.29,62.4,63.9,63.46,0.4399999999999977,0.69,23495.89,148702.618,33.88,34.35,33.34,34.14
20061127,600519.SH,63.9,65.66,63.79,64.3,63.9,0.3999999999999986,0.63,16498.49,106393.463,34.14,35.08,34.08,34.36
20061128,600519.SH,64.19,64.99,62.8,62.81,64.3,-1.4899999999999949,-2.32,28322.41,180775.984,34.3,34.72,33.55,33.56
20061129,600519.SH,62.0,66.15,60.93,64.41,62.81,1.5999999999999943,2.55,26754.01,172337.879,33.13,35.34,32.56,34.41
20061130,600519.SH,64.73,69.18,64.73,67.75,64.41,3.3400000000000034,5.19,21012.03,141522.146,34.59,36.96,34.59,36.2
20061201,600519.SH,67.75,71.7,67.75,69.0,67.75,1.25,1.85,40414.69,282813.533,36.2,38.31,36.2,36.87
20061204,600519.SH,69.26,70.93,67.8,69.1,69.0,0.09999999999999432,0.14,26886.58,185669.864,37.01,37.9,36.23,36.92
20061205,600519.SH,68.9,71.28,68.8,70.08,69.1,0.980000000000004,1.42,38117.83,266976.425,36.81,38.09,36.76,37.44
20061206,600519.SH,70.0,70.0,66.9,69.03,70.08,-1.0499999999999972,-1.5,37493.0,256408.498,37.4,37.4,35.75,36.88
20061207,600519.SH,68.51,70.1,68.51,69.54,69.03,0.5100000000000051,0.74,21855.38,151160.168,36.61,37.46,36.61,37.16
20061208,600519.SH,69.0,69.9,68.0,69.05,69.54,-0.4900000000000091,-0.7,22068.89,152466.866,36.87,37.35,36.33,36.89
20061211,600519.SH,68.1,72.5,68.1,72.3,69.05,3.25,4.71,26754.3,188889.525,36.39,38.74,36.39,38.63
20061212,600519.SH,72.88,73.48,71.4,71.82,72.3,-0.480000000000004,-0.66,11767.03,84919.97,38.94,39.26,38.15,38.37
20061213,600519.SH,72.28,72.44,70.66,71.3,71.82,-0.519999999999996,-0.72,33416.53,239515.64,38.62,38.71,37.75,38.1
20061214,600519.SH,71.8,77.38,71.3,77.04,71.3,5.740000000000009,8.05,37628.24,279885.276,38.36,41.34,38.1,41.16
20061215,600519.SH,77.0,79.96,76.03,79.13,77.04,2.089999999999989,2.71,23697.3,185540.482,41.14,42.72,40.62,42.28
20061218,600519.SH,78.98,86.66,78.98,86.4,79.13,7.27000000000001,9.19,35238.29,295726.593,42.2,46.3,42.2,46.16
20061219,600519.SH,86.4,88.8,83.88,84.49,86.4,-1.9100000000000108,-2.21,38038.16,326181.88,46.16,47.45,44.82,45.14
20061220,600519.SH,83.98,85.9,83.51,84.3,84.49,-0.18999999999999773,-0.22,25195.9,212351.401,44.87,45.9,44.62,45.04
20061221,600519.SH,84.3,85.5,82.5,82.98,84.3,-1.3199999999999932,-1.57,30301.46,256088.471,45.04,45.68,44.08,44.34
20061222,600519.SH,82.5,83.7,79.98,80.83,82.98,-2.1500000000000057,-2.59,30439.46,249249.212,44.08,44.72,42.73,43.19
20061225,600519.SH,81.06,84.18,81.06,83.21,80.83,2.3799999999999955,2.94,24954.41,207941.105,43.31,44.98,43.31,44.46
20061227,600519.SH,84.21,86.4,84.2,85.48,83.21,2.2700000000000102,2.73,19853.02,169858.959,44.99,46.16,44.99,45.67
20061228,600519.SH,85.8,86.0,83.5,85.48,85.48,0.0,0.0,29281.05,248296.941,45.84,45.95,44.61,45.67
20061229,600519.SH,85.49,92.1,84.56,87.83,85.48,2.3499999999999943,2.75,82975.49,728497.75,45.68,49.21,45.18,46.93
20070104,600519.SH,90.01,90.18,85.5,85.84,87.83,-1.9899999999999949,-2.27,44664.67,394957.199,48.09,48.18,45.68,45.87
20070105,600519.SH,84.79,86.69,83.3,86.27,85.84,0.4299999999999926,0.5,27805.01,236787.475,45.3,46.32,44.51,46.09
20070108,600519.SH,86.3,86.6,83.88,84.86,86.27,-1.4099999999999966,-1.63,48923.59,417405.505,46.11,46.27,44.82,45.34
20070109,600519.SH,84.89,89.99,84.6,88.79,84.86,3.930000000000007,4.63,28300.01,248096.035,45.36,48.08,45.2,47.44
20070110,600519.SH,89.0,90.49,87.6,88.97,88.79,0.1799999999999926,0.2,28239.4,249921.322,47.55,48.35,46.81,47.54
20070111,600519.SH,89.0,93.18,88.5,91.99,88.97,3.019999999999996,3.39,37482.8,341540.304,47.55,49.79,47.29,49.15
20070112,600519.SH,91.9,97.2,90.0,96.96,91.99,4.969999999999999,5.4,36402.08,347136.997,49.1,51.93,48.09,51.81
20070115,600519.SH,97.05,102.0,97.05,99.61,96.96,2.6500000000000057,2.73,30670.52,305993.934,51.85,54.5,51.85,53.22
20070116,600519.SH,99.36,100.78,96.28,97.73,99.61,-1.8799999999999955,-1.89,35039.7,344077.71,53.09,53.85,51.44,52.22
20070117,600519.SH,97.59,103.0,96.02,98.12,97.73,0.39000000000000057,0.4,25916.04,257353.976,52.14,55.03,51.3,52.43
20070118,600519.SH,98.0,105.49,97.0,105.22,98.12,7.099999999999994,7.24,30645.35,315103.13,52.36,56.36,51.83,56.22
20070119,600519.SH,105.22,111.89,105.22,109.35,105.22,4.1299999999999955,3.93,22255.51,243504.208,56.22,59.78,56.22,58.43
20070122,600519.SH,110.1,116.0,110.0,113.2,109.35,3.8500000000000085,3.52,25521.22,290839.225,58.83,61.98,58.77,60.48
20070123,600519.SH,113.8,114.8,104.1,105.28,113.2,-7.920000000000002,-7.0,41782.8,450098.219,60.8,61.34,55.62,56.25
20070124,600519.SH,105.5,113.0,105.5,109.78,105.28,4.5,4.27,19404.22,212553.649,56.37,60.38,56.37,58.66
20070125,600519.SH,107.5,110.95,106.3,108.37,109.78,-1.4099999999999966,-1.28,44848.15,490557.153,57.44,59.28,56.8,57.9
20070126,600519.SH,107.0,109.95,98.0,108.89,108.37,0.519999999999996,0.48,35845.7,380378.208,57.17,58.75,52.36,58.18
20070129,600519.SH,107.8,113.0,106.1,107.49,108.89,-1.4000000000000057,-1.29,18560.36,201345.338,57.6,60.38,56.69,57.43
20070130,600519.SH,106.73,111.1,106.48,109.75,107.49,2.260000000000005,2.1,26561.09,287395.106,57.03,59.36,56.89,58.64
20070131,600519.SH,107.8,110.0,102.0,103.23,109.75,-6.519999999999996,-5.94,33267.84,352147.545,57.6,58.77,54.5,55.16
20070201,600519.SH,99.99,105.97,99.5,105.0,103.23,1.769999999999996,1.71,25909.75,265744.453,53.43,56.62,53.16,56.1
20070202,600519.SH,103.97,104.8,100.0,101.0,105.0,-4.0,-3.81,14988.8,151508.799,55.55,56.0,53.43,53.97
20070205,600519.SH,100.99,101.0,96.72,97.0,101.0,-4.0,-3.96,19837.99,194534.21,53.96,53.97,51.68,51.83
20070206,600519.SH,95.01,96.9,89.5,95.75,97.0,-1.25,-1.29,39522.56,365914.405,50.76,51.77,47.82,51.16
20070207,600519.SH,95.18,99.98,95.01,97.47,95.75,1.7199999999999989,1.8,17976.22,175261.713,50.86,53.42,50.76,52.08
20070208,600519.SH,96.9,98.98,93.5,95.96,97.47,-1.5100000000000051,-1.55,18373.14,176642.962,51.77,52.89,49.96,51.27
20070209,600519.SH,95.18,96.58,93.0,94.17,95.96,-1.789999999999992,-1.87,12262.17,116298.291,50.86,51.6,49.69,50.32
20070212,600519.SH,93.8,98.75,93.2,97.0,94.17,2.8299999999999983,3.01,12511.33,120701.377,50.12,52.76,49.8,51.83
20070213,600519.SH,97.88,99.84,97.0,99.8,97.0,2.799999999999997,2.89,18767.1,184420.201,52.3,53.35,51.83,53.32
20070214,600519.SH,100.58,101.99,98.0,99.56,99.8,-0.23999999999999488,-0.24,15614.47,154853.057,53.74,54.49,52.36,53.2
20070215,600519.SH,100.65,104.98,100.01,103.21,99.56,3.6499999999999915,3.67,16805.18,173731.362,53.78,56.09,53.44,55.15
20070216,600519.SH,104.77,105.0,99.56,100.17,103.21,-3.039999999999992,-2.95,25071.62,256784.061,55.98,56.1,53.2,53.52
20070226,600519.SH,99.8,99.8,96.01,97.02,100.17,-3.1500000000000057,-3.14,15321.46,150045.013,53.32,53.32,51.3,51.84
20070227,600519.SH,96.5,96.5,87.32,87.64,97.02,-9.379999999999995,-9.67,31866.95,292514.587,51.56,51.56,46.66,46.83
20070301,600519.SH,96.4,96.4,92.88,96.4,87.64,8.760000000000005,10.0,44582.45,429485.218,51.51,51.51,49.63,51.51
20070302,600519.SH,97.0,100.99,95.96,97.79,96.4,1.3900000000000006,1.44,34770.66,341362.336,51.83,53.96,51.27,52.25
20070305,600519.SH,97.91,97.91,94.8,94.9,97.79,-2.8900000000000006,-2.96,21805.01,208807.884,52.31,52.31,50.65,50.71
20070306,600519.SH,94.0,101.15,93.0,100.1,94.9,5.199999999999989,5.48,24350.58,241040.734,50.23,54.05,49.69,53.48
20070307,600519.SH,101.3,103.45,100.01,101.46,100.1,1.3599999999999994,1.36,26425.34,271589.373,54.13,55.27,53.44,54.21
20070308,600519.SH,100.9,102.0,99.1,101.45,101.46,-0.009999999999990905,-0.01,13807.63,138217.148,53.91,54.5,52.95,54.21
20070309,600519.SH,100.1,102.48,99.1,100.01,101.45,-1.4399999999999977,-1.42,16185.95,162560.22,53.48,54.76,52.95,53.44
20070312,600519.SH,99.8,100.01,98.63,99.8,100.01,-0.21000000000000796,-0.21,19443.99,193188.602,53.32,53.44,52.7,53.32
20070313,600519.SH,98.96,99.8,96.02,98.41,99.8,-1.3900000000000006,-1.39,19080.52,186420.809,52.88,53.32,51.3,52.58
20070314,600519.SH,97.0,98.0,95.3,96.02,98.41,-2.3900000000000006,-2.43,21600.27,207586.165,51.83,52.36,50.92,51.3
20070315,600519.SH,95.0,98.0,95.0,97.42,96.02,1.4000000000000057,1.46,20973.19,201776.897,50.76,52.36,50.76,52.05
20070316,600519.SH,97.8,98.0,95.1,97.61,97.42,0.18999999999999773,0.2,14634.93,140836.291,52.26,52.36,50.81,52.15
20070319,600519.SH,95.01,98.22,94.8,97.38,97.61,-0.23000000000000398,-0.24,25951.61,253220.579,50.76,52.48,50.65,52.03
20070320,600519.SH,97.34,97.5,94.45,94.61,97.38,-2.769999999999996,-2.84,21187.52,201378.936,52.01,52.1,50.47,50.55
20070321,600519.SH,94.65,96.3,91.62,94.0,94.61,-0.6099999999999994,-0.64,28289.56,266389.529,50.57,51.45,48.95,50.23
20070322,600519.SH,94.21,94.88,92.0,94.49,94.0,0.4899999999999949,0.52,31397.02,291678.124,50.34,50.7,49.16,50.49
20070323,600519.SH,93.51,95.1,92.2,94.99,94.49,0.5,0.53,30279.38,283551.75,49.96,50.81,49.26,50.75
20070326,600519.SH,94.8,94.9,93.7,94.02,94.99,-0.9699999999999989,-1.02,22656.2,212983.96,50.65,50.71,50.06,50.24
20070327,600519.SH,93.77,94.0,91.85,92.79,94.02,-1.2299999999999898,-1.31,37197.64,345056.807,50.1,50.23,49.08,49.58
20070328,600519.SH,92.87,93.85,91.0,93.09,92.79,0.29999999999999716,0.32,34926.36,323233.779,49.62,50.15,48.62,49.74
20070329,600519.SH,93.18,96.49,92.28,96.37,93.09,3.280000000000001,3.52,49415.37,465028.032,49.79,51.56,49.31,51.49
20070330,600519.SH,96.58,96.65,93.2,94.5,96.37,-1.8700000000000045,-1.94,30985.07,293158.039,51.6,51.64,49.8,50.49
20070402,600519.SH,95.0,95.01,91.9,93.89,94.5,-0.6099999999999994,-0.65,28257.19,261934.932,50.76,50.76,49.1,50.17
20070403,600519.SH,93.89,95.6,92.11,94.88,93.89,0.9899999999999949,1.05,42800.91,402378.753,50.17,51.08,49.22,50.7
20070404,600519.SH,94.99,97.99,94.99,97.34,94.88,2.460000000000008,2.59,40807.26,395605.83,50.75,52.36,50.75,52.01
20070405,600519.SH,96.88,96.88,94.72,95.34,97.34,-2.0,-2.05,37460.14,358362.495,51.76,51.76,50.61,50.94
20070406,600519.SH,94.6,95.01,93.5,94.0,95.34,-1.3400000000000034,-1.41,27615.36,259568.009,50.55,50.76,49.96,50.23
20070409,600519.SH,94.55,96.6,92.9,95.0,94.0,1.0,1.06,62834.18,591101.165,50.52,51.61,49.64,50.76
20070410,600519.SH,95.22,95.79,94.1,94.39,95.0,-0.6099999999999994,-0.64,63046.82,597770.87,50.88,51.18,50.28,50.43
20070411,600519.SH,94.95,94.95,92.9,93.88,94.39,-0.5100000000000051,-0.54,53828.25,504663.488,50.73,50.73,49.64,50.16
20070412,600519.SH,93.7,100.1,92.98,98.84,93.88,4.960000000000008,5.28,76458.57,739231.914,50.06,53.48,49.68,52.81
20070413,600519.SH,99.0,105.38,97.0,102.95,98.84,4.109999999999999,4.16,84783.18,867089.257,52.9,56.31,51.83,55.01
20070416,600519.SH,101.9,103.95,100.5,101.73,102.95,-1.2199999999999989,-1.19,37812.42,383878.218,54.45,55.54,53.7,54.36
20070417,600519.SH,102.0,103.44,97.0,98.69,101.73,-3.0400000000000063,-2.99,44618.85,442356.324,54.5,55.27,51.83,52.73
20070418,600519.SH,98.69,98.69,95.5,96.59,98.69,-2.0999999999999943,-2.13,48780.84,470273.102,52.73,52.73,51.03,51.61
20070419,600519.SH,95.7,96.0,91.4,92.8,96.59,-3.7900000000000063,-3.92,39881.71,372975.317,51.13,51.29,48.84,49.58
20070420,600519.SH,93.0,95.5,92.9,94.57,92.8,1.769999999999996,1.91,41516.94,392180.31,49.69,51.03,49.64,50.53
20070423,600519.SH,94.58,95.81,93.0,95.58,94.57,1.0100000000000051,1.07,47486.75,447869.454,50.54,51.19,49.69,51.07
20070424,600519.SH,95.92,95.98,93.51,94.48,95.58,-1.0999999999999943,-1.15,39478.57,372593.709,51.25,51.28,49.96,50.48
20070425,600519.SH,94.49,96.8,93.6,95.99,94.48,1.509999999999991,1.6,37822.34,362266.657,50.49,51.72,50.01,51.29
20070426,600519.SH,96.08,98.48,95.0,97.34,95.99,1.3500000000000085,1.41,33698.28,325641.558,51.34,52.62,50.76,52.01
20070427,600519.SH,97.28,97.31,93.62,93.78,97.34,-3.5600000000000023,-3.66,26474.91,250199.461,51.98,51.99,50.02,50.11
20070430,600519.SH,93.0,97.37,92.55,95.42,93.78,1.6400000000000006,1.75,43557.29,414391.808,49.69,52.03,49.45,50.98
20070508,600519.SH,96.6,97.9,95.53,96.5,95.42,1.0799999999999983,1.13,46026.97,444700.567,51.61,52.31,51.04,51.56
20070509,600519.SH,96.5,96.51,89.9,92.0,96.5,-4.5,-4.66,151776.6,1394029.058,51.56,51.57,48.03,49.16
20070514,600519.SH,93.6,100.78,92.18,94.39,92.0,2.3900000000000006,2.6,131870.45,1263779.092,50.01,53.85,49.25,50.43
20070515,600519.SH,94.48,94.48,90.86,90.93,94.39,-3.4599999999999937,-3.67,71037.92,655524.409,50.48,50.48,48.55,48.58
20070516,600519.SH,90.9,94.6,90.7,93.58,90.93,2.6499999999999915,2.91,50432.88,468228.612,48.57,50.55,48.46,50.0
20070517,600519.SH,93.35,100.05,93.33,99.02,93.58,5.439999999999998,5.81,95181.6,930266.093,49.88,53.46,49.87,52.91
20070518,600519.SH,98.3,101.1,97.0,98.43,99.02,-0.5899999999999892,-0.6,51836.91,517580.169,52.52,54.02,51.83,52.59
20070521,600519.SH,95.31,99.18,94.13,96.63,98.43,-1.8000000000000114,-1.83,41508.22,402560.491,50.93,52.99,50.29,51.63
20070522,600519.SH,96.11,96.5,94.19,94.84,96.63,-1.789999999999992,-1.85,59901.95,567699.268,51.35,51.56,50.33,50.67
20070523,600519.SH,94.65,99.0,94.64,96.97,94.84,2.1299999999999955,2.25,40338.9,391972.671,50.57,52.9,50.57,51.81
20070524,600519.SH,97.47,99.61,96.64,99.37,96.97,2.4000000000000057,2.47,55798.95,548678.429,52.08,53.22,51.64,53.09
20070525,600519.SH,100.03,109.31,100.03,106.39,99.37,7.019999999999996,7.06,83105.33,883158.731,53.45,58.41,53.45,56.85
20070528,600519.SH,106.5,111.25,106.48,110.31,106.39,3.9200000000000017,3.68,55511.05,607604.935,56.9,59.44,56.89,58.94
20070529,600519.SH,110.5,115.4,108.3,109.22,110.31,-1.0900000000000034,-0.99,42945.11,480225.991,59.04,61.66,57.87,58.36
20070530,600519.SH,104.0,108.99,99.8,101.97,109.22,-7.25,-6.64,72906.54,756701.836,55.57,58.23,53.32,54.48
20070601,600519.SH,109.01,112.17,108.2,110.44,101.97,8.469999999999999,8.31,69666.5,775108.764,58.25,59.93,57.81,59.01
20070604,600519.SH,110.68,115.2,103.5,105.63,110.44,-4.810000000000002,-4.36,56949.06,627231.638,59.14,61.55,55.3,56.44
20070605,600519.SH,103.0,106.99,95.07,106.07,105.63,0.4399999999999977,0.42,52948.78,544757.934,55.03,57.17,50.8,56.67
20070606,600519.SH,105.0,109.0,102.03,105.51,106.07,-0.5599999999999881,-0.53,31384.34,329128.886,56.1,58.24,54.52,56.38
20070607,600519.SH,105.52,107.5,104.18,105.66,105.51,0.14999999999999147,0.14,53370.84,562638.223,56.38,57.44,55.66,56.46
20070608,600519.SH,106.79,107.49,105.0,106.91,105.66,1.25,1.18,35819.08,381067.005,57.06,57.43,56.1,57.12
20070611,600519.SH,107.6,117.6,106.96,117.6,106.91,10.689999999999998,10.0,54095.46,620110.688,57.49,62.83,57.15,62.83
20070612,600519.SH,119.99,122.5,115.06,120.43,117.6,2.8300000000000125,2.41,44190.28,529299.495,64.11,65.45,61.48,64.35
20070613,600519.SH,119.49,123.45,118.0,119.87,120.43,-0.5600000000000023,-0.47,38683.78,465951.672,63.84,65.96,63.05,64.05
20070614,600519.SH,118.8,130.0,118.29,125.16,119.87,5.289999999999992,4.41,34881.1,435609.721,63.48,69.46,63.2,66.87
20070615,600519.SH,123.97,126.2,123.8,125.88,125.16,0.7199999999999989,0.58,14897.86,185772.69,66.24,67.43,66.15,67.26
20070618,600519.SH,126.48,131.44,125.11,126.96,125.88,1.0799999999999983,0.86,21722.21,277680.174,67.58,70.23,66.85,67.84
20070619,600519.SH,125.58,127.0,122.0,123.4,126.96,-3.559999999999988,-2.8,27946.84,348478.544,67.1,67.86,65.19,65.93
20070620,600519.SH,122.52,126.98,121.2,123.43,123.4,0.030000000000001137,0.02,19170.26,236303.439,65.46,67.85,64.76,65.95
20070621,600519.SH,121.6,124.78,121.0,123.83,123.43,0.3999999999999915,0.32,19401.41,238688.175,64.97,66.67,64.65,66.16
20070622,600519.SH,123.87,125.4,119.0,120.83,123.83,-3.0,-2.42,17853.37,218079.514,66.19,67.0,63.58,64.56
20070625,600519.SH,120.1,124.51,118.5,119.09,120.83,-1.7399999999999949,-1.44,32756.57,398355.115,64.17,66.53,63.32,63.63
20070626,600519.SH,118.89,121.0,115.57,120.22,119.09,1.1299999999999955,0.95,12271.69,145796.096,63.52,64.65,61.75,64.23
20070627,600519.SH,121.21,124.62,119.2,124.49,120.22,4.269999999999996,3.55,23766.47,293372.111,64.76,66.59,63.69,66.52
20070628,600519.SH,124.9,125.5,121.53,121.88,124.49,-2.6099999999999994,-2.1,26212.17,326430.499,66.74,67.06,64.93,65.12
20070629,600519.SH,119.5,123.45,118.15,119.68,121.88,-2.1999999999999886,-1.81,15499.39,186255.139,63.85,65.96,63.13,63.95
20070702,600519.SH,119.0,120.0,115.0,119.07,119.68,-0.6100000000000136,-0.51,19600.22,229624.506,63.58,64.12,61.45,63.62
20070703,600519.SH,119.2,119.5,116.0,118.22,119.07,-0.8499999999999943,-0.71,11009.03,129623.748,63.69,63.85,61.98,63.17
20070704,600519.SH,118.22,119.4,116.21,117.12,118.22,-1.0999999999999943,-0.93,11556.94,135460.424,63.17,63.8,62.09,62.58
20070705,600519.SH,116.0,118.0,113.11,114.03,117.12,-3.0900000000000034,-2.64,17043.63,194675.509,61.98,63.05,60.44,60.93
20070706,600519.SH,113.6,118.05,113.6,117.88,114.03,3.8499999999999943,3.38,15596.04,180456.456,60.7,63.08,60.7,62.98
20070709,600519.SH,118.2,120.7,117.5,120.15,117.88,2.2700000000000102,1.93,11643.44,138656.746,63.16,64.49,62.78,64.2
20070710,600519.SH,120.0,120.0,117.0,118.0,120.15,-2.1500000000000057,-1.79,9793.7,115825.748,64.12,64.12,62.51,63.05
20070711,600519.SH,117.0,117.0,114.8,115.84,118.0,-2.1599999999999966,-1.83,12129.96,140017.458,62.51,62.51,61.34,61.89
20070712,600519.SH,116.0,116.47,113.89,114.37,115.84,-1.4699999999999989,-1.27,14739.14,168661.711,61.98,62.23,60.85,61.11
20070713,600519.SH,114.03,115.48,113.92,114.49,114.37,0.11999999999999034,0.1,9166.86,104813.064,61.31,62.08,61.25,61.55
20070716,600519.SH,114.98,114.98,111.23,111.28,114.49,-3.2099999999999937,-2.8,10747.33,121378.863,61.82,61.82,59.8,59.83
20070717,600519.SH,111.2,115.2,109.3,115.13,111.28,3.8499999999999943,3.46,15065.88,168233.76,59.78,61.93,58.76,61.9
20070718,600519.SH,113.83,117.01,112.0,116.08,115.13,0.9500000000000028,0.83,11356.86,130799.471,61.2,62.91,60.21,62.41
20070719,600519.SH,115.09,119.08,115.0,118.75,116.08,2.6700000000000017,2.3,14746.77,173893.104,61.88,64.02,61.83,63.84
20070720,600519.SH,117.9,120.5,117.0,119.94,118.75,1.1899999999999977,1.0,14294.46,171502.982,63.39,64.78,62.9,64.48
20070723,600519.SH,120.8,126.66,119.06,125.45,119.94,5.510000000000005,4.59,19092.84,237054.485,64.95,68.1,64.01,67.45
20070724,600519.SH,125.6,126.0,122.9,123.46,125.45,-1.990000000000009,-1.59,13103.79,162555.321,67.53,67.74,66.07,66.38
20070725,600519.SH,122.5,124.0,121.5,121.99,123.46,-1.4699999999999989,-1.19,15241.67,186522.568,65.86,66.67,65.32,65.58
20070726,600519.SH,122.88,125.0,122.2,123.04,121.99,1.0500000000000114,0.86,13053.04,161489.704,66.06,67.2,65.7,66.15
20070727,600519.SH,120.55,122.49,119.01,119.5,123.04,-3.5400000000000063,-2.88,16312.15,196650.321,64.81,65.85,63.98,64.25
20070730,600519.SH,119.5,125.6,119.21,124.39,119.5,4.890000000000001,4.09,27876.99,339526.695,64.25,67.53,64.09,66.88
20070731,600519.SH,123.88,130.0,123.22,129.07,124.39,4.679999999999993,3.76,27165.92,344790.131,66.6,69.89,66.25,69.39
20070801,600519.SH,129.0,130.0,125.01,126.03,129.07,-3.039999999999992,-2.36,19966.05,253670.74,69.35,69.89,67.21,67.76
20070802,600519.SH,126.5,131.5,126.5,129.91,126.03,3.8799999999999955,3.08,20521.29,264786.522,68.01,70.7,68.01,69.84
20070803,600519.SH,129.88,139.09,129.66,138.09,129.91,8.180000000000007,6.3,34106.98,458343.376,69.83,74.78,69.71,74.24
20070806,600519.SH,138.13,139.99,136.02,138.07,138.09,-0.020000000000010232,-0.01,17469.92,239532.86,74.26,75.26,73.13,74.23
20070807,600519.SH,138.05,138.98,136.46,138.52,138.07,0.45000000000001705,0.33,23874.26,327024.703,74.22,74.72,73.36,74.47
20070808,600519.SH,138.52,145.98,135.75,138.85,138.52,0.3299999999999841,0.24,12945.06,183151.083,74.47,78.48,72.98,74.65
20070809,600519.SH,142.6,146.36,140.0,144.59,138.85,5.740000000000009,4.13,15475.05,224211.231,76.67,78.69,75.27,77.74
20070810,600519.SH,144.16,145.5,139.0,139.96,144.59,-4.6299999999999955,-3.2,23841.76,338962.358,77.5,78.22,74.73,75.25
20070813,600519.SH,139.98,139.98,133.36,137.73,139.96,-2.230000000000018,-1.59,19140.59,259481.908,75.26,75.26,71.7,74.05
20070814,600519.SH,136.0,138.0,134.22,136.93,137.73,-0.799999999999983,-0.58,16144.46,218395.05,73.12,74.19,72.16,73.62
20070815,600519.SH,136.91,140.5,134.5,136.0,136.93,-0.9300000000000068,-0.68,23519.53,323360.822,73.61,75.54,72.31,73.12
20070816,600519.SH,134.51,138.0,131.5,135.01,136.0,-0.9900000000000091,-0.73,21306.3,286757.937,72.32,74.19,70.7,72.58
20070817,600519.SH,136.18,141.18,134.51,135.16,135.01,0.15000000000000568,0.11,24164.37,330979.043,73.21,75.9,72.32,72.67
20070820,600519.SH,137.1,144.8,137.1,143.49,135.16,8.330000000000013,6.16,18751.35,265241.753,73.71,77.85,73.71,77.14
20070821,600519.SH,143.52,150.0,143.52,148.04,143.49,4.549999999999983,3.17,18810.98,278103.261,77.16,80.64,77.16,79.59
20070822,600519.SH,146.0,156.8,145.5,155.23,148.04,7.189999999999998,4.86,26195.15,401151.824,78.49,84.3,78.22,83.46
20070823,600519.SH,155.22,161.2,154.0,159.95,155.23,4.719999999999999,3.04,19263.67,304024.687,83.45,86.67,82.79,85.99
20070824,600519.SH,159.89,161.99,156.0,157.15,159.95,-2.799999999999983,-1.75,20630.17,326076.166,85.96,87.09,83.87,84.49
20070827,600519.SH,157.0,159.98,155.0,155.06,157.15,-2.0900000000000034,-1.33,20822.82,327422.195,84.41,86.01,83.33,83.36
20070828,600519.SH,154.01,156.0,153.1,153.79,155.06,-1.2700000000000102,-0.82,17205.5,265824.52,82.8,83.87,82.31,82.68
20070829,600519.SH,152.78,157.46,152.0,153.6,153.79,-0.18999999999999773,-0.12,11997.01,186047.475,82.14,84.65,81.72,82.58
20070830,600519.SH,153.9,155.79,153.45,154.99,153.6,1.3900000000000148,0.9,9194.87,142153.246,82.74,83.76,82.5,83.33
20070831,600519.SH,155.0,160.1,154.0,159.93,154.99,4.939999999999998,3.19,10007.4,158100.458,83.33,86.07,82.79,85.98
20070903,600519.SH,160.9,163.4,159.5,159.82,159.93,-0.11000000000001364,-0.07,18749.14,303353.295,86.5,87.85,85.75,85.92
20070904,600519.SH,159.6,159.6,151.0,152.8,159.82,-7.019999999999982,-4.39,47220.08,723864.066,85.81,85.81,81.18,82.15
20070905,600519.SH,152.92,154.95,148.58,151.81,152.8,-0.9900000000000091,-0.65,22879.69,343653.908,82.21,83.31,79.88,81.62
20070906,600519.SH,152.0,152.0,148.9,149.99,151.81,-1.8199999999999932,-1.2,27525.58,412746.126,81.72,81.72,80.05,80.64
20070907,600519.SH,149.99,149.99,143.9,144.46,149.99,-5.530000000000001,-3.69,33011.69,480091.647,80.64,80.64,77.36,77.67
20070910,600519.SH,140.25,144.31,140.25,142.11,144.46,-2.3499999999999943,-1.63,40802.08,577753.207,75.4,77.58,75.4,76.4
20070911,600519.SH,142.0,146.48,142.0,143.8,142.11,1.6899999999999977,1.19,25866.08,374651.914,76.34,78.75,76.34,77.31
20070912,600519.SH,143.0,146.0,140.33,143.72,143.8,-0.0800000000000125,-0.06,12191.84,173598.048,76.88,78.49,75.44,77.27
20070913,600519.SH,144.0,144.5,141.0,143.84,143.72,0.12000000000000455,0.08,21165.7,302740.276,77.42,77.69,75.81,77.33
20070914,600519.SH,144.0,150.0,141.73,148.39,143.84,4.549999999999983,3.16,36625.8,533527.808,77.42,80.64,76.2,79.78
20070917,600519.SH,148.0,152.98,145.76,151.97,148.39,3.5800000000000125,2.41,38819.24,581454.298,79.57,82.25,78.36,81.7
20070918,600519.SH,152.2,152.2,144.88,146.47,151.97,-5.5,-3.62,14836.66,218334.186,81.83,81.83,77.89,78.75
20070919,600519.SH,145.1,145.5,139.77,141.5,146.47,-4.969999999999999,-3.39,29013.21,410862.934,78.01,78.22,75.14,76.07
20070920,600519.SH,141.72,145.85,141.72,145.03,141.5,3.530000000000001,2.49,12903.05,185888.065,76.19,78.41,76.19,77.97
20070921,600519.SH,145.06,145.49,141.8,144.85,145.03,-0.18000000000000682,-0.12,12787.93,183153.72,77.99,78.22,76.24,77.88
20070924,600519.SH,144.0,145.8,140.51,141.5,144.85,-3.3499999999999943,-2.31,31704.62,450160.399,77.42,78.39,75.54,76.07
20070925,600519.SH,141.46,143.3,138.58,140.91,141.5,-0.5900000000000034,-0.42,30249.82,424466.923,76.05,77.04,74.5,75.76
20070926,600519.SH,139.01,147.5,139.01,145.68,140.91,4.77000000000001,3.39,30959.59,450482.553,74.74,79.3,74.74,78.32
20070927,600519.SH,145.67,147.5,142.55,146.09,145.68,0.4099999999999966,0.28,12714.7,185721.03,78.32,79.3,76.64,78.54
20070928,600519.SH,145.98,152.6,145.52,150.47,146.09,4.3799999999999955,3.0,26937.13,406110.739,78.48,82.04,78.24,80.9
20071008,600519.SH,151.53,154.81,147.0,147.15,150.47,-3.319999999999993,-2.21,23392.8,349755.743,81.47,83.23,79.03,79.11
20071009,600519.SH,146.5,161.0,146.5,158.76,147.15,11.609999999999985,7.89,37710.99,587350.51,78.76,86.56,78.76,85.35
20071010,600519.SH,160.71,168.4,157.0,164.47,158.76,5.710000000000008,3.6,22651.11,370471.299,86.4,90.54,84.41,88.42
20071011,600519.SH,164.84,177.0,164.5,173.27,164.47,8.800000000000011,5.35,30558.29,530601.955,88.62,95.16,88.44,93.15
20071012,600519.SH,175.1,180.41,168.0,178.81,173.27,5.539999999999992,3.2,26009.08,456041.256,94.14,96.99,90.32,96.13
20071015,600519.SH,176.1,194.0,176.1,188.58,178.81,9.77000000000001,5.46,20908.12,388728.699,94.68,104.3,94.68,101.39
20071016,600519.SH,188.99,188.99,181.12,185.03,188.58,-3.5500000000000114,-1.88,21093.53,389861.626,101.61,101.61,97.37,99.48
20071017,600519.SH,184.0,184.0,181.0,182.0,185.03,-3.030000000000001,-1.64,14707.72,267399.495,98.92,98.92,97.31,97.85
20071018,600519.SH,178.68,182.0,174.0,176.79,182.0,-5.210000000000008,-2.86,19954.08,355237.068,96.06,97.85,93.55,95.05
20071019,600519.SH,176.5,186.0,176.5,180.16,176.79,3.3700000000000045,1.91,17728.68,320347.389,94.89,100.0,94.89,96.86
20071022,600519.SH,178.0,182.0,175.5,178.91,180.16,-1.25,-0.69,7797.37,139362.375,95.7,97.85,94.35,96.19
20071023,600519.SH,183.5,193.0,183.3,188.0,178.91,9.090000000000003,5.08,22290.93,420266.818,98.65,103.76,98.55,101.07
20071024,600519.SH,188.05,199.0,169.2,191.99,188.0,3.990000000000009,2.12,25469.44,485816.458,101.1,106.99,90.97,103.22
20071025,600519.SH,189.0,198.0,186.0,193.75,191.99,1.759999999999991,0.92,20353.28,394422.086,101.61,106.45,100.0,104.16
20071026,600519.SH,190.74,196.0,185.12,195.04,193.75,1.289999999999992,0.67,20010.33,379656.727,102.55,105.37,99.53,104.86
20071029,600519.SH,193.01,197.5,188.88,190.74,195.04,-4.299999999999983,-2.2,11073.61,212842.981,103.77,106.18,101.55,102.55
20071030,600519.SH,192.02,193.98,183.33,187.4,190.74,-3.3400000000000034,-1.75,12564.86,233823.943,103.23,104.29,98.56,100.75
20071031,600519.SH,187.81,192.4,187.81,191.01,187.4,3.609999999999985,1.93,10814.22,206054.37,100.97,103.44,100.97,102.69
20071101,600519.SH,192.5,192.5,183.9,184.82,191.01,-6.189999999999998,-3.24,9620.49,178327.384,103.49,103.49,98.87,99.36
20071102,600519.SH,183.0,184.79,178.0,184.07,184.82,-0.75,-0.41,13835.8,250008.018,98.39,99.35,95.7,98.96
20071105,600519.SH,184.0,186.0,180.0,182.01,184.07,-2.0600000000000023,-1.12,5279.3,96705.832,98.92,100.0,96.77,97.85
20071106,600519.SH,180.08,185.62,180.08,181.93,182.01,-0.07999999999998408,-0.04,2459.19,44828.815,96.82,99.79,96.82,97.81
20071107,600519.SH,182.5,185.0,177.4,178.68,181.93,-3.25,-1.79,9085.71,162628.67,98.12,99.46,95.37,96.06
20071108,600519.SH,178.72,179.99,172.01,174.02,178.68,-4.659999999999997,-2.61,5723.11,99837.136,96.08,96.77,92.48,93.56
20071109,600519.SH,172.02,177.3,170.5,171.52,174.02,-2.5,-1.44,5126.65,88657.729,92.48,95.32,91.67,92.21
20071112,600519.SH,171.61,172.6,167.5,170.32,171.52,-1.200000000000017,-0.7,15224.22,256445.671,92.26,92.79,90.05,91.57
20071113,600519.SH,172.0,182.95,172.0,177.78,170.32,7.460000000000008,4.38,23911.44,425423.638,92.47,98.36,92.47,95.58
20071114,600519.SH,177.78,187.35,177.78,186.97,177.78,9.189999999999998,5.17,11164.03,203847.742,95.58,100.72,95.58,100.52
20071115,600519.SH,187.07,187.07,183.2,184.0,186.97,-2.969999999999999,-1.59,10557.82,195317.064,100.57,100.57,98.49,98.92
20071116,600519.SH,183.5,183.5,179.32,179.99,184.0,-4.009999999999991,-2.18,3715.66,67016.964,98.65,98.65,96.41,96.77
20071119,600519.SH,180.0,186.0,177.6,182.5,179.99,2.509999999999991,1.39,5397.34,98848.664,96.77,100.0,95.48,98.12
20071120,600519.SH,182.5,186.0,182.0,185.52,182.5,3.0200000000000102,1.65,9472.92,174670.137,98.12,100.0,97.85,99.74
20071121,600519.SH,186.0,187.3,182.48,184.57,185.52,-0.950000000000017,-0.51,12411.0,229047.999,100.0,100.7,98.11,99.23
20071122,600519.SH,182.0,184.0,177.77,178.26,184.57,-6.310000000000002,-3.42,7726.89,140489.848,97.85,98.92,95.57,95.84
20071123,600519.SH,178.0,181.0,172.5,174.0,178.26,-4.259999999999991,-2.39,7692.24,134898.312,95.7,97.31,92.74,93.55
20071126,600519.SH,177.5,179.98,175.0,179.32,174.0,5.319999999999993,3.06,8656.49,154008.451,95.43,96.76,94.08,96.41
20071127,600519.SH,178.9,184.0,176.5,182.12,179.32,2.8000000000000114,1.56,11036.38,199433.858,96.18,98.92,94.89,97.91
20071128,600519.SH,180.2,182.2,172.0,176.63,182.12,-5.490000000000009,-3.01,11406.0,201326.44,96.88,97.96,92.47,94.96
20071129,600519.SH,175.02,178.99,172.48,175.49,176.63,-1.1399999999999864,-0.65,18463.21,323298.143,94.1,96.23,92.73,94.35
20071130,600519.SH,177.8,177.8,173.0,173.49,175.49,-2.0,-1.14,14272.92,248057.71,95.59,95.59,93.01,93.27
20071203,600519.SH,172.53,175.0,172.5,174.12,173.49,0.6299999999999955,0.36,8515.64,147689.836,92.76,94.08,92.74,93.61
20071204,600519.SH,174.5,178.5,174.5,176.5,174.12,2.3799999999999955,1.37,9009.89,158913.696,93.82,95.97,93.82,94.89
20071205,600519.SH,176.6,185.0,176.6,183.01,176.5,6.509999999999991,3.69,9929.85,180611.804,94.94,99.46,94.94,98.39
20071206,600519.SH,184.97,184.97,181.5,184.38,183.01,1.3700000000000045,0.75,5273.99,96863.844,99.44,99.44,97.58,99.13
20071207,600519.SH,184.89,194.0,184.89,193.04,184.38,8.659999999999997,4.7,11615.19,222166.859,99.4,104.3,99.4,103.78
20071211,600519.SH,199.0,206.2,198.5,201.72,193.04,8.680000000000007,4.5,29702.27,596580.876,106.99,110.86,106.72,108.45
20071212,600519.SH,201.4,206.2,199.96,201.8,201.72,0.0800000000000125,0.04,25281.87,511973.884,108.28,110.86,107.5,108.49
20071213,600519.SH,200.0,203.5,197.0,200.49,201.8,-1.3100000000000023,-0.65,17437.49,349075.78,107.53,109.41,105.91,107.79
20071214,600519.SH,199.0,217.88,197.03,216.0,200.49,15.509999999999991,7.74,16003.46,331667.409,106.99,117.14,105.93,116.13
20071217,600519.SH,215.1,225.0,207.0,211.0,216.0,-5.0,-2.31,17451.32,373879.346,115.64,120.97,111.29,113.44
20071218,600519.SH,207.1,207.11,198.01,200.99,211.0,-10.009999999999991,-4.74,18507.65,372844.742,111.34,111.35,106.46,108.06
20071219,600519.SH,203.8,205.9,196.99,202.95,200.99,1.9599999999999795,0.98,13933.65,278674.107,109.57,110.7,105.91,109.11
20071220,600519.SH,205.8,206.24,200.05,203.78,202.95,0.8300000000000125,0.41,6903.41,140714.576,110.64,110.88,107.55,109.56
20071221,600519.SH,204.0,212.4,204.0,211.03,203.78,7.25,3.56,9515.87,198189.104,109.68,114.19,109.68,113.46
20071224,600519.SH,215.88,215.95,208.98,209.38,211.03,-1.6500000000000057,-0.78,21203.79,449776.303,116.06,116.1,112.35,112.57
20071225,600519.SH,209.38,218.38,209.38,216.5,209.38,7.1200000000000045,3.4,17156.78,368772.023,112.57,117.41,112.57,116.4
20071226,600519.SH,215.98,223.5,215.05,222.01,216.5,5.509999999999991,2.55,14593.84,322367.541,116.12,120.16,115.62,119.36
20071227,600519.SH,222.0,225.3,217.2,224.85,222.01,2.8400000000000034,1.28,21906.98,485898.989,119.35,121.13,116.77,120.89
20071228,600519.SH,221.6,230.1,217.77,230.0,224.85,5.150000000000006,2.29,26627.99,600445.954,119.14,123.71,117.08,123.65
20080102,600519.SH,227.0,228.94,221.0,222.02,230.0,-7.97999999999999,-3.47,19085.75,428486.871,122.04,123.08,118.82,119.36
20080103,600519.SH,222.3,227.0,211.78,214.15,222.02,-7.8700000000000045,-3.54,29799.46,638361.163,119.51,122.04,113.86,115.13
20080104,600519.SH,212.0,216.08,208.0,215.24,214.15,1.0900000000000034,0.51,33303.68,704732.968,113.98,116.17,111.83,115.72
20080107,600519.SH,215.49,219.0,209.96,212.33,215.24,-2.9099999999999966,-1.35,30409.17,646078.99,115.85,117.74,112.88,114.15
20080108,600519.SH,211.0,217.59,208.6,215.03,212.33,2.6999999999999886,1.27,32218.28,682166.585,113.44,116.98,112.15,115.61
20080109,600519.SH,211.88,216.96,211.88,215.04,215.03,0.009999999999990905,0.0,12009.6,256589.157,113.91,116.64,113.91,115.61
20080110,600519.SH,216.0,219.56,213.4,217.08,215.04,2.0400000000000205,0.95,20826.64,450693.94,116.13,118.04,114.73,116.71
20080111,600519.SH,218.0,219.85,212.0,216.02,217.08,-1.0600000000000023,-0.49,19811.08,425014.224,117.2,118.2,113.98,116.14
20080114,600519.SH,225.0,228.6,218.5,224.12,216.02,8.099999999999994,3.75,42925.07,959882.221,120.97,122.9,117.47,120.49
20080115,600519.SH,224.4,230.55,224.4,228.36,224.12,4.240000000000009,1.89,21303.22,486145.572,120.64,123.95,120.64,122.77
20080116,600519.SH,226.8,227.0,222.0,222.84,228.36,-5.52000000000001,-2.42,22419.08,502236.876,121.93,122.04,119.35,119.8
20080117,600519.SH,223.49,223.5,216.0,218.0,222.84,-4.840000000000003,-2.17,31613.52,697313.171,120.15,120.16,116.13,117.2
20080118,600519.SH,218.06,219.5,213.0,214.97,218.0,-3.030000000000001,-1.39,20416.94,441871.091,117.23,118.01,114.51,115.57
20080121,600519.SH,215.45,217.28,207.0,211.01,214.97,-3.960000000000008,-1.84,24986.81,531115.484,115.83,116.82,111.29,113.44
20080122,600519.SH,206.98,219.95,201.0,210.53,211.01,-0.47999999999998977,-0.23,44908.66,949589.574,111.28,118.25,108.06,113.19
20080123,600519.SH,214.1,220.3,212.64,220.12,210.53,9.590000000000003,4.56,23146.33,502720.215,115.11,118.44,114.32,118.34
20080124,600519.SH,222.0,224.3,217.0,222.0,220.12,1.8799999999999955,0.85,18485.56,408534.678,119.35,120.59,116.66,119.35
20080125,600519.SH,221.9,225.5,216.0,218.89,222.0,-3.1100000000000136,-1.4,17993.11,397838.438,119.3,121.23,116.13,117.68
20080128,600519.SH,215.5,220.0,208.9,214.79,218.89,-4.099999999999994,-1.87,14170.41,303150.636,115.86,118.28,112.31,115.48
20080129,600519.SH,214.85,218.0,213.0,215.46,214.79,0.6700000000000159,0.31,10107.03,217278.903,115.51,117.2,114.51,115.84
20080130,600519.SH,217.0,217.0,206.2,214.76,215.46,-0.700000000000017,-0.32,29331.97,621090.086,116.66,116.66,110.86,115.46
20080131,600519.SH,210.99,213.0,206.0,206.03,214.76,-8.72999999999999,-4.07,13904.99,289075.904,113.43,114.51,110.75,110.77
20080201,600519.SH,204.99,204.99,198.9,202.51,206.03,-3.5200000000000102,-1.71,21466.95,431423.198,110.21,110.21,106.93,108.87
20080204,600519.SH,204.61,214.65,204.0,211.98,202.51,9.469999999999999,4.68,29546.33,617972.158,110.0,115.4,109.68,113.97
20080205,600519.SH,212.0,212.0,208.0,209.38,211.98,-2.5999999999999943,-1.23,8478.3,177590.097,113.98,113.98,111.83,112.57
20080213,600519.SH,208.0,208.0,202.0,203.0,209.38,-6.3799999999999955,-3.05,4971.72,101444.765,111.83,111.83,108.6,109.14
20080214,600519.SH,205.0,205.9,202.1,203.11,203.0,0.11000000000001364,0.05,7556.16,153806.138,110.21,110.7,108.65,109.2
20080215,600519.SH,202.97,203.0,198.0,201.08,203.11,-2.030000000000001,-1.0,12811.1,256163.7,109.12,109.14,106.45,108.11
20080218,600519.SH,201.8,207.1,201.8,206.96,201.08,5.8799999999999955,2.92,12576.82,257765.662,108.49,111.34,108.49,111.27
20080219,600519.SH,206.95,208.0,203.0,206.99,206.96,0.030000000000001137,0.01,7287.33,149403.801,111.26,111.83,109.14,111.28
20080220,600519.SH,207.0,209.9,205.15,206.1,206.99,-0.8900000000000148,-0.43,9701.39,200650.696,111.29,112.85,110.29,110.8
20080221,600519.SH,208.5,208.89,204.8,205.44,206.1,-0.6599999999999966,-0.32,12204.08,250662.269,112.09,112.3,110.11,110.45
20080222,600519.SH,205.01,206.47,197.0,200.6,205.44,-4.840000000000003,-2.36,19421.93,391675.409,110.22,111.0,105.91,107.85
20080225,600519.SH,199.9,200.0,196.0,196.86,200.6,-3.7399999999999807,-1.86,11217.79,222633.128,107.47,107.53,105.37,105.84
20080226,600519.SH,198.0,200.35,185.9,187.8,196.86,-9.060000000000002,-4.6,35143.23,669275.552,106.45,107.71,99.94,100.97
20080227,600519.SH,187.0,195.0,183.2,192.18,187.8,4.3799999999999955,2.33,12116.16,231597.749,100.54,104.84,98.49,103.32
20080228,600519.SH,192.19,194.0,188.02,190.0,192.18,-2.180000000000007,-1.13,7226.37,137808.743,103.33,104.3,101.08,102.15
20080229,600519.SH,190.5,195.98,188.1,195.0,190.0,5.0,2.63,7114.4,137296.143,102.42,105.36,101.13,104.84
20080303,600519.SH,204.1,214.5,204.1,214.5,195.0,19.5,10.0,17783.17,380241.62,109.73,115.32,109.73,115.32
20080304,600519.SH,225.82,228.9,217.05,220.93,214.5,6.430000000000007,3.0,37898.26,847885.908,121.41,123.06,116.69,118.78
20080305,600519.SH,220.91,226.1,217.5,220.67,220.93,-0.2600000000000193,-0.12,14038.69,310232.368,118.77,121.56,116.93,118.64
20080306,600519.SH,220.68,224.0,216.8,217.02,220.67,-3.6499999999999773,-1.65,8197.36,180277.491,118.64,120.43,116.56,116.68
20080307,600519.SH,216.25,216.51,209.1,213.17,217.02,-3.8500000000000227,-1.77,14896.27,315047.844,116.26,116.4,112.42,114.61
20080310,600519.SH,210.0,215.02,207.2,209.59,213.17,-3.579999999999984,-1.68,10672.85,223726.599,112.9,115.6,111.4,112.68
20080311,600519.SH,207.5,216.5,206.05,214.78,209.59,5.189999999999998,2.48,11377.28,241463.106,111.56,116.4,110.78,115.47
20080312,600519.SH,217.99,218.78,208.36,212.25,214.78,-2.530000000000001,-1.18,6119.6,130239.209,117.2,117.62,112.02,114.11
20080313,600519.SH,198.11,215.0,191.04,212.7,212.25,0.44999999999998863,0.21,16690.09,344992.828,106.51,115.59,102.71,114.35
20080314,600519.SH,209.8,209.8,203.99,205.04,212.7,-7.659999999999997,-3.6,11858.08,244698.923,112.79,112.79,109.67,110.23
20080317,600519.SH,200.03,203.98,198.5,200.71,205.04,-4.329999999999984,-2.11,17189.18,344059.102,107.54,109.66,106.72,107.91
20080318,600519.SH,196.84,200.0,186.0,189.54,200.71,-11.170000000000016,-5.57,30224.86,577180.431,105.83,107.53,100.0,101.9
20080319,600519.SH,189.01,195.0,188.11,191.08,189.54,1.5400000000000205,0.81,18579.29,355372.038,101.62,104.84,101.13,102.73
20080320,600519.SH,189.9,196.0,179.5,192.94,191.08,1.8599999999999852,0.97,14755.99,275079.993,102.1,105.37,96.5,103.73
20080321,600519.SH,194.3,197.0,191.2,193.68,192.94,0.7400000000000091,0.38,3999.04,77823.413,104.46,105.91,102.79,104.13
20080324,600519.SH,194.0,196.36,189.6,192.31,193.68,-1.3700000000000045,-0.71,9356.77,179280.128,104.3,105.57,101.93,103.39
20080325,600519.SH,188.0,191.98,186.0,186.96,192.31,-5.349999999999994,-2.78,11287.82,211875.344,101.07,103.21,100.0,100.51
20080326,600519.SH,187.5,190.0,183.0,185.49,186.96,-1.4699999999999989,-0.79,4475.11,83590.677,100.8,102.15,98.39,99.72
20080327,600519.SH,181.0,187.98,180.9,181.06,185.49,-4.430000000000007,-2.39,18924.65,344830.534,97.31,101.06,97.26,97.34
20080328,600519.SH,181.5,187.6,180.0,186.58,181.06,5.52000000000001,3.05,6716.2,123097.898,97.58,100.86,96.77,100.31
20080331,600519.SH,185.8,189.5,183.0,187.71,186.58,1.1299999999999955,0.61,15021.08,281358.73,99.89,101.88,98.39,100.92
20080401,600519.SH,189.5,189.5,182.0,184.65,187.71,-3.0600000000000023,-1.63,13679.0,252613.478,101.88,101.88,97.85,99.27
20080402,600519.SH,184.0,189.0,172.01,182.58,184.65,-2.069999999999993,-1.12,16431.03,298960.718,98.92,101.61,92.48,98.16
20080403,600519.SH,179.0,182.0,175.0,178.01,182.58,-4.570000000000022,-2.5,13419.76,237997.145,96.23,97.85,94.08,95.7
20080407,600519.SH,177.0,185.5,175.0,184.78,178.01,6.77000000000001,3.8,21968.69,394870.541,95.16,99.73,94.08,99.34
20080408,600519.SH,184.5,193.0,182.0,191.53,184.78,6.75,3.65,13058.19,247291.459,99.19,103.76,97.85,102.97
20080409,600519.SH,188.7,190.0,182.85,183.45,191.53,-8.080000000000013,-4.22,12507.13,234604.519,101.45,102.15,98.3,98.63
20080410,600519.SH,182.0,183.0,175.9,178.39,183.45,-5.060000000000002,-2.76,20409.77,365825.52,97.85,98.39,94.57,95.91
20080411,600519.SH,178.5,179.0,175.0,175.65,178.39,-2.7399999999999807,-1.54,23957.73,424169.97,95.97,96.23,94.08,94.43
20080414,600519.SH,174.98,174.98,167.68,168.09,175.65,-7.560000000000002,-4.3,21684.37,369038.598,94.07,94.07,90.15,90.37
20080415,600519.SH,167.0,168.5,161.5,168.38,168.09,0.28999999999999204,0.17,20148.4,330691.48,89.78,90.59,86.83,90.53
20080416,600519.SH,168.0,173.0,164.06,169.12,168.38,0.7400000000000091,0.44,15638.77,265734.673,90.32,93.01,88.2,90.92
20080417,600519.SH,170.5,174.0,166.1,169.12,169.12,0.0,0.0,10401.05,176634.095,91.67,93.55,89.3,90.92
20080418,600519.SH,166.65,172.5,164.0,170.06,169.12,0.9399999999999977,0.56,13767.97,229547.374,89.6,92.74,88.17,91.43
20080421,600519.SH,180.0,183.0,166.02,171.54,170.06,1.4799999999999898,0.87,14522.56,250079.531,96.77,98.39,89.26,92.22
20080422,600519.SH,166.0,172.0,155.0,165.2,171.54,-6.340000000000003,-3.7,22129.42,359871.902,89.25,92.47,83.33,88.82
20080423,600519.SH,161.4,173.0,157.0,171.02,165.2,5.820000000000022,3.52,12669.88,211089.327,86.77,93.01,84.41,91.94
20080424,600519.SH,183.0,188.12,177.0,185.97,171.02,14.949999999999989,8.74,39321.87,718031.257,98.39,101.14,95.16,99.98
20080425,600519.SH,184.0,184.0,177.8,177.82,185.97,-8.150000000000006,-4.38,23845.07,429087.518,98.92,98.92,95.59,95.6
20080428,600519.SH,175.99,177.47,170.17,176.6,177.82,-1.2199999999999989,-0.69,12772.32,220439.148,94.62,95.41,91.49,94.94
20080429,600519.SH,172.01,177.77,172.01,176.57,176.6,-0.030000000000001137,-0.02,6149.26,107374.297,92.48,95.57,92.48,94.93
20080430,600519.SH,176.66,184.9,176.66,183.13,176.57,6.560000000000002,3.72,11883.27,215284.885,94.98,99.41,94.98,98.46
20080505,600519.SH,183.4,185.58,181.88,183.66,183.13,0.5300000000000011,0.29,8089.73,148396.736,98.6,99.77,97.78,98.74
20080506,600519.SH,183.0,183.0,178.08,179.78,183.66,-3.8799999999999955,-2.11,8487.61,152222.994,98.39,98.39,95.74,96.65
20080507,600519.SH,178.0,181.6,175.48,175.54,179.78,-4.240000000000009,-2.36,7353.75,131020.228,95.7,97.63,94.34,94.37
20080508,600519.SH,174.99,179.8,171.0,179.03,175.54,3.490000000000009,1.99,8860.66,154116.406,94.08,96.67,91.93,96.25
20080509,600519.SH,179.99,179.99,175.51,177.74,179.03,-1.289999999999992,-0.72,5774.01,102419.877,96.77,96.77,94.36,95.56
20080512,600519.SH,174.49,182.55,172.8,181.0,177.74,3.259999999999991,1.83,9206.33,163594.356,93.81,98.14,92.9,97.31
20080513,600519.SH,176.48,182.9,175.2,178.96,181.0,-2.039999999999992,-1.13,5145.06,91723.212,94.88,98.33,94.19,96.21
20080514,600519.SH,177.3,181.3,177.12,180.76,178.96,1.799999999999983,1.01,6008.44,108222.058,95.32,97.47,95.22,97.18
20080515,600519.SH,182.0,187.5,179.0,183.58,180.76,2.8200000000000216,1.56,14690.44,271639.672,97.85,100.8,96.23,98.7
20080516,600519.SH,183.0,186.0,182.05,182.94,183.58,-0.6400000000000148,-0.35,4673.32,85690.776,98.39,100.0,97.87,98.35
20080519,600519.SH,182.94,182.94,179.06,180.01,182.94,-2.930000000000007,-1.6,3828.32,68955.076,98.35,98.35,96.27,96.78
20080520,600519.SH,178.1,181.2,173.0,173.09,180.01,-6.9199999999999875,-3.84,9927.35,176605.312,95.75,97.42,93.01,93.06
20080521,600519.SH,171.6,177.0,170.0,173.64,173.09,0.549999999999983,0.32,19542.96,334549.9,92.26,95.16,91.4,93.35
20080522,600519.SH,173.34,175.0,168.44,172.84,173.64,-0.799999999999983,-0.46,7536.39,129331.816,93.19,94.08,90.56,92.92
20080523,600519.SH,170.01,173.0,170.0,172.0,172.84,-0.8400000000000034,-0.49,12891.14,220240.585,91.4,93.01,91.4,92.47
20080526,600519.SH,170.0,173.0,170.0,172.84,172.0,0.8400000000000034,0.49,7354.52,125694.889,91.4,93.01,91.4,92.92
20080527,600519.SH,170.98,174.0,169.6,169.81,172.84,-3.030000000000001,-1.75,15455.89,265513.865,91.92,93.55,91.18,91.29
20080529,600519.SH,169.88,172.0,167.25,169.84,169.81,0.030000000000001137,0.02,9431.31,160096.339,91.33,92.47,89.92,91.31
20080530,600519.SH,169.7,170.5,167.01,168.14,169.84,-1.700000000000017,-1.0,5203.08,87809.655,91.24,91.67,89.79,90.4
20080602,600519.SH,168.8,172.0,164.0,171.18,168.14,3.0400000000000205,1.81,8423.12,141068.877,90.75,92.47,88.17,92.03
20080603,600519.SH,170.0,172.0,169.51,170.79,171.18,-0.3900000000000148,-0.23,6577.03,112098.666,91.4,92.47,91.13,91.82
20080604,600519.SH,168.04,170.0,167.69,168.18,170.79,-2.609999999999985,-1.53,6770.3,113903.649,90.34,91.4,90.15,90.42
20080605,600519.SH,168.0,170.88,164.7,164.99,168.18,-3.1899999999999977,-1.9,3922.05,65373.349,90.32,91.87,88.55,88.7
20080606,600519.SH,164.99,165.01,161.01,163.82,164.99,-1.170000000000016,-0.71,7814.69,127119.585,88.7,88.71,86.56,88.07
20080610,600519.SH,159.06,160.99,156.11,157.83,163.82,-5.989999999999981,-3.66,12715.58,201611.524,85.51,86.55,83.93,84.85
20080611,600519.SH,156.83,158.0,154.0,157.49,157.83,-0.3400000000000034,-0.22,9126.31,142357.442,84.32,84.94,82.79,84.67
20080612,600519.SH,157.48,157.48,147.4,151.21,157.49,-6.280000000000001,-3.99,13789.9,210043.603,84.67,84.67,79.25,81.29
20080613,600519.SH,148.11,151.4,148.11,149.49,151.21,-1.7199999999999989,-1.14,6186.34,92612.196,79.63,81.4,79.63,80.37
20080616,600519.SH,147.7,148.0,144.44,144.5,149.49,-4.990000000000009,-3.34,10219.54,148642.35,79.84,80.01,78.08,78.11
20080617,600519.SH,143.51,143.51,140.11,141.97,144.5,-2.530000000000001,-1.75,17474.15,246424.803,77.58,77.58,75.74,76.75
20080618,600519.SH,140.32,145.0,139.58,144.29,141.97,2.319999999999993,1.63,17592.4,250451.606,75.85,78.38,75.45,78.0
20080619,600519.SH,144.8,144.8,140.0,140.47,144.29,-3.819999999999993,-2.65,6970.38,98494.725,78.28,78.28,75.68,75.94
20080620,600519.SH,140.0,145.38,139.19,143.91,140.47,3.4399999999999977,2.45,14177.52,202610.966,75.68,78.59,75.24,77.8
20080623,600519.SH,142.0,142.0,134.01,134.9,143.91,-9.009999999999991,-6.26,15406.15,212913.434,76.76,76.76,72.44,72.92
20080624,600519.SH,130.11,137.5,128.0,136.63,134.9,1.7299999999999898,1.28,22052.73,297466.611,70.34,74.33,69.19,73.86
20080625,600519.SH,135.2,145.0,134.01,144.51,136.63,7.8799999999999955,5.77,12782.54,180759.313,73.09,78.38,72.44,78.12
20080626,600519.SH,146.5,148.0,142.5,145.55,144.51,1.0400000000000205,0.72,7753.52,111847.423,79.2,80.01,77.03,78.68
20080627,600519.SH,142.39,143.65,139.01,140.26,145.55,-5.2900000000000205,-3.63,16260.46,228606.779,76.97,77.66,75.15,75.82
20080630,600519.SH,138.0,142.0,137.11,138.58,140.26,-1.6799999999999784,-1.2,8497.92,118554.068,74.6,76.76,74.12,74.91
20080701,600519.SH,138.58,138.58,136.0,136.7,138.58,-1.8800000000000239,-1.36,7677.65,105264.085,74.91,74.91,73.52,73.9
20080702,600519.SH,136.5,137.99,135.01,136.11,136.7,-0.589999999999975,-0.43,6045.8,82567.695,73.79,74.6,72.98,73.58
20080703,600519.SH,134.73,143.0,134.42,141.03,136.11,4.9199999999999875,3.61,7895.1,109603.235,72.83,77.3,72.67,76.24
20080704,600519.SH,141.03,142.25,139.03,141.28,141.03,0.25,0.18,3982.05,56193.917,76.24,76.9,75.16,76.37
20080707,600519.SH,141.28,146.5,140.0,146.01,141.28,4.72999999999999,3.35,12514.57,180401.01,76.37,79.2,75.68,78.93
20080708,600519.SH,145.87,147.7,143.25,143.79,146.01,-2.219999999999999,-1.52,13648.36,198628.781,78.86,79.84,77.44,77.73
20080709,600519.SH,144.51,148.0,144.51,145.8,143.79,2.0100000000000193,1.4,10183.03,149141.345,78.12,80.01,78.12,78.82
20080710,600519.SH,145.0,147.33,144.3,146.05,145.8,0.25,0.17,7170.03,104839.731,78.38,79.64,78.01,78.95
20080711,600519.SH,145.01,146.78,144.0,144.51,146.05,-1.5400000000000205,-1.05,3016.77,43833.508,78.39,79.35,77.84,78.12
20080714,600519.SH,144.98,147.5,143.8,147.1,144.51,2.5900000000000034,1.79,5258.11,77047.467,78.37,79.74,77.74,79.52
20080715,600519.SH,147.11,148.18,144.81,145.33,147.1,-1.7699999999999818,-1.2,5735.25,83892.162,79.53,80.1,78.28,78.56
20080716,600519.SH,144.8,148.24,143.0,147.64,145.33,2.309999999999974,1.59,9010.48,132617.391,78.28,80.14,77.3,79.81
20080717,600519.SH,147.7,157.8,147.7,155.19,147.64,7.550000000000011,5.11,18015.51,279088.472,79.84,85.3,79.84,83.89
20080718,600519.SH,153.0,158.49,152.5,157.96,155.19,2.7700000000000102,1.78,9219.66,142269.871,82.71,85.68,82.44,85.39
20080721,600519.SH,156.78,162.0,156.0,161.51,157.96,3.549999999999983,2.25,8192.27,130639.362,84.75,87.57,84.33,87.31
20080722,600519.SH,161.51,164.99,158.0,158.97,161.51,-2.539999999999992,-1.57,4276.27,68299.82,87.31,89.19,85.41,85.94
20080723,600519.SH,158.11,159.52,155.02,156.72,158.97,-2.25,-1.42,4524.93,71187.874,85.47,86.23,83.8,84.72
20080724,600519.SH,157.3,161.5,157.3,161.34,156.72,4.6200000000000045,2.95,4446.81,70637.128,85.03,87.3,85.03,87.22
20080725,600519.SH,160.08,163.0,158.62,161.5,161.34,0.1599999999999966,0.1,5279.51,84972.166,86.54,88.12,85.75,87.3
20080728,600519.SH,162.36,163.5,161.5,162.0,161.5,0.5,0.31,2562.85,41662.711,87.77,88.39,87.3,87.57
20080729,600519.SH,161.99,162.98,158.51,161.78,162.0,-0.21999999999999886,-0.14,3594.19,57706.465,87.57,88.1,85.69,87.46
20080730,600519.SH,162.01,162.3,159.0,160.96,161.78,-0.8199999999999932,-0.51,3499.29,56168.227,87.58,87.74,85.95,87.01
20080731,600519.SH,160.19,160.96,158.52,159.89,160.96,-1.0700000000000216,-0.66,4751.42,75934.188,86.6,87.01,85.69,86.43
20080801,600519.SH,158.81,161.0,156.68,159.04,159.89,-0.8499999999999943,-0.53,3235.71,51369.908,85.85,87.03,84.7,85.97
20080804,600519.SH,157.21,159.95,156.8,157.15,159.04,-1.8899999999999864,-1.19,2850.52,44858.745,84.99,86.47,84.76,84.95
20080805,600519.SH,156.69,158.1,156.0,156.39,157.15,-0.7600000000000193,-0.48,2363.38,37049.801,84.7,85.47,84.33,84.54
20080806,600519.SH,157.38,158.3,155.55,157.46,156.39,1.0700000000000216,0.68,3302.57,51922.049,85.08,85.57,84.09,85.12
20080807,600519.SH,156.55,157.99,152.5,153.53,157.46,-3.930000000000007,-2.5,4279.44,66288.542,84.63,85.41,82.44,83.0
20080808,600519.SH,153.2,154.28,150.8,152.52,153.53,-1.009999999999991,-0.66,6116.98,93064.197,82.82,83.4,81.52,82.45
20080811,600519.SH,149.0,153.0,146.0,146.07,152.52,-6.450000000000017,-4.23,7999.41,119572.175,80.55,82.71,78.93,78.96
20080812,600519.SH,144.9,149.0,143.11,147.64,146.07,1.5699999999999932,1.07,4530.5,66330.532,78.33,80.55,77.36,79.81
20080813,600519.SH,146.99,148.58,146.3,147.96,147.64,0.3200000000000216,0.22,6373.25,93902.071,79.46,80.32,79.09,79.99
20080814,600519.SH,147.99,152.6,146.67,149.01,147.96,1.049999999999983,0.71,12970.55,195801.266,80.0,82.49,79.29,80.55
20080815,600519.SH,149.0,153.0,148.1,151.78,149.01,2.7700000000000102,1.86,5540.96,83530.667,80.55,82.71,80.06,82.05
20080818,600519.SH,151.78,152.9,146.2,146.43,151.78,-5.349999999999994,-3.52,3339.25,50108.017,82.05,82.66,79.03,79.16
20080819,600519.SH,142.09,146.81,142.09,144.02,146.43,-2.4099999999999966,-1.65,6270.08,90342.081,76.81,79.36,76.81,77.86
20080820,600519.SH,143.08,153.0,143.08,151.26,144.02,7.239999999999981,5.03,7250.41,107725.247,77.35,82.71,77.35,81.77
20080821,600519.SH,149.52,153.0,145.01,147.87,151.26,-3.3899999999999864,-2.24,5143.22,76438.604,80.83,82.71,78.39,79.94
20080822,600519.SH,147.97,148.88,144.16,145.27,147.87,-2.5999999999999943,-1.76,2911.23,42273.682,79.99,80.48,77.93,78.53
20080825,600519.SH,145.17,145.9,142.52,144.21,145.27,-1.0600000000000023,-0.73,4776.13,69152.201,78.48,78.87,77.04,77.96
20080826,600519.SH,144.22,144.22,138.8,140.01,144.21,-4.200000000000017,-2.91,4704.71,66199.366,77.96,77.96,75.03,75.69
20080827,600519.SH,138.13,142.49,134.97,135.15,140.01,-4.859999999999985,-3.47,4538.88,62380.812,74.67,77.03,72.96,73.06
20080828,600519.SH,139.98,142.0,136.0,136.5,135.15,1.3499999999999943,1.0,9633.5,132676.988,75.67,76.76,73.52,73.79
20080829,600519.SH,136.98,141.0,136.0,139.99,136.5,3.490000000000009,2.56,9172.11,127159.473,74.05,76.22,73.52,75.68
20080901,600519.SH,139.7,140.3,135.51,135.65,139.99,-4.340000000000003,-3.1,13856.44,190733.791,75.52,75.84,73.25,73.33
20080902,600519.SH,135.66,135.66,127.84,129.99,135.65,-5.659999999999997,-4.17,26629.45,345618.729,73.34,73.34,69.11,70.27
20080903,600519.SH,128.51,128.8,125.69,127.15,129.99,-2.8400000000000034,-2.18,35456.36,449922.401,69.47,69.63,67.95,68.74
20080904,600519.SH,127.16,130.0,126.61,129.44,127.15,2.289999999999992,1.8,8055.84,103033.863,68.74,70.28,68.44,69.97
20080905,600519.SH,127.75,131.8,126.1,131.25,129.44,1.8100000000000023,1.4,8606.8,110693.148,69.06,71.25,68.17,70.95
20080908,600519.SH,131.38,132.55,128.91,130.56,131.25,-0.6899999999999977,-0.53,8048.67,105669.098,71.02,71.65,69.69,70.58
20080909,600519.SH,129.04,133.45,129.04,132.8,130.56,2.240000000000009,1.72,4145.08,54748.548,69.76,72.14,69.76,71.79
20080910,600519.SH,131.5,136.0,131.5,132.77,132.8,-0.030000000000001137,-0.02,6603.79,87984.658,71.09,73.52,71.09,71.77
20080911,600519.SH,133.88,133.88,132.0,132.37,132.77,-0.4000000000000057,-0.3,4657.0,61859.282,72.37,72.37,71.36,71.56
20080912,600519.SH,132.31,134.34,132.31,133.0,132.37,0.6299999999999955,0.48,6201.63,82660.639,71.52,72.62,71.52,71.9
20080916,600519.SH,132.78,132.81,129.02,131.23,133.0,-1.7700000000000102,-1.33,13757.74,179668.933,71.78,71.8,69.75,70.94
20080917,600519.SH,131.33,132.8,127.8,128.18,131.23,-3.049999999999983,-2.32,8523.72,110881.4,71.0,71.79,69.09,69.29
20080918,600519.SH,127.5,128.0,118.18,120.82,128.18,-7.360000000000014,-5.74,30581.71,376114.728,68.92,69.19,63.89,65.31
20080919,600519.SH,132.9,132.9,130.0,132.9,120.82,12.080000000000013,10.0,46747.12,620150.766,71.84,71.84,70.28,71.84
20080922,600519.SH,137.9,144.0,132.73,132.84,132.9,-0.060000000000002274,-0.05,56486.53,768578.26,74.55,77.84,71.75,71.81
20080923,600519.SH,130.08,130.08,120.05,120.31,132.84,-12.530000000000001,-9.43,34955.94,429875.015,70.32,70.32,64.9,65.04
20080924,600519.SH,119.0,126.78,115.18,126.48,120.31,6.170000000000002,5.13,14197.94,173930.712,64.33,68.54,62.26,68.37
20080925,600519.SH,126.5,131.5,126.5,129.19,126.48,2.7099999999999937,2.14,15069.91,194816.771,68.38,71.09,68.38,69.84
20080926,600519.SH,129.91,133.88,129.91,131.89,129.19,2.6999999999999886,2.09,13689.66,180847.064,70.23,72.37,70.23,71.3
20081006,600519.SH,130.8,131.9,125.0,127.18,131.89,-4.7099999999999795,-3.57,6101.71,79100.704,70.71,71.3,67.57,68.75
20081007,600519.SH,125.01,126.0,121.03,124.05,127.18,-3.1300000000000097,-2.46,9957.24,122750.25,67.58,68.11,65.43,67.06
20081008,600519.SH,121.9,123.0,120.13,120.3,124.05,-3.75,-3.02,10344.1,125437.058,65.9,66.49,64.94,65.03
20081009,600519.SH,122.2,122.3,117.5,117.55,120.3,-2.75,-2.29,8767.21,104831.467,66.06,66.11,63.52,63.55
20081010,600519.SH,114.0,114.8,110.11,111.4,117.55,-6.1499999999999915,-5.23,13547.16,152282.552,61.63,62.06,59.52,60.22
20081013,600519.SH,111.0,111.59,102.2,111.47,111.4,0.06999999999999318,0.06,22093.22,235133.757,60.0,60.32,55.25,60.26
20081014,600519.SH,116.17,117.45,106.46,106.6,111.47,-4.8700000000000045,-4.37,11843.98,132830.726,62.8,63.49,57.55,57.63
20081015,600519.SH,103.78,106.99,102.5,104.22,106.6,-2.3799999999999955,-2.23,8842.36,92239.896,56.1,57.84,55.41,56.34
20081016,600519.SH,100.5,104.1,99.0,100.58,104.22,-3.6400000000000006,-3.49,15061.36,153358.634,54.33,56.27,53.52,54.37
20081017,600519.SH,100.03,100.99,94.6,97.89,100.58,-2.6899999999999977,-2.67,28812.43,279732.706,54.07,54.59,51.14,52.92
20081020,600519.SH,95.77,97.8,93.5,96.74,97.89,-1.1500000000000057,-1.17,30447.62,290614.96,51.77,52.87,50.54,52.3
20081021,600519.SH,96.68,99.98,94.5,94.63,96.74,-2.1099999999999994,-2.18,13081.8,126303.889,52.26,54.05,51.09,51.16
20081022,600519.SH,93.77,97.0,92.88,96.38,94.63,1.75,1.85,19006.44,180490.227,50.69,52.44,50.21,52.1
20081023,600519.SH,94.0,99.2,94.0,99.14,96.38,2.760000000000005,2.86,14654.93,143747.863,50.82,53.63,50.82,53.59
20081024,600519.SH,100.0,100.35,95.0,98.28,99.14,-0.8599999999999994,-0.87,8975.61,87060.611,54.06,54.25,51.36,53.13
20081027,600519.SH,95.01,97.5,90.1,91.25,98.28,-7.030000000000001,-7.15,27743.07,256201.117,51.36,52.71,48.71,49.33
20081028,600519.SH,89.92,94.3,88.01,94.28,91.25,3.030000000000001,3.32,13995.19,128811.658,48.61,50.98,47.58,50.97
20081029,600519.SH,94.0,96.05,92.05,95.18,94.28,0.9000000000000057,0.95,12226.83,115424.336,50.82,51.92,49.76,51.45
20081030,600519.SH,95.99,96.5,93.41,95.3,95.18,0.11999999999999034,0.13,10157.16,96284.438,51.89,52.17,50.5,51.52
20081031,600519.SH,94.3,95.1,92.06,92.2,95.3,-3.0999999999999943,-3.25,8705.73,81109.754,50.98,51.41,49.77,49.84
20081103,600519.SH,91.02,93.5,91.02,91.7,92.2,-0.5,-0.54,6306.17,58047.685,49.2,50.54,49.2,49.57
20081104,600519.SH,91.8,92.12,89.65,89.82,91.7,-1.8800000000000097,-2.05,11076.6,100749.26,49.63,49.8,48.46,48.56
20081105,600519.SH,90.6,94.6,89.99,94.01,89.82,4.190000000000012,4.66,11655.66,107649.675,48.98,51.14,48.65,50.82
20081106,600519.SH,91.99,92.99,90.1,90.36,94.01,-3.6500000000000057,-3.88,5997.39,54677.055,49.73,50.27,48.71,48.85
20081107,600519.SH,88.59,89.5,84.2,85.78,90.36,-4.579999999999998,-5.07,35067.14,300147.112,47.89,48.38,45.52,46.37
20081110,600519.SH,86.48,91.58,86.0,90.63,85.78,4.849999999999994,5.65,40708.07,356262.51,46.75,49.51,46.49,48.99
20081111,600519.SH,89.4,89.4,87.38,87.61,90.63,-3.019999999999996,-3.33,27104.01,238775.064,48.33,48.33,47.24,47.36
20081112,600519.SH,85.85,88.18,84.6,87.99,87.61,0.37999999999999545,0.43,18400.88,158558.387,46.41,47.67,45.73,47.57
20081113,600519.SH,87.0,90.01,85.01,89.63,87.99,1.6400000000000006,1.86,35135.08,308558.184,47.03,48.66,45.96,48.45
20081114,600519.SH,90.06,98.59,90.06,98.59,89.63,8.960000000000008,10.0,47308.06,453503.655,48.69,53.3,48.69,53.3
20081117,600519.SH,100.0,102.51,98.0,101.59,98.59,3.0,3.04,25905.85,259620.384,54.06,55.42,52.98,54.92
20081118,600519.SH,101.0,101.0,94.1,96.62,101.59,-4.969999999999999,-4.89,30088.89,293853.929,54.6,54.6,50.87,52.23
20081119,600519.SH,96.62,103.03,95.7,102.43,96.62,5.810000000000002,6.01,16987.48,169157.858,52.23,55.7,51.73,55.37
20081120,600519.SH,100.0,103.2,98.33,100.13,102.43,-2.3000000000000114,-2.25,15678.03,158050.735,54.06,55.79,53.16,54.13
20081121,600519.SH,97.97,103.5,95.66,100.53,100.13,0.4000000000000057,0.4,23917.62,240102.783,52.96,55.95,51.71,54.35
20081124,600519.SH,100.88,102.0,99.5,99.71,100.53,-0.8200000000000074,-0.82,9402.07,94604.336,54.53,55.14,53.79,53.9
20081125,600519.SH,100.0,102.0,97.66,99.16,99.71,-0.5499999999999972,-0.55,9873.35,98311.604,54.06,55.14,52.79,53.6
20081126,600519.SH,99.06,100.38,98.63,99.14,99.16,-0.01999999999999602,-0.02,7340.47,72963.471,53.55,54.26,53.32,53.59
20081127,600519.SH,104.07,107.0,101.55,103.37,99.14,4.230000000000004,4.27,26771.8,279561.185,56.26,57.84,54.9,55.88
20081128,600519.SH,102.19,102.96,100.25,101.8,103.37,-1.5700000000000074,-1.52,12218.04,124047.78,55.24,55.66,54.19,55.03
20081201,600519.SH,101.4,103.3,100.04,103.21,101.8,1.4099999999999966,1.39,7883.28,80427.907,54.82,55.84,54.08,55.79
20081202,600519.SH,101.05,105.12,101.05,104.94,103.21,1.730000000000004,1.68,14885.14,154215.263,54.63,56.83,54.63,56.73
20081203,600519.SH,105.0,108.22,105.0,107.8,104.94,2.8599999999999994,2.73,14369.95,154141.971,56.76,58.5,56.76,58.28
20081204,600519.SH,109.5,115.29,109.5,112.97,107.8,5.170000000000002,4.8,26330.55,297576.223,59.19,62.32,59.19,61.07
20081205,600519.SH,111.51,118.09,111.46,115.45,112.97,2.480000000000004,2.2,18384.62,212898.263,60.28,63.84,60.25,62.41
20081208,600519.SH,118.3,120.8,115.15,118.99,115.45,3.539999999999992,3.07,17429.92,205494.828,63.95,65.3,62.25,64.32
20081209,600519.SH,119.06,119.58,114.8,116.03,118.99,-2.9599999999999937,-2.49,13013.35,152317.57,64.36,64.64,62.06,62.72
20081210,600519.SH,115.0,116.9,114.83,116.2,116.03,0.1700000000000017,0.15,13495.02,156049.024,62.17,63.19,62.08,62.82
20081211,600519.SH,116.55,120.6,116.0,117.93,116.2,1.730000000000004,1.49,20158.09,238497.429,63.01,65.19,62.71,63.75
20081212,600519.SH,116.66,118.8,110.85,111.0,117.93,-6.930000000000007,-5.88,16314.45,186650.27,63.06,64.22,59.92,60.0
20081215,600519.SH,112.0,117.06,111.99,114.27,111.0,3.269999999999996,2.95,14007.71,160434.275,60.55,63.28,60.54,61.77
20081216,600519.SH,113.55,116.3,110.84,114.17,114.27,-0.09999999999999432,-0.09,12367.38,138960.606,61.38,62.87,59.92,61.72
20081217,600519.SH,114.2,117.5,114.2,115.61,114.17,1.4399999999999977,1.26,10013.62,116363.451,61.73,63.52,61.73,62.5
20081218,600519.SH,115.61,118.66,115.61,117.98,115.61,2.3700000000000045,2.05,11770.63,138647.935,62.5,64.15,62.5,63.78
20081219,600519.SH,118.4,119.5,116.0,117.63,117.98,-0.3500000000000085,-0.3,10621.97,125345.376,64.01,64.6,62.71,63.59
20081222,600519.SH,118.71,118.71,115.3,116.36,117.63,-1.269999999999996,-1.08,9028.42,105588.565,64.17,64.17,62.33,62.9
20081223,600519.SH,115.78,116.36,110.91,111.91,116.36,-4.450000000000003,-3.82,18271.66,205256.836,62.59,62.9,59.96,60.5
20081224,600519.SH,111.0,113.0,109.8,111.35,111.91,-0.5600000000000023,-0.5,7877.63,87320.039,60.0,61.09,59.36,60.19
20081225,600519.SH,111.99,111.99,109.0,110.03,111.35,-1.3199999999999932,-1.19,9028.53,99538.455,60.54,60.54,58.92,59.48
20081226,600519.SH,109.2,111.49,109.2,110.06,110.03,0.030000000000001137,0.03,8944.6,98854.298,59.03,60.27,59.03,59.5
20081229,600519.SH,109.44,110.5,105.16,108.75,110.06,-1.3100000000000023,-1.19,30028.56,323745.151,59.16,59.73,56.85,58.79
20081230,600519.SH,108.65,109.0,107.0,108.64,108.75,-0.10999999999999943,-0.1,21829.96,236161.195,58.73,58.92,57.84,58.73
20081231,600519.SH,108.2,109.49,107.5,108.7,108.64,0.060000000000002274,0.06,18313.13,198482.898,58.49,59.19,58.11,58.76
20090105,600519.SH,109.5,111.08,107.0,108.38,108.7,-0.3200000000000074,-0.29,13505.5,145941.833,59.19,60.05,57.84,58.59
20090106,600519.SH,107.5,109.2,105.28,108.71,108.38,0.3299999999999983,0.3,38154.08,406113.062,58.11,59.03,56.91,58.77
20090107,600519.SH,108.92,109.0,106.7,106.79,108.71,-1.9199999999999875,-1.77,15238.02,164245.37,58.88,58.92,57.68,57.73
20090108,600519.SH,105.25,108.57,104.2,108.53,106.79,1.7399999999999949,1.63,18634.67,198641.989,56.9,58.69,56.33,58.67
20090109,600519.SH,107.58,108.55,107.0,107.29,108.53,-1.2399999999999949,-1.14,11800.16,127445.738,58.16,58.68,57.84,58.0
20090112,600519.SH,106.99,107.78,105.66,105.91,107.29,-1.3800000000000097,-1.29,16667.9,176815.197,57.84,58.26,57.12,57.25
20090113,600519.SH,104.98,105.99,101.52,101.86,105.91,-4.049999999999997,-3.82,18099.11,186485.267,56.75,57.3,54.88,55.06
20090114,600519.SH,101.25,103.99,99.58,102.0,101.86,0.14000000000000057,0.14,32003.7,323066.499,54.73,56.22,53.83,55.14
20090115,600519.SH,101.8,101.8,99.8,99.97,102.0,-2.030000000000001,-1.99,29820.65,298447.689,55.03,55.03,53.95,54.04
20090116,600519.SH,99.99,104.39,99.88,101.51,99.97,1.5400000000000063,1.54,94599.55,955914.881,54.05,56.43,53.99,54.87
20090119,600519.SH,102.41,103.8,101.7,102.36,101.51,0.8499999999999943,0.84,48562.93,498196.988,55.36,56.11,54.98,55.33
20090120,600519.SH,102.3,102.3,99.96,101.6,102.36,-0.7600000000000051,-0.74,49104.05,493242.104,55.3,55.3,54.04,54.92
20090121,600519.SH,100.0,100.97,99.0,99.72,101.6,-1.8799999999999955,-1.85,60526.48,605392.794,54.06,54.58,53.52,53.91
20090122,600519.SH,100.0,101.2,99.9,100.8,99.72,1.0799999999999983,1.08,21293.44,214057.665,54.06,54.71,54.0,54.49
20090123,600519.SH,100.5,104.31,100.5,103.2,100.8,2.4000000000000057,2.38,32742.52,336252.633,54.33,56.39,54.33,55.79
20090202,600519.SH,104.49,104.49,100.0,101.32,103.2,-1.8800000000000097,-1.82,30887.26,312618.479,56.49,56.49,54.06,54.77
20090203,600519.SH,101.39,104.49,100.07,104.1,101.32,2.780000000000001,2.74,48126.65,497248.868,54.81,56.49,54.1,56.27
20090204,600519.SH,104.2,107.28,104.2,106.28,104.1,2.180000000000007,2.09,42878.9,454067.228,56.33,57.99,56.33,57.45
20090205,600519.SH,106.65,110.6,106.0,107.04,106.28,0.7600000000000051,0.72,38231.58,412164.202,57.65,59.79,57.3,57.86
20090206,600519.SH,107.02,111.99,107.02,111.21,107.04,4.1699999999999875,3.9,39661.41,433677.718,57.85,60.54,57.85,60.12
20090209,600519.SH,112.49,117.0,112.49,116.8,111.21,5.590000000000003,5.03,45435.59,521391.758,60.81,63.25,60.81,63.14
20090210,600519.SH,116.5,116.5,114.0,115.97,116.8,-0.8299999999999983,-0.71,27613.49,317723.285,62.98,62.98,61.63,62.69
20090211,600519.SH,114.98,125.55,114.0,120.09,115.97,4.1200000000000045,3.55,40386.56,478088.769,62.16,67.87,61.63,64.92
20090212,600519.SH,120.0,121.5,118.51,120.53,120.09,0.4399999999999977,0.37,54470.34,653107.948,64.87,65.68,64.06,65.16
20090213,600519.SH,120.1,123.0,120.01,122.42,120.53,1.8900000000000006,1.57,24920.19,301643.451,64.92,66.49,64.88,66.18
20090216,600519.SH,123.45,125.3,121.1,122.7,122.42,0.28000000000000114,0.23,27256.48,334068.266,66.74,67.74,65.46,66.33
20090217,600519.SH,123.8,129.94,123.8,126.11,122.7,3.4099999999999966,2.78,56525.41,719184.147,66.92,70.24,66.92,68.17
20090218,600519.SH,124.0,126.0,120.88,121.36,126.11,-4.75,-3.77,45581.28,566412.062,67.03,68.11,65.35,65.61
20090219,600519.SH,120.5,123.9,120.5,121.88,121.36,0.519999999999996,0.43,24677.79,300896.281,65.14,66.98,65.14,65.89
20090220,600519.SH,121.99,127.28,121.99,125.08,121.88,3.200000000000003,2.63,33924.22,424596.429,65.95,68.81,65.95,67.62
20090223,600519.SH,125.16,128.1,123.45,127.78,125.08,2.700000000000003,2.16,19442.78,245915.638,67.66,69.25,66.74,69.08
20090224,600519.SH,127.5,132.0,126.65,128.79,127.78,1.009999999999991,0.79,36936.33,480302.641,68.92,71.36,68.47,69.62
20090225,600519.SH,129.99,130.0,123.0,127.5,128.79,-1.289999999999992,-1.0,26917.96,341607.459,70.27,70.28,66.49,68.92
20090226,600519.SH,126.5,129.9,121.5,122.43,127.5,-5.069999999999993,-3.98,27112.09,343984.112,68.38,70.22,65.68,66.18
20090227,600519.SH,119.54,123.0,117.73,118.43,122.43,-4.0,-3.27,41170.59,494464.222,64.62,66.49,63.64,64.02
20090302,600519.SH,117.0,118.43,114.87,117.03,118.43,-1.4000000000000057,-1.18,27172.85,318786.734,63.25,64.02,62.1,63.26
20090303,600519.SH,115.2,116.8,113.8,114.92,117.03,-2.1099999999999994,-1.8,18780.13,215625.552,62.28,63.14,61.52,62.12
20090304,600519.SH,115.5,126.3,114.92,124.82,114.92,9.899999999999991,8.61,42245.25,510627.173,62.44,68.28,62.12,67.48
20090305,600519.SH,124.9,126.5,120.01,122.0,124.82,-2.819999999999993,-2.26,23532.3,289227.189,67.52,68.38,64.88,65.95
20090306,600519.SH,120.0,120.8,117.68,118.22,122.0,-3.780000000000001,-3.1,20664.13,245701.371,64.87,65.3,63.62,63.91
20090309,600519.SH,118.24,119.5,114.88,114.9,118.22,-3.319999999999993,-2.81,23152.03,268799.957,63.92,64.6,62.1,62.11
20090310,600519.SH,113.9,119.2,113.6,118.13,114.9,3.2299999999999898,2.81,15782.92,185611.677,61.57,64.44,61.41,63.86
20090311,600519.SH,120.0,120.88,116.0,117.48,118.13,-0.6499999999999915,-0.55,8814.94,104417.185,64.87,65.35,62.71,63.51
20090312,600519.SH,116.08,117.79,114.13,115.94,117.48,-1.5400000000000063,-1.31,11296.27,130769.829,62.75,63.68,61.7,62.68
20090313,600519.SH,116.8,117.5,113.78,113.82,115.94,-2.1200000000000045,-1.83,20038.2,230105.105,63.14,63.52,61.51,61.53
20090316,600519.SH,113.85,114.89,112.0,114.38,113.82,0.5600000000000023,0.49,13395.42,151397.338,61.55,62.11,60.55,61.83
20090317,600519.SH,114.45,118.99,114.0,117.34,114.38,2.960000000000008,2.59,18344.73,213668.06,61.87,64.32,61.63,63.43
20090318,600519.SH,117.92,118.9,115.96,116.08,117.34,-1.2600000000000051,-1.07,17767.03,208086.081,63.75,64.28,62.69,62.75
20090319,600519.SH,116.5,119.28,116.1,118.78,116.08,2.700000000000003,2.33,18891.93,223567.5,62.98,64.48,62.76,64.21
20090320,600519.SH,119.8,119.97,117.2,117.88,118.78,-0.9000000000000057,-0.76,15396.12,182170.364,64.76,64.85,63.36,63.72
20090323,600519.SH,117.99,119.18,117.41,118.69,117.88,0.8100000000000023,0.69,32463.11,384766.613,63.78,64.43,63.47,64.16
20090324,600519.SH,120.5,123.59,118.36,118.69,118.69,0.0,0.0,35294.64,424130.707,65.14,66.81,63.98,64.16
20090325,600519.SH,116.0,116.0,112.65,114.02,118.69,-4.670000000000002,-3.93,86217.16,984739.037,62.71,62.71,60.9,61.64
20090326,600519.SH,114.02,114.1,110.78,112.5,114.02,-1.519999999999996,-1.33,59292.48,664500.701,61.64,61.68,59.89,60.82
20090327,600519.SH,113.46,115.0,112.8,113.98,112.5,1.480000000000004,1.32,42075.72,479104.606,61.33,62.17,60.98,61.62
20090330,600519.SH,114.0,115.0,112.1,114.06,113.98,0.0799999999999983,0.07,24269.44,276929.285,61.63,62.17,60.6,61.66
20090331,600519.SH,113.33,114.9,113.0,114.74,114.06,0.6799999999999926,0.6,26428.62,301354.057,61.26,62.11,61.09,62.03
20090401,600519.SH,114.98,116.65,114.9,116.26,114.74,1.5200000000000102,1.32,40387.57,468753.741,62.16,63.06,62.11,62.85
20090402,600519.SH,116.56,119.4,116.56,118.0,116.26,1.7399999999999949,1.5,37430.51,441249.387,63.01,64.55,63.01,63.79
20090403,600519.SH,119.1,120.55,116.4,116.57,118.0,-1.4300000000000068,-1.21,41441.0,492530.479,64.38,65.17,62.92,63.02
20090407,600519.SH,116.57,118.18,116.4,118.0,116.57,1.4300000000000068,1.23,21419.19,251182.411,63.02,63.89,62.92,63.79
20090408,600519.SH,118.0,118.3,115.88,117.06,118.0,-0.9399999999999977,-0.8,25653.13,299738.748,63.79,63.95,62.64,63.28
20090409,600519.SH,116.88,117.99,116.21,117.81,117.06,0.75,0.64,18351.85,214789.862,63.18,63.78,62.82,63.69
20090410,600519.SH,118.81,120.5,117.78,119.43,117.81,1.6200000000000045,1.38,40630.61,484222.233,64.23,65.14,63.67,64.56
20090413,600519.SH,120.59,123.2,120.59,122.06,119.43,2.6299999999999955,2.2,36687.76,448077.486,65.19,66.6,65.19,65.98
20090414,600519.SH,122.07,122.15,118.81,120.51,122.06,-1.5499999999999972,-1.27,38023.77,457162.68,65.99,66.03,64.23,65.15
20090415,600519.SH,119.96,121.28,117.5,120.63,120.51,0.11999999999999034,0.1,38361.63,457652.477,64.85,65.56,63.52,65.21
20090416,600519.SH,120.01,120.8,118.25,119.75,120.63,-0.8799999999999955,-0.73,38632.41,462321.653,64.88,65.3,63.92,64.74
20090417,600519.SH,119.33,123.35,118.3,121.16,119.75,1.4099999999999966,1.18,38309.56,466339.526,64.51,66.68,63.95,65.5
20090420,600519.SH,122.19,127.3,121.16,127.14,121.16,5.980000000000004,4.94,32419.49,406055.404,66.05,68.82,65.5,68.73
20090421,600519.SH,125.23,127.6,125.11,127.51,127.14,0.37000000000000455,0.29,38927.7,492951.211,67.7,68.98,67.63,68.93
20090422,600519.SH,128.18,130.71,123.5,123.82,127.51,-3.690000000000012,-2.89,39706.1,504087.423,69.29,70.66,66.76,66.94
20090423,600519.SH,122.5,123.89,120.0,121.56,123.82,-2.259999999999991,-1.83,22497.01,274007.781,66.22,66.97,64.87,65.71
20090424,600519.SH,121.99,124.88,121.98,122.12,121.56,0.5600000000000023,0.46,22719.87,280863.293,65.95,67.51,65.94,66.02
20090427,600519.SH,121.5,121.54,117.4,118.49,122.12,-3.6300000000000097,-2.97,28670.31,339940.606,65.68,65.7,63.46,64.05
20090428,600519.SH,116.88,118.58,113.9,115.28,118.49,-3.2099999999999937,-2.71,34307.33,395869.106,63.18,64.1,61.57,62.32
20090429,600519.SH,115.29,117.3,115.25,116.77,115.28,1.4899999999999949,1.29,31077.15,360384.15,62.32,63.41,62.3,63.12
20090430,600519.SH,117.2,117.21,115.0,116.35,116.77,-0.4200000000000017,-0.36,20514.48,238142.369,63.36,63.36,62.17,62.9
20090504,600519.SH,116.89,119.37,116.35,119.22,116.35,2.8700000000000045,2.47,23555.51,278414.61,63.19,64.53,62.9,64.45
20090505,600519.SH,120.0,120.8,118.38,119.04,119.22,-0.1799999999999926,-0.15,22690.54,270072.39,64.87,65.3,63.99,64.35
20090506,600519.SH,118.61,119.0,116.9,117.26,119.04,-1.7800000000000011,-1.5,38064.62,447395.076,64.12,64.33,63.19,63.39
20090507,600519.SH,117.8,118.91,115.66,117.01,117.26,-0.25,-0.21,34723.62,406117.083,63.68,64.28,62.52,63.25
20090508,600519.SH,116.5,117.6,115.4,117.51,117.01,0.5,0.43,31007.2,359535.974,62.98,63.57,62.38,63.52
20090511,600519.SH,117.5,118.58,116.25,116.42,117.51,-1.0900000000000034,-0.93,32773.61,384271.989,63.52,64.1,62.84,62.93
20090512,600519.SH,115.51,117.55,115.31,116.49,116.42,0.06999999999999318,0.06,25988.9,300962.117,62.44,63.55,62.33,62.97
20090513,600519.SH,117.0,117.1,115.22,115.68,116.49,-0.8099999999999881,-0.7,35792.44,415020.691,63.25,63.3,62.29,62.53
20090514,600519.SH,115.0,116.6,114.8,116.35,115.68,0.6699999999999875,0.58,21504.81,249787.985,62.17,63.03,62.06,62.9
20090515,600519.SH,116.76,116.98,115.61,116.01,116.35,-0.3399999999999892,-0.29,16798.62,195071.191,63.12,63.24,62.5,62.71
20090518,600519.SH,115.9,118.7,115.71,118.44,116.01,2.4299999999999926,2.09,35072.36,412318.356,62.65,64.17,62.55,64.03
20090519,600519.SH,118.64,119.05,116.5,117.28,118.44,-1.1599999999999966,-0.98,26554.01,312662.778,64.14,64.36,62.98,63.4
20090520,600519.SH,117.06,117.94,115.98,116.07,117.28,-1.210000000000008,-1.03,14711.27,171589.134,63.28,63.76,62.7,62.75
20090521,600519.SH,115.8,116.99,114.2,114.42,116.07,-1.6499999999999915,-1.42,25788.4,296204.406,62.6,63.24,61.73,61.85
20090525,600519.SH,112.82,113.53,112.06,113.36,114.42,-1.0600000000000023,-0.93,33676.28,380853.032,60.99,61.37,60.58,61.28
20090526,600519.SH,113.36,114.57,112.91,112.95,113.36,-0.4099999999999966,-0.36,16806.81,190817.891,61.28,61.93,61.04,61.06
20090527,600519.SH,113.13,115.52,112.95,114.77,112.95,1.8199999999999932,1.61,27630.0,316980.547,61.16,62.45,61.06,62.04
20090601,600519.SH,115.01,118.1,114.71,117.76,114.77,2.990000000000009,2.61,45920.11,537473.265,62.17,63.84,62.01,63.66
20090602,600519.SH,117.02,120.96,117.02,119.88,117.76,2.1199999999999903,1.8,50168.13,600394.403,63.26,65.39,63.26,64.81
20090603,600519.SH,119.88,120.19,117.82,119.72,119.88,-0.1599999999999966,-0.13,29245.9,347246.937,64.81,64.97,63.69,64.72
20090604,600519.SH,119.8,120.02,117.9,119.26,119.72,-0.45999999999999375,-0.38,46533.32,553191.419,64.76,64.88,63.74,64.47
20090605,600519.SH,118.66,129.7,118.65,126.06,119.26,6.799999999999997,5.7,77740.93,973345.74,64.15,70.11,64.14,68.15
20090608,600519.SH,127.2,129.05,125.0,127.6,126.06,1.539999999999992,1.22,36886.21,469785.127,68.76,69.76,67.57,68.98
20090609,600519.SH,127.6,135.0,127.2,131.24,127.6,3.640000000000015,2.85,73303.85,969552.012,68.98,72.98,68.76,70.95
20090610,600519.SH,131.69,133.03,130.01,131.3,131.24,0.060000000000002274,0.05,26476.92,348306.255,71.19,71.91,70.28,70.98
20090611,600519.SH,131.28,136.5,131.28,133.29,131.3,1.9899999999999807,1.52,39738.46,533435.068,70.97,73.79,70.97,72.05
20090612,600519.SH,133.67,135.8,129.2,130.61,133.29,-2.6799999999999784,-2.01,27035.33,357604.702,72.26,73.41,69.84,70.61
20090615,600519.SH,130.05,136.6,130.05,136.24,130.61,5.6299999999999955,4.31,44081.28,592083.839,70.3,73.84,70.3,73.65
20090616,600519.SH,135.8,137.15,134.0,135.69,136.24,-0.5500000000000114,-0.4,20039.2,271544.262,73.41,74.14,72.44,73.35
20090617,600519.SH,135.35,138.5,135.2,137.65,135.69,1.960000000000008,1.44,22583.67,310521.875,73.17,74.87,73.09,74.41
20090618,600519.SH,137.0,138.5,135.5,137.87,137.65,0.21999999999999886,0.16,41190.02,564072.323,74.06,74.87,73.25,74.53
20090619,600519.SH,136.98,138.69,135.6,136.92,137.87,-0.950000000000017,-0.69,18533.45,253253.63,74.05,74.97,73.3,74.02
20090622,600519.SH,137.5,138.2,132.88,132.97,136.92,-3.9499999999999886,-2.88,21181.12,285552.148,74.33,74.71,71.83,71.88
20090623,600519.SH,131.8,134.5,129.56,133.37,132.97,0.4000000000000057,0.3,27588.04,364099.88,71.25,72.71,70.04,72.1
20090624,600519.SH,133.3,134.0,131.01,131.99,133.37,-1.3799999999999955,-1.03,20936.23,276526.128,72.06,72.44,70.82,71.35
20090625,600519.SH,132.99,136.2,132.01,135.89,131.99,3.8999999999999773,2.95,21834.14,295200.887,71.89,73.63,71.36,73.46
20090626,600519.SH,136.0,138.0,136.0,137.0,135.89,1.1100000000000136,0.82,18262.49,250833.621,73.52,74.6,73.52,74.06
20090629,600519.SH,138.01,149.01,137.3,147.72,137.0,10.719999999999999,7.82,38015.48,553072.336,74.61,80.55,74.22,79.86
20090630,600519.SH,148.5,150.3,144.8,148.01,147.72,0.28999999999999204,0.2,24553.49,359599.491,80.28,81.25,78.28,80.01
20090701,600519.SH,146.6,148.0,144.98,145.65,148.01,-2.359999999999985,-1.59,19356.75,281759.83,79.87,80.64,78.99,79.36
20090702,600519.SH,145.6,150.96,143.7,147.95,145.65,2.299999999999983,1.58,26990.19,395317.139,79.33,82.25,78.29,80.61
20090703,600519.SH,147.0,149.0,145.4,145.92,147.95,-2.030000000000001,-1.37,25738.76,376552.059,80.09,81.18,79.22,79.5
20090706,600519.SH,145.0,145.98,142.8,143.92,145.92,-2.0,-1.37,29491.82,423754.9,79.0,79.54,77.8,78.41
20090707,600519.SH,143.94,148.01,143.01,145.54,143.92,1.6200000000000045,1.13,27405.69,399773.428,78.43,80.64,77.92,79.3
20090708,600519.SH,143.5,145.15,141.5,143.93,145.54,-1.6099999999999852,-1.11,26515.79,378380.305,78.19,79.08,77.1,78.42
20090709,600519.SH,143.21,148.49,143.21,147.22,143.93,3.289999999999992,2.29,34642.34,505222.99,78.03,80.9,78.03,80.21
20090710,600519.SH,147.6,153.5,147.37,152.17,147.22,4.949999999999989,3.36,29770.18,451971.144,80.42,83.63,80.29,82.91
20090713,600519.SH,152.35,154.0,149.33,153.27,152.17,1.1000000000000227,0.72,39765.67,601703.32,83.01,83.91,81.36,83.51
20090714,600519.SH,153.19,154.35,152.0,153.3,153.27,0.030000000000001137,0.02,26644.55,408475.427,83.47,84.1,82.82,83.53
20090715,600519.SH,153.3,154.28,149.97,150.03,153.3,-3.2700000000000102,-2.13,31598.41,477906.537,83.53,84.06,81.71,81.74
20090716,600519.SH,150.51,151.0,147.95,148.45,150.03,-1.5800000000000125,-1.05,36430.57,542209.782,82.0,82.27,80.61,80.88
20090717,600519.SH,148.73,150.49,147.7,147.91,148.45,-0.539999999999992,-0.36,14100.05,210098.779,81.04,81.99,80.47,80.59
20090720,600519.SH,148.0,149.6,146.98,148.11,147.91,0.20000000000001705,0.14,38737.99,572069.34,80.64,81.51,80.08,80.7
20090721,600519.SH,148.9,150.2,146.97,147.32,148.11,-0.7900000000000205,-0.53,42220.26,627819.24,81.13,81.84,80.08,80.27
20090722,600519.SH,147.0,148.39,145.7,147.41,147.32,0.09000000000000341,0.06,25036.21,366601.445,80.09,80.85,79.38,80.32
20090723,600519.SH,147.85,147.99,146.01,146.28,147.41,-1.1299999999999955,-0.77,17249.52,253176.789,80.56,80.63,79.55,79.7
20090724,600519.SH,146.58,150.79,146.28,147.0,146.28,0.7199999999999989,0.49,45370.56,673882.706,79.86,82.16,79.7,80.09
20090727,600519.SH,147.49,153.5,147.49,153.11,147.0,6.110000000000014,4.16,64531.23,969451.469,80.36,83.63,80.36,83.42
20090728,600519.SH,153.1,158.97,152.6,153.2,153.11,0.08999999999997499,0.06,36229.61,564423.483,83.42,86.61,83.14,83.47
20090729,600519.SH,153.3,156.15,144.0,148.01,153.2,-5.189999999999998,-3.39,36955.63,556652.765,83.53,85.08,78.46,80.64
20090730,600519.SH,151.7,151.7,146.51,149.83,148.01,1.8200000000000216,1.23,27550.49,410415.145,82.65,82.65,79.83,81.63
20090731,600519.SH,150.99,150.99,148.65,150.02,149.83,0.18999999999999773,0.13,32992.19,494144.461,82.27,82.27,80.99,81.74
20090803,600519.SH,152.0,158.58,152.0,155.71,150.02,5.689999999999998,3.79,44458.4,693624.944,82.82,86.4,82.82,84.84
20090804,600519.SH,157.02,157.02,152.6,154.13,155.71,-1.5800000000000125,-1.01,21435.38,329545.708,85.55,85.55,83.14,83.98
20090805,600519.SH,154.7,163.89,154.7,163.77,154.13,9.640000000000015,6.25,55448.96,893443.535,84.29,89.3,84.29,89.23
20090806,600519.SH,161.01,166.5,160.1,165.07,163.77,1.299999999999983,0.79,39442.09,644496.759,87.73,90.72,87.23,89.94
20090807,600519.SH,166.8,170.0,161.56,163.88,165.07,-1.1899999999999977,-0.72,57867.46,953137.97,90.88,92.62,88.03,89.29
20090810,600519.SH,164.01,165.0,158.88,163.5,163.88,-0.37999999999999545,-0.23,29298.93,472002.862,89.36,89.9,86.57,89.08
20090811,600519.SH,163.88,172.5,161.66,170.0,163.5,6.5,3.98,36307.36,611324.918,89.29,93.99,88.08,92.62
20090812,600519.SH,169.9,175.5,162.0,166.26,170.0,-3.740000000000009,-2.2,41404.39,698628.591,92.57,95.62,88.27,90.59
20090813,600519.SH,162.88,166.25,159.8,162.94,166.26,-3.319999999999993,-2.0,33768.67,544005.102,88.74,90.58,87.07,88.78
20090814,600519.SH,162.99,162.99,156.0,157.78,162.94,-5.159999999999997,-3.17,24706.94,390424.195,88.8,88.8,85.0,85.97
20090817,600519.SH,155.1,157.46,147.88,149.54,157.78,-8.240000000000009,-5.22,29750.4,451437.989,84.51,85.79,80.57,81.48
20090818,600519.SH,148.5,152.16,148.01,150.15,149.54,0.6100000000000136,0.41,29839.79,448107.193,80.91,82.9,80.64,81.81
20090819,600519.SH,151.97,155.1,148.0,149.61,150.15,-0.539999999999992,-0.36,33576.36,509878.566,82.8,84.51,80.64,81.51
20090820,600519.SH,149.0,152.5,148.0,151.99,149.61,2.3799999999999955,1.59,34599.53,522725.007,81.18,83.09,80.64,82.81
20090821,600519.SH,152.01,157.0,151.01,156.51,151.99,4.519999999999982,2.97,24743.37,383636.526,82.82,85.54,82.28,85.27
20090824,600519.SH,156.99,158.99,156.55,158.41,156.51,1.9000000000000057,1.21,13417.58,212008.261,85.54,86.63,85.3,86.31
20090825,600519.SH,157.9,157.9,152.1,155.91,158.41,-2.5,-1.58,24501.25,377947.429,86.03,86.03,82.87,84.95
20090826,600519.SH,153.53,160.5,153.53,159.19,155.91,3.280000000000001,2.1,22354.61,353413.336,83.65,87.45,83.65,86.73
20090827,600519.SH,158.88,162.68,158.0,161.34,159.19,2.1500000000000057,1.35,22161.14,356997.195,86.57,88.64,86.09,87.91
20090828,600519.SH,161.0,162.7,159.0,159.27,161.34,-2.069999999999993,-1.28,24049.13,386203.839,87.72,88.65,86.63,86.78
20090831,600519.SH,158.0,158.01,149.5,149.99,159.27,-9.280000000000001,-5.83,37333.94,568178.14,86.09,86.09,81.45,81.72
20090901,600519.SH,150.0,155.3,149.97,151.55,149.99,1.5600000000000023,1.04,20632.49,313194.378,81.73,84.61,81.71,82.57
20090902,600519.SH,150.98,151.95,149.56,150.82,151.55,-0.7300000000000182,-0.48,16156.29,243221.073,82.26,82.79,81.49,82.17
20090903,600519.SH,150.05,155.5,150.02,155.11,150.82,4.2900000000000205,2.84,19156.57,293428.432,81.75,84.72,81.74,84.51
20090904,600519.SH,154.99,156.0,153.0,155.37,155.11,0.2599999999999909,0.17,21554.02,332587.085,84.45,85.0,83.36,84.65
20090907,600519.SH,156.42,165.5,156.28,161.89,155.37,6.519999999999982,4.2,38845.16,630053.587,85.23,90.17,85.15,88.21
20090908,600519.SH,161.9,168.2,159.12,166.45,161.89,4.560000000000002,2.82,34490.08,572753.391,88.21,91.64,86.7,90.69
20090909,600519.SH,166.45,168.99,162.0,164.34,166.45,-2.109999999999985,-1.27,31202.77,512038.3,90.69,92.07,88.27,89.54
20090910,600519.SH,164.3,166.1,162.5,165.95,164.34,1.6099999999999852,0.98,13254.77,218828.433,89.52,90.5,88.54,90.42
20090911,600519.SH,165.9,168.0,163.9,166.77,165.95,0.8200000000000216,0.49,13471.9,224260.634,90.39,91.53,89.3,90.86
20090914,600519.SH,168.05,169.0,166.8,167.08,166.77,0.3100000000000023,0.19,15551.48,260573.647,91.56,92.08,90.88,91.03
20090915,600519.SH,167.2,168.81,164.23,165.55,167.08,-1.5300000000000011,-0.92,17816.01,294648.966,91.1,91.98,89.48,90.2
20090916,600519.SH,165.03,166.9,162.88,164.76,165.55,-0.7900000000000205,-0.48,13431.34,219954.118,89.92,90.94,88.74,89.77
20090917,600519.SH,164.8,165.75,164.41,164.77,164.76,0.010000000000019327,0.01,16694.16,275360.254,89.79,90.31,89.58,89.77
20090918,600519.SH,164.8,164.85,162.0,162.78,164.77,-1.990000000000009,-1.21,18411.55,301101.12,89.79,89.82,88.27,88.69
20090921,600519.SH,161.33,165.6,159.2,165.42,162.78,2.6399999999999864,1.62,26129.24,422889.399,87.9,90.23,86.74,90.13
20090922,600519.SH,165.11,171.69,164.48,169.59,165.42,4.170000000000016,2.52,40974.82,697323.678,89.96,93.54,89.62,92.4
20090923,600519.SH,169.69,170.9,165.0,165.19,169.59,-4.400000000000006,-2.59,21214.93,356415.097,92.46,93.11,89.9,90.0
20090924,600519.SH,165.0,165.0,159.76,161.62,165.19,-3.569999999999993,-2.16,18786.6,302998.962,89.9,89.9,87.04,88.06
20090925,600519.SH,162.0,166.66,162.0,164.49,161.62,2.8700000000000045,1.78,18528.04,304628.817,88.27,90.8,88.27,89.62
20090928,600519.SH,164.6,166.51,164.0,164.1,164.49,-0.3900000000000148,-0.24,13453.44,222874.121,89.68,90.72,89.35,89.41
20090929,600519.SH,164.0,165.0,161.5,162.24,164.1,-1.8599999999999852,-1.13,15423.77,251534.805,89.35,89.9,87.99,88.4
20090930,600519.SH,163.99,166.78,163.0,164.86,162.24,2.6200000000000045,1.61,12882.49,212532.258,89.35,90.87,88.81,89.82
20091009,600519.SH,166.8,168.99,166.7,168.36,164.86,3.5,2.12,12506.08,210257.02,90.88,92.07,90.83,91.73
20091012,600519.SH,169.0,169.99,166.9,167.02,168.36,-1.3400000000000034,-0.8,8762.04,147502.66,92.08,92.62,90.94,91.0
20091013,600519.SH,166.01,168.49,164.5,165.89,167.02,-1.1300000000000239,-0.68,10237.23,170054.046,90.45,91.8,89.63,90.38
20091014,600519.SH,166.46,166.49,163.11,164.28,165.89,-1.6099999999999852,-0.97,37299.99,612459.767,90.7,90.71,88.87,89.51
20091015,600519.SH,164.87,164.87,160.41,161.14,164.28,-3.140000000000015,-1.91,28112.33,454982.752,89.83,89.83,87.4,87.8
20091016,600519.SH,161.12,162.0,159.16,159.98,161.14,-1.1599999999999966,-0.72,27986.54,447651.087,87.79,88.27,86.72,87.16
20091019,600519.SH,160.21,162.5,158.95,162.49,159.98,2.5100000000000193,1.57,43639.78,698074.669,87.29,88.54,86.6,88.53
20091020,600519.SH,162.7,165.6,161.01,165.43,162.49,2.9399999999999977,1.81,40788.12,666676.389,88.65,90.23,87.73,90.13
20091021,600519.SH,165.0,165.0,160.8,160.89,165.43,-4.5400000000000205,-2.74,38083.93,617367.731,89.9,89.9,87.61,87.66
20091022,600519.SH,160.1,161.97,157.98,158.92,160.89,-1.9699999999999989,-1.22,36817.39,585366.561,87.23,88.25,86.08,86.59
20091023,600519.SH,158.92,160.2,158.3,159.31,158.92,0.3900000000000148,0.25,46515.61,739672.651,86.59,87.28,86.25,86.8
20091026,600519.SH,159.97,159.98,156.26,156.59,159.31,-2.719999999999999,-1.71,45644.31,716061.313,87.16,87.16,85.14,85.32
20091027,600519.SH,156.59,157.0,155.5,155.99,156.59,-0.5999999999999943,-0.38,25428.41,396334.908,85.32,85.54,84.72,84.99
20091028,600519.SH,156.1,157.85,155.8,157.43,155.99,1.4399999999999977,0.92,19141.9,300201.158,85.05,86.0,84.89,85.78
20091029,600519.SH,156.4,158.38,155.6,156.36,157.43,-1.0699999999999932,-0.68,20565.23,323781.024,85.21,86.29,84.78,85.19
20091030,600519.SH,157.5,157.89,156.3,157.61,156.36,1.25,0.8,27503.85,432308.188,85.81,86.03,85.16,85.87
20091102,600519.SH,156.0,160.1,155.48,160.01,157.61,2.3999999999999773,1.52,32020.27,506826.774,85.0,87.23,84.71,87.18
20091103,600519.SH,160.0,161.4,159.06,159.88,160.01,-0.12999999999999545,-0.08,20118.89,322722.635,87.18,87.94,86.66,87.11
20091104,600519.SH,159.87,163.01,159.0,162.53,159.88,2.6500000000000057,1.66,33612.38,543718.745,87.1,88.82,86.63,88.55
20091105,600519.SH,162.49,163.35,161.51,162.33,162.53,-0.19999999999998863,-0.12,20028.6,325198.987,88.53,89.0,88.0,88.45
20091106,600519.SH,163.11,163.19,160.31,161.04,162.33,-1.2900000000000205,-0.79,26421.66,427266.654,88.87,88.91,87.34,87.74
20091109,600519.SH,161.04,161.8,159.3,159.89,161.04,-1.1500000000000057,-0.71,18475.89,295938.895,87.74,88.16,86.79,87.12
20091110,600519.SH,160.43,161.61,159.0,160.35,159.89,0.46000000000000796,0.29,32878.33,527631.019,87.41,88.05,86.63,87.37
20091111,600519.SH,160.15,165.8,160.15,163.42,160.35,3.069999999999993,1.91,42757.38,698929.654,87.26,90.34,87.26,89.04
20091112,600519.SH,163.45,167.61,163.2,166.5,163.42,3.0800000000000125,1.88,42620.95,706940.28,89.06,91.32,88.92,90.72
20091113,600519.SH,166.6,170.3,165.23,168.57,166.5,2.069999999999993,1.24,50107.75,845848.184,90.77,92.79,90.03,91.84
20091116,600519.SH,168.88,175.53,168.88,173.88,168.57,5.310000000000002,3.15,41480.38,721755.719,92.01,95.64,92.01,94.74
20091117,600519.SH,174.0,175.0,168.8,174.0,173.88,0.12000000000000455,0.07,29399.21,506410.452,94.8,95.35,91.97,94.8
20091118,600519.SH,172.82,174.4,170.85,170.96,174.0,-3.039999999999992,-1.75,16440.19,282834.42,94.16,95.02,93.09,93.15
20091119,600519.SH,171.08,172.79,169.2,170.11,170.96,-0.8499999999999943,-0.5,17108.5,291816.172,93.21,94.14,92.19,92.68
20091120,600519.SH,170.03,170.5,168.46,168.86,170.11,-1.25,-0.73,23133.06,391812.97,92.64,92.9,91.79,92.0
20091123,600519.SH,169.1,172.0,168.83,171.78,168.86,2.9199999999999875,1.73,35330.5,602278.226,92.13,93.71,91.99,93.59
20091124,600519.SH,172.89,177.11,169.6,169.84,171.78,-1.9399999999999977,-1.13,43379.35,757143.585,94.2,96.5,92.41,92.54
20091125,600519.SH,169.9,174.88,169.9,174.06,169.84,4.219999999999999,2.48,32233.22,557388.538,92.57,95.28,92.57,94.84
20091126,600519.SH,174.89,174.89,168.4,168.49,174.06,-5.569999999999993,-3.2,26501.31,452465.235,95.29,95.29,91.75,91.8
20091127,600519.SH,168.32,168.6,165.06,165.21,168.49,-3.280000000000001,-1.95,24669.89,411859.873,91.71,91.86,89.93,90.01
20091130,600519.SH,166.98,174.44,165.4,173.91,165.21,8.699999999999989,5.27,43746.59,749610.425,90.98,95.04,90.12,94.75
20091201,600519.SH,172.75,178.2,172.02,177.24,173.91,3.3300000000000125,1.91,39579.41,698056.574,94.12,97.09,93.72,96.57
20091202,600519.SH,177.24,177.44,173.88,176.14,177.24,-1.1000000000000227,-0.62,20596.22,362528.922,96.57,96.68,94.74,95.97
20091203,600519.SH,175.99,176.02,171.65,173.9,176.14,-2.2399999999999807,-1.27,25005.86,433467.098,95.89,95.9,93.52,94.75
20091204,600519.SH,173.9,173.9,169.01,170.9,173.9,-3.0,-1.73,31035.25,530120.181,94.75,94.75,92.08,93.11
20091207,600519.SH,180.0,181.06,174.8,176.53,170.9,5.6299999999999955,3.29,45682.8,808969.972,98.07,98.65,95.24,96.18
20091208,600519.SH,176.57,178.0,173.5,174.56,176.53,-1.9699999999999989,-1.12,26144.1,456591.109,96.2,96.98,94.53,95.11
20091209,600519.SH,174.0,174.44,171.8,172.81,174.56,-1.75,-1.0,17823.65,308029.9,94.8,95.04,93.6,94.16
20091210,600519.SH,174.02,174.55,172.38,174.42,172.81,1.6099999999999852,0.93,16404.37,284681.531,94.81,95.1,93.92,95.03
20091211,600519.SH,175.01,175.97,173.5,174.91,174.42,0.4900000000000091,0.28,16593.76,290069.819,95.35,95.88,94.53,95.3
20091214,600519.SH,175.5,175.5,172.86,174.38,174.91,-0.5300000000000011,-0.3,21182.08,368762.139,95.62,95.62,94.18,95.01
20091215,600519.SH,174.5,175.0,171.85,172.92,174.38,-1.460000000000008,-0.84,20791.46,359287.534,95.08,95.35,93.63,94.22
20091216,600519.SH,172.9,172.91,168.79,169.4,172.92,-3.519999999999982,-2.04,32650.28,555677.963,94.2,94.21,91.96,92.3
20091217,600519.SH,170.11,170.11,166.1,166.34,169.4,-3.0600000000000023,-1.81,27957.03,469717.785,92.68,92.68,90.5,90.63
20091218,600519.SH,166.0,166.09,163.5,165.26,166.34,-1.0800000000000125,-0.65,18309.17,302160.706,90.44,90.49,89.08,90.04
20091221,600519.SH,166.0,169.23,166.0,167.77,165.26,2.5100000000000193,1.52,18123.23,303592.013,90.44,92.2,90.44,91.41
20091222,600519.SH,168.19,168.5,165.5,166.87,167.77,-0.9000000000000057,-0.54,16264.32,271984.51,91.64,91.81,90.17,90.92
20091223,600519.SH,166.84,168.1,166.03,167.68,166.87,0.8100000000000023,0.49,20918.85,350286.334,90.9,91.59,90.46,91.36
20091224,600519.SH,167.0,173.93,166.81,172.45,167.68,4.769999999999982,2.84,38203.66,655732.97,90.99,94.77,90.89,93.96
20091225,600519.SH,172.45,173.0,169.19,170.44,172.45,-2.009999999999991,-1.17,31846.6,542382.941,93.96,94.26,92.18,92.86
20091228,600519.SH,170.2,171.96,169.5,170.4,170.44,-0.03999999999999204,-0.02,27905.43,474640.192,92.73,93.69,92.35,92.84
20091229,600519.SH,171.49,171.74,169.8,171.2,170.4,0.799999999999983,0.47,21527.13,367265.881,93.44,93.57,92.52,93.28
20091230,600519.SH,171.49,171.49,168.0,169.08,171.2,-2.119999999999976,-1.24,48254.15,815387.555,93.44,93.44,91.53,92.12
20091231,600519.SH,169.23,170.05,168.8,169.82,169.08,0.7399999999999807,0.44,29934.29,507306.247,92.2,92.65,91.97,92.53
20100104,600519.SH,172.0,172.0,169.31,169.94,169.82,0.12000000000000455,0.07,44304.88,753405.635,93.71,93.71,92.25,92.59
20100105,600519.SH,170.99,171.5,169.0,169.44,169.94,-0.5,-0.29,31513.18,535720.422,93.16,93.44,92.08,92.32
20100106,600519.SH,168.99,169.5,166.31,166.76,169.44,-2.680000000000007,-1.58,39889.03,666073.283,92.07,92.35,90.61,90.86
20100107,600519.SH,166.76,167.19,161.88,163.72,166.76,-3.039999999999992,-1.82,48825.55,801445.269,90.86,91.09,88.2,89.2
20100108,600519.SH,164.0,164.0,160.1,162.0,163.72,-1.7199999999999989,-1.05,36702.09,593162.176,89.35,89.35,87.23,88.27
20100111,600519.SH,163.6,164.9,160.5,161.29,162.0,-0.710000000000008,-0.44,24461.03,395563.861,89.14,89.85,87.45,87.88
20100112,600519.SH,161.45,166.17,160.61,165.65,161.29,4.360000000000014,2.7,31063.4,509373.871,87.97,90.54,87.51,90.25
20100113,600519.SH,163.99,165.15,161.0,161.44,165.65,-4.210000000000008,-2.54,37924.44,621261.8,89.35,89.98,87.72,87.96
20100114,600519.SH,162.0,169.2,162.0,168.54,161.44,7.099999999999994,4.4,46454.64,775471.608,88.27,92.19,88.27,91.83
20100115,600519.SH,168.51,173.38,168.51,169.87,168.54,1.3300000000000125,0.79,45938.5,788328.964,91.81,94.47,91.81,92.55
20100118,600519.SH,170.0,172.26,169.9,170.98,169.87,1.1099999999999852,0.65,21461.53,368485.894,92.62,93.86,92.57,93.16
20100119,600519.SH,170.99,171.5,169.5,169.77,170.98,-1.2099999999999795,-0.71,17818.91,302797.491,93.16,93.44,92.35,92.5
20100120,600519.SH,169.91,170.15,165.8,165.92,169.77,-3.8500000000000227,-2.27,20972.95,353315.689,92.58,92.71,90.34,90.4
20100121,600519.SH,165.86,168.38,165.5,166.73,165.92,0.8100000000000023,0.49,17257.48,287779.661,90.37,91.74,90.17,90.84
20100122,600519.SH,166.6,167.29,161.89,164.13,166.73,-2.5999999999999943,-1.56,25432.94,416305.093,90.77,91.15,88.21,89.43
20100125,600519.SH,163.85,167.3,162.51,166.04,164.13,1.9099999999999966,1.16,23239.15,385581.318,89.27,91.15,88.54,90.47
20100126,600519.SH,168.27,170.17,164.6,166.7,166.04,0.6599999999999966,0.4,32889.16,553152.669,91.68,92.72,89.68,90.83
20100127,600519.SH,166.03,167.78,163.6,163.98,166.7,-2.719999999999999,-1.63,19316.57,320765.897,90.46,91.41,89.14,89.34
20100128,600519.SH,163.86,170.35,163.5,169.2,163.98,5.219999999999999,3.18,30267.52,507716.302,89.28,92.81,89.08,92.19
20100129,600519.SH,169.95,170.2,167.68,168.54,169.2,-0.6599999999999966,-0.39,37172.82,628192.888,92.6,92.73,91.36,91.83
20100201,600519.SH,168.88,169.58,167.01,168.89,168.54,0.3499999999999943,0.21,29655.94,499867.002,92.01,92.4,90.99,92.02
20100202,600519.SH,168.0,170.0,166.29,166.52,168.89,-2.369999999999976,-1.4,15493.53,260426.281,91.53,92.62,90.6,90.73
20100203,600519.SH,166.21,168.1,164.2,165.93,166.52,-0.5900000000000034,-0.35,23034.65,382974.414,90.56,91.59,89.46,90.41
20100204,600519.SH,165.9,169.25,165.13,168.6,165.93,2.6699999999999875,1.61,22475.33,376703.449,90.39,92.22,89.97,91.86
20100205,600519.SH,167.61,171.88,167.0,171.25,168.6,2.6500000000000057,1.57,26234.3,445744.684,91.32,93.65,90.99,93.31
20100208,600519.SH,171.25,175.6,170.52,171.23,171.25,-0.020000000000010232,-0.01,31496.1,548228.595,93.31,95.68,92.91,93.29
20100209,600519.SH,172.0,173.33,170.53,171.11,171.23,-0.11999999999997613,-0.07,14151.24,243172.993,93.71,94.44,92.91,93.23
20100210,600519.SH,172.0,172.59,170.7,171.83,171.11,0.7199999999999989,0.42,6398.14,109830.207,93.71,94.04,93.01,93.62
20100211,600519.SH,171.8,174.44,171.6,173.38,171.83,1.549999999999983,0.9,14945.05,259254.548,93.6,95.04,93.5,94.47
20100212,600519.SH,173.97,174.2,172.2,173.09,173.38,-0.28999999999999204,-0.17,9346.4,161899.961,94.79,94.91,93.82,94.31
20100222,600519.SH,173.0,173.1,169.07,169.08,173.09,-4.009999999999991,-2.32,12178.08,207127.846,94.26,94.31,92.12,92.12
20100223,600519.SH,169.25,170.5,164.7,166.75,169.08,-2.3300000000000125,-1.38,23562.13,391601.201,92.22,92.9,89.74,90.85
20100224,600519.SH,166.76,168.6,165.5,167.92,166.75,1.1699999999999875,0.7,9904.27,165405.133,90.86,91.86,90.17,91.49
20100225,600519.SH,166.9,170.0,166.9,168.25,167.92,0.3300000000000125,0.2,15313.96,258220.826,90.94,92.62,90.94,91.67
20100226,600519.SH,168.98,168.98,166.6,166.84,168.25,-1.4099999999999966,-0.84,10338.58,173028.879,92.07,92.07,90.77,90.9
20100301,600519.SH,166.45,167.45,165.99,166.24,166.84,-0.5999999999999943,-0.36,21734.74,361550.327,90.69,91.23,90.44,90.58
20100302,600519.SH,166.61,166.79,164.9,165.6,166.24,-0.6400000000000148,-0.38,17182.23,284524.248,90.78,90.88,89.85,90.23
20100303,600519.SH,165.99,166.24,164.93,165.66,165.6,0.060000000000002274,0.04,14232.86,235470.73,90.44,90.58,89.86,90.26
20100304,600519.SH,166.02,166.85,164.0,165.14,165.66,-0.5200000000000102,-0.31,14168.97,234440.689,90.46,90.91,89.35,89.98
20100305,600519.SH,165.15,165.45,164.28,164.41,165.14,-0.7299999999999898,-0.44,9770.55,160821.083,89.98,90.15,89.51,89.58
20100308,600519.SH,164.48,164.98,162.8,163.18,164.41,-1.2299999999999898,-0.75,23259.44,380034.354,89.62,89.89,88.7,88.91
20100309,600519.SH,163.2,163.7,162.7,163.17,163.18,-0.010000000000019327,-0.01,12340.97,201437.828,88.92,89.19,88.65,88.9
20100310,600519.SH,163.27,163.7,162.9,163.66,163.17,0.4900000000000091,0.3,11814.06,192984.027,88.96,89.19,88.76,89.17
20100311,600519.SH,163.86,164.45,162.58,163.01,163.66,-0.6500000000000057,-0.4,13518.56,220769.894,89.28,89.6,88.58,88.82
20100312,600519.SH,163.02,163.67,161.59,161.92,163.01,-1.0900000000000034,-0.67,12192.27,197699.619,88.82,89.18,88.04,88.22
20100315,600519.SH,161.91,161.91,157.9,158.7,161.92,-3.219999999999999,-1.99,15808.51,251338.919,88.22,88.22,86.03,86.47
20100316,600519.SH,158.7,159.65,157.9,158.94,158.7,0.2400000000000091,0.15,7764.13,123284.715,86.47,86.98,86.03,86.6
20100317,600519.SH,158.98,160.58,158.9,160.51,158.94,1.5699999999999932,0.99,18710.93,298972.351,86.62,87.49,86.58,87.45
20100318,600519.SH,160.58,161.37,157.75,158.41,160.51,-2.0999999999999943,-1.31,14726.62,234364.03,87.49,87.92,85.95,86.31
20100319,600519.SH,158.88,159.34,158.0,158.76,158.41,0.3499999999999943,0.22,13361.63,212046.433,86.57,86.82,86.09,86.5
20100322,600519.SH,159.24,159.6,157.68,158.0,158.76,-0.7599999999999909,-0.48,23008.46,364454.79,86.76,86.96,85.91,86.09
20100323,600519.SH,157.81,158.48,156.92,157.28,158.0,-0.7199999999999989,-0.46,18329.9,288785.264,85.98,86.35,85.5,85.69
20100324,600519.SH,157.58,159.78,157.55,159.15,157.28,1.8700000000000045,1.19,20175.66,320611.718,85.86,87.06,85.84,86.71
20100325,600519.SH,158.9,158.9,157.8,157.9,159.15,-1.25,-0.79,9813.6,155141.078,86.58,86.58,85.98,86.03
20100326,600519.SH,158.17,160.88,158.08,159.66,157.9,1.759999999999991,1.11,20527.37,328239.751,86.18,87.66,86.13,86.99
20100329,600519.SH,159.7,161.97,159.01,161.72,159.66,2.0600000000000023,1.29,31475.43,505626.392,87.01,88.25,86.64,88.11
20100330,600519.SH,161.76,161.96,159.5,160.01,161.72,-1.710000000000008,-1.06,19012.1,304981.145,88.13,88.24,86.9,87.18
20100331,600519.SH,159.97,161.62,158.5,158.76,160.01,-1.25,-0.78,14905.16,237596.436,87.16,88.06,86.36,86.5
20100401,600519.SH,158.78,160.5,158.76,160.06,158.76,1.3000000000000114,0.82,23980.83,383228.783,86.51,87.45,86.5,87.21
20100402,600519.SH,158.0,158.0,151.6,152.63,160.06,-7.430000000000007,-4.64,154281.7,2359758.883,86.09,86.09,82.6,83.16
20100406,600519.SH,151.9,152.99,151.3,151.84,152.63,-0.789999999999992,-0.52,53122.91,806704.607,82.76,83.36,82.44,82.73
20100407,600519.SH,151.87,152.85,151.22,152.13,151.84,0.28999999999999204,0.19,41061.08,623779.291,82.75,83.28,82.39,82.89
20100408,600519.SH,152.16,152.17,150.0,150.51,152.13,-1.6200000000000045,-1.06,32921.19,497205.376,82.9,82.91,81.73,82.0
20100409,600519.SH,150.01,150.6,147.79,149.14,150.51,-1.3700000000000045,-0.91,54418.18,809627.274,81.73,82.05,80.52,81.26
20100412,600519.SH,149.2,149.78,146.78,147.29,149.14,-1.8499999999999943,-1.24,38514.23,568871.643,81.29,81.61,79.97,80.25
20100413,600519.SH,147.4,150.99,146.9,149.88,147.29,2.5900000000000034,1.76,54305.27,807780.23,80.31,82.27,80.04,81.66
20100414,600519.SH,150.87,150.87,148.26,150.52,149.88,0.6400000000000148,0.43,46368.44,693802.745,82.2,82.2,80.78,82.01
20100415,600519.SH,150.65,150.65,147.0,147.48,150.52,-3.0400000000000205,-2.02,40617.3,602138.292,82.08,82.08,80.09,80.35
20100416,600519.SH,147.47,149.51,146.8,147.98,147.48,0.5,0.34,29395.56,434500.524,80.35,81.46,79.98,80.63
20100419,600519.SH,148.01,149.55,145.85,146.16,147.98,-1.8199999999999932,-1.23,41332.19,609860.437,80.64,81.48,79.47,79.63
20100420,600519.SH,146.0,146.0,140.12,143.52,146.16,-2.6399999999999864,-1.81,49387.23,704502.59,79.55,79.55,76.34,78.2
20100421,600519.SH,143.5,148.21,141.71,148.02,143.52,4.5,3.14,63365.87,922573.405,78.19,80.75,77.21,80.65
20100422,600519.SH,147.35,149.25,146.03,148.56,148.02,0.539999999999992,0.36,37063.95,549560.405,80.28,81.32,79.56,80.94
20100423,600519.SH,148.0,149.6,143.1,143.83,148.56,-4.72999999999999,-3.18,66686.94,972162.191,80.64,81.51,77.97,78.37
20100426,600519.SH,139.0,139.58,136.9,136.93,143.83,-6.900000000000006,-4.8,107036.13,1480340.425,75.73,76.05,74.59,74.61
20100427,600519.SH,136.89,136.89,132.7,132.95,136.93,-3.980000000000018,-2.91,58234.48,781868.466,74.58,74.58,72.3,72.44
20100428,600519.SH,132.0,133.4,131.0,132.13,132.95,-0.8199999999999932,-0.62,26287.43,347144.556,71.92,72.68,71.38,71.99
20100429,600519.SH,132.56,135.26,132.56,134.25,132.13,2.1200000000000045,1.6,34501.2,464124.49,72.22,73.7,72.22,73.15
20100430,600519.SH,131.43,131.43,127.75,129.03,134.25,-5.219999999999999,-3.89,85566.7,1102902.799,71.61,71.61,69.6,70.3
20100504,600519.SH,127.99,129.56,126.89,128.64,129.03,-0.3900000000000148,-0.3,23975.16,308504.586,69.74,70.59,69.14,70.09
20100505,600519.SH,127.8,131.24,127.3,130.79,128.64,2.1500000000000057,1.67,33838.78,440483.241,69.63,71.51,69.36,71.26
20100506,600519.SH,131.0,131.0,127.3,127.35,130.79,-3.4399999999999977,-2.63,28240.34,364015.607,71.38,71.38,69.36,69.39
20100507,600519.SH,126.0,130.37,125.5,130.01,127.35,2.6599999999999966,2.09,31254.76,401357.091,68.65,71.03,68.38,70.84
20100510,600519.SH,132.0,136.0,132.0,133.54,130.01,3.530000000000001,2.72,66192.58,888886.062,71.92,74.1,71.92,72.76
20100511,600519.SH,135.59,136.0,132.83,133.66,133.54,0.12000000000000455,0.09,33632.41,450668.323,73.88,74.1,72.37,72.82
20100512,600519.SH,133.29,134.0,130.0,133.18,133.66,-0.47999999999998977,-0.36,21643.19,285567.368,72.62,73.01,70.83,72.56
20100513,600519.SH,133.23,135.7,133.23,134.87,133.18,1.6899999999999977,1.27,27049.54,365164.014,72.59,73.94,72.59,73.48
20100514,600519.SH,134.88,136.11,134.0,134.95,134.87,0.07999999999998408,0.06,18126.16,245038.802,73.49,74.16,73.01,73.53
20100517,600519.SH,134.7,134.7,129.6,129.8,134.95,-5.149999999999977,-3.82,17643.59,231880.074,73.39,73.39,70.61,70.72
20100518,600519.SH,130.0,130.97,126.18,130.11,129.8,0.3100000000000023,0.24,26037.47,334232.104,70.83,71.36,68.75,70.89
20100519,600519.SH,130.5,131.2,128.02,129.83,130.11,-0.28000000000000114,-0.22,10798.97,140244.493,71.1,71.48,69.75,70.74
20100520,600519.SH,129.45,133.33,129.01,131.48,129.83,1.6499999999999773,1.27,22740.45,300553.538,70.53,72.64,70.29,71.64
20100521,600519.SH,129.4,134.6,128.47,134.21,131.48,2.730000000000018,2.08,27341.38,362007.811,70.5,73.34,70.0,73.12
20100524,600519.SH,134.99,136.5,134.3,135.97,134.21,1.759999999999991,1.31,29783.47,404173.639,73.55,74.37,73.17,74.08
20100525,600519.SH,135.6,135.6,130.75,131.25,135.97,-4.719999999999999,-3.47,22050.77,292444.449,73.88,73.88,71.24,71.51
20100526,600519.SH,131.5,132.66,130.16,131.94,131.25,0.6899999999999977,0.53,11025.31,145156.073,71.65,72.28,70.92,71.89
20100531,600519.SH,133.5,135.22,131.88,131.88,131.94,-0.060000000000002274,-0.05,23549.88,314717.16,72.74,73.67,71.85,71.85
20100601,600519.SH,131.75,133.46,130.5,132.63,131.88,0.75,0.57,23525.57,311393.511,71.78,72.72,71.1,72.26
20100602,600519.SH,132.56,134.4,131.65,134.16,132.63,1.5300000000000011,1.15,21889.44,291694.861,72.22,73.23,71.73,73.1
20100603,600519.SH,134.99,136.5,133.4,135.03,134.16,0.8700000000000045,0.65,24949.42,338070.633,73.55,74.37,72.68,73.57
20100604,600519.SH,134.93,138.4,134.21,138.12,135.03,3.0900000000000034,2.29,30036.43,410658.458,73.52,75.41,73.12,75.25
20100607,600519.SH,137.0,142.27,136.0,141.06,138.12,2.9399999999999977,2.13,38125.07,535882.247,74.64,77.52,74.1,76.86
20100608,600519.SH,141.06,141.88,139.0,140.12,141.06,-0.9399999999999977,-0.67,14394.78,202331.408,76.86,77.3,75.73,76.34
20100609,600519.SH,140.22,142.6,140.08,141.42,140.12,1.299999999999983,0.93,18053.93,255194.304,76.4,77.7,76.32,77.05
20100610,600519.SH,141.4,142.6,140.53,141.35,141.42,-0.06999999999999318,-0.05,11781.27,166835.001,77.04,77.7,76.57,77.01
20100611,600519.SH,141.57,142.5,138.56,138.71,141.35,-2.6399999999999864,-1.87,19572.75,274933.803,77.13,77.64,75.49,75.58
20100617,600519.SH,139.2,139.49,136.31,136.48,138.71,-2.230000000000018,-1.61,12523.71,172316.218,75.84,76.0,74.27,74.36
20100618,600519.SH,136.01,136.8,131.01,132.26,136.48,-4.219999999999999,-3.09,20102.29,270316.817,74.1,74.54,71.38,72.06
20100621,600519.SH,132.4,134.5,131.2,134.44,132.26,2.180000000000007,1.65,18954.01,251513.446,72.14,73.28,71.48,73.25
20100622,600519.SH,133.26,133.94,131.4,132.19,134.44,-2.25,-1.67,20779.1,275184.084,72.61,72.98,71.59,72.02
20100623,600519.SH,132.0,132.88,131.42,131.7,132.19,-0.4900000000000091,-0.37,12812.76,169174.743,71.92,72.4,71.6,71.76
20100624,600519.SH,131.91,132.47,129.68,129.97,131.7,-1.7299999999999898,-1.31,24344.03,317936.253,71.87,72.18,70.66,70.81
20100625,600519.SH,129.8,131.0,128.83,130.52,129.97,0.5500000000000114,0.42,19011.35,246313.336,70.72,71.38,70.19,71.11
20100628,600519.SH,130.2,130.22,127.81,128.01,130.52,-2.5100000000000193,-1.92,14816.98,190660.624,70.94,70.95,69.64,69.75
20100629,600519.SH,128.51,129.39,125.51,126.27,128.01,-1.7399999999999949,-1.36,27782.66,354061.61,70.02,70.5,68.38,68.8
20100630,600519.SH,126.0,127.5,125.65,127.36,126.27,1.0900000000000034,0.86,17824.12,225134.758,68.65,69.47,68.46,69.39
20100701,600519.SH,127.85,127.85,126.5,127.02,127.36,-0.3400000000000034,-0.27,7449.69,94688.255,69.66,69.66,68.92,69.21
20100702,600519.SH,126.55,129.1,126.55,127.68,127.02,0.6600000000000108,0.52,16452.7,209978.232,68.95,70.34,68.95,69.57
20100705,600519.SH,126.5,126.8,124.56,125.81,127.68,-1.8700000000000045,-1.46,14040.74,176428.087,69.57,69.73,68.5,69.19
20100706,600519.SH,125.9,128.16,125.0,127.6,125.81,1.789999999999992,1.42,15306.43,195146.898,69.24,70.48,68.74,70.17
20100707,600519.SH,127.6,128.5,126.5,127.32,127.6,-0.28000000000000114,-0.22,8788.28,111689.439,70.17,70.67,69.57,70.02
20100708,600519.SH,127.11,128.5,127.11,128.32,127.32,1.0,0.79,8516.41,108893.89,69.9,70.67,69.9,70.57
20100709,600519.SH,128.58,132.2,127.71,131.06,128.32,2.740000000000009,2.14,27378.51,357390.425,70.71,72.7,70.23,72.07
20100712,600519.SH,130.8,133.3,130.55,130.71,131.06,-0.3499999999999943,-0.27,17834.26,235347.809,71.93,73.31,71.79,71.88
20100713,600519.SH,130.74,130.74,128.51,129.55,130.71,-1.1599999999999966,-0.89,7439.11,96225.621,71.9,71.9,70.67,71.24
20100714,600519.SH,129.4,131.16,129.03,130.24,129.55,0.6899999999999977,0.53,9642.66,125763.296,71.16,72.13,70.96,71.62
20100715,600519.SH,130.5,133.2,130.35,131.83,130.24,1.5900000000000034,1.22,18833.33,248573.676,71.77,73.25,71.68,72.5
20100716,600519.SH,130.9,134.34,130.58,133.81,131.83,1.9799999999999898,1.5,32949.51,438987.876,71.99,73.88,71.81,73.59
20100719,600519.SH,133.05,136.2,132.91,135.8,133.81,1.990000000000009,1.49,19412.32,261608.074,73.17,74.9,73.09,74.68
20100720,600519.SH,135.98,137.29,134.68,136.51,135.8,0.7099999999999795,0.52,26886.19,366053.258,74.78,75.5,74.07,75.07
20100721,600519.SH,136.51,140.4,136.51,137.88,136.51,1.3700000000000045,1.0,24363.02,338324.505,75.07,77.21,75.07,75.83
20100722,600519.SH,138.8,138.8,136.8,137.96,137.88,0.0800000000000125,0.06,16221.66,223560.516,76.33,76.33,75.23,75.87
20100723,600519.SH,138.18,141.02,138.18,140.71,137.96,2.75,1.99,38466.0,539887.868,75.99,77.55,75.99,77.38
20100726,600519.SH,140.71,142.78,140.25,140.96,140.71,0.25,0.18,22016.91,311555.737,77.38,78.52,77.13,77.52
20100727,600519.SH,140.1,142.18,140.1,142.0,140.96,1.039999999999992,0.74,25229.04,357546.813,77.05,78.19,77.05,78.09
20100728,600519.SH,142.6,143.03,141.5,142.94,142.0,0.9399999999999977,0.66,27740.35,395352.77,78.42,78.66,77.82,78.61
20100729,600519.SH,142.93,143.1,139.16,139.42,142.94,-3.5200000000000102,-2.46,45372.87,636454.908,78.6,78.7,76.53,76.67
20100730,600519.SH,139.28,139.28,137.5,138.67,139.42,-0.75,-0.54,29438.77,406203.348,76.6,76.6,75.62,76.26
20100802,600519.SH,138.63,145.26,138.63,143.55,138.67,4.880000000000024,3.52,42965.73,614400.254,76.24,79.88,76.24,78.94
20100803,600519.SH,143.0,144.8,142.01,142.26,143.55,-1.2900000000000205,-0.9,17573.23,251858.817,78.64,79.63,78.1,78.23
20100804,600519.SH,142.0,144.2,141.72,144.02,142.26,1.7600000000000193,1.24,17350.13,249201.032,78.09,79.3,77.94,79.2
20100805,600519.SH,144.08,149.35,144.08,148.16,144.02,4.139999999999986,2.87,41966.13,620781.742,79.24,82.13,79.24,81.48
20100806,600519.SH,147.8,148.8,147.2,148.2,148.16,0.03999999999999204,0.03,21840.53,323918.732,81.28,81.83,80.95,81.5
20100809,600519.SH,148.25,152.22,148.25,151.61,148.2,3.410000000000025,2.3,38703.73,586147.268,81.53,83.71,81.53,83.38
20100810,600519.SH,151.61,153.59,146.5,146.76,151.61,-4.850000000000023,-3.2,28739.94,427619.893,83.38,84.47,80.57,80.71
20100811,600519.SH,146.0,149.0,146.0,147.85,146.76,1.0900000000000034,0.74,15190.63,224550.906,80.29,81.94,80.29,81.31
20100812,600519.SH,147.8,151.9,146.21,148.92,147.85,1.0699999999999932,0.72,31025.87,463112.778,81.28,83.54,80.41,81.9
20100813,600519.SH,148.88,151.46,148.32,150.39,148.92,1.4699999999999989,0.99,15775.59,236758.807,81.87,83.29,81.57,82.71
20100816,600519.SH,150.41,153.29,150.41,152.9,150.39,2.5100000000000193,1.67,25910.45,395272.912,82.72,84.3,82.72,84.09
20100817,600519.SH,152.8,156.25,152.5,155.09,152.9,2.1899999999999977,1.43,35747.57,554777.11,84.03,85.93,83.87,85.29
20100818,600519.SH,154.98,156.42,152.3,152.84,155.09,-2.25,-1.45,30173.78,464752.257,85.23,86.02,83.76,84.05
20100819,600519.SH,152.88,153.9,150.5,151.26,152.84,-1.5800000000000125,-1.03,35437.14,536485.063,84.07,84.64,82.77,83.18
20100820,600519.SH,151.19,151.19,148.48,148.89,151.26,-2.3700000000000045,-1.57,20841.59,311220.147,83.15,83.15,81.65,81.88
20100823,600519.SH,148.25,150.9,148.0,150.72,148.89,1.8300000000000125,1.23,13214.93,197952.515,81.53,82.99,81.39,82.89
20100824,600519.SH,150.32,152.99,149.1,151.42,150.72,0.6999999999999886,0.46,10838.25,164253.365,82.67,84.14,82.0,83.27
20100825,600519.SH,150.5,151.92,149.63,149.79,151.42,-1.6299999999999955,-1.08,16507.88,249067.209,82.77,83.55,82.29,82.38
20100826,600519.SH,149.9,150.55,148.5,150.37,149.79,0.5800000000000125,0.39,12232.54,183116.485,82.44,82.79,81.67,82.69
20100827,600519.SH,150.0,151.23,149.2,151.06,150.37,0.6899999999999977,0.46,8799.39,132580.368,82.49,83.17,82.05,83.07
20100830,600519.SH,151.68,160.0,151.68,159.82,151.06,8.759999999999991,5.8,53784.43,849497.659,83.41,87.99,83.41,87.89
20100831,600519.SH,158.53,160.99,157.88,159.23,159.82,-0.5900000000000034,-0.37,31399.97,501261.374,87.18,88.53,86.82,87.57
20100901,600519.SH,158.8,161.2,155.9,156.88,159.23,-2.3499999999999943,-1.48,25589.28,406904.438,87.33,88.65,85.74,86.27
20100902,600519.SH,158.0,162.08,157.87,159.99,156.88,3.1100000000000136,1.98,24821.98,399335.601,86.89,89.13,86.82,87.98
20100903,600519.SH,159.8,165.38,159.8,162.62,159.99,2.6299999999999955,1.64,27761.44,452832.217,87.88,90.95,87.88,89.43
20100906,600519.SH,164.0,168.6,164.0,166.72,162.62,4.099999999999994,2.52,29008.44,485289.346,90.19,92.72,90.19,91.69
20100907,600519.SH,167.05,169.1,164.8,165.27,166.72,-1.4499999999999886,-0.87,22373.67,372434.005,91.87,92.99,90.63,90.89
20100908,600519.SH,165.0,167.5,165.0,166.48,165.27,1.2099999999999795,0.73,15010.8,250344.694,90.74,92.11,90.74,91.55
20100909,600519.SH,167.0,169.1,166.0,166.89,166.48,0.4099999999999966,0.25,21503.84,360593.531,91.84,92.99,91.29,91.78
20100910,600519.SH,167.5,169.9,166.5,169.49,166.89,2.6000000000000227,1.56,19867.68,335023.684,92.11,93.43,91.56,93.21
20100913,600519.SH,169.0,173.45,167.95,168.78,169.49,-0.710000000000008,-0.42,28063.47,480493.819,92.94,95.39,92.36,92.82
20100914,600519.SH,168.75,170.22,165.6,167.29,168.78,-1.490000000000009,-0.88,26383.43,441034.013,92.8,93.61,91.07,92.0
20100915,600519.SH,167.0,167.29,161.7,162.45,167.29,-4.840000000000003,-2.89,21032.08,347008.844,91.84,92.0,88.93,89.34
20100916,600519.SH,162.1,164.05,156.89,159.34,162.45,-3.109999999999985,-1.91,20497.73,327836.606,89.15,90.22,86.28,87.63
20100917,600519.SH,159.22,164.44,157.51,161.81,159.34,2.469999999999999,1.55,17975.26,290800.424,87.56,90.43,86.62,88.99
20100920,600519.SH,162.86,166.0,162.0,164.65,161.81,2.8400000000000034,1.76,12576.07,206418.537,89.56,91.29,89.09,90.55
20100921,600519.SH,166.5,166.88,164.01,166.08,164.65,1.4300000000000068,0.87,14940.36,247684.425,91.56,91.77,90.2,91.33
20100927,600519.SH,166.1,169.0,165.3,168.83,166.08,2.75,1.66,18548.46,310077.012,91.34,92.94,90.9,92.85
20100928,600519.SH,168.59,171.19,168.0,170.78,168.83,1.9499999999999886,1.16,22585.12,384574.256,92.71,94.14,92.39,93.92
20100929,600519.SH,170.4,171.55,167.01,167.16,170.78,-3.6200000000000045,-2.12,13272.0,225065.386,93.71,94.34,91.85,91.93
20100930,600519.SH,166.56,169.2,166.0,168.73,167.16,1.5699999999999932,0.94,14578.9,244719.876,91.6,93.05,91.29,92.79
20101008,600519.SH,169.0,175.5,169.0,173.53,168.73,4.800000000000011,2.84,31608.89,549853.018,92.94,96.51,92.94,95.43
20101011,600519.SH,174.0,176.43,166.0,167.8,173.53,-5.72999999999999,-3.3,43742.69,742024.422,95.69,97.03,91.29,92.28
20101012,600519.SH,167.81,169.98,164.29,166.6,167.8,-1.200000000000017,-0.72,28543.04,473412.98,92.29,93.48,90.35,91.62
20101013,600519.SH,166.0,166.53,159.85,161.0,166.6,-5.599999999999994,-3.36,60287.75,972450.177,91.29,91.58,87.91,88.54
20101014,600519.SH,161.02,161.3,156.81,158.44,161.0,-2.5600000000000023,-1.59,53243.73,842374.776,88.55,88.71,86.24,87.13
20101015,600519.SH,158.52,163.0,158.31,159.98,158.44,1.539999999999992,0.97,72099.79,1152421.933,87.18,89.64,87.06,87.98
20101018,600519.SH,160.0,165.16,154.8,162.42,159.98,2.4399999999999977,1.53,96564.42,1522116.994,87.99,90.83,85.13,89.32
20101019,600519.SH,161.42,164.9,160.0,163.27,162.42,0.8500000000000227,0.52,53448.48,870135.034,88.77,90.68,87.99,89.79
20101020,600519.SH,160.1,168.9,160.09,167.41,163.27,4.139999999999986,2.54,47372.89,788461.639,88.05,92.88,88.04,92.07
20101021,600519.SH,167.6,170.05,165.8,167.47,167.41,0.060000000000002274,0.04,37621.94,632118.759,92.17,93.52,91.18,92.1
20101022,600519.SH,167.48,171.6,166.66,168.11,167.47,0.6400000000000148,0.38,41046.54,697025.656,92.1,94.37,91.65,92.45
20101025,600519.SH,169.0,173.8,168.13,173.0,168.11,4.889999999999986,2.91,36195.2,622609.05,92.94,95.58,92.46,95.14
20101026,600519.SH,172.8,172.88,168.01,169.01,173.0,-3.990000000000009,-2.31,28590.63,484027.261,95.03,95.07,92.4,92.95
20101027,600519.SH,168.75,169.4,166.5,168.15,169.01,-0.8599999999999852,-0.51,28912.62,484076.38,92.8,93.16,91.56,92.47
20101028,600519.SH,167.9,168.3,166.73,167.04,168.15,-1.1100000000000136,-0.66,19440.68,325743.881,92.33,92.55,91.69,91.86
20101029,600519.SH,164.74,165.07,160.5,163.15,167.04,-3.8899999999999864,-2.33,65465.57,1064852.159,90.6,90.78,88.27,89.72
20101101,600519.SH,163.2,164.9,162.2,163.76,163.15,0.6099999999999852,0.37,49658.92,810910.408,89.75,90.68,89.2,90.06
20101102,600519.SH,164.52,164.52,161.59,162.67,163.76,-1.0900000000000034,-0.67,62292.17,1009953.812,90.48,90.48,88.86,89.46
20101103,600519.SH,163.0,165.65,161.5,163.35,162.67,0.6800000000000068,0.42,42253.17,693876.483,89.64,91.1,88.82,89.83
20101104,600519.SH,163.95,165.54,162.78,165.05,163.35,1.700000000000017,1.04,44629.19,732196.946,90.16,91.04,89.52,90.77
20101105,600519.SH,165.3,166.0,163.3,163.98,165.05,-1.0700000000000216,-0.65,34654.91,569207.561,90.9,91.29,89.8,90.18
20101108,600519.SH,163.99,164.0,161.25,163.49,163.98,-0.4899999999999807,-0.3,56894.13,922801.037,90.18,90.19,88.68,89.91
20101109,600519.SH,163.6,166.59,162.72,165.86,163.49,2.3700000000000045,1.45,60737.9,1002019.514,89.97,91.61,89.49,91.21
20101110,600519.SH,166.6,182.45,166.5,179.73,165.86,13.869999999999976,8.36,150005.09,2670067.328,91.62,100.34,91.56,98.84
20101111,600519.SH,181.99,181.99,174.11,175.92,179.73,-3.8100000000000023,-2.12,74217.2,1322968.333,100.08,100.08,95.75,96.75
20101112,600519.SH,175.55,188.08,175.52,177.53,175.92,1.6100000000000136,0.92,126500.29,2298576.167,96.54,103.43,96.53,97.63
20101115,600519.SH,181.99,188.0,181.99,183.69,177.53,6.159999999999997,3.47,79038.78,1458250.426,100.08,103.39,100.08,101.02
20101116,600519.SH,185.99,186.0,174.5,177.19,183.69,-6.5,-3.54,72291.77,1294350.638,102.28,102.29,95.96,97.44
20101117,600519.SH,175.9,175.9,163.8,165.0,177.19,-12.189999999999998,-6.88,80509.06,1362362.423,96.73,96.73,90.08,90.74
20101118,600519.SH,166.55,170.97,166.0,169.49,165.0,4.490000000000009,2.72,40286.04,680881.283,91.59,94.02,91.29,93.21
20101119,600519.SH,171.1,176.0,170.21,175.16,169.49,5.6699999999999875,3.35,48954.75,848958.178,94.09,96.79,93.61,96.33
20101122,600519.SH,174.88,182.38,173.8,178.51,175.16,3.3499999999999943,1.91,47940.81,857696.481,96.17,100.3,95.58,98.17
20101123,600519.SH,178.38,189.2,176.2,189.04,178.51,10.530000000000001,5.9,108469.81,1995630.382,98.1,104.05,96.9,103.96
20101124,600519.SH,192.0,206.6,192.0,199.92,189.04,10.879999999999995,5.76,110799.3,2220954.81,105.59,113.62,105.59,109.94
20101125,600519.SH,200.53,203.62,197.0,202.97,199.92,3.0500000000000114,1.53,45579.74,916382.376,110.28,111.98,108.34,111.62
20101126,600519.SH,202.97,212.67,200.61,207.24,202.97,4.27000000000001,2.1,63799.42,1324934.628,111.62,116.96,110.32,113.97
20101129,600519.SH,205.25,222.0,205.25,216.43,207.24,9.189999999999998,4.43,67499.39,1441023.288,112.87,122.09,112.87,119.02
20101130,600519.SH,216.37,216.37,200.33,204.81,216.43,-11.620000000000005,-5.37,65665.39,1356812.148,118.99,118.99,110.17,112.63
20101201,600519.SH,203.0,208.0,200.02,202.4,204.81,-2.4099999999999966,-1.18,38016.22,773495.042,111.64,114.39,110.0,111.31
20101202,600519.SH,204.2,206.0,197.91,198.17,202.4,-4.230000000000018,-2.09,42940.09,864862.808,112.3,113.29,108.84,108.98
20101203,600519.SH,198.0,203.49,197.7,199.79,198.17,1.6200000000000045,0.82,43037.32,863905.87,108.89,111.91,108.72,109.87
20101206,600519.SH,199.85,202.0,190.11,193.02,199.79,-6.769999999999982,-3.39,43281.58,839963.278,109.91,111.09,104.55,106.15
20101207,600519.SH,191.89,198.8,189.86,197.56,193.02,4.539999999999992,2.35,31804.8,621615.004,105.53,109.33,104.41,108.65
20101208,600519.SH,197.5,201.8,196.01,196.18,197.56,-1.3799999999999955,-0.7,28334.68,564539.229,108.61,110.98,107.79,107.89
20101209,600519.SH,195.99,196.78,192.3,195.26,196.18,-0.9200000000000159,-0.47,24461.4,474949.022,107.78,108.22,105.75,107.38
20101210,600519.SH,193.35,198.88,191.0,197.72,195.26,2.460000000000008,1.26,39587.31,766519.126,106.33,109.37,105.04,108.73
20101213,600519.SH,197.5,197.5,193.5,196.99,197.72,-0.7299999999999898,-0.37,58592.83,1144043.372,108.61,108.61,106.41,108.33
20101214,600519.SH,197.31,201.5,196.8,197.91,196.99,0.9199999999999875,0.47,61542.72,1224103.219,108.51,110.81,108.23,108.84
20101215,600519.SH,198.0,203.33,198.0,200.7,197.91,2.789999999999992,1.41,47423.8,953073.582,108.89,111.82,108.89,110.37
20101216,600519.SH,211.99,212.5,206.5,206.98,200.7,6.280000000000001,3.13,66817.58,1396868.342,116.58,116.86,113.56,113.83
20101217,600519.SH,208.0,209.2,203.81,204.42,206.98,-2.5600000000000023,-1.24,51769.82,1060471.13,114.39,115.05,112.08,112.42
20101220,600519.SH,205.98,206.66,194.0,197.38,204.42,-7.039999999999992,-3.44,68557.25,1361002.093,113.28,113.65,106.69,108.55
20101221,600519.SH,197.35,197.61,193.01,194.0,197.38,-3.3799999999999955,-1.71,59359.42,1153389.514,108.53,108.67,106.14,106.69
20101222,600519.SH,194.07,194.49,190.0,190.95,194.0,-3.0500000000000114,-1.57,44151.22,845830.946,106.73,106.96,104.49,105.01
20101223,600519.SH,190.85,192.7,190.0,190.71,190.95,-0.23999999999998067,-0.13,32743.89,626262.013,104.96,105.97,104.49,104.88
20101224,600519.SH,190.71,190.91,187.0,188.72,190.71,-1.990000000000009,-1.04,29408.52,553596.991,104.88,104.99,102.84,103.78
20101227,600519.SH,189.0,189.99,182.31,182.99,188.72,-5.72999999999999,-3.04,45246.4,844631.482,103.94,104.48,100.26,100.63
20101228,600519.SH,183.0,186.6,177.4,183.26,182.99,0.2699999999999818,0.15,48176.44,873676.036,100.64,102.62,97.56,100.78
20101229,600519.SH,183.1,186.07,182.0,186.0,183.26,2.740000000000009,1.5,30967.6,569651.391,100.69,102.33,100.09,102.29
20101230,600519.SH,186.5,186.5,180.2,181.93,186.0,-4.069999999999993,-2.19,41774.68,760950.273,102.56,102.56,99.1,100.05
20101231,600519.SH,181.8,184.28,181.05,183.92,181.93,1.9899999999999807,1.09,46084.87,843075.733,99.98,101.34,99.57,101.14
20110104,600519.SH,186.9,187.9,182.6,185.5,183.92,1.5800000000000125,0.86,60462.26,1116558.389,102.78,103.33,100.42,102.01
20110105,600519.SH,184.9,185.4,180.5,181.08,185.5,-4.4199999999999875,-2.38,58198.02,1064872.709,101.68,101.96,99.26,99.58
20110106,600519.SH,181.21,183.6,178.44,180.24,181.08,-0.8400000000000034,-0.46,37584.56,677983.969,99.65,100.97,98.13,99.12
20110107,600519.SH,180.18,181.69,178.5,179.72,180.24,-0.5200000000000102,-0.29,30533.8,548732.363,99.09,99.92,98.16,98.83
20110110,600519.SH,179.62,180.51,174.14,174.31,179.72,-5.409999999999997,-3.01,38784.83,687881.571,98.78,99.27,95.77,95.86
20110111,600519.SH,173.68,175.5,171.21,173.56,174.31,-0.75,-0.43,45322.1,787943.021,95.51,96.51,94.15,95.45
20110112,600519.SH,174.1,176.0,172.41,174.47,173.56,0.9099999999999966,0.52,31323.25,546334.112,95.74,96.79,94.81,95.95
20110113,600519.SH,175.5,181.0,174.49,179.49,174.47,5.02000000000001,2.88,41341.74,740207.616,96.51,99.54,95.96,98.71
20110114,600519.SH,178.95,181.21,177.3,180.19,179.49,0.6999999999999886,0.39,25772.66,461741.103,98.41,99.65,97.5,99.09
20110117,600519.SH,179.7,182.2,175.02,175.59,180.19,-4.599999999999994,-2.55,37475.16,673586.235,98.82,100.2,96.25,96.56
20110118,600519.SH,175.1,182.61,173.99,182.56,175.59,6.969999999999999,3.97,40962.35,738283.975,96.29,100.42,95.68,100.4
20110119,600519.SH,182.56,183.57,181.11,182.83,182.56,0.27000000000001023,0.15,26198.67,478032.606,100.4,100.95,99.6,100.55
20110120,600519.SH,182.3,183.99,178.25,180.07,182.83,-2.7600000000000193,-1.51,24523.05,444085.191,100.25,101.18,98.03,99.03
20110121,600519.SH,179.8,181.5,175.66,175.89,180.07,-4.180000000000007,-2.32,26867.37,479005.923,98.88,99.81,96.6,96.73
20110124,600519.SH,175.87,177.48,170.01,171.52,175.89,-4.369999999999976,-2.48,34775.49,601578.015,96.72,97.6,93.5,94.33
20110125,600519.SH,170.98,172.4,170.0,170.7,171.52,-0.8200000000000216,-0.48,17238.64,294978.979,94.03,94.81,93.49,93.87
20110126,600519.SH,171.01,173.99,171.01,172.14,170.7,1.4399999999999977,0.84,14325.71,247045.171,94.04,95.68,94.04,94.67
20110127,600519.SH,171.96,175.28,169.58,173.06,172.14,0.9200000000000159,0.53,29444.27,507387.589,94.57,96.39,93.26,95.17
20110128,600519.SH,173.01,174.13,172.38,173.34,173.06,0.28000000000000114,0.16,19591.43,339796.042,95.14,95.76,94.8,95.33
20110131,600519.SH,173.5,180.92,173.01,177.99,173.34,4.650000000000006,2.68,32442.43,577621.803,95.41,99.49,95.14,97.88
20110201,600519.SH,178.0,181.85,177.5,180.28,177.99,2.289999999999992,1.29,17758.46,319648.6,97.89,100.01,97.61,99.14
20110209,600519.SH,179.99,180.81,177.0,177.96,180.28,-2.319999999999993,-1.29,17675.31,317003.717,98.98,99.43,97.34,97.87
20110210,600519.SH,177.35,185.99,177.3,185.03,177.96,7.069999999999993,3.97,36008.75,656695.297,97.53,102.28,97.5,101.76
20110211,600519.SH,184.74,188.45,184.29,184.93,185.03,-0.09999999999999432,-0.05,34001.41,634257.226,101.6,103.64,101.35,101.7
20110214,600519.SH,184.93,188.0,183.9,187.11,184.93,2.180000000000007,1.18,36639.15,681621.643,101.7,103.39,101.13,102.9
20110215,600519.SH,187.11,188.8,184.8,185.24,187.11,-1.8700000000000045,-1.0,29716.4,554140.643,102.9,103.83,101.63,101.87
20110216,600519.SH,185.01,185.99,181.7,183.68,185.24,-1.5600000000000023,-0.84,36440.18,667440.837,101.74,102.28,99.92,101.01
20110217,600519.SH,183.0,183.7,180.83,181.26,183.68,-2.420000000000016,-1.32,36363.8,662075.979,100.64,101.02,99.45,99.68
20110218,600519.SH,180.8,185.45,180.3,181.98,181.26,0.7199999999999989,0.4,36828.73,676343.235,99.43,101.99,99.15,100.08
20110221,600519.SH,182.0,184.8,181.2,183.48,181.98,1.5,0.82,27289.85,498811.371,100.09,101.63,99.65,100.9
20110222,600519.SH,183.48,185.25,181.0,181.88,183.48,-1.5999999999999943,-0.87,38293.8,701713.006,100.9,101.88,99.54,100.02
20110223,600519.SH,181.11,183.47,181.11,182.76,181.88,0.8799999999999955,0.48,19422.29,353816.777,99.6,100.9,99.6,100.51
20110224,600519.SH,182.58,183.47,181.12,182.15,182.76,-0.6099999999999852,-0.33,20476.31,373539.569,100.41,100.9,99.6,100.17
20110225,600519.SH,182.88,182.88,179.2,179.62,182.15,-2.530000000000001,-1.39,29413.43,532482.186,100.57,100.57,98.55,98.78
20110228,600519.SH,179.3,179.46,176.0,178.68,179.62,-0.9399999999999977,-0.52,39093.1,693295.724,98.6,98.69,96.79,98.26
20110301,600519.SH,178.71,179.93,177.8,178.64,178.68,-0.040000000000020464,-0.02,23059.41,411728.226,98.28,98.95,97.78,98.24
20110302,600519.SH,178.2,179.0,176.01,177.21,178.64,-1.4299999999999784,-0.8,32095.5,569125.294,98.0,98.44,96.79,97.45
20110303,600519.SH,177.27,178.69,174.75,175.0,177.21,-2.210000000000008,-1.25,37735.09,663456.221,97.49,98.27,96.1,96.24
20110304,600519.SH,175.0,176.78,174.5,175.93,175.0,0.9300000000000068,0.53,33351.19,587411.61,96.24,97.22,95.96,96.75
20110307,600519.SH,175.84,177.53,175.84,177.38,175.93,1.4499999999999886,0.82,33553.69,593119.911,96.7,97.63,96.7,97.55
20110308,600519.SH,177.43,177.6,174.8,176.72,177.38,-0.6599999999999966,-0.37,31869.55,560058.561,97.58,97.67,96.13,97.19
20110309,600519.SH,177.49,178.2,176.05,177.99,176.72,1.2700000000000102,0.72,22971.46,406818.003,97.61,98.0,96.82,97.88
20110310,600519.SH,177.97,184.2,177.38,182.0,177.99,4.009999999999991,2.25,54492.13,991540.447,97.87,101.3,97.55,100.09
20110311,600519.SH,181.6,183.4,179.89,180.04,182.0,-1.960000000000008,-1.08,23345.45,424871.796,99.87,100.86,98.93,99.01
20110314,600519.SH,179.52,184.0,179.11,182.88,180.04,2.8400000000000034,1.58,22372.98,408383.265,98.72,101.19,98.5,100.57
20110315,600519.SH,181.64,183.22,177.03,179.27,182.88,-3.609999999999985,-1.97,30898.55,554199.756,99.89,100.76,97.36,98.59
20110316,600519.SH,179.6,182.97,179.31,181.84,179.27,2.569999999999993,1.43,24176.24,438681.962,98.77,100.62,98.61,100.0
20110317,600519.SH,180.9,189.53,180.18,189.03,181.84,7.189999999999998,3.95,88522.77,1653009.378,99.48,104.23,99.09,103.95
20110318,600519.SH,189.55,194.1,187.13,191.15,189.03,2.1200000000000045,1.12,61484.07,1175141.41,104.24,106.74,102.91,105.12
20110321,600519.SH,189.8,190.98,184.55,187.13,191.15,-4.02000000000001,-2.1,48651.24,910057.839,104.38,105.03,101.49,102.91
20110322,600519.SH,188.38,189.98,185.2,185.75,187.13,-1.3799999999999955,-0.74,27887.55,521369.663,103.6,104.48,101.85,102.15
20110323,600519.SH,186.01,186.69,183.5,186.54,185.75,0.789999999999992,0.43,42881.85,792668.1,102.29,102.67,100.91,102.59
20110324,600519.SH,186.3,186.55,183.5,183.55,186.54,-2.9899999999999807,-1.6,21353.18,393924.337,102.45,102.59,100.91,100.94
20110325,600519.SH,183.0,185.58,183.0,183.43,183.55,-0.12000000000000455,-0.07,27905.52,513404.256,100.64,102.06,100.64,100.88
20110328,600519.SH,183.55,184.4,180.49,180.91,183.43,-2.5200000000000102,-1.37,40295.87,731053.019,100.94,101.41,99.26,99.49
20110329,600519.SH,181.0,181.3,178.5,178.95,180.91,-1.960000000000008,-1.08,26523.3,476995.781,99.54,99.7,98.16,98.41
20110330,600519.SH,178.94,180.26,178.3,178.71,178.95,-0.23999999999998067,-0.13,20602.99,368964.875,98.41,99.13,98.05,98.28
20110331,600519.SH,178.71,182.8,178.5,179.85,178.71,1.1399999999999864,0.64,17525.86,316949.399,98.28,100.53,98.16,98.91
20110401,600519.SH,179.98,181.35,178.55,179.46,179.85,-0.38999999999998636,-0.22,18227.49,326554.075,98.98,99.73,98.19,98.69
20110406,600519.SH,179.4,179.9,176.71,176.98,179.46,-2.480000000000018,-1.38,28774.81,510620.637,98.66,98.93,97.18,97.33
20110407,600519.SH,176.2,177.0,174.78,174.94,176.98,-2.039999999999992,-1.15,46830.74,820484.804,96.9,97.34,96.12,96.21
20110408,600519.SH,174.96,176.5,174.8,175.66,174.94,0.7199999999999989,0.41,21823.15,383817.086,96.22,97.06,96.13,96.6
20110411,600519.SH,175.45,178.65,175.11,177.49,175.66,1.8300000000000125,1.04,26173.14,463960.298,96.49,98.25,96.3,97.61
20110412,600519.SH,177.5,179.34,176.7,177.42,177.49,-0.0700000000000216,-0.04,34945.68,623251.647,97.61,98.63,97.17,97.57
20110413,600519.SH,177.3,179.0,177.02,178.33,177.42,0.910000000000025,0.51,29389.19,522953.556,97.5,98.44,97.35,98.07
20110414,600519.SH,178.3,178.5,175.48,175.74,178.33,-2.5900000000000034,-1.45,36621.96,644626.738,98.05,98.16,96.5,96.65
20110415,600519.SH,175.97,176.99,170.77,172.38,175.74,-3.3600000000000136,-1.91,53327.01,919620.925,96.77,97.33,93.91,94.8
20110418,600519.SH,172.18,173.39,171.21,173.06,172.38,0.6800000000000068,0.39,19608.99,338287.704,94.69,95.35,94.15,95.17
20110419,600519.SH,173.06,174.64,171.49,173.38,173.06,0.3199999999999932,0.18,22880.67,395248.447,95.17,96.04,94.31,95.35
20110420,600519.SH,173.38,175.18,173.0,174.8,173.38,1.420000000000016,0.82,22509.28,392495.921,95.35,96.34,95.14,96.13
20110421,600519.SH,175.0,177.59,174.71,174.86,174.8,0.060000000000002274,0.03,28684.34,505336.037,96.24,97.66,96.08,96.16
20110422,600519.SH,175.5,176.4,174.53,176.15,174.86,1.289999999999992,0.74,14500.23,254794.864,96.51,97.01,95.98,96.87
20110425,600519.SH,180.0,185.08,179.5,183.06,176.15,6.909999999999997,3.92,70225.53,1280812.447,98.99,101.78,98.71,100.67
20110426,600519.SH,183.0,183.5,180.88,181.17,183.06,-1.8900000000000148,-1.03,31095.42,565862.126,100.64,100.91,99.47,99.63
20110427,600519.SH,181.6,185.0,181.0,181.15,181.17,-0.01999999999998181,-0.01,27748.47,508713.443,99.87,101.74,99.54,99.62
20110428,600519.SH,182.1,182.58,177.8,178.42,181.15,-2.730000000000018,-1.51,25357.17,455048.059,100.14,100.41,97.78,98.12
20110429,600519.SH,178.4,183.09,177.68,182.31,178.42,3.890000000000015,2.18,22083.82,401140.719,98.11,100.69,97.71,100.26
20110503,600519.SH,183.0,186.8,182.0,185.86,182.31,3.5500000000000114,1.95,41270.82,764382.818,100.64,102.73,100.09,102.21
20110504,600519.SH,184.49,188.08,183.44,183.5,185.86,-2.3600000000000136,-1.27,32521.06,604784.367,101.46,103.43,100.88,100.91
20110505,600519.SH,183.51,187.5,183.01,184.95,183.5,1.4499999999999886,0.79,26693.49,496448.129,100.92,103.11,100.64,101.71
20110506,600519.SH,184.0,187.0,183.01,185.81,184.95,0.8600000000000136,0.46,23960.65,444808.841,101.19,102.84,100.64,102.18
20110509,600519.SH,186.58,187.49,183.9,184.16,185.81,-1.6500000000000057,-0.89,12175.95,225581.746,102.61,103.11,101.13,101.28
20110510,600519.SH,184.07,184.5,182.78,183.59,184.16,-0.5699999999999932,-0.31,15918.8,292606.289,101.23,101.46,100.52,100.96
20110511,600519.SH,183.02,186.3,183.02,185.27,183.59,1.6800000000000068,0.92,12896.67,238855.455,100.65,102.45,100.65,101.89
20110512,600519.SH,185.0,189.5,184.6,187.32,185.27,2.049999999999983,1.11,25027.71,470405.158,101.74,104.21,101.52,103.01
20110513,600519.SH,187.35,188.99,185.5,187.66,187.32,0.3400000000000034,0.18,12253.2,229207.566,103.03,103.93,102.01,103.2
20110516,600519.SH,187.5,188.98,186.5,187.67,187.66,0.009999999999990905,0.01,11505.57,216417.13,103.11,103.93,102.56,103.21
20110517,600519.SH,187.02,190.3,186.0,187.63,187.67,-0.03999999999999204,-0.02,20866.44,393848.458,102.85,104.65,102.29,103.18
20110518,600519.SH,187.3,197.44,187.3,194.95,187.63,7.319999999999993,3.9,62165.05,1212084.674,103.0,108.58,103.0,107.21
20110519,600519.SH,196.0,201.65,196.0,199.88,194.95,4.930000000000007,2.53,85738.05,1716471.11,107.79,110.9,107.79,109.92
20110520,600519.SH,200.7,201.66,198.81,200.83,199.88,0.950000000000017,0.48,40043.86,801739.991,110.37,110.9,109.33,110.44
20110523,600519.SH,200.0,202.75,197.0,197.03,200.83,-3.8000000000000114,-1.89,39420.88,783913.346,109.99,111.5,108.34,108.35
20110524,600519.SH,195.51,197.5,194.5,194.61,197.03,-2.4199999999999875,-1.23,23997.07,470085.883,107.52,108.61,106.96,107.02
20110526,600519.SH,194.8,202.79,194.8,198.69,194.61,4.079999999999984,2.1,38970.36,779314.782,107.13,111.52,107.13,109.27
20110527,600519.SH,199.88,200.78,193.21,193.74,198.69,-4.949999999999989,-2.49,31729.58,626618.182,109.92,110.42,106.25,106.55
20110530,600519.SH,192.18,202.58,191.77,202.53,193.74,8.789999999999992,4.54,47286.0,942388.98,105.69,111.41,105.46,111.38
20110531,600519.SH,202.65,203.98,201.3,203.8,202.53,1.2700000000000102,0.63,33854.83,685945.963,111.45,112.18,110.7,112.08
20110601,600519.SH,204.1,209.98,203.02,209.89,203.8,6.089999999999975,2.99,39093.76,813188.052,112.24,115.48,111.65,115.43
20110602,600519.SH,208.5,209.66,203.6,206.59,209.89,-3.299999999999983,-1.57,39585.43,818431.995,114.66,115.3,111.97,113.61
20110603,600519.SH,206.02,212.7,206.02,211.61,206.59,5.02000000000001,2.43,29483.96,618505.293,113.3,116.97,113.3,116.37
20110607,600519.SH,211.98,211.99,206.28,207.87,211.61,-3.740000000000009,-1.77,26876.17,559703.875,116.58,116.58,113.44,114.32
20110608,600519.SH,207.55,209.7,203.58,208.74,207.87,0.8700000000000045,0.42,25070.47,517190.772,114.14,115.32,111.96,114.79
20110609,600519.SH,208.05,208.3,201.76,201.82,208.74,-6.920000000000016,-3.32,36179.7,737042.713,114.41,114.55,110.96,110.99
20110610,600519.SH,201.5,204.49,199.8,202.56,201.82,0.7400000000000091,0.37,34279.17,692444.753,110.81,112.46,109.88,111.4
20110613,600519.SH,202.5,203.9,198.8,201.49,202.56,-1.0699999999999932,-0.53,28004.57,562464.133,111.36,112.13,109.33,110.81
20110614,600519.SH,201.47,204.98,200.5,204.46,201.49,2.969999999999999,1.47,37487.88,758192.892,110.8,112.73,110.26,112.44
20110615,600519.SH,204.02,204.47,202.19,203.21,204.46,-1.25,-0.61,16408.56,333131.863,112.2,112.45,111.19,111.75
20110616,600519.SH,202.2,205.29,200.22,203.02,203.21,-0.18999999999999773,-0.09,17731.47,359795.619,111.2,112.9,110.11,111.65
20110617,600519.SH,203.5,209.99,202.65,208.63,203.02,5.609999999999985,2.76,33411.0,690941.504,111.91,115.48,111.45,114.73
20110620,600519.SH,208.1,208.28,201.0,203.46,208.63,-5.1699999999999875,-2.48,29909.15,611059.058,114.44,114.54,110.54,111.89
20110621,600519.SH,202.03,204.84,202.03,203.3,203.46,-0.1599999999999966,-0.08,12738.17,259198.214,111.1,112.65,111.1,111.8
20110622,600519.SH,203.2,207.48,203.2,205.93,203.3,2.6299999999999955,1.29,16188.53,333499.822,111.75,114.1,111.75,113.25
20110623,600519.SH,205.3,209.2,205.0,207.99,205.93,2.0600000000000023,1.0,20280.98,421820.426,112.9,115.05,112.74,114.38
20110624,600519.SH,207.85,210.15,205.35,206.44,207.99,-1.5500000000000114,-0.75,37068.5,770684.579,114.3,115.57,112.93,113.53
20110627,600519.SH,207.2,208.96,205.78,208.27,206.44,1.8300000000000125,0.89,23190.42,480816.709,113.95,114.92,113.17,114.54
20110628,600519.SH,209.0,211.87,207.22,210.45,208.27,2.1799999999999784,1.05,25540.48,536916.003,114.94,116.52,113.96,115.73
20110629,600519.SH,210.88,212.88,207.9,210.94,210.45,0.4900000000000091,0.23,19596.7,412274.52,115.97,117.07,114.33,116.0
20110630,600519.SH,210.02,213.3,210.02,212.63,210.94,1.6899999999999977,0.8,32701.21,694508.28,115.5,117.3,115.5,116.93
20110701,600519.SH,192.5,192.5,189.9,191.63,212.63,-21.0,-9.88,15810.5,302002.762,117.74,117.74,116.15,117.21
20110704,600519.SH,191.21,193.33,190.8,193.02,191.63,1.3900000000000148,0.73,46338.41,888995.936,116.95,118.24,116.7,118.06
20110705,600519.SH,193.0,193.02,189.8,191.43,193.02,-1.5900000000000034,-0.82,27057.85,516722.478,118.04,118.06,116.09,117.08
20110706,600519.SH,190.98,192.0,190.11,191.07,191.43,-0.36000000000001364,-0.19,19753.77,377527.543,116.81,117.43,116.28,116.86
20110707,600519.SH,191.0,196.08,191.0,194.11,191.07,3.0400000000000205,1.59,40956.75,793379.763,116.82,119.93,116.82,118.72
20110708,600519.SH,194.35,195.48,192.95,194.08,194.11,-0.030000000000001137,-0.02,17183.81,333151.331,118.87,119.56,118.01,118.7
20110711,600519.SH,194.06,198.07,193.45,196.83,194.08,2.75,1.42,25615.74,502438.508,118.69,121.14,118.32,120.39
20110712,600519.SH,196.32,196.83,193.64,193.74,196.83,-3.0900000000000034,-1.57,28488.26,554927.096,120.07,120.39,118.43,118.5
20110713,600519.SH,194.09,195.49,193.36,194.59,193.74,0.8499999999999943,0.44,22109.07,429986.678,118.71,119.57,118.26,119.02
20110714,600519.SH,194.59,194.8,192.8,193.25,194.59,-1.3400000000000034,-0.69,24822.17,480420.222,119.02,119.14,117.92,118.2
20110715,600519.SH,192.59,195.79,192.59,195.15,193.25,1.9000000000000057,0.98,17763.89,346071.487,117.79,119.75,117.79,119.36
20110718,600519.SH,195.2,200.44,195.2,198.96,195.15,3.8100000000000023,1.95,28523.41,566196.215,119.39,122.59,119.39,121.69
20110719,600519.SH,198.9,200.03,197.2,198.84,198.96,-0.12000000000000455,-0.06,20276.61,403182.838,121.65,122.34,120.61,121.61
20110720,600519.SH,199.99,200.48,198.5,199.89,198.84,1.049999999999983,0.53,18967.08,378689.393,122.32,122.62,121.41,122.26
20110721,600519.SH,200.17,205.5,200.0,203.43,199.89,3.5400000000000205,1.77,47676.86,968173.564,122.43,125.69,122.32,124.42
20110722,600519.SH,203.16,208.88,203.16,206.28,203.43,2.8499999999999943,1.4,49860.88,1029115.254,124.26,127.76,124.26,126.17
20110725,600519.SH,207.0,207.68,202.51,203.65,206.28,-2.6299999999999955,-1.27,35260.43,720951.264,126.61,127.02,123.86,124.56
20110726,600519.SH,203.5,203.99,202.0,203.56,203.65,-0.09000000000000341,-0.04,24791.75,503434.823,124.46,124.76,123.55,124.5
20110727,600519.SH,203.89,207.5,202.66,204.32,203.56,0.7599999999999909,0.37,30676.25,630035.091,124.7,126.91,123.95,124.97
20110728,600519.SH,203.89,207.9,202.0,207.75,204.32,3.430000000000007,1.68,22923.23,468616.881,124.7,127.16,123.55,127.06
20110729,600519.SH,207.5,207.5,205.3,206.69,207.75,-1.0600000000000023,-0.51,19104.16,394180.474,126.91,126.91,125.57,126.42
20110801,600519.SH,207.33,207.33,202.8,203.38,206.69,-3.3100000000000023,-1.6,18572.89,378447.567,126.81,126.81,124.04,124.39
20110802,600519.SH,202.2,202.75,198.55,201.11,203.38,-2.269999999999982,-1.12,27849.58,555745.763,123.67,124.01,121.44,123.0
20110803,600519.SH,199.21,202.8,199.0,201.79,201.11,0.6799999999999784,0.34,17061.32,344076.872,121.84,124.04,121.71,123.42
20110804,600519.SH,202.5,205.69,201.8,204.98,201.79,3.1899999999999977,1.58,17773.27,363287.27,123.85,125.8,123.43,125.37
20110805,600519.SH,200.08,205.6,200.08,203.13,204.98,-1.8499999999999943,-0.9,21319.85,433966.204,122.37,125.75,122.37,124.24
20110808,600519.SH,201.01,205.1,198.0,199.66,203.13,-3.469999999999999,-1.71,36884.34,740883.138,122.94,125.44,121.1,122.12
20110809,600519.SH,196.44,203.0,193.0,201.1,199.66,1.4399999999999977,0.72,36924.33,726671.479,120.15,124.16,118.04,123.0
20110810,600519.SH,202.4,206.49,199.75,205.7,201.1,4.599999999999994,2.29,38436.26,782644.219,123.79,126.29,122.17,125.81
20110811,600519.SH,204.0,215.6,204.0,214.7,205.7,9.0,4.38,61949.15,1301728.291,124.77,131.87,124.77,131.32
20110812,600519.SH,215.0,217.6,213.0,216.77,214.7,2.0700000000000216,0.96,39466.31,851693.649,131.5,133.09,130.28,132.58
20110815,600519.SH,217.2,218.79,211.92,213.3,216.77,-3.469999999999999,-1.6,29450.63,630341.327,132.84,133.82,129.61,130.46
20110816,600519.SH,213.65,215.28,208.27,209.69,213.3,-3.6100000000000136,-1.69,37491.56,788423.427,130.67,131.67,127.38,128.25
20110817,600519.SH,210.0,211.49,208.72,209.85,209.69,0.1599999999999966,0.08,13553.28,284382.051,128.44,129.35,127.66,128.35
20110818,600519.SH,209.31,209.85,206.36,208.2,209.85,-1.6500000000000057,-0.79,29341.73,609082.956,128.02,128.35,126.21,127.34
20110819,600519.SH,206.9,210.15,206.55,209.9,208.2,1.700000000000017,0.82,37488.08,780729.993,126.54,128.53,126.33,128.38
20110822,600519.SH,210.1,210.9,203.6,204.31,209.9,-5.590000000000003,-2.66,28164.38,581020.716,128.5,128.99,124.53,124.96
20110823,600519.SH,203.99,206.2,203.4,204.93,204.31,0.6200000000000045,0.3,23579.21,482616.543,124.76,126.12,124.4,125.34
20110824,600519.SH,205.0,207.99,204.09,205.8,204.93,0.8700000000000045,0.42,17957.07,370146.593,125.38,127.21,124.83,125.87
20110825,600519.SH,207.5,208.5,205.01,207.42,205.8,1.6199999999999761,0.79,30083.05,623188.931,126.91,127.52,125.39,126.86
20110826,600519.SH,207.38,212.99,206.85,212.88,207.42,5.460000000000008,2.63,22748.88,477352.661,126.84,130.27,126.51,130.2
20110829,600519.SH,212.0,215.98,209.5,215.27,212.88,2.390000000000015,1.12,26082.44,558335.962,129.66,132.1,128.13,131.66
20110830,600519.SH,215.5,217.43,213.01,214.82,215.27,-0.45000000000001705,-0.21,28816.01,619557.333,131.8,132.98,130.28,131.39
20110831,600519.SH,218.8,219.5,214.5,214.77,214.82,-0.04999999999998295,-0.02,50014.61,1079339.679,133.82,134.25,131.19,131.36
20110901,600519.SH,214.7,215.48,210.5,211.48,214.77,-3.2900000000000205,-1.53,25689.61,544632.806,131.32,131.79,128.75,129.35
20110902,600519.SH,210.86,212.2,209.9,211.86,211.48,0.3800000000000239,0.18,13832.57,292111.762,128.97,129.79,128.38,129.58
20110905,600519.SH,211.19,211.38,206.5,207.27,211.86,-4.590000000000003,-2.17,27344.84,569905.681,129.17,129.28,126.3,126.77
20110906,600519.SH,206.0,208.3,202.28,203.01,207.27,-4.260000000000019,-2.06,32094.69,656690.808,125.99,127.4,123.72,124.17
20110907,600519.SH,203.6,207.88,203.5,207.59,203.01,4.5800000000000125,2.26,20087.7,412012.245,124.53,127.14,124.46,126.97
20110908,600519.SH,208.0,208.99,205.62,205.87,207.59,-1.7199999999999989,-0.83,13182.67,274052.384,127.22,127.82,125.76,125.91
20110909,600519.SH,206.56,209.68,203.99,207.08,205.87,1.210000000000008,0.59,14227.19,294079.503,126.34,128.24,124.76,126.65
20110913,600519.SH,204.59,206.0,201.08,201.63,207.08,-5.450000000000017,-2.63,18949.13,384543.767,125.13,125.99,122.98,123.32
20110914,600519.SH,203.0,203.28,194.17,197.95,201.63,-3.680000000000007,-1.83,47625.79,940641.402,124.16,124.33,118.76,121.07
20110915,600519.SH,198.0,200.2,197.77,198.49,197.95,0.5400000000000205,0.27,19122.0,380380.017,121.1,122.45,120.96,121.4
20110916,600519.SH,199.49,203.13,198.0,202.92,198.49,4.429999999999978,2.23,18029.27,361574.736,122.01,124.24,121.1,124.11
20110919,600519.SH,203.7,204.5,201.92,202.72,202.92,-0.19999999999998863,-0.1,15352.04,311793.484,124.59,125.08,123.5,123.99
20110920,600519.SH,202.7,202.7,199.5,200.84,202.72,-1.8799999999999955,-0.93,12784.63,256651.648,123.98,123.98,122.02,122.84
20110921,600519.SH,200.82,205.03,200.5,204.36,200.84,3.5200000000000102,1.75,24640.16,501953.365,122.83,125.4,122.63,124.99
20110922,600519.SH,203.0,203.88,197.3,197.66,204.36,-6.700000000000017,-3.28,24336.1,489514.705,124.16,124.7,120.67,120.89
20110923,600519.SH,194.1,196.0,189.89,194.05,197.66,-3.609999999999985,-1.83,76537.2,1476263.517,118.72,119.88,116.14,118.69
20110926,600519.SH,191.86,194.25,188.0,188.12,194.05,-5.930000000000007,-3.06,42211.18,803193.662,117.35,118.81,114.98,115.06
20110927,600519.SH,189.97,191.64,187.67,189.46,188.12,1.3400000000000034,0.71,24749.81,468028.768,116.19,117.21,114.78,115.88
20110928,600519.SH,190.8,190.8,186.23,187.12,189.46,-2.3400000000000034,-1.24,32389.84,611544.825,116.7,116.7,113.9,114.45
20110929,600519.SH,184.9,191.0,184.9,187.09,187.12,-0.030000000000001137,-0.02,30030.61,563567.697,113.09,116.82,113.09,114.43
20110930,600519.SH,187.16,191.1,187.16,190.59,187.09,3.5,1.87,18269.66,346902.283,114.47,116.88,114.47,116.57
20111010,600519.SH,190.88,191.8,187.63,188.0,190.59,-2.5900000000000034,-1.36,14283.91,270790.788,116.75,117.31,114.76,114.98
20111011,600519.SH,191.99,191.99,183.0,186.97,188.0,-1.0300000000000011,-0.55,20586.25,387171.386,117.43,117.43,111.93,114.35
20111012,600519.SH,186.5,192.6,184.43,192.04,186.97,5.069999999999993,2.71,29778.55,563092.939,114.07,117.8,112.8,117.46
20111013,600519.SH,192.04,194.84,190.0,192.07,192.04,0.030000000000001137,0.02,23961.72,460883.857,117.46,119.17,116.21,117.47
20111014,600519.SH,191.05,192.78,189.8,191.44,192.07,-0.6299999999999955,-0.33,12468.36,238319.748,116.85,117.91,116.09,117.09
20111017,600519.SH,192.17,197.51,191.6,197.14,191.44,5.699999999999989,2.98,26008.51,509046.255,117.54,120.8,117.19,120.58
20111018,600519.SH,195.34,199.37,195.01,196.42,197.14,-0.7199999999999989,-0.37,22785.75,451487.836,119.47,121.94,119.27,120.13
20111019,600519.SH,197.42,201.5,197.0,198.12,196.42,1.700000000000017,0.87,22657.85,451701.35,120.75,123.24,120.49,121.17
20111020,600519.SH,197.0,198.56,190.6,191.1,198.12,-7.02000000000001,-3.54,29312.63,569297.369,120.49,121.44,116.58,116.88
20111021,600519.SH,190.66,195.0,190.66,194.39,191.1,3.289999999999992,1.72,17116.45,330777.243,116.61,119.27,116.61,118.89
20111024,600519.SH,195.8,201.11,194.4,200.55,194.39,6.160000000000025,3.17,32390.68,638275.445,119.76,123.0,118.9,122.66
20111025,600519.SH,199.2,203.33,199.2,200.62,200.55,0.06999999999999318,0.03,32041.92,643502.583,121.84,124.36,121.84,122.7
20111026,600519.SH,199.88,202.08,198.71,201.86,200.62,1.240000000000009,0.62,29492.76,591834.128,122.25,123.6,121.54,123.46
20111027,600519.SH,202.05,204.36,201.54,202.0,201.86,0.13999999999998636,0.07,20104.54,407006.042,123.58,124.99,123.27,123.55
20111028,600519.SH,203.51,206.8,203.51,205.01,202.0,3.009999999999991,1.49,26056.6,533715.365,124.47,126.48,124.47,125.39
20111031,600519.SH,205.3,206.18,202.68,204.21,205.01,-0.799999999999983,-0.39,28121.99,574616.414,125.57,126.1,123.96,124.9
20111101,600519.SH,203.18,207.5,202.51,207.19,204.21,2.9799999999999898,1.46,27147.39,559038.584,124.27,126.91,123.86,126.72
20111102,600519.SH,204.95,209.65,204.6,209.57,207.19,2.3799999999999955,1.15,26647.01,550968.563,125.35,128.23,125.14,128.18
20111103,600519.SH,211.07,211.5,207.17,207.28,209.57,-2.289999999999992,-1.09,30465.9,636306.542,129.09,129.36,126.71,126.78
20111104,600519.SH,207.88,210.0,206.33,207.76,207.28,0.47999999999998977,0.23,18546.75,384686.866,127.14,128.44,126.2,127.07
20111107,600519.SH,208.2,208.7,206.56,206.8,207.76,-0.9599999999999795,-0.46,16573.9,344437.182,127.34,127.65,126.34,126.48
20111108,600519.SH,207.66,207.93,203.98,204.75,206.8,-2.0500000000000114,-0.99,25546.41,525028.363,127.01,127.17,124.76,125.23
20111109,600519.SH,204.9,206.66,202.5,204.12,204.75,-0.6299999999999955,-0.31,24696.07,506506.704,125.32,126.4,123.85,124.84
20111110,600519.SH,203.29,205.6,203.13,205.01,204.12,0.8899999999999864,0.44,14617.7,298980.855,124.34,125.75,124.24,125.39
20111111,600519.SH,205.01,205.15,203.03,203.97,205.01,-1.039999999999992,-0.51,11692.64,238543.944,125.39,125.47,124.18,124.75
20111114,600519.SH,205.49,208.15,204.2,207.26,203.97,3.289999999999992,1.61,17986.24,371343.631,125.68,127.31,124.89,126.76
20111115,600519.SH,207.6,207.95,203.0,203.93,207.26,-3.329999999999984,-1.61,17782.26,364242.671,126.97,127.19,124.16,124.73
20111116,600519.SH,203.95,203.95,199.9,200.77,203.93,-3.1599999999999966,-1.55,29545.8,592948.956,124.74,124.74,122.26,122.8
20111117,600519.SH,200.85,203.6,200.31,201.84,200.77,1.0699999999999932,0.53,15589.04,315328.822,122.84,124.53,122.51,123.45
20111118,600519.SH,201.88,202.88,199.7,200.57,201.84,-1.2700000000000102,-0.63,19907.46,401272.25,123.47,124.09,122.14,122.67
20111121,600519.SH,200.7,203.4,200.11,200.87,200.57,0.30000000000001137,0.15,18389.75,370926.323,122.75,124.4,122.39,122.86
20111122,600519.SH,200.89,206.89,200.6,206.07,200.87,5.199999999999989,2.59,35652.52,729198.883,122.87,126.54,122.69,126.04
20111123,600519.SH,205.62,209.3,205.62,209.11,206.07,3.0400000000000205,1.48,31537.85,656169.793,125.76,128.01,125.76,127.9
20111124,600519.SH,208.6,209.18,207.5,207.69,209.11,-1.420000000000016,-0.68,26558.99,554286.399,127.58,127.94,126.91,127.03
20111125,600519.SH,207.75,213.34,207.0,209.98,207.69,2.289999999999992,1.1,40235.7,848244.76,127.06,130.48,126.61,128.43
20111128,600519.SH,210.31,214.77,209.31,213.87,209.98,3.890000000000015,1.85,53379.98,1136929.564,128.63,131.36,128.02,130.81
20111129,600519.SH,213.8,216.09,211.8,212.56,213.87,-1.3100000000000023,-0.61,41355.0,884545.013,130.76,132.17,129.54,130.01
20111130,600519.SH,212.88,214.78,208.8,210.06,212.56,-2.5,-1.18,40263.23,850997.83,130.2,131.36,127.71,128.48
20111201,600519.SH,213.2,215.19,210.27,212.84,210.06,2.780000000000001,1.32,33785.49,719311.327,130.4,131.61,128.61,130.18
20111202,600519.SH,212.0,216.2,212.0,214.03,212.84,1.1899999999999977,0.56,27267.18,584935.196,129.66,132.23,129.66,130.91
20111205,600519.SH,214.45,214.45,206.4,206.72,214.03,-7.310000000000002,-3.42,39025.6,816027.278,131.16,131.16,126.24,126.43
20111206,600519.SH,206.51,206.55,201.7,203.67,206.72,-3.0500000000000114,-1.48,37152.16,756470.593,126.31,126.33,123.36,124.57
20111207,600519.SH,203.7,206.5,203.7,205.7,203.67,2.030000000000001,1.0,27333.76,562146.777,124.59,126.3,124.59,125.81
20111208,600519.SH,205.9,208.6,202.88,203.0,205.7,-2.6999999999999886,-1.31,24661.08,506265.018,125.93,127.58,124.09,124.16
20111209,600519.SH,202.85,203.85,199.7,199.82,203.0,-3.180000000000007,-1.57,36745.73,737854.853,124.07,124.68,122.14,122.21
20111212,600519.SH,199.82,200.9,196.89,197.54,199.82,-2.280000000000001,-1.14,29526.92,585362.504,122.21,122.87,120.42,120.82
20111213,600519.SH,196.92,197.98,195.98,196.25,197.54,-1.289999999999992,-0.65,29995.83,591182.085,120.44,121.09,119.87,120.03
20111214,600519.SH,196.25,200.0,196.25,197.84,196.25,1.5900000000000034,0.81,20813.22,412444.014,120.03,122.32,120.03,121.0
20111215,600519.SH,196.87,198.88,195.05,196.98,197.84,-0.8600000000000136,-0.43,21880.03,430851.248,120.41,121.64,119.3,120.48
20111216,600519.SH,198.0,201.98,197.99,201.78,196.98,4.800000000000011,2.44,30649.0,614353.385,121.1,123.54,121.09,123.41
20111219,600519.SH,200.97,201.39,199.3,201.0,201.78,-0.7800000000000011,-0.39,25456.36,510463.389,122.92,123.17,121.9,122.94
20111220,600519.SH,201.0,202.8,198.5,200.24,201.0,-0.7599999999999909,-0.38,17106.3,342834.67,122.94,124.04,121.41,122.47
20111221,600519.SH,201.18,201.48,196.98,197.23,200.24,-3.0100000000000193,-1.5,21962.81,437207.569,123.05,123.23,120.48,120.63
20111222,600519.SH,197.5,200.92,195.8,199.67,197.23,2.4399999999999977,1.24,17443.32,346785.291,120.8,122.89,119.76,122.12
20111223,600519.SH,199.9,201.4,199.0,200.76,199.67,1.0900000000000034,0.55,17609.56,353128.167,122.26,123.18,121.71,122.79
20111226,600519.SH,200.61,200.62,192.3,193.12,200.76,-7.639999999999986,-3.81,46995.04,918253.511,122.7,122.7,117.61,118.12
20111227,600519.SH,193.0,193.0,188.32,189.03,193.12,-4.090000000000003,-2.12,31314.98,594898.815,118.04,118.04,115.18,115.61
20111228,600519.SH,188.3,190.5,186.49,190.23,189.03,1.1999999999999886,0.63,27738.43,524088.087,115.17,116.51,114.06,116.35
20111229,600519.SH,189.1,192.89,189.1,192.21,190.23,1.9800000000000182,1.04,20062.13,384717.995,115.66,117.98,115.66,117.56
20111230,600519.SH,192.7,194.88,190.0,193.3,192.21,1.0900000000000034,0.57,29460.86,569875.567,117.86,119.19,116.21,118.23
20120104,600519.SH,191.5,192.77,185.0,185.27,193.3,-8.030000000000001,-4.15,33878.28,637232.812,117.13,117.9,113.15,113.32
20120105,600519.SH,184.0,185.2,182.36,183.15,185.27,-2.1200000000000045,-1.14,30122.64,553347.012,112.54,113.27,111.54,112.02
20120106,600519.SH,183.1,188.05,181.65,186.64,183.15,3.4899999999999807,1.91,25190.62,464647.453,111.99,115.02,111.1,114.15
20120109,600519.SH,186.0,188.09,181.77,188.01,186.64,1.3700000000000045,0.73,26160.16,483282.452,113.76,115.04,111.17,114.99
20120110,600519.SH,187.0,194.66,186.11,194.48,188.01,6.469999999999999,3.44,39235.6,749263.279,114.37,119.06,113.83,118.95
20120111,600519.SH,192.95,193.89,189.3,189.68,194.48,-4.799999999999983,-2.47,39891.16,761167.931,118.01,118.59,115.78,116.01
20120112,600519.SH,188.58,191.56,188.58,190.35,189.68,0.6699999999999875,0.35,27440.36,522231.553,115.34,117.16,115.34,116.42
20120113,600519.SH,190.7,191.2,187.52,188.69,190.35,-1.6599999999999966,-0.87,20542.3,387615.921,116.64,116.94,114.69,115.41
20120116,600519.SH,187.38,187.38,175.66,177.41,188.69,-11.280000000000001,-5.98,51655.79,933514.133,114.61,114.61,107.44,108.51
20120117,600519.SH,177.9,181.98,170.9,180.44,177.41,3.030000000000001,1.71,61227.64,1077158.896,108.81,111.3,104.53,110.36
20120118,600519.SH,181.42,185.18,176.66,177.38,180.44,-3.0600000000000023,-1.7,47294.65,858725.547,110.96,113.26,108.05,108.49
20120119,600519.SH,177.89,181.6,175.51,180.7,177.38,3.319999999999993,1.87,24329.42,437246.157,108.8,111.07,107.35,110.52
20120120,600519.SH,182.0,186.2,182.0,185.97,180.7,5.27000000000001,2.92,29683.2,548292.985,111.32,113.88,111.32,113.74
20120130,600519.SH,185.99,186.99,183.06,183.8,185.97,-2.1699999999999875,-1.17,30550.21,563162.776,113.76,114.37,111.96,112.42
20120131,600519.SH,184.42,186.6,184.35,186.41,183.8,2.609999999999985,1.42,15854.7,294490.836,112.8,114.13,112.75,114.01
20120201,600519.SH,186.2,188.52,184.88,186.15,186.41,-0.2599999999999909,-0.14,24824.36,464159.684,113.88,115.3,113.08,113.85
20120202,600519.SH,186.15,187.0,184.28,186.43,186.15,0.28000000000000114,0.15,20375.11,378596.177,113.85,114.37,112.71,114.02
20120203,600519.SH,186.46,186.6,183.49,186.48,186.43,0.04999999999998295,0.03,26517.89,490438.844,114.04,114.13,112.23,114.06
20120206,600519.SH,186.61,188.76,185.8,188.54,186.48,2.0600000000000023,1.1,29747.67,557205.041,114.13,115.45,113.64,115.32
20120207,600519.SH,187.3,188.45,185.4,185.86,188.54,-2.6799999999999784,-1.42,17942.1,334371.756,114.56,115.26,113.39,113.68
20120208,600519.SH,185.86,189.0,185.08,188.29,185.86,2.4299999999999784,1.31,23082.2,432175.419,113.68,115.6,113.2,115.16
20120209,600519.SH,188.0,191.15,187.66,190.75,188.29,2.460000000000008,1.31,31384.79,596916.589,114.98,116.91,114.78,116.67
20120210,600519.SH,189.53,192.4,189.1,190.51,190.75,-0.2400000000000091,-0.13,22276.37,425266.909,115.92,117.68,115.66,116.52
20120213,600519.SH,189.5,195.17,188.66,193.42,190.51,2.9099999999999966,1.53,21639.21,416409.71,115.9,119.37,115.39,118.3
20120214,600519.SH,192.69,194.66,191.8,193.82,193.42,0.4000000000000057,0.21,15142.48,292922.052,117.85,119.06,117.31,118.54
20120215,600519.SH,192.73,195.9,192.73,194.8,193.82,0.9800000000000182,0.51,24714.09,481676.731,117.88,119.82,117.88,119.14
20120216,600519.SH,193.52,194.8,190.6,191.72,194.8,-3.0800000000000125,-1.58,22016.02,424963.025,118.36,119.14,116.58,117.26
20120217,600519.SH,193.88,193.88,190.37,191.44,191.72,-0.28000000000000114,-0.15,12287.91,235751.78,118.58,118.58,116.43,117.09
20120220,600519.SH,192.96,193.67,190.8,190.86,191.44,-0.5799999999999841,-0.3,18530.02,356774.753,118.02,118.45,116.7,116.73
20120221,600519.SH,191.79,192.58,190.4,191.95,190.86,1.089999999999975,0.57,13789.29,264260.509,117.3,117.79,116.45,117.4
20120222,600519.SH,192.76,193.5,190.98,192.76,191.95,0.8100000000000023,0.42,22352.27,429952.037,117.9,118.35,116.81,117.9
20120223,600519.SH,192.52,195.04,192.52,194.31,192.76,1.5500000000000114,0.8,33433.26,649316.717,117.75,119.29,117.75,118.84
20120224,600519.SH,194.18,198.21,194.15,198.08,194.31,3.7700000000000102,1.94,23944.08,471970.592,118.76,121.23,118.75,121.15
20120227,600519.SH,198.78,200.02,197.5,198.5,198.08,0.4199999999999875,0.21,26562.35,528808.015,121.58,122.34,120.8,121.41
20120228,600519.SH,199.43,200.95,198.56,200.74,198.5,2.240000000000009,1.13,25698.0,514122.721,121.98,122.91,121.44,122.78
20120229,600519.SH,201.0,205.0,200.5,204.46,200.74,3.719999999999999,1.85,39432.24,802601.071,122.94,125.38,122.63,125.05
20120301,600519.SH,203.52,205.47,202.39,202.58,204.46,-1.8799999999999955,-0.92,16920.79,345438.323,124.48,125.67,123.79,123.9
20120302,600519.SH,202.63,203.7,199.51,200.9,202.58,-1.6800000000000068,-0.83,35216.72,706746.81,123.93,124.59,122.02,122.87
20120305,600519.SH,200.85,200.88,198.6,199.84,200.9,-1.0600000000000023,-0.53,30553.81,609500.901,122.84,122.86,121.47,122.23
20120306,600519.SH,199.0,199.84,196.0,196.05,199.84,-3.789999999999992,-1.9,31474.0,621286.494,121.71,122.23,119.88,119.91
20120307,600519.SH,194.72,195.59,192.98,193.13,196.05,-2.920000000000016,-1.49,29198.86,567286.77,119.09,119.63,118.03,118.12
20120308,600519.SH,193.21,196.11,192.98,194.44,193.13,1.3100000000000023,0.68,23574.65,458505.182,118.17,119.95,118.03,118.92
20120309,600519.SH,194.69,200.12,194.2,199.93,194.44,5.490000000000009,2.82,29239.34,578119.773,119.08,122.4,118.78,122.28
20120312,600519.SH,200.12,201.61,199.03,200.54,199.93,0.6099999999999852,0.31,25681.62,514548.199,122.4,123.31,121.73,122.65
20120313,600519.SH,200.1,203.3,200.1,201.66,200.54,1.1200000000000045,0.56,18316.24,370157.885,122.39,124.34,122.39,123.34
20120314,600519.SH,201.59,204.05,198.0,198.67,201.66,-2.990000000000009,-1.48,40699.86,820433.738,123.3,124.8,121.1,121.51
20120315,600519.SH,199.04,202.4,198.6,198.93,198.67,0.2600000000000193,0.13,28094.96,562966.952,121.74,123.79,121.47,121.67
20120316,600519.SH,200.79,208.0,200.3,207.59,198.93,8.659999999999997,4.35,51583.56,1060740.607,122.81,127.22,122.51,126.97
20120319,600519.SH,207.8,211.57,205.57,207.64,207.59,0.04999999999998295,0.02,45635.76,952934.077,127.09,129.4,125.73,127.0
20120320,600519.SH,207.55,209.1,206.11,207.75,207.64,0.11000000000001364,0.05,23400.21,486464.276,126.94,127.89,126.06,127.06
20120321,600519.SH,207.8,209.0,203.86,205.1,207.75,-2.6500000000000057,-1.28,29527.71,607930.947,127.09,127.83,124.69,125.44
20120322,600519.SH,204.32,206.9,204.29,205.35,205.1,0.25,0.12,8331.87,171049.55,124.97,126.54,124.95,125.6
20120323,600519.SH,207.5,212.55,207.5,212.02,205.35,6.670000000000016,3.25,54873.7,1159278.435,126.91,130.0,126.91,129.68
20120326,600519.SH,211.12,215.9,211.1,215.2,212.02,3.1799999999999784,1.5,37653.79,807094.326,129.13,132.05,129.11,131.62
20120327,600519.SH,210.22,210.99,201.0,201.5,215.2,-13.699999999999989,-6.37,79106.14,1635757.954,128.58,129.05,122.94,123.24
20120328,600519.SH,199.0,205.0,198.31,201.4,201.5,-0.09999999999999432,-0.05,55461.01,1116354.644,121.71,125.38,121.29,123.18
20120329,600519.SH,200.8,205.5,200.0,201.15,201.4,-0.25,-0.12,36982.79,751200.412,122.81,125.69,122.32,123.03
20120330,600519.SH,201.16,202.99,195.0,196.96,201.15,-4.189999999999998,-2.08,37959.9,749355.396,123.03,124.15,119.27,120.46
20120405,600519.SH,196.1,206.4,196.1,206.0,196.96,9.039999999999992,4.59,40960.98,831105.661,119.94,126.24,119.94,125.99
20120406,600519.SH,205.62,208.08,205.53,207.97,206.0,1.9699999999999989,0.96,26729.89,553032.996,125.76,127.27,125.71,127.2
20120409,600519.SH,207.55,209.92,205.6,209.26,207.97,1.289999999999992,0.62,14474.53,300301.66,126.94,128.39,125.75,127.99
20120410,600519.SH,209.28,209.78,205.11,208.11,209.26,-1.1499999999999773,-0.55,16640.63,344431.373,128.0,128.31,125.45,127.28
20120411,600519.SH,205.0,211.5,203.51,208.85,208.11,0.7399999999999807,0.36,31460.72,655577.444,125.38,129.36,124.47,127.74
20120412,600519.SH,208.85,212.52,206.68,212.42,208.85,3.569999999999993,1.71,28422.97,597232.641,127.74,129.98,126.41,129.92
20120413,600519.SH,212.5,214.05,211.4,213.03,212.42,0.6100000000000136,0.29,20527.3,436617.432,129.97,130.92,129.3,130.29
20120416,600519.SH,212.5,215.4,211.59,212.83,213.03,-0.19999999999998863,-0.09,20893.29,447725.423,129.97,131.74,129.41,130.17
20120417,600519.SH,212.84,213.01,210.0,210.18,212.83,-2.6500000000000057,-1.25,17872.26,377050.666,130.18,130.28,128.44,128.55
20120418,600519.SH,210.41,214.8,210.0,213.86,210.18,3.680000000000007,1.75,22815.45,485407.318,128.69,131.38,128.44,130.8
20120419,600519.SH,213.78,214.37,207.81,209.48,213.86,-4.380000000000024,-2.05,21823.7,459867.207,130.75,131.11,127.1,128.12
20120420,600519.SH,208.3,213.35,208.3,212.5,209.48,3.0200000000000102,1.44,17046.31,360265.741,127.4,130.49,127.4,129.97
20120423,600519.SH,211.72,214.27,209.86,211.84,212.5,-0.6599999999999966,-0.31,13281.65,281175.038,129.49,131.05,128.35,129.57
20120424,600519.SH,212.19,213.01,209.94,211.52,211.84,-0.3199999999999932,-0.15,21782.06,459834.811,129.78,130.28,128.4,129.37
20120425,600519.SH,212.45,213.26,210.0,212.92,211.52,1.3999999999999773,0.66,15529.42,329552.763,129.94,130.43,128.44,130.23
20120426,600519.SH,214.25,217.0,213.5,216.69,212.92,3.7700000000000102,1.77,35019.76,753334.296,131.04,132.72,130.58,132.53
20120427,600519.SH,216.69,225.48,216.69,224.56,216.69,7.8700000000000045,3.63,42728.23,954712.957,132.53,137.91,132.53,137.35
20120502,600519.SH,226.0,226.57,222.0,225.98,224.56,1.4199999999999875,0.63,35339.75,793434.507,138.23,138.58,135.78,138.21
20120503,600519.SH,225.98,227.3,223.61,226.69,225.98,0.710000000000008,0.31,25654.46,579082.874,138.21,139.02,136.76,138.65
20120504,600519.SH,226.5,234.88,226.5,234.0,226.69,7.310000000000002,3.22,31879.43,734789.68,138.53,143.66,138.53,143.12
20120507,600519.SH,234.8,237.76,233.28,234.51,234.0,0.5099999999999909,0.22,34244.66,805751.89,143.61,145.42,142.68,143.43
20120508,600519.SH,234.45,234.85,229.38,234.11,234.51,-0.39999999999997726,-0.17,36664.91,851128.752,143.39,143.64,140.29,143.19
20120509,600519.SH,231.12,232.65,227.2,230.83,234.11,-3.280000000000001,-1.4,32909.59,756259.728,141.36,142.29,138.96,141.18
20120510,600519.SH,231.0,231.0,226.95,227.7,230.83,-3.130000000000024,-1.36,30574.04,697959.454,141.28,141.28,138.81,139.27
20120511,600519.SH,228.0,228.5,225.9,227.69,227.7,-0.009999999999990905,-0.0,23260.71,528011.697,139.45,139.76,138.17,139.26
20120514,600519.SH,228.0,228.0,220.61,222.18,227.69,-5.509999999999991,-2.42,38797.04,863502.637,139.45,139.45,134.93,135.89
20120515,600519.SH,221.1,223.66,220.1,223.11,222.18,0.9300000000000068,0.42,16168.74,359784.509,135.23,136.8,134.62,136.46
20120516,600519.SH,222.95,223.4,218.0,220.02,223.11,-3.0900000000000034,-1.38,28139.54,619595.453,136.36,136.64,133.33,134.57
20120517,600519.SH,220.12,221.4,218.61,219.91,220.02,-0.11000000000001364,-0.05,34172.33,751957.382,134.63,135.41,133.71,134.5
20120518,600519.SH,218.67,219.97,215.9,217.92,219.91,-1.990000000000009,-0.9,26277.78,571816.871,133.74,134.54,132.05,133.28
20120521,600519.SH,217.58,224.52,217.58,223.19,217.92,5.27000000000001,2.42,28843.45,638767.871,133.08,137.32,133.08,136.51
20120522,600519.SH,225.01,231.5,225.01,229.28,223.19,6.090000000000003,2.73,41458.47,951034.142,137.62,141.59,137.62,140.23
20120523,600519.SH,229.25,232.1,228.0,230.47,229.28,1.1899999999999977,0.52,24722.63,570787.761,140.21,141.96,139.45,140.96
20120524,600519.SH,229.8,232.77,217.88,220.24,230.47,-10.22999999999999,-4.44,53743.47,1201209.541,140.55,142.37,133.26,134.7
20120525,600519.SH,220.24,220.87,216.0,218.58,220.24,-1.6599999999999966,-0.75,30569.29,667952.251,134.7,135.09,132.11,133.69
20120528,600519.SH,218.01,225.9,217.81,225.49,218.58,6.909999999999997,3.16,27833.72,618961.099,133.34,138.17,133.22,137.91
20120530,600519.SH,227.51,229.98,227.0,228.66,225.49,3.1699999999999875,1.41,25700.7,587866.122,139.15,140.66,138.84,139.85
20120531,600519.SH,228.2,237.8,228.0,236.68,228.66,8.02000000000001,3.51,37367.05,877484.818,139.57,145.44,139.45,144.76
20120601,600519.SH,238.0,243.0,236.71,240.37,236.68,3.6899999999999977,1.56,38504.34,923904.347,145.57,148.62,144.78,147.02
20120604,600519.SH,238.0,242.99,236.47,236.53,240.37,-3.8400000000000034,-1.6,24327.61,581257.511,145.57,148.62,144.63,144.67
20120605,600519.SH,237.48,241.8,237.21,240.8,236.53,4.27000000000001,1.81,24561.31,588242.228,145.25,147.89,145.08,147.28
20120606,600519.SH,241.0,242.0,236.41,236.58,240.8,-4.219999999999999,-1.75,18728.94,445576.921,147.4,148.01,144.59,144.7
20120607,600519.SH,238.39,240.66,236.8,237.98,236.58,1.3999999999999773,0.59,19677.3,470452.059,145.8,147.19,144.83,145.55
20120608,600519.SH,239.0,240.18,236.0,238.98,237.98,1.0,0.42,17286.24,411908.852,146.18,146.9,144.34,146.17
20120611,600519.SH,238.9,240.23,233.4,235.55,238.98,-3.4299999999999784,-1.44,33061.23,780468.481,146.12,146.93,142.75,144.07
20120612,600519.SH,234.21,236.49,232.13,233.85,235.55,-1.700000000000017,-0.72,16372.52,382922.345,143.25,144.64,141.98,143.03
20120613,600519.SH,234.5,239.18,233.1,238.99,233.85,5.140000000000015,2.2,20463.47,485626.133,143.43,146.29,142.57,146.17
20120614,600519.SH,238.0,245.79,237.22,244.59,238.99,5.599999999999994,2.34,28704.73,698222.394,145.57,150.33,145.09,149.6
20120615,600519.SH,245.02,246.41,239.77,243.38,244.59,-1.210000000000008,-0.49,19859.84,483582.93,149.86,150.71,146.65,148.86
20120618,600519.SH,243.41,248.31,243.41,246.46,243.38,3.0800000000000125,1.27,19538.35,482525.469,148.87,151.87,148.87,150.74
20120619,600519.SH,245.11,248.17,241.96,243.7,246.46,-2.7600000000000193,-1.12,17299.94,423906.505,149.91,151.79,147.99,149.05
20120620,600519.SH,243.83,244.39,242.0,243.56,243.7,-0.13999999999998636,-0.06,11393.46,277398.32,149.13,149.47,148.01,148.97
20120621,600519.SH,243.56,243.6,238.8,239.78,243.56,-3.780000000000001,-1.55,17034.03,409685.074,148.97,148.99,146.06,146.65
20120625,600519.SH,238.1,241.96,237.5,237.6,239.78,-2.180000000000007,-0.91,18434.05,440645.799,145.63,147.99,145.26,145.32
20120626,600519.SH,237.2,238.88,232.62,237.85,237.6,0.25,0.11,26122.47,615182.456,145.08,146.1,142.28,145.47
20120627,600519.SH,238.0,242.31,238.0,241.9,237.85,4.050000000000011,1.7,23257.14,559606.599,145.57,148.2,145.57,147.95
20120628,600519.SH,241.88,242.0,235.99,236.14,241.9,-5.760000000000019,-2.38,22213.41,529704.806,147.94,148.01,144.34,144.43
20120629,600519.SH,235.37,241.0,235.37,239.15,236.14,3.0100000000000193,1.27,23224.19,555873.153,143.96,147.4,143.96,146.27
20120702,600519.SH,240.0,244.94,236.02,241.85,239.15,2.6999999999999886,1.13,25731.26,622505.563,146.79,149.81,144.35,147.92
20120703,600519.SH,241.3,255.0,241.01,254.94,241.85,13.090000000000003,5.41,50158.63,1255671.521,147.58,155.96,147.41,155.93
20120704,600519.SH,257.0,259.9,252.0,258.66,254.94,3.7200000000000273,1.46,45035.24,1155572.21,157.19,158.96,154.13,158.2
20120705,600519.SH,251.6,253.99,249.16,251.66,258.66,-7.000000000000028,-2.71,22749.37,572395.284,156.3,157.78,154.78,156.33
20120706,600519.SH,251.95,261.98,250.2,259.99,251.66,8.330000000000013,3.31,39158.83,1005403.254,156.51,162.74,155.43,161.51
20120709,600519.SH,259.88,263.0,254.63,254.73,259.99,-5.260000000000019,-2.02,28527.11,736832.305,161.44,163.38,158.18,158.24
20120710,600519.SH,254.5,257.19,249.87,250.4,254.73,-4.329999999999984,-1.7,26987.1,683253.815,158.1,159.77,155.22,155.55
20120711,600519.SH,250.92,258.33,248.38,258.01,250.4,7.609999999999985,3.04,32009.94,808688.574,155.87,160.48,154.3,160.28
20120712,600519.SH,258.11,265.01,255.0,256.06,258.01,-1.9499999999999886,-0.76,37273.02,968810.613,160.34,164.63,158.41,159.07
20120713,600519.SH,255.67,264.0,255.3,262.7,256.06,6.639999999999986,2.59,29548.11,769107.549,158.83,164.0,158.6,163.19
20120716,600519.SH,262.1,266.08,261.9,262.25,262.7,-0.44999999999998863,-0.17,29533.56,779744.589,162.82,165.29,162.7,162.91
20120717,600519.SH,260.0,260.99,253.31,253.76,262.25,-8.490000000000009,-3.24,36030.98,925218.299,161.51,162.13,157.36,157.64
20120718,600519.SH,253.6,255.9,239.9,244.96,253.76,-8.799999999999983,-3.47,74046.92,1815273.721,157.54,158.97,149.03,152.17
20120719,600519.SH,243.99,248.55,243.05,246.21,244.96,1.25,0.51,26580.99,654750.767,151.57,154.4,150.99,152.95
20120720,600519.SH,245.49,250.74,242.89,243.08,246.21,-3.1299999999999955,-1.27,26054.64,644548.783,152.5,155.76,150.89,151.0
20120723,600519.SH,239.88,243.46,239.0,242.58,243.08,-0.5,-0.21,19811.4,477867.229,149.02,151.24,148.47,150.69
20120724,600519.SH,240.61,254.18,240.61,249.38,242.58,6.799999999999983,2.8,34372.14,853488.549,149.47,157.9,149.47,154.92
20120725,600519.SH,250.0,255.8,249.51,255.55,249.38,6.170000000000016,2.47,26170.22,664005.628,155.3,158.91,155.0,158.75
20120726,600519.SH,254.9,259.5,249.7,250.44,255.55,-5.110000000000014,-2.0,23418.79,594576.399,158.35,161.2,155.12,155.58
20120727,600519.SH,250.88,252.0,246.8,249.45,250.44,-0.9900000000000091,-0.4,18421.65,458534.524,155.85,156.55,153.31,154.96
20120730,600519.SH,249.25,252.6,247.55,249.84,249.45,0.3900000000000148,0.16,17495.31,439211.392,154.84,156.92,153.78,155.2
20120731,600519.SH,249.5,254.0,246.05,246.44,249.84,-3.4000000000000057,-1.36,19465.72,487548.46,154.99,157.79,152.85,153.09
20120801,600519.SH,246.18,248.63,241.89,243.05,246.44,-3.3899999999999864,-1.38,26715.17,654397.913,152.93,154.45,150.26,150.99
20120802,600519.SH,243.11,245.49,241.15,242.16,243.05,-0.8900000000000148,-0.37,17054.77,414452.98,151.02,152.5,149.81,150.43
20120803,600519.SH,242.5,247.0,242.17,246.96,242.16,4.800000000000011,1.98,16472.73,403397.229,150.64,153.44,150.44,153.41
20120806,600519.SH,246.64,249.6,245.2,248.83,246.96,1.8700000000000045,0.76,17320.99,428757.448,153.22,155.05,152.32,154.58
20120807,600519.SH,248.82,252.77,248.12,251.9,248.83,3.069999999999993,1.23,18119.18,454543.099,154.57,157.02,154.13,156.48
20120808,600519.SH,252.46,254.0,249.0,252.8,251.9,0.9000000000000057,0.36,14893.41,375890.83,156.83,157.79,154.68,157.04
20120809,600519.SH,251.8,261.65,251.2,260.92,252.8,8.120000000000005,3.21,30672.4,789861.698,156.42,162.54,156.05,162.09
20120810,600519.SH,251.0,254.7,244.02,248.21,260.92,-12.710000000000008,-4.87,91225.8,2273430.545,155.92,158.22,151.59,154.19
20120813,600519.SH,248.48,249.68,246.8,248.0,248.21,-0.21000000000000796,-0.08,23037.06,572237.191,154.36,155.1,153.31,154.06
20120814,600519.SH,248.0,249.99,245.0,247.5,248.0,-0.5,-0.2,18786.86,465808.752,154.06,155.3,152.2,153.75
20120815,600519.SH,246.98,247.4,243.5,244.13,247.5,-3.3700000000000045,-1.36,22723.48,556345.599,153.43,153.69,151.26,151.66
20120816,600519.SH,244.26,245.5,239.07,239.28,244.13,-4.849999999999994,-1.99,31482.58,758259.7,151.74,152.51,148.51,148.64
20120817,600519.SH,238.42,238.42,228.5,229.62,239.28,-9.659999999999997,-4.04,59071.95,1365745.648,148.11,148.11,141.95,142.64
20120820,600519.SH,229.61,232.68,225.98,232.65,229.62,3.030000000000001,1.32,24052.08,554470.085,142.64,144.54,140.38,144.52
20120821,600519.SH,232.67,239.9,232.67,235.79,232.65,3.1399999999999864,1.35,26323.24,624105.412,144.54,149.03,144.54,146.48
20120822,600519.SH,236.92,236.92,230.0,232.18,235.79,-3.609999999999985,-1.53,20423.1,473902.047,147.18,147.18,142.88,144.23
20120823,600519.SH,231.9,231.9,226.07,228.27,232.18,-3.9099999999999966,-1.68,27956.0,639443.95,144.06,144.06,140.44,141.8
20120824,600519.SH,227.21,232.91,227.05,231.88,228.27,3.609999999999985,1.58,21676.2,500922.594,141.15,144.69,141.05,144.05
20120827,600519.SH,230.5,230.63,227.15,228.5,231.88,-3.3799999999999955,-1.46,20899.4,478778.009,143.19,143.27,141.11,141.95
20120828,600519.SH,229.0,230.58,225.01,225.53,228.5,-2.969999999999999,-1.3,20294.76,461461.656,142.26,143.24,139.78,140.1
20120829,600519.SH,225.0,225.0,218.77,219.16,225.53,-6.3700000000000045,-2.82,30425.67,674492.583,139.77,139.77,135.9,136.14
20120830,600519.SH,216.99,219.19,213.5,217.88,219.16,-1.2800000000000011,-0.58,48348.71,1046698.765,134.8,136.16,132.63,135.35
20120831,600519.SH,218.0,222.0,217.2,219.76,217.88,1.8799999999999955,0.86,22484.72,496296.849,135.42,137.91,134.93,136.52
20120904,600519.SH,237.0,238.0,231.0,233.43,219.76,13.670000000000016,6.22,111508.73,2606767.797,147.23,147.85,143.5,145.01
20120905,600519.SH,232.5,234.97,232.0,234.06,233.43,0.6299999999999955,0.27,27490.49,643292.488,144.43,145.97,144.12,145.4
20120906,600519.SH,234.25,234.5,229.1,231.75,234.06,-2.3100000000000023,-0.99,20794.19,481683.557,145.52,145.67,142.32,143.97
20120907,600519.SH,233.2,243.0,233.2,241.6,231.75,9.849999999999994,4.25,42812.8,1023079.148,144.87,150.95,144.87,150.08
20120910,600519.SH,241.71,246.0,239.28,241.68,241.6,0.0800000000000125,0.03,28169.65,683513.906,150.15,152.82,148.64,150.13
20120911,600519.SH,240.3,240.3,237.98,239.73,241.68,-1.950000000000017,-0.81,16135.72,385605.48,149.28,149.28,147.84,148.92
20120912,600519.SH,241.5,246.5,238.9,240.26,239.73,0.5300000000000011,0.22,29023.25,703237.246,150.02,153.13,148.41,149.25
20120913,600519.SH,240.45,241.54,238.3,239.98,240.26,-0.28000000000000114,-0.12,14294.23,342849.642,149.37,150.05,148.03,149.08
20120914,600519.SH,241.0,245.15,239.11,244.76,239.98,4.780000000000001,1.99,24586.83,597041.985,149.71,152.29,148.54,152.05
20120917,600519.SH,245.0,246.68,241.2,241.3,244.76,-3.4599999999999795,-1.41,20014.52,488152.584,152.2,153.24,149.84,149.9
20120918,600519.SH,240.79,243.1,239.5,240.33,241.3,-0.9699999999999989,-0.4,18277.08,441080.167,149.58,151.02,148.78,149.3
20120919,600519.SH,239.54,241.0,230.15,231.56,240.33,-8.77000000000001,-3.65,40991.32,958082.585,148.8,149.71,142.97,143.85
20120920,600519.SH,230.9,232.79,228.89,229.04,231.56,-2.5200000000000102,-1.09,21517.53,496309.722,143.44,144.61,142.19,142.28
20120921,600519.SH,228.31,233.0,228.12,230.59,229.04,1.5500000000000114,0.68,15679.68,361373.291,141.83,144.74,141.71,143.25
20120924,600519.SH,229.0,232.98,228.08,232.36,230.59,1.7700000000000102,0.77,17634.83,408195.802,142.26,144.73,141.69,144.34
20120925,600519.SH,232.47,238.58,231.5,238.51,232.36,6.149999999999977,2.65,26230.5,619272.096,144.41,148.21,143.81,148.17
20120926,600519.SH,238.0,240.56,233.7,235.87,238.51,-2.6399999999999864,-1.11,20362.67,482230.825,147.85,149.44,145.18,146.53
20120927,600519.SH,235.0,241.58,234.53,240.69,235.87,4.819999999999993,2.04,27140.42,650222.918,145.98,150.07,145.69,149.52
20120928,600519.SH,239.02,245.95,239.0,245.8,240.69,5.110000000000014,2.12,31283.44,760146.554,148.48,152.79,148.47,152.69
20121008,600519.SH,245.3,245.3,237.48,239.94,245.8,-5.860000000000014,-2.38,23608.28,566527.56,152.38,152.38,147.53,149.05
20121009,600519.SH,240.98,245.05,240.04,244.15,239.94,4.210000000000008,1.75,23410.89,569554.621,149.7,152.23,149.12,151.67
20121010,600519.SH,243.0,244.83,240.75,243.82,244.15,-0.3300000000000125,-0.14,13456.7,327126.305,150.95,152.09,149.56,151.46
20121011,600519.SH,242.35,243.75,241.13,241.93,243.82,-1.8899999999999864,-0.78,10625.99,257483.485,150.55,151.42,149.79,150.29
20121012,600519.SH,242.62,244.79,241.73,243.51,241.93,1.579999999999984,0.65,11742.12,285916.686,150.72,152.07,150.17,151.27
20121015,600519.SH,244.77,247.24,244.77,245.71,243.51,2.200000000000017,0.9,18883.33,464547.296,152.05,153.59,152.05,152.64
20121016,600519.SH,245.11,251.08,245.11,249.81,245.71,4.099999999999994,1.67,27737.91,690466.784,152.27,155.97,152.27,155.18
20121017,600519.SH,249.81,250.5,247.9,248.78,249.81,-1.0300000000000011,-0.41,15980.8,397637.468,155.18,155.61,154.0,154.54
20121018,600519.SH,249.25,254.5,249.0,251.22,248.78,2.4399999999999977,0.98,22278.06,561905.413,154.84,158.1,154.68,156.06
20121019,600519.SH,251.25,254.96,251.25,253.0,251.22,1.7800000000000011,0.71,18629.54,472389.448,156.08,158.38,156.08,157.17
20121022,600519.SH,252.68,253.53,247.8,250.54,253.0,-2.460000000000008,-0.97,19117.44,478244.292,156.97,157.5,153.94,155.64
20121023,600519.SH,250.8,250.8,244.6,244.7,250.54,-5.840000000000003,-2.33,18702.76,461008.027,155.8,155.8,151.95,152.01
20121024,600519.SH,244.6,247.12,244.1,246.28,244.7,1.5800000000000125,0.65,10972.08,269652.766,151.95,153.51,151.64,152.99
20121025,600519.SH,247.0,248.0,244.3,246.07,246.28,-0.21000000000000796,-0.09,9159.8,225725.463,153.44,154.06,151.76,152.86
20121026,600519.SH,248.72,248.98,240.07,241.09,246.07,-4.97999999999999,-2.02,24559.09,596652.705,154.51,154.67,149.13,149.77
20121029,600519.SH,241.59,243.6,239.05,241.82,241.09,0.7299999999999898,0.3,14490.8,349849.288,150.08,151.33,148.5,150.22
20121030,600519.SH,241.8,245.49,241.21,244.58,241.82,2.7600000000000193,1.14,15610.11,380664.727,150.21,152.5,149.84,151.94
20121031,600519.SH,244.52,247.94,243.65,247.34,244.58,2.759999999999991,1.13,15845.35,390460.776,151.9,154.02,151.36,153.65
20121101,600519.SH,248.21,250.85,246.35,249.4,247.34,2.0600000000000023,0.83,18191.26,453437.145,154.19,155.83,153.04,154.93
20121102,600519.SH,249.2,250.5,246.28,248.36,249.4,-1.039999999999992,-0.42,16974.81,420531.725,154.81,155.61,152.99,154.28
20121105,600519.SH,246.99,246.99,241.2,242.92,248.36,-5.440000000000026,-2.19,22665.59,552311.463,153.43,153.43,149.84,150.9
20121106,600519.SH,242.41,242.41,235.5,235.93,242.92,-6.989999999999981,-2.88,41713.23,991450.62,150.59,150.59,146.3,146.56
20121107,600519.SH,235.0,238.03,235.0,237.47,235.93,1.539999999999992,0.65,16217.59,383915.183,145.98,147.87,145.98,147.52
20121108,600519.SH,235.99,236.95,233.85,234.1,237.47,-3.3700000000000045,-1.42,16261.81,382711.598,146.6,147.2,145.27,145.43
20121109,600519.SH,234.09,235.8,233.66,234.81,234.1,0.710000000000008,0.3,11670.06,273825.06,145.42,146.48,145.15,145.87
20121112,600519.SH,235.0,235.78,228.89,231.46,234.81,-3.3499999999999943,-1.43,20464.33,472928.286,145.98,146.47,142.19,143.79
20121113,600519.SH,231.0,231.0,225.7,228.06,231.46,-3.4000000000000057,-1.47,20447.77,465306.375,143.5,143.5,140.21,141.67
20121114,600519.SH,228.38,231.0,226.5,230.65,228.06,2.5900000000000034,1.14,12238.48,280680.242,141.87,143.5,140.7,143.28
20121115,600519.SH,229.0,229.0,226.33,227.25,230.65,-3.4000000000000057,-1.47,11400.61,259657.23,142.26,142.26,140.6,141.17
20121116,600519.SH,226.8,226.95,222.5,224.4,227.25,-2.8499999999999943,-1.25,19677.13,441363.632,140.89,140.98,138.22,139.4
20121119,600519.SH,224.4,224.4,208.9,214.05,224.4,-10.349999999999994,-4.61,70484.01,1508795.035,139.4,139.4,129.77,132.97
20121120,600519.SH,212.85,218.34,212.5,215.96,214.05,1.9099999999999966,0.89,38078.16,820492.572,132.22,135.64,132.01,134.16
20121121,600519.SH,215.85,219.8,211.79,218.65,215.96,2.6899999999999977,1.25,33334.64,719458.14,134.09,136.54,131.57,135.83
20121122,600519.SH,207.5,217.46,206.8,217.29,218.65,-1.3600000000000136,-0.62,51520.8,1093946.85,128.9,135.09,128.47,134.98
20121123,600519.SH,215.02,223.0,215.01,222.23,217.29,4.939999999999998,2.27,29844.64,655947.672,133.57,138.53,133.57,138.05
20121126,600519.SH,221.41,221.8,215.5,217.05,222.23,-5.179999999999978,-2.33,21954.75,478884.312,137.54,137.78,133.87,134.83
20121127,600519.SH,217.05,221.09,216.18,219.76,217.05,2.7099999999999795,1.25,20458.85,447807.811,134.83,137.34,134.29,136.52
20121128,600519.SH,219.25,219.25,217.0,218.39,219.76,-1.3700000000000045,-0.62,15017.08,328018.453,136.2,136.2,134.8,135.67
20121129,600519.SH,218.4,220.12,218.14,219.28,218.39,0.8900000000000148,0.41,15675.74,343521.807,135.67,136.74,135.51,136.22
20121130,600519.SH,219.2,219.2,213.21,216.01,219.28,-3.2700000000000102,-1.49,21371.37,459310.347,136.17,136.17,132.45,134.19
20121203,600519.SH,213.0,213.0,199.05,200.19,216.01,-15.819999999999993,-7.32,79372.36,1620343.239,132.32,132.32,123.65,124.36
20121204,600519.SH,195.01,199.98,190.8,196.95,200.19,-3.240000000000009,-1.62,78705.41,1534594.318,121.14,124.23,118.53,122.35
20121205,600519.SH,194.3,200.52,188.63,196.64,196.95,-0.3100000000000023,-0.16,111703.81,2172380.167,120.7,124.57,117.18,122.16
20121206,600519.SH,196.2,197.0,184.0,194.21,196.64,-2.4299999999999784,-1.24,117561.99,2244829.139,121.88,122.38,114.3,120.65
20121207,600519.SH,196.99,202.69,196.58,198.79,194.21,4.579999999999984,2.36,99501.41,1983064.728,122.37,125.91,122.12,123.49
20121211,600519.SH,198.5,208.0,198.5,202.31,198.79,3.5200000000000102,1.77,92232.6,1869715.843,123.31,129.21,123.31,125.68
20121212,600519.SH,205.0,211.99,202.5,211.86,202.31,9.550000000000011,4.72,64325.31,1327462.831,127.35,131.69,125.8,131.61
20121213,600519.SH,209.89,214.98,205.1,205.7,211.86,-6.160000000000025,-2.91,61996.46,1297953.947,130.39,133.55,127.41,127.78
20121214,600519.SH,203.0,209.5,198.5,207.92,205.7,2.219999999999999,1.08,78926.33,1609442.087,126.11,130.14,123.31,129.16
20121217,600519.SH,206.0,213.66,202.0,211.09,207.92,3.170000000000016,1.52,71361.26,1488539.58,127.97,132.73,125.48,131.13
20121218,600519.SH,211.21,216.78,211.17,214.53,211.09,3.4399999999999977,1.63,46945.45,1005177.386,131.21,134.67,131.18,133.27
20121219,600519.SH,213.13,221.0,213.01,219.45,214.53,4.9199999999999875,2.29,47569.78,1039482.925,132.4,137.29,132.32,136.32
20121220,600519.SH,218.5,220.4,215.59,218.4,219.45,-1.049999999999983,-0.48,34434.14,750851.79,135.73,136.91,133.93,135.67
20121221,600519.SH,217.69,219.0,215.83,216.6,218.4,-1.8000000000000114,-0.82,25092.81,544719.331,135.23,136.05,134.08,134.55
20121224,600519.SH,212.01,212.01,200.0,204.58,216.6,-12.019999999999982,-5.55,100050.74,2054317.655,131.7,131.7,124.24,127.09
20121225,600519.SH,202.9,206.87,201.22,204.72,204.58,0.13999999999998636,0.07,59533.52,1218659.231,126.04,128.51,125.0,127.17
20121226,600519.SH,203.78,206.8,202.71,205.25,204.72,0.5300000000000011,0.26,44866.24,918674.03,126.59,128.47,125.93,127.5
20121227,600519.SH,205.3,209.5,203.74,207.58,205.25,2.3300000000000125,1.14,60926.24,1259077.997,127.53,130.14,126.57,128.95
20121228,600519.SH,207.6,215.58,207.6,212.3,207.58,4.719999999999999,2.27,56589.24,1202787.58,128.96,133.92,128.96,131.88
20121231,600519.SH,213.31,214.8,206.35,209.02,212.3,-3.280000000000001,-1.54,51914.83,1085776.117,132.51,133.44,128.19,129.85
20130104,600519.SH,212.0,212.0,205.0,206.94,209.02,-2.0800000000000125,-1.0,58370.34,1205796.538,131.7,131.7,127.35,128.55
20130107,600519.SH,205.88,205.88,202.5,204.29,206.94,-2.6500000000000057,-1.28,41271.39,840359.829,127.9,127.9,125.8,126.91
20130108,600519.SH,203.18,210.85,203.18,210.84,204.29,6.550000000000011,3.21,65286.98,1362186.171,126.22,130.98,126.22,130.98
20130109,600519.SH,211.5,217.65,211.5,216.45,210.84,5.609999999999985,2.66,53749.32,1159330.305,131.39,135.21,131.39,134.46
20130110,600519.SH,215.58,217.0,213.0,214.5,216.45,-1.9499999999999886,-0.9,30527.86,656830.931,133.92,134.8,132.32,133.25
20130111,600519.SH,213.72,215.15,209.88,211.26,214.5,-3.240000000000009,-1.51,37009.99,784542.945,132.77,133.65,130.38,131.24
20130114,600519.SH,208.5,210.3,202.81,209.42,211.26,-1.8400000000000034,-0.87,68183.58,1410483.972,129.52,130.64,125.99,130.09
20130115,600519.SH,208.79,212.1,206.82,210.85,209.42,1.4300000000000068,0.68,52635.08,1103130.868,129.7,131.76,128.48,130.98
20130116,600519.SH,205.0,206.8,203.68,206.0,210.85,-4.849999999999994,-2.3,69501.65,1427067.086,127.35,128.47,126.53,127.97
20130117,600519.SH,204.99,207.68,204.52,205.13,206.0,-0.8700000000000045,-0.42,36201.85,744614.971,127.34,129.01,127.05,127.43
20130118,600519.SH,206.15,206.48,200.11,203.76,205.13,-1.3700000000000045,-0.67,55318.07,1122848.386,128.06,128.27,124.31,126.58
20130121,600519.SH,202.8,202.8,196.3,197.31,203.76,-6.449999999999989,-3.17,74779.28,1482664.898,125.98,125.98,121.94,122.57
20130122,600519.SH,195.81,199.73,189.0,198.83,197.31,1.5200000000000102,0.77,73815.41,1425054.465,121.64,124.07,117.41,123.52
20130123,600519.SH,196.0,199.51,193.8,198.98,198.83,0.14999999999997726,0.08,51013.93,1006483.564,121.76,123.94,120.39,123.61
20130124,600519.SH,197.9,200.1,194.8,195.96,198.98,-3.019999999999982,-1.52,59474.38,1171137.855,122.94,124.3,121.01,121.73
20130125,600519.SH,189.0,191.8,186.1,189.05,195.96,-6.909999999999997,-3.53,80007.86,1508197.81,117.41,119.15,115.61,117.44
20130128,600519.SH,186.0,187.8,178.0,178.5,189.05,-10.550000000000011,-5.58,158290.58,2857092.951,115.55,116.66,110.58,110.89
20130129,600519.SH,176.0,179.99,172.0,178.16,178.5,-0.3400000000000034,-0.19,115447.87,2034723.439,109.33,111.81,106.85,110.68
20130130,600519.SH,177.05,182.49,176.68,180.12,178.16,1.960000000000008,1.1,71376.78,1285436.676,109.99,113.36,109.76,111.89
20130131,600519.SH,181.2,181.8,177.77,178.9,180.12,-1.2199999999999989,-0.68,37816.23,678384.682,112.56,112.94,110.43,111.13
20130201,600519.SH,178.88,181.77,178.03,178.98,178.9,0.07999999999998408,0.04,45265.64,813241.68,111.12,112.92,110.59,111.18
20130204,600519.SH,180.0,180.95,174.0,175.13,178.98,-3.8499999999999943,-2.15,64964.02,1142310.991,111.82,112.41,108.09,108.79
20130205,600519.SH,174.95,184.5,173.8,184.43,175.13,9.300000000000011,5.31,87825.4,1575281.159,108.68,114.61,107.97,114.57
20130206,600519.SH,184.98,185.07,182.0,183.93,184.43,-0.5,-0.27,46195.17,849026.089,114.91,114.97,113.06,114.26
20130207,600519.SH,183.0,186.55,181.32,185.17,183.93,1.2399999999999807,0.67,48567.91,895061.569,113.68,115.89,112.64,115.03
20130208,600519.SH,185.15,188.4,184.3,187.86,185.17,2.690000000000026,1.45,41572.53,778273.77,115.02,117.04,114.49,116.7
20130218,600519.SH,188.3,188.3,179.0,179.69,187.86,-8.170000000000016,-4.35,56569.78,1024714.902,116.97,116.97,111.2,111.63
20130219,600519.SH,178.98,180.59,176.8,177.92,179.69,-1.7700000000000102,-0.99,37737.53,673362.435,111.18,112.18,109.83,110.53
20130220,600519.SH,177.0,179.98,175.02,177.9,177.92,-0.01999999999998181,-0.01,36582.26,650765.308,109.95,111.81,108.72,110.51
20130221,600519.SH,175.23,185.2,175.05,180.02,177.9,2.1200000000000045,1.19,53832.87,974530.658,108.85,115.05,108.74,111.83
20130222,600519.SH,181.0,186.6,181.0,185.59,180.02,5.569999999999993,3.09,62864.18,1163340.82,112.44,115.92,112.44,115.29
20130225,600519.SH,184.0,185.35,180.26,181.09,185.59,-4.5,-2.42,34549.09,629472.576,114.3,115.14,111.98,112.5
20130226,600519.SH,180.7,184.0,177.33,177.37,181.09,-3.719999999999999,-2.05,43754.79,783158.037,112.25,114.3,110.16,110.18
20130227,600519.SH,176.61,178.7,175.56,176.77,177.37,-0.5999999999999943,-0.34,34158.15,602608.232,109.71,111.01,109.06,109.81
20130228,600519.SH,177.8,177.8,172.0,175.0,176.77,-1.7700000000000102,-1.0,56786.43,990766.787,110.45,110.45,106.85,108.71
20130301,600519.SH,174.3,175.96,172.99,173.82,175.0,-1.1800000000000068,-0.67,38003.45,661720.749,108.28,109.31,107.46,107.98
20130304,600519.SH,173.72,176.62,173.72,174.72,173.82,0.9000000000000057,0.52,52072.95,912360.626,107.92,109.72,107.92,108.54
20130305,600519.SH,175.42,176.46,173.86,175.0,174.72,0.28000000000000114,0.16,36974.71,648668.784,108.97,109.62,108.0,108.71
20130306,600519.SH,176.0,177.3,173.65,177.22,175.0,2.219999999999999,1.27,49227.26,861725.426,109.33,110.14,107.87,110.09
20130307,600519.SH,179.38,188.6,179.32,183.86,177.22,6.640000000000015,3.75,85190.62,1573676.093,111.43,117.16,111.4,114.22
20130308,600519.SH,186.01,187.5,183.67,184.13,183.86,0.2699999999999818,0.15,35959.78,667118.431,115.55,116.48,114.1,114.38
20130311,600519.SH,183.8,185.5,181.81,185.2,184.13,1.0699999999999932,0.58,34965.28,642927.319,114.18,115.23,112.94,115.05
20130312,600519.SH,186.0,186.1,180.0,182.18,185.2,-3.019999999999982,-1.63,25393.65,465220.571,115.55,115.61,111.82,113.17
20130313,600519.SH,182.4,186.02,182.4,183.83,182.18,1.6500000000000057,0.91,30769.9,567812.074,113.31,115.56,113.31,114.2
20130314,600519.SH,182.5,184.77,178.66,178.94,183.83,-4.890000000000015,-2.66,35124.0,635985.859,113.37,114.78,110.99,111.16
20130315,600519.SH,177.52,180.7,175.1,176.97,178.94,-1.9699999999999989,-1.1,35961.12,639236.967,110.28,112.25,108.77,109.94
20130318,600519.SH,176.9,176.9,168.19,169.45,176.97,-7.52000000000001,-4.25,78231.53,1336285.511,109.89,109.89,104.48,105.26
20130319,600519.SH,168.2,169.82,164.51,165.18,169.45,-4.269999999999982,-2.52,63414.03,1052322.589,104.49,105.49,102.2,102.61
20130320,600519.SH,165.26,170.59,164.1,169.91,165.18,4.72999999999999,2.86,71894.98,1202347.854,102.66,105.97,101.94,105.55
20130321,600519.SH,169.5,169.5,165.8,166.78,169.91,-3.1299999999999955,-1.84,65392.72,1091400.974,105.3,105.3,103.0,103.61
20130322,600519.SH,166.48,169.9,165.71,169.05,166.78,2.2700000000000102,1.36,45578.63,767262.032,103.42,105.54,102.94,105.02
20130325,600519.SH,169.0,170.77,168.1,169.03,169.05,-0.020000000000010232,-0.01,31966.46,541959.904,104.98,106.08,104.43,105.0
20130326,600519.SH,169.1,171.21,168.41,169.88,169.03,0.8499999999999943,0.5,32480.09,551865.776,105.05,106.36,104.62,105.53
20130327,600519.SH,170.01,170.4,165.4,166.79,169.88,-3.0900000000000034,-1.82,47662.21,795809.835,105.61,105.85,102.75,103.61
20130328,600519.SH,166.08,168.18,162.31,166.82,166.79,0.030000000000001137,0.02,41490.9,685703.919,103.17,104.48,100.83,103.63
20130329,600519.SH,167.25,169.57,166.02,168.86,166.82,2.0400000000000205,1.22,47717.09,802924.384,103.9,105.34,103.13,104.9
20130401,600519.SH,168.09,168.46,164.58,164.95,168.86,-3.910000000000025,-2.32,29128.8,483197.214,104.42,104.65,102.24,102.47
20130402,600519.SH,165.1,165.97,163.27,163.71,164.95,-1.2399999999999807,-0.75,32524.9,534554.075,102.56,103.1,101.43,101.7
20130403,600519.SH,163.68,165.0,163.18,163.85,163.71,0.13999999999998636,0.09,21990.5,360543.77,101.68,102.5,101.37,101.79
20130408,600519.SH,162.14,165.0,160.45,164.32,163.85,0.46999999999999886,0.29,37732.76,613230.373,100.72,102.5,99.67,102.08
20130409,600519.SH,163.89,164.9,162.7,163.6,164.32,-0.7199999999999989,-0.44,24194.65,396645.807,101.81,102.44,101.07,101.63
20130410,600519.SH,164.0,171.11,162.7,169.96,163.6,6.360000000000014,3.89,70858.38,1194391.2,101.88,106.3,101.07,105.58
20130411,600519.SH,170.0,171.0,168.3,168.92,169.96,-1.0400000000000205,-0.61,29729.52,504695.116,105.61,106.23,104.55,104.94
20130412,600519.SH,168.92,174.4,168.5,172.23,168.92,3.3100000000000023,1.96,59800.06,1032119.622,104.94,108.34,104.67,106.99
20130415,600519.SH,172.27,173.66,170.02,172.74,172.23,0.5100000000000193,0.3,28336.73,487286.254,107.02,107.88,105.62,107.31
20130416,600519.SH,170.0,175.2,169.6,173.16,172.74,0.4199999999999875,0.24,39137.92,676673.436,105.61,108.84,105.36,107.57
20130417,600519.SH,173.6,178.77,173.55,178.49,173.16,5.3300000000000125,3.08,42974.08,760898.345,107.84,111.05,107.81,110.88
20130418,600519.SH,177.2,180.0,176.01,179.15,178.49,0.6599999999999966,0.37,41956.84,749007.268,110.08,111.82,109.34,111.29
20130419,600519.SH,179.4,179.88,176.89,179.23,179.15,0.07999999999998408,0.04,39238.38,701185.036,111.45,111.74,109.89,111.34
20130422,600519.SH,178.9,178.9,173.5,173.71,179.23,-5.519999999999982,-3.08,42745.96,747616.492,111.13,111.13,107.78,107.91
20130423,600519.SH,173.5,174.98,171.7,171.81,173.71,-1.9000000000000057,-1.09,30952.62,535923.146,107.78,108.7,106.66,106.73
20130424,600519.SH,172.22,175.0,170.3,174.87,171.81,3.0600000000000023,1.78,30402.61,525381.344,106.99,108.71,105.79,108.63
20130425,600519.SH,174.02,177.56,173.22,176.7,174.87,1.829999999999984,1.05,25359.69,446045.076,108.1,110.3,107.61,109.77
20130426,600519.SH,177.41,178.0,173.01,173.99,176.7,-2.7099999999999795,-1.53,16307.64,285787.932,110.21,110.58,107.48,108.08
20130502,600519.SH,173.0,173.05,169.03,171.11,173.99,-2.8799999999999955,-1.66,28586.79,489586.43,107.47,107.5,105.0,106.3
20130503,600519.SH,171.8,174.02,170.6,172.45,171.11,1.339999999999975,0.78,21460.52,369986.951,106.72,108.1,105.98,107.13
20130506,600519.SH,173.0,177.98,171.98,177.8,172.45,5.350000000000023,3.1,30196.39,529181.415,107.47,110.56,106.84,110.45
20130507,600519.SH,179.02,188.34,179.02,187.69,177.8,9.889999999999986,5.56,71020.55,1305178.758,111.21,117.0,111.21,116.6
20130508,600519.SH,187.8,190.0,186.13,188.89,187.69,1.1999999999999886,0.64,42416.06,799534.954,116.66,118.03,115.63,117.34
20130509,600519.SH,189.26,197.2,189.26,197.18,188.89,8.29000000000002,4.39,70134.68,1370326.17,117.57,122.5,117.57,122.49
20130510,600519.SH,197.01,200.92,196.01,197.11,197.18,-0.06999999999999318,-0.04,48776.59,970170.014,122.38,124.81,121.76,122.45
20130513,600519.SH,197.11,201.6,193.77,197.68,197.11,0.5699999999999932,0.29,32579.04,645155.894,122.45,125.24,120.37,122.8
20130514,600519.SH,196.1,197.1,190.01,191.19,197.68,-6.490000000000009,-3.28,36431.6,701153.965,121.82,122.44,118.04,118.77
20130515,600519.SH,190.88,196.66,190.72,194.66,191.19,3.469999999999999,1.81,23264.4,452499.708,118.58,122.17,118.48,120.93
20130516,600519.SH,194.01,200.51,192.0,194.85,194.66,0.18999999999999773,0.1,45462.27,893376.381,120.52,124.56,119.27,121.04
20130517,600519.SH,194.08,196.45,193.0,195.91,194.85,1.0600000000000023,0.54,33556.72,654713.526,120.56,122.04,119.89,121.7
20130520,600519.SH,196.8,198.48,194.45,195.0,195.91,-0.9099999999999966,-0.46,30944.06,605797.988,122.25,123.3,120.79,121.14
20130521,600519.SH,194.88,195.76,193.51,195.02,195.0,0.020000000000010232,0.01,23102.34,449227.066,121.06,121.61,120.21,121.15
20130522,600519.SH,195.65,200.6,195.1,199.47,195.02,4.449999999999989,2.28,46149.64,917905.229,121.54,124.62,121.2,123.91
20130523,600519.SH,199.6,206.49,199.6,202.44,199.47,2.969999999999999,1.49,62247.45,1272531.72,123.99,128.27,123.99,125.76
20130524,600519.SH,204.0,207.17,200.0,200.93,202.44,-1.509999999999991,-0.75,45073.12,915894.075,126.73,128.7,124.24,124.82
20130527,600519.SH,201.97,202.1,198.0,201.63,200.93,0.6999999999999886,0.35,26778.12,536544.405,125.47,125.55,123.0,125.25
20130528,600519.SH,201.88,203.31,199.55,202.14,201.63,0.5099999999999909,0.25,23676.36,477386.72,125.41,126.3,123.96,125.57
20130529,600519.SH,203.0,206.87,201.35,201.49,202.14,-0.6499999999999773,-0.32,32340.02,659505.373,126.11,128.51,125.08,125.17
20130530,600519.SH,200.8,202.82,199.01,200.25,201.49,-1.240000000000009,-0.62,25019.42,500916.433,124.74,125.99,123.63,124.4
20130531,600519.SH,200.97,201.4,197.0,197.1,200.25,-3.1500000000000057,-1.57,24590.56,490984.247,124.84,125.11,122.38,122.44
20130603,600519.SH,198.1,202.55,197.18,202.08,197.1,4.980000000000018,2.53,40256.75,807356.528,123.06,125.83,122.49,125.53
20130604,600519.SH,202.3,205.3,201.65,201.7,202.08,-0.3800000000000239,-0.19,42356.92,862313.622,125.67,127.53,125.27,125.3
20130605,600519.SH,201.99,202.5,199.58,201.17,201.7,-0.5300000000000011,-0.26,23724.42,476555.327,125.48,125.8,123.98,124.97
20130606,600519.SH,201.21,204.8,201.21,201.66,201.17,0.4900000000000091,0.24,33877.35,688473.447,124.99,127.22,124.99,125.27
20130607,600519.SH,195.11,200.0,193.51,196.26,201.66,-5.400000000000006,-2.68,25478.38,502253.009,125.18,128.32,124.15,125.92
20130613,600519.SH,195.12,198.48,192.01,194.71,196.26,-1.549999999999983,-0.79,44998.64,876852.216,125.18,127.34,123.19,124.92
20130614,600519.SH,194.35,195.0,189.58,194.02,194.71,-0.6899999999999977,-0.35,32518.67,625711.421,124.69,125.11,121.63,124.48
20130617,600519.SH,194.27,194.98,189.21,189.48,194.02,-4.5400000000000205,-2.34,29689.27,568914.661,124.64,125.09,121.39,121.57
20130618,600519.SH,189.16,191.8,186.52,191.65,189.48,2.170000000000016,1.15,27377.72,516512.033,121.36,123.05,119.67,122.96
20130619,600519.SH,190.88,195.5,188.2,194.83,191.65,3.180000000000007,1.66,28909.18,556142.175,122.46,125.43,120.74,125.0
20130620,600519.SH,194.46,195.48,190.61,191.74,194.83,-3.0900000000000034,-1.59,25586.81,493350.639,124.76,125.42,122.29,123.02
20130621,600519.SH,190.04,195.88,187.5,191.17,191.74,-0.5700000000000216,-0.3,39654.19,762942.568,121.92,125.67,120.3,122.65
20130624,600519.SH,191.61,192.0,185.18,185.62,191.17,-5.549999999999983,-2.9,40807.2,765344.886,122.93,123.18,118.81,119.09
20130625,600519.SH,185.56,190.3,176.03,189.84,185.62,4.219999999999999,2.27,51352.49,952843.639,119.05,122.09,112.94,121.8
20130626,600519.SH,188.49,189.82,184.78,188.72,189.84,-1.1200000000000045,-0.59,32903.48,613847.368,120.93,121.78,118.55,121.08
20130627,600519.SH,188.72,192.35,188.09,189.58,188.72,0.8600000000000136,0.46,34135.76,651525.208,121.08,123.41,120.67,121.63
20130628,600519.SH,188.85,193.46,188.85,192.37,189.58,2.789999999999992,1.47,28070.02,540002.73,121.16,124.12,121.16,123.42
20130701,600519.SH,192.03,194.97,191.02,194.29,192.37,1.9199999999999875,1.0,25828.52,498364.213,123.2,125.09,122.55,124.65
20130702,600519.SH,194.27,198.99,192.62,197.95,194.29,3.6599999999999966,1.88,33453.17,656544.871,124.64,127.67,123.58,127.0
20130703,600519.SH,198.9,199.8,196.13,197.97,197.95,0.020000000000010232,0.01,35424.64,702154.07,127.61,128.19,125.83,127.01
20130704,600519.SH,197.07,199.86,196.58,196.62,197.97,-1.3499999999999943,-0.68,24214.52,480333.716,126.44,128.23,126.12,126.15
20130705,600519.SH,196.9,199.37,196.9,197.12,196.62,0.5,0.25,17779.54,351961.193,126.33,127.91,126.33,126.47
20130708,600519.SH,196.88,197.89,193.0,195.16,197.12,-1.960000000000008,-0.99,24113.9,471887.316,126.31,126.96,123.82,125.21
20130709,600519.SH,196.3,196.3,190.71,192.05,195.16,-3.109999999999985,-1.59,20233.61,390495.512,125.94,125.94,122.35,123.21
20130710,600519.SH,191.21,194.1,188.89,193.84,192.05,1.789999999999992,0.93,33244.96,635969.702,122.68,124.53,121.19,124.36
20130711,600519.SH,194.55,196.5,192.03,195.97,193.84,2.1299999999999955,1.1,46056.61,897968.904,124.82,126.07,123.2,125.73
20130712,600519.SH,195.11,196.77,188.7,188.81,195.97,-7.159999999999997,-3.65,42991.64,823551.963,125.18,126.24,121.07,121.14
20130715,600519.SH,189.38,190.1,184.93,187.95,188.81,-0.8600000000000136,-0.46,36607.35,683259.585,121.5,121.96,118.65,120.58
20130716,600519.SH,188.16,191.28,185.5,190.95,187.95,3.0,1.6,37011.4,698456.698,120.72,122.72,119.01,122.51
20130717,600519.SH,190.5,190.79,186.81,186.92,190.95,-4.030000000000001,-2.11,27388.46,517180.73,122.22,122.41,119.85,119.92
20130718,600519.SH,187.0,187.45,183.7,185.07,186.92,-1.8499999999999943,-0.99,25699.77,475329.686,119.97,120.26,117.86,118.74
20130719,600519.SH,185.01,185.01,174.53,176.01,185.07,-9.060000000000002,-4.9,73319.22,1309145.807,118.7,118.7,111.97,112.92
20130722,600519.SH,175.66,177.09,173.05,174.88,176.01,-1.1299999999999955,-0.64,27062.32,472471.726,112.7,113.62,111.02,112.2
20130723,600519.SH,175.93,180.29,174.98,179.59,174.88,4.710000000000008,2.69,28756.11,513622.532,112.87,115.67,112.26,115.22
20130724,600519.SH,179.4,179.4,173.1,174.62,179.59,-4.969999999999999,-2.77,44067.23,772480.648,115.1,115.1,111.06,112.03
20130725,600519.SH,175.4,179.8,174.3,178.74,174.62,4.1200000000000045,2.36,39540.54,701690.246,112.53,115.36,111.83,114.68
20130726,600519.SH,177.0,177.8,174.9,174.97,178.74,-3.7700000000000102,-2.11,19045.67,334279.508,113.56,114.07,112.21,112.26
20130729,600519.SH,174.28,174.28,171.0,171.32,174.97,-3.6500000000000057,-2.09,26883.31,462873.572,111.81,111.81,109.71,109.91
20130730,600519.SH,170.3,171.28,165.59,168.43,171.32,-2.8899999999999864,-1.69,42113.97,708812.312,109.26,109.89,106.24,108.06
20130731,600519.SH,169.68,171.2,167.7,168.5,168.43,0.06999999999999318,0.04,14590.04,246901.546,108.86,109.84,107.59,108.11
20130801,600519.SH,169.98,172.5,169.06,171.89,168.5,3.3899999999999864,2.01,24852.59,426199.169,109.05,110.67,108.46,110.28
20130802,600519.SH,172.79,178.16,172.69,176.03,171.89,4.140000000000015,2.41,29240.78,514840.309,110.86,114.3,110.79,112.94
20130805,600519.SH,176.03,176.77,173.9,175.5,176.03,-0.5300000000000011,-0.3,18065.07,316638.075,112.94,113.41,111.57,112.6
20130806,600519.SH,173.93,175.5,172.7,175.23,175.5,-0.27000000000001023,-0.15,26562.26,462053.656,111.59,112.6,110.8,112.42
20130807,600519.SH,174.8,178.66,173.73,176.38,175.23,1.1500000000000057,0.66,28377.75,501679.186,112.15,114.62,111.46,113.16
20130808,600519.SH,176.42,177.36,174.4,175.16,176.38,-1.2199999999999989,-0.69,16076.73,282184.726,113.19,113.79,111.89,112.38
20130809,600519.SH,175.45,176.09,170.94,172.83,175.16,-2.329999999999984,-1.33,22889.24,396239.81,112.56,112.97,109.67,110.88
20130812,600519.SH,172.8,178.43,172.51,178.31,172.83,5.47999999999999,3.17,39390.34,692000.838,110.86,114.48,110.68,114.4
20130813,600519.SH,178.01,180.5,176.5,179.95,178.31,1.6399999999999864,0.92,25435.83,453549.742,114.21,115.8,113.24,115.45
20130814,600519.SH,179.89,182.34,178.4,178.69,179.95,-1.259999999999991,-0.7,21721.9,392821.868,115.41,116.98,114.46,114.64
20130815,600519.SH,178.86,181.2,177.39,177.46,178.69,-1.2299999999999898,-0.69,15365.66,274789.284,114.75,116.25,113.81,113.85
20130816,600519.SH,177.53,181.0,174.05,174.4,177.46,-3.0600000000000023,-1.72,34973.93,617783.344,113.9,116.13,111.67,111.89
20130819,600519.SH,175.4,175.91,173.0,175.17,174.4,0.7699999999999818,0.44,19357.61,337652.097,112.53,112.86,110.99,112.38
20130820,600519.SH,174.15,175.0,172.7,173.61,175.17,-1.5599999999999739,-0.89,31250.74,541646.639,111.73,112.28,110.8,111.38
20130821,600519.SH,175.01,175.15,172.4,174.69,173.61,1.079999999999984,0.62,23103.2,401820.452,112.28,112.37,110.61,112.08
20130822,600519.SH,174.6,176.68,174.02,175.08,174.69,0.3900000000000148,0.22,15501.52,272139.857,112.02,113.35,111.65,112.33
20130823,600519.SH,175.97,175.98,171.5,172.99,175.08,-2.0900000000000034,-1.19,19529.64,338959.489,112.9,112.9,110.03,110.99
20130826,600519.SH,173.11,175.0,172.0,173.94,172.99,0.9499999999999886,0.55,16885.31,293255.612,111.06,112.28,110.35,111.6
20130827,600519.SH,173.77,173.77,172.0,173.15,173.94,-0.789999999999992,-0.45,24436.55,422029.095,111.49,111.49,110.35,111.09
20130828,600519.SH,172.17,172.17,169.57,169.9,173.15,-3.25,-1.88,30603.04,521639.363,110.46,110.46,108.79,109.0
20130829,600519.SH,170.0,170.34,168.11,168.48,169.9,-1.420000000000016,-0.84,21804.02,368545.672,109.07,109.29,107.86,108.09
20130830,600519.SH,168.48,169.0,167.55,168.78,168.48,0.30000000000001137,0.18,25861.42,435606.368,108.09,108.43,107.5,108.29
20130902,600519.SH,160.8,160.8,151.9,151.92,168.78,-16.860000000000014,-9.99,224970.74,3438418.525,103.17,103.17,97.46,97.47
20130903,600519.SH,151.0,152.8,149.0,151.66,151.92,-0.2599999999999909,-0.17,123211.05,1855978.596,96.88,98.03,95.59,97.3
20130904,600519.SH,152.0,153.55,151.6,152.1,151.66,0.4399999999999977,0.29,76789.98,1171694.804,97.52,98.51,97.26,97.58
20130905,600519.SH,151.86,152.8,149.3,150.27,152.1,-1.829999999999984,-1.2,71283.26,1070129.375,97.43,98.03,95.79,96.41
20130906,600519.SH,150.1,150.9,149.77,150.28,150.27,0.009999999999990905,0.01,37783.66,567391.478,96.3,96.81,96.09,96.42
20130909,600519.SH,151.0,151.52,149.88,150.95,150.28,0.6699999999999875,0.45,69270.92,1042258.764,96.88,97.21,96.16,96.85
20130910,600519.SH,150.8,151.88,150.08,151.62,150.95,0.6700000000000159,0.44,54093.09,816720.661,96.75,97.44,96.29,97.28
20130911,600519.SH,151.75,152.78,150.0,152.57,151.62,0.9499999999999886,0.63,69012.93,1045733.434,97.36,98.02,96.24,97.89
20130912,600519.SH,152.63,153.2,151.21,151.73,152.57,-0.8400000000000034,-0.55,47723.11,725740.678,97.92,98.29,97.01,97.35
20130913,600519.SH,151.69,154.48,151.65,152.02,151.73,0.29000000000002046,0.19,68254.87,1044001.958,97.32,99.11,97.29,97.53
20130916,600519.SH,152.62,152.62,149.59,149.65,152.02,-2.3700000000000045,-1.56,58877.12,889024.058,97.92,97.92,95.97,96.01
20130917,600519.SH,149.0,149.2,140.51,141.3,149.65,-8.349999999999994,-5.58,109057.97,1571781.594,95.59,95.72,90.15,90.65
20130918,600519.SH,141.0,142.38,139.5,141.9,141.3,0.5999999999999943,0.42,67317.66,949223.067,90.46,91.35,89.5,91.04
20130923,600519.SH,141.99,142.0,140.05,140.81,141.9,-1.0900000000000034,-0.77,65409.62,921212.137,91.1,91.1,89.85,90.34
20130924,600519.SH,141.0,142.26,136.7,136.8,140.81,-4.009999999999991,-2.85,98819.15,1371542.71,90.46,91.27,87.7,87.77
20130925,600519.SH,136.55,137.5,133.02,135.16,136.8,-1.6400000000000148,-1.2,69789.01,943851.491,87.61,88.22,85.34,86.72
20130926,600519.SH,134.0,136.22,134.0,135.42,135.16,0.2599999999999909,0.19,47227.83,638421.037,85.97,87.4,85.97,86.88
20130927,600519.SH,135.49,136.16,133.79,134.06,135.42,-1.3599999999999852,-1.0,34639.25,465617.869,86.93,87.36,85.84,86.01
20130930,600519.SH,133.93,136.31,133.52,135.94,134.06,1.8799999999999955,1.4,50460.64,681360.332,85.93,87.45,85.66,87.22
20131008,600519.SH,135.76,137.4,134.19,136.67,135.94,0.7299999999999898,0.54,56867.25,773294.157,87.1,88.15,86.09,87.68
20131009,600519.SH,136.6,137.4,135.8,136.99,136.67,0.3200000000000216,0.23,40815.04,557664.494,87.64,88.15,87.13,87.89
20131010,600519.SH,137.0,137.38,136.25,137.04,136.99,0.04999999999998295,0.04,29045.52,397207.813,87.9,88.14,87.41,87.92
20131011,600519.SH,135.3,137.83,135.3,137.52,137.04,0.4800000000000182,0.35,36455.56,499830.914,86.81,88.43,86.81,88.23
20131014,600519.SH,137.95,139.73,137.32,139.65,137.52,2.1299999999999955,1.55,55274.79,767129.557,88.51,89.65,88.1,89.6
20131015,600519.SH,139.74,144.8,139.08,144.25,139.65,4.599999999999994,3.29,69277.51,986261.708,89.65,92.9,89.23,92.55
20131016,600519.SH,146.3,147.7,142.1,144.24,144.25,-0.009999999999990905,-0.01,94813.2,1382754.194,93.86,94.76,91.17,92.54
20131017,600519.SH,144.59,145.8,143.5,144.19,144.24,-0.05000000000001137,-0.03,48621.19,703391.97,92.77,93.54,92.07,92.51
20131018,600519.SH,144.49,144.91,142.0,142.98,144.19,-1.210000000000008,-0.84,35574.95,510349.74,92.7,92.97,91.1,91.73
20131021,600519.SH,143.51,145.3,142.2,145.09,142.98,2.1100000000000136,1.48,47022.98,677908.678,92.07,93.22,91.23,93.09
20131022,600519.SH,144.8,144.8,142.75,143.42,145.09,-1.670000000000016,-1.15,24581.39,353140.635,92.9,92.9,91.58,92.01
20131023,600519.SH,143.26,144.68,142.21,143.69,143.42,0.27000000000001023,0.19,26215.11,375070.072,91.91,92.82,91.24,92.19
20131024,600519.SH,143.3,143.97,142.7,143.71,143.69,0.020000000000010232,0.01,26255.33,376580.495,91.94,92.37,91.55,92.2
20131025,600519.SH,143.01,143.01,135.6,136.73,143.71,-6.980000000000018,-4.86,58584.15,807380.213,91.75,91.75,87.0,87.72
20131028,600519.SH,135.78,136.77,133.26,133.97,136.73,-2.759999999999991,-2.02,32141.02,431472.151,87.11,87.75,85.5,85.95
20131029,600519.SH,134.15,134.66,131.5,132.8,133.97,-1.1699999999999875,-0.87,35182.94,468246.86,86.07,86.39,84.37,85.2
20131030,600519.SH,132.98,133.3,131.96,132.59,132.8,-0.21000000000000796,-0.16,25343.46,335579.62,85.32,85.52,84.66,85.07
20131031,600519.SH,132.65,136.51,132.5,135.11,132.59,2.5200000000000102,1.9,34893.43,471033.933,85.1,87.58,85.01,86.68
20131101,600519.SH,134.33,135.84,133.8,135.18,135.11,0.06999999999999318,0.05,22154.47,299057.62,86.18,87.15,85.84,86.73
20131104,600519.SH,135.45,136.97,135.27,136.34,135.18,1.1599999999999966,0.86,19436.28,264834.002,86.9,87.88,86.79,87.47
20131105,600519.SH,135.8,138.39,134.7,138.11,136.34,1.7700000000000102,1.3,27843.07,381603.609,87.13,88.79,86.42,88.61
20131106,600519.SH,138.28,141.01,137.5,139.65,138.11,1.539999999999992,1.12,44449.25,619496.988,88.72,90.47,88.22,89.6
20131107,600519.SH,139.36,139.88,136.7,138.97,139.65,-0.6800000000000068,-0.49,21358.88,294635.357,89.41,89.74,87.7,89.16
20131108,600519.SH,138.6,139.99,136.01,136.14,138.97,-2.8300000000000125,-2.04,21537.43,298492.269,88.92,89.81,87.26,87.34
20131111,600519.SH,138.0,141.68,136.18,139.55,136.14,3.410000000000025,2.5,52328.77,729491.561,88.54,90.9,87.37,89.53
20131112,600519.SH,139.42,145.35,139.05,144.84,139.55,5.289999999999992,3.79,69478.01,997440.468,89.45,93.25,89.21,92.93
20131113,600519.SH,144.09,146.45,143.1,144.72,144.84,-0.12000000000000455,-0.08,31881.46,460888.127,92.44,93.96,91.81,92.85
20131114,600519.SH,145.0,145.0,141.69,144.07,144.72,-0.6500000000000057,-0.45,24042.02,344294.687,93.03,93.03,90.9,92.43
20131115,600519.SH,143.74,144.62,142.1,143.44,144.07,-0.6299999999999955,-0.44,33597.85,481165.007,92.22,92.78,91.17,92.03
20131118,600519.SH,144.0,144.86,142.8,143.49,143.44,0.05000000000001137,0.03,41571.71,596980.141,92.39,92.94,91.62,92.06
20131119,600519.SH,143.5,144.2,141.3,142.82,143.49,-0.6700000000000159,-0.47,41166.83,588099.506,92.07,92.52,90.65,91.63
20131120,600519.SH,142.74,142.92,141.4,142.06,142.82,-0.7599999999999909,-0.53,25517.8,362889.657,91.58,91.69,90.72,91.14
20131121,600519.SH,141.68,142.29,138.55,138.66,142.06,-3.4000000000000057,-2.39,32991.98,459524.467,90.9,91.29,88.89,88.96
20131122,600519.SH,138.66,139.35,137.98,138.47,138.66,-0.18999999999999773,-0.14,28110.9,389528.915,88.96,89.4,88.52,88.84
20131125,600519.SH,137.78,141.86,137.52,140.93,138.47,2.460000000000008,1.78,26181.02,367831.844,88.4,91.01,88.23,90.42
20131126,600519.SH,140.99,141.84,139.78,139.98,140.93,-0.950000000000017,-0.67,16406.04,230259.508,90.46,91.0,89.68,89.81
20131127,600519.SH,139.99,141.19,138.6,139.95,139.98,-0.030000000000001137,-0.02,15679.52,219358.339,89.81,90.58,88.92,89.79
20131128,600519.SH,139.98,142.65,139.98,141.83,139.95,1.8800000000000239,1.34,22240.51,315027.615,89.81,91.52,89.81,90.99
20131129,600519.SH,141.0,141.65,139.92,141.44,141.83,-0.3900000000000148,-0.27,20423.78,287184.36,90.46,90.88,89.77,90.74
20131202,600519.SH,140.01,140.27,136.5,136.78,141.44,-4.659999999999997,-3.29,42892.4,591853.929,89.83,89.99,87.58,87.75
20131203,600519.SH,136.55,137.92,135.34,137.58,136.78,0.8000000000000114,0.58,32882.3,448934.466,87.61,88.49,86.83,88.27
20131204,600519.SH,137.46,139.02,136.57,138.48,137.58,0.8999999999999773,0.65,33510.42,463071.203,88.19,89.19,87.62,88.85
20131205,600519.SH,138.44,138.44,136.95,136.99,138.48,-1.4899999999999807,-1.08,19326.31,265765.318,88.82,88.82,87.86,87.89
20131206,600519.SH,136.77,139.1,136.0,138.75,136.99,1.759999999999991,1.28,29150.72,402741.316,87.75,89.24,87.25,89.02
20131209,600519.SH,138.6,138.7,136.0,137.94,138.75,-0.8100000000000023,-0.58,25371.9,347999.972,88.92,88.99,87.25,88.5
20131210,600519.SH,137.51,137.9,136.2,136.95,137.94,-0.9900000000000091,-0.72,25392.66,347805.549,88.22,88.47,87.38,87.86
20131211,600519.SH,136.86,137.6,136.17,136.39,136.95,-0.5600000000000023,-0.41,19868.16,271716.036,87.81,88.28,87.36,87.5
20131212,600519.SH,136.33,137.34,136.2,136.4,136.39,0.010000000000019327,0.01,18306.95,250384.797,87.47,88.11,87.38,87.51
20131213,600519.SH,136.23,137.39,136.22,136.4,136.4,0.0,0.0,19267.26,263371.186,87.4,88.15,87.4,87.51
20131216,600519.SH,136.01,136.42,132.87,132.97,136.4,-3.430000000000007,-2.51,32869.44,439536.257,87.26,87.52,85.25,85.31
20131217,600519.SH,132.95,134.73,132.4,133.21,132.97,0.2400000000000091,0.18,15641.2,209082.464,85.3,86.44,84.94,85.46
20131218,600519.SH,132.99,133.5,132.31,132.49,133.21,-0.7199999999999989,-0.54,20105.17,266750.697,85.32,85.65,84.89,85.0
20131219,600519.SH,133.29,133.4,131.1,131.15,132.49,-1.3400000000000034,-1.01,17813.45,235156.558,85.52,85.59,84.11,84.14
20131220,600519.SH,131.25,131.75,126.0,126.65,131.15,-4.5,-3.43,38556.01,495862.858,84.21,84.53,80.84,81.26
20131223,600519.SH,126.43,127.64,126.12,126.51,126.65,-0.14000000000000057,-0.11,19222.51,243709.867,81.11,81.89,80.92,81.17
20131224,600519.SH,127.0,127.7,126.38,126.61,126.51,0.09999999999999432,0.08,27897.14,354505.538,81.48,81.93,81.08,81.23
20131225,600519.SH,127.0,127.37,125.89,126.26,126.61,-0.3499999999999943,-0.28,18439.45,233016.83,81.48,81.72,80.77,81.01
20131226,600519.SH,126.0,126.23,124.14,124.74,126.26,-1.5200000000000102,-1.2,34156.22,427007.202,80.84,80.99,79.65,80.03
20131227,600519.SH,125.2,127.23,124.74,126.2,124.74,1.460000000000008,1.17,25455.48,321517.73,80.33,81.63,80.03,80.97
20131230,600519.SH,126.45,126.98,123.99,124.46,126.2,-1.740000000000009,-1.38,32166.72,401569.202,81.13,81.47,79.55,79.85
20131231,600519.SH,124.0,129.31,122.5,128.38,124.46,3.9200000000000017,3.15,57546.49,730676.611,79.56,82.96,78.59,82.37
20140102,600519.SH,127.99,127.99,125.6,125.98,128.38,-2.3999999999999915,-1.87,21976.66,277430.218,82.12,82.12,80.58,80.83
20140103,600519.SH,125.25,125.8,123.23,123.98,125.98,-2.0,-1.59,23341.65,288934.602,80.36,80.71,79.06,79.54
20140106,600519.SH,122.88,124.9,120.7,120.73,123.98,-3.25,-2.62,30229.21,367274.761,78.84,80.13,77.44,77.46
20140107,600519.SH,120.11,121.35,119.2,120.56,120.73,-0.1700000000000017,-0.14,18039.46,216936.563,77.06,77.86,76.48,77.35
20140108,600519.SH,120.49,121.18,118.01,119.4,120.56,-1.1599999999999966,-0.96,31989.59,380752.975,77.3,77.75,75.71,76.6
20140109,600519.SH,119.0,121.8,118.6,119.34,119.4,-0.060000000000002274,-0.05,47886.71,575090.339,76.35,78.14,76.09,76.57
20140110,600519.SH,119.01,120.43,118.05,119.27,119.34,-0.07000000000000739,-0.06,21126.63,251742.737,76.35,77.26,75.74,76.52
20140113,600519.SH,119.3,122.32,119.08,119.89,119.27,0.6200000000000045,0.52,37646.46,454274.359,76.54,78.48,76.4,76.92
20140114,600519.SH,120.2,121.79,118.9,121.31,119.89,1.4200000000000017,1.18,23474.99,282925.547,77.12,78.14,76.28,77.83
20140115,600519.SH,120.51,121.15,118.05,118.76,121.31,-2.549999999999997,-2.1,19720.69,235363.881,77.32,77.73,75.74,76.19
20140116,600519.SH,118.85,122.45,118.74,121.99,118.76,3.2299999999999898,2.72,39119.63,474484.847,76.25,78.56,76.18,78.27
20140117,600519.SH,121.8,122.65,120.12,120.3,121.99,-1.6899999999999977,-1.39,32363.73,393324.788,78.14,78.69,77.07,77.18
20140120,600519.SH,121.9,127.3,121.02,126.79,120.3,6.490000000000009,5.39,60090.63,751598.256,78.21,81.67,77.64,81.35
20140121,600519.SH,126.0,128.71,125.35,126.99,126.79,0.19999999999998863,0.16,35404.62,451224.694,80.84,82.58,80.42,81.47
20140122,600519.SH,126.98,134.81,126.3,134.17,126.99,7.179999999999993,5.65,73667.81,975900.199,81.47,86.49,81.03,86.08
20140123,600519.SH,134.18,135.4,131.76,134.09,134.17,-0.07999999999998408,-0.06,40258.48,538497.403,86.09,86.87,84.53,86.03
20140124,600519.SH,133.5,135.69,132.51,135.5,134.09,1.4099999999999966,1.05,35780.7,482834.462,85.65,87.06,85.02,86.93
20140127,600519.SH,134.89,143.78,134.66,140.75,135.5,5.25,3.87,83510.84,1170783.93,86.54,92.25,86.39,90.3
20140128,600519.SH,140.51,142.0,137.5,139.22,140.75,-1.5300000000000011,-1.09,36401.15,508739.365,90.15,91.1,88.22,89.32
20140129,600519.SH,139.78,141.06,136.49,137.01,139.22,-2.210000000000008,-1.59,31520.4,434136.676,89.68,90.5,87.57,87.9
20140130,600519.SH,136.5,136.95,131.0,132.2,137.01,-4.810000000000002,-3.51,37223.44,496967.643,87.58,87.86,84.05,84.82
20140207,600519.SH,132.06,134.62,131.06,133.89,132.2,1.6899999999999977,1.28,23865.61,317924.201,84.73,86.37,84.08,85.9
20140210,600519.SH,134.0,134.4,130.86,132.86,133.89,-1.0299999999999727,-0.77,36251.74,479835.319,85.97,86.23,83.96,85.24
20140211,600519.SH,132.8,135.58,132.1,134.04,132.86,1.1799999999999784,0.89,43006.94,578123.049,85.2,86.98,84.75,86.0
20140212,600519.SH,134.2,134.97,133.31,134.15,134.04,0.11000000000001364,0.08,19283.48,258332.741,86.1,86.59,85.53,86.07
20140213,600519.SH,134.03,138.39,134.01,135.67,134.15,1.5199999999999818,1.13,38567.47,528398.492,85.99,88.79,85.98,87.04
20140214,600519.SH,135.39,143.0,135.39,142.9,135.67,7.230000000000018,5.33,67410.37,946589.741,86.86,91.75,86.86,91.68
20140217,600519.SH,144.1,150.99,144.1,149.98,142.9,7.079999999999984,4.95,87465.17,1301703.98,92.45,96.87,92.45,96.22
20140218,600519.SH,149.44,149.44,146.12,147.01,149.98,-2.969999999999999,-1.98,33640.35,496116.912,95.88,95.88,93.75,94.32
20140219,600519.SH,147.05,151.98,147.05,149.53,147.01,2.5200000000000102,1.71,31482.66,472702.776,94.34,97.51,94.34,95.93
20140220,600519.SH,149.5,151.58,148.0,148.99,149.53,-0.539999999999992,-0.36,23188.97,346513.535,95.92,97.25,94.95,95.59
20140221,600519.SH,148.0,150.15,147.78,149.08,148.99,0.09000000000000341,0.06,34125.4,508426.618,94.95,96.33,94.81,95.65
20140224,600519.SH,149.1,151.08,145.61,147.62,149.08,-1.460000000000008,-0.98,31178.65,463140.9,95.66,96.93,93.42,94.71
20140225,600519.SH,148.0,148.4,141.0,142.37,147.62,-5.25,-3.56,46279.93,662701.579,94.95,95.21,90.46,91.34
20140226,600519.SH,140.56,144.98,139.05,142.03,142.37,-0.3400000000000034,-0.24,26513.94,377024.801,90.18,93.02,89.21,91.12
20140227,600519.SH,142.15,145.79,140.02,144.95,142.03,2.9199999999999875,2.06,25646.11,367761.88,91.2,93.54,89.83,93.0
20140228,600519.SH,145.0,150.8,144.95,150.02,144.95,5.070000000000022,3.5,41926.17,626931.554,93.03,96.75,93.0,96.25
20140303,600519.SH,150.0,154.99,148.33,154.93,150.02,4.909999999999997,3.27,48816.65,745535.034,96.24,99.44,95.16,99.4
20140304,600519.SH,152.12,159.29,152.0,153.4,154.93,-1.5300000000000011,-0.99,50866.76,795957.015,97.6,102.2,97.52,98.42
20140305,600519.SH,154.03,159.99,152.0,159.84,153.4,6.439999999999998,4.2,47211.54,741663.988,98.82,102.65,97.52,102.55
20140306,600519.SH,160.21,162.3,157.0,162.0,159.84,2.1599999999999966,1.35,42741.21,684035.158,102.79,104.13,100.73,103.94
20140307,600519.SH,162.0,167.2,160.04,165.49,162.0,3.490000000000009,2.15,58110.48,952251.168,103.94,107.27,102.68,106.17
20140310,600519.SH,164.8,165.8,154.03,156.94,165.49,-8.550000000000011,-5.17,49985.48,797666.915,105.73,106.37,98.82,100.69
20140311,600519.SH,156.0,163.6,155.1,162.18,156.94,5.240000000000009,3.34,38561.41,619885.231,100.09,104.96,99.51,104.05
20140312,600519.SH,161.08,163.6,155.78,158.53,162.18,-3.6500000000000057,-2.25,36763.92,582653.268,103.34,104.96,99.94,101.71
20140313,600519.SH,157.6,165.1,157.11,164.87,158.53,6.340000000000003,4.0,42637.78,695571.566,101.11,105.92,100.8,105.78
20140314,600519.SH,164.06,166.0,161.8,163.87,164.87,-1.0,-0.61,24933.55,407076.138,105.26,106.5,103.81,105.13
20140317,600519.SH,165.0,166.66,162.01,166.47,163.87,2.5999999999999943,1.59,32198.88,529609.724,105.86,106.92,103.94,106.8
20140318,600519.SH,168.3,176.2,168.3,171.32,166.47,4.849999999999994,2.91,59473.71,1030329.361,107.98,113.05,107.98,109.91
20140319,600519.SH,169.9,175.0,169.0,174.37,171.32,3.0500000000000114,1.78,35365.79,613576.537,109.0,112.28,108.43,111.87
20140320,600519.SH,174.3,174.5,169.0,169.18,174.37,-5.189999999999998,-2.98,33895.21,579777.921,111.83,111.95,108.43,108.54
20140321,600519.SH,168.44,171.98,165.5,171.4,169.18,2.219999999999999,1.31,40318.81,680945.758,108.07,110.34,106.18,109.97
20140324,600519.SH,171.0,175.73,169.9,171.29,171.4,-0.11000000000001364,-0.06,26320.92,453477.911,109.71,112.74,109.0,109.9
20140325,600519.SH,168.4,168.4,155.59,166.81,171.29,-4.47999999999999,-2.62,62403.83,1024298.853,108.04,108.04,99.82,107.02
20140326,600519.SH,165.1,166.11,158.36,158.49,166.81,-8.319999999999993,-4.99,57376.39,927285.406,105.92,106.57,101.6,101.68
20140327,600519.SH,157.66,160.8,156.4,157.66,158.49,-0.8300000000000125,-0.52,38044.59,603835.726,101.15,103.17,100.34,101.15
20140328,600519.SH,157.82,158.99,151.01,152.64,157.66,-5.02000000000001,-3.18,48272.96,740132.771,101.25,102.0,96.88,97.93
20140331,600519.SH,152.01,157.38,152.0,154.7,152.64,2.0600000000000023,1.35,30583.6,473939.133,97.53,100.97,97.52,99.25
20140401,600519.SH,154.71,162.55,154.4,162.49,154.7,7.7900000000000205,5.04,34046.89,544622.704,99.26,104.29,99.06,104.25
20140402,600519.SH,162.74,169.66,161.03,165.64,162.49,3.1499999999999773,1.94,46698.33,777378.72,104.41,108.85,103.31,106.27
20140403,600519.SH,167.56,167.69,163.5,165.31,165.64,-0.3299999999999841,-0.2,26918.48,444348.448,107.5,107.59,104.9,106.06
20140404,600519.SH,164.65,165.3,161.0,164.06,165.31,-1.25,-0.76,23206.51,377896.957,105.64,106.05,103.29,105.26
20140408,600519.SH,163.92,165.42,161.01,164.54,164.06,0.47999999999998977,0.29,25927.49,423934.5,105.17,106.13,103.3,105.56
20140409,600519.SH,165.02,166.63,162.13,163.35,164.54,-1.1899999999999977,-0.72,21618.89,354031.803,105.87,106.91,104.02,104.8
20140410,600519.SH,163.27,171.02,159.5,169.51,163.35,6.159999999999997,3.77,54177.87,897611.262,104.75,109.72,102.33,108.75
20140411,600519.SH,172.0,179.6,172.0,176.08,169.51,6.570000000000022,3.88,90225.79,1593651.865,110.35,115.23,110.35,112.97
20140414,600519.SH,174.7,177.31,173.0,174.36,176.08,-1.7199999999999989,-0.98,26824.36,469646.916,112.08,113.76,110.99,111.87
20140415,600519.SH,173.2,175.87,173.2,174.49,174.36,0.12999999999999545,0.07,25880.21,452432.807,111.12,112.83,111.12,111.95
20140416,600519.SH,173.7,174.56,170.19,171.02,174.49,-3.469999999999999,-1.99,22040.62,379301.956,111.44,111.99,109.19,109.72
20140417,600519.SH,170.8,176.0,170.21,175.2,171.02,4.179999999999978,2.44,29744.41,517914.682,109.58,112.92,109.2,112.4
20140418,600519.SH,175.0,177.77,173.3,175.31,175.2,0.11000000000001364,0.06,19601.46,344825.514,112.28,114.05,111.18,112.47
20140421,600519.SH,174.01,175.98,172.0,172.05,175.31,-3.259999999999991,-1.86,18333.79,318935.964,111.64,112.9,110.35,110.38
20140422,600519.SH,172.0,175.13,171.52,172.13,172.05,0.07999999999998408,0.05,22344.96,387206.385,110.35,112.36,110.04,110.43
20140423,600519.SH,172.08,176.49,172.03,176.06,172.13,3.930000000000007,2.28,33755.73,592119.543,110.4,113.23,110.37,112.96
20140424,600519.SH,176.15,176.71,173.7,175.76,176.06,-0.30000000000001137,-0.17,12581.35,220213.004,113.01,113.37,111.44,112.76
20140425,600519.SH,167.98,168.0,161.79,164.69,175.76,-11.069999999999993,-6.3,95877.43,1581409.278,107.77,107.78,103.8,105.66
20140428,600519.SH,162.08,164.56,159.81,162.79,164.69,-1.9000000000000057,-1.15,33028.6,535511.089,103.99,105.58,102.53,104.44
20140429,600519.SH,162.8,165.48,162.47,163.59,162.79,0.8000000000000114,0.49,27996.49,459181.201,104.45,106.17,104.24,104.96
20140430,600519.SH,163.95,164.29,162.53,163.88,163.59,0.28999999999999204,0.18,19220.66,314017.274,105.19,105.4,104.28,105.14
20140505,600519.SH,163.5,163.5,157.08,160.25,163.88,-3.6299999999999955,-2.22,36743.47,585326.687,104.9,104.9,100.78,102.81
20140506,600519.SH,160.0,162.7,160.0,160.79,160.25,0.539999999999992,0.34,13622.95,219512.505,102.65,104.38,102.65,103.16
20140507,600519.SH,161.61,161.61,159.6,160.66,160.79,-0.12999999999999545,-0.08,11960.73,192090.276,103.68,103.68,102.4,103.08
20140508,600519.SH,160.8,162.49,160.42,160.67,160.66,0.009999999999990905,0.01,14697.86,237490.046,103.17,104.25,102.92,103.08
20140509,600519.SH,160.66,162.3,160.3,160.62,160.67,-0.04999999999998295,-0.03,16721.45,269803.731,103.08,104.13,102.84,103.05
20140512,600519.SH,162.29,162.3,159.5,160.91,160.62,0.28999999999999204,0.18,26194.78,420667.493,104.12,104.13,102.33,103.24
20140513,600519.SH,160.77,161.61,159.56,160.74,160.91,-0.1699999999999875,-0.11,15939.36,256197.646,103.15,103.68,102.37,103.13
20140514,600519.SH,159.99,160.93,154.01,155.27,160.74,-5.469999999999999,-3.4,34016.55,534826.236,102.65,103.25,98.81,99.62
20140515,600519.SH,154.98,157.08,154.5,156.15,155.27,0.8799999999999955,0.57,16983.38,264995.351,99.43,100.78,99.12,100.18
20140516,600519.SH,156.15,157.1,154.67,155.16,156.15,-0.9900000000000091,-0.63,18467.3,286938.905,100.18,100.79,99.23,99.55
20140519,600519.SH,152.5,153.0,147.94,147.98,155.16,-7.180000000000007,-4.63,56250.09,838456.335,97.84,98.16,94.91,94.94
20140520,600519.SH,148.1,149.44,143.6,144.98,147.98,-3.0,-2.03,46885.91,682615.74,95.02,95.88,92.13,93.02
20140521,600519.SH,144.1,151.66,143.95,151.0,144.98,6.02000000000001,4.15,38737.87,575063.792,92.45,97.3,92.35,96.88
20140522,600519.SH,150.9,153.6,149.65,150.05,151.0,-0.9499999999999886,-0.63,18678.94,281907.878,96.81,98.55,96.01,96.27
20140523,600519.SH,150.0,152.78,149.98,152.3,150.05,2.25,1.5,14009.63,212338.047,96.24,98.02,96.22,97.71
20140526,600519.SH,154.9,154.9,152.85,153.57,152.3,1.2699999999999818,0.83,8910.56,137024.228,99.38,99.38,98.06,98.53
20140527,600519.SH,153.0,155.75,152.86,153.2,153.57,-0.37000000000000455,-0.24,13035.07,201097.681,98.16,99.93,98.07,98.29
20140528,600519.SH,152.89,155.0,152.8,153.94,153.2,0.7400000000000091,0.48,12501.97,192903.907,98.09,99.44,98.03,98.76
20140529,600519.SH,153.73,155.93,153.46,154.29,153.94,0.3499999999999943,0.23,10106.82,156525.431,98.63,100.04,98.46,98.99
20140530,600519.SH,154.25,155.28,153.02,153.22,154.29,-1.0699999999999932,-0.69,9217.65,141927.539,98.96,99.62,98.17,98.3
20140603,600519.SH,153.0,154.5,152.25,152.77,153.22,-0.44999999999998863,-0.29,13048.48,199563.914,98.16,99.12,97.68,98.01
20140604,600519.SH,152.99,153.38,150.02,151.15,152.77,-1.6200000000000045,-1.06,10494.31,158991.999,98.15,98.4,96.25,96.97
20140605,600519.SH,151.12,155.0,149.33,154.77,151.15,3.6200000000000045,2.39,20678.63,314507.72,96.95,99.44,95.81,99.3
20140606,600519.SH,154.68,155.65,152.29,153.59,154.77,-1.1800000000000068,-0.76,9477.45,145936.33,99.24,99.86,97.71,98.54
20140609,600519.SH,152.3,154.4,152.3,153.23,153.59,-0.36000000000001364,-0.23,10034.81,154198.989,97.71,99.06,97.71,98.31
20140610,600519.SH,153.25,155.29,153.25,154.8,153.23,1.5700000000000216,1.02,19305.51,298186.72,98.32,99.63,98.32,99.32
20140611,600519.SH,154.75,155.38,153.21,153.94,154.8,-0.8600000000000136,-0.56,10781.45,166086.241,99.28,99.69,98.3,98.76
20140612,600519.SH,154.07,154.07,152.12,152.63,153.94,-1.3100000000000023,-0.85,11499.6,175855.795,98.85,98.85,97.6,97.92
20140613,600519.SH,152.69,153.83,151.16,152.81,152.63,0.18000000000000682,0.12,16970.46,259337.717,97.96,98.69,96.98,98.04
20140616,600519.SH,152.9,154.78,152.4,154.42,152.81,1.6099999999999852,1.05,16237.9,249568.876,98.1,99.3,97.78,99.07
20140617,600519.SH,154.3,154.3,152.2,153.19,154.42,-1.2299999999999898,-0.8,16364.86,250297.887,99.0,99.0,97.65,98.28
20140618,600519.SH,153.8,154.45,153.4,153.58,153.19,0.3900000000000148,0.25,14024.56,215965.707,98.67,99.09,98.42,98.53
20140619,600519.SH,153.56,154.2,152.5,152.73,153.58,-0.8500000000000227,-0.55,11551.44,176868.338,98.52,98.93,97.84,97.99
20140620,600519.SH,152.7,153.6,152.32,153.18,152.73,0.45000000000001705,0.29,12019.4,183993.516,97.97,98.55,97.72,98.28
20140623,600519.SH,153.5,156.38,153.36,156.31,153.18,3.1299999999999955,2.04,28983.85,449611.781,98.48,100.33,98.39,100.28
20140624,600519.SH,156.62,163.8,156.55,163.57,156.31,7.259999999999991,4.64,38532.63,621636.108,100.48,105.09,100.44,104.94
20140625,600519.SH,145.33,145.33,141.5,142.23,163.57,-21.340000000000003,-13.05,38171.11,546556.386,105.39,105.39,102.61,103.14
20140626,600519.SH,142.23,142.98,141.41,141.64,142.23,-0.5900000000000034,-0.41,36348.51,515915.138,103.14,103.68,102.55,102.71
20140627,600519.SH,141.42,141.42,139.22,140.38,141.64,-1.259999999999991,-0.89,26477.92,371027.132,102.55,102.55,100.96,101.8
20140630,600519.SH,141.18,142.89,140.4,141.98,140.38,1.5999999999999943,1.14,24399.5,345879.987,102.38,103.62,101.81,102.96
20140701,600519.SH,142.59,142.59,140.8,141.77,141.98,-0.20999999999997954,-0.15,11946.68,168987.424,103.4,103.4,102.1,102.81
20140702,600519.SH,142.03,142.35,141.0,142.08,141.77,0.3100000000000023,0.22,12068.48,171127.803,102.99,103.23,102.25,103.03
20140703,600519.SH,142.21,143.4,141.4,143.26,142.08,1.1799999999999784,0.83,19331.67,275808.355,103.13,103.99,102.54,103.89
20140704,600519.SH,143.4,144.18,142.72,143.32,143.26,0.060000000000002274,0.04,15402.8,220860.905,103.99,104.55,103.49,103.93
20140707,600519.SH,142.8,144.28,142.21,144.16,143.32,0.8400000000000034,0.59,22879.87,327900.742,103.55,104.63,103.13,104.54
20140708,600519.SH,144.1,144.17,141.02,142.18,144.16,-1.9799999999999898,-1.37,21091.6,299615.515,104.5,104.55,102.26,103.1
20140709,600519.SH,142.0,142.87,141.02,141.24,142.18,-0.9399999999999977,-0.66,14328.6,203120.918,102.97,103.6,102.26,102.42
20140710,600519.SH,141.12,141.83,140.6,141.04,141.24,-0.20000000000001705,-0.14,12159.88,171762.392,102.33,102.85,101.96,102.28
20140711,600519.SH,141.47,143.09,141.12,141.87,141.04,0.8300000000000125,0.59,18432.86,262292.694,102.59,103.76,102.33,102.88
20140714,600519.SH,141.87,150.89,141.5,149.77,141.87,7.900000000000006,5.57,46534.81,684819.813,102.88,109.42,102.61,108.61
20140715,600519.SH,149.11,158.0,149.11,153.81,149.77,4.039999999999992,2.7,58787.98,913284.346,108.13,114.58,108.13,111.54
20140716,600519.SH,153.85,156.78,153.85,154.57,153.81,0.7599999999999909,0.49,24459.33,379071.451,111.57,113.69,111.57,112.09
20140717,600519.SH,154.09,155.55,152.0,153.75,154.57,-0.8199999999999932,-0.53,20191.17,309501.857,111.74,112.8,110.22,111.49
20140718,600519.SH,153.59,165.0,152.7,160.98,153.75,7.22999999999999,4.7,74896.91,1200093.431,111.38,119.65,110.73,116.74
20140721,600519.SH,160.39,162.88,158.59,160.98,160.98,0.0,0.0,30143.22,485174.687,116.31,118.11,115.0,116.74
20140722,600519.SH,159.6,164.0,159.6,163.2,160.98,2.219999999999999,1.38,29820.62,483906.541,115.74,118.93,115.74,118.35
20140723,600519.SH,162.0,165.0,161.6,163.89,163.2,0.6899999999999977,0.42,27836.33,455655.822,117.48,119.65,117.19,118.85
20140724,600519.SH,163.76,169.1,162.3,163.53,163.89,-0.3599999999999852,-0.22,35682.4,595593.137,118.75,122.62,117.69,118.59
20140725,600519.SH,164.0,166.05,161.06,163.88,163.53,0.3499999999999943,0.21,27833.58,454235.014,118.93,120.41,116.79,118.84
20140728,600519.SH,164.23,167.99,162.92,164.25,163.88,0.37000000000000455,0.23,42968.99,706875.701,119.09,121.82,118.14,119.11
20140729,600519.SH,164.3,164.3,160.26,161.06,164.25,-3.1899999999999977,-1.94,36017.0,580708.806,119.14,119.14,116.21,116.79
20140730,600519.SH,160.74,160.74,156.5,158.51,161.06,-2.5500000000000114,-1.58,54876.29,865210.171,116.56,116.56,113.49,114.95
20140731,600519.SH,158.29,160.38,156.96,160.27,158.51,1.7600000000000193,1.11,25206.31,400860.676,114.79,116.3,113.82,116.22
20140801,600519.SH,160.17,164.3,159.62,162.98,160.27,2.7099999999999795,1.69,43259.99,704961.964,116.15,119.14,115.75,118.19
20140804,600519.SH,163.0,165.62,162.29,164.4,162.98,1.420000000000016,0.87,38848.2,637175.456,118.2,120.1,117.69,119.22
20140805,600519.SH,164.0,166.66,161.67,166.25,164.4,1.8499999999999943,1.13,38357.97,627210.395,118.93,120.86,117.24,120.56
20140806,600519.SH,164.8,165.78,162.0,163.32,166.25,-2.930000000000007,-1.76,20317.23,332041.716,119.51,120.22,117.48,118.43
20140807,600519.SH,163.1,164.39,160.5,160.6,163.32,-2.719999999999999,-1.67,25396.49,411237.176,118.27,119.21,116.39,116.46
20140808,600519.SH,161.96,163.33,159.8,162.14,160.6,1.539999999999992,0.96,23819.42,384676.138,117.45,118.44,115.88,117.58
20140811,600519.SH,162.48,163.2,161.51,163.07,162.14,0.9300000000000068,0.57,20070.72,326555.328,117.82,118.35,117.12,118.25
20140812,600519.SH,161.81,162.75,160.15,162.04,163.07,-1.0300000000000011,-0.63,19604.36,316255.852,117.34,118.02,116.13,117.51
20140813,600519.SH,162.04,164.78,160.8,162.49,162.04,0.45000000000001705,0.28,34454.03,560675.713,117.51,119.49,116.61,117.83
20140814,600519.SH,162.02,163.44,161.28,161.46,162.49,-1.0300000000000011,-0.63,22958.94,373085.47,117.49,118.52,116.95,117.08
20140815,600519.SH,162.2,162.49,161.13,161.54,161.46,0.07999999999998408,0.05,21802.68,352476.093,117.62,117.83,116.85,117.14
20140818,600519.SH,162.0,162.3,159.1,159.75,161.54,-1.789999999999992,-1.11,41698.27,667452.065,117.48,117.69,115.37,115.84
20140819,600519.SH,159.75,159.75,158.45,158.68,159.75,-1.0699999999999932,-0.67,32095.77,509709.617,115.84,115.84,114.9,115.07
20140820,600519.SH,158.74,162.06,158.5,162.0,158.68,3.319999999999993,2.09,37084.95,596509.533,115.11,117.52,114.94,117.48
20140821,600519.SH,162.0,162.32,159.0,159.97,162.0,-2.030000000000001,-1.25,18872.73,301791.0,117.48,117.71,115.3,116.0
20140822,600519.SH,160.0,160.39,158.75,159.27,159.97,-0.6999999999999886,-0.44,18636.71,297023.432,116.03,116.31,115.12,115.5
20140825,600519.SH,159.27,160.15,158.3,158.75,159.27,-0.5200000000000102,-0.33,15376.72,244745.466,115.5,116.13,114.79,115.12
20140826,600519.SH,158.5,159.42,156.96,157.72,158.75,-1.0300000000000011,-0.65,16589.6,261850.709,114.94,115.61,113.82,114.37
20140827,600519.SH,157.72,157.78,156.18,156.37,157.72,-1.3499999999999943,-0.86,13828.67,216703.37,114.37,114.42,113.26,113.39
20140828,600519.SH,156.0,158.36,156.0,156.02,156.37,-0.3499999999999943,-0.22,17618.03,276811.143,113.13,114.84,113.13,113.14
20140829,600519.SH,156.0,158.59,155.0,158.23,156.02,2.2099999999999795,1.42,23838.83,375517.439,113.13,115.0,112.4,114.74
20140901,600519.SH,158.2,159.5,157.71,158.45,158.23,0.21999999999999886,0.14,16450.24,260760.134,114.72,115.66,114.37,114.9
20140902,600519.SH,158.81,162.64,158.03,162.56,158.45,4.110000000000014,2.59,41246.13,664712.697,115.16,117.94,114.6,117.88
20140903,600519.SH,162.58,167.42,162.56,164.82,162.56,2.259999999999991,1.39,42042.25,695551.833,117.9,121.41,117.88,119.52
20140904,600519.SH,164.7,165.94,163.68,165.06,164.82,0.2400000000000091,0.15,23975.87,395280.315,119.43,120.33,118.69,119.7
20140905,600519.SH,165.7,168.16,165.21,167.51,165.06,2.4499999999999886,1.48,34731.95,579714.726,120.16,121.94,119.8,121.47
20140909,600519.SH,167.65,167.97,164.0,164.08,167.51,-3.4299999999999784,-2.05,20562.81,339388.091,121.57,121.81,118.93,118.98
20140910,600519.SH,163.7,165.0,163.01,163.91,164.08,-0.17000000000001592,-0.1,17867.72,293245.987,118.71,119.65,118.21,118.86
20140911,600519.SH,163.87,164.82,161.48,161.98,163.91,-1.9300000000000068,-1.18,31875.54,519406.664,118.83,119.52,117.1,117.46
20140912,600519.SH,161.49,162.65,160.32,162.45,161.98,0.46999999999999886,0.29,17356.01,280548.666,117.11,117.95,116.26,117.8
20140915,600519.SH,161.9,161.91,158.8,159.41,162.45,-3.039999999999992,-1.87,32543.86,519621.41,117.4,117.41,115.16,115.6
20140916,600519.SH,160.5,160.6,157.02,157.46,159.41,-1.9499999999999886,-1.22,34823.15,551314.386,116.39,116.46,113.86,114.18
20140917,600519.SH,158.47,159.54,157.34,158.23,157.46,0.7699999999999818,0.49,25841.28,408684.99,114.92,115.69,114.1,114.74
20140918,600519.SH,158.02,159.38,157.08,159.25,158.23,1.0200000000000102,0.64,26482.04,418431.987,114.59,115.58,113.91,115.48
20140919,600519.SH,159.25,160.98,158.5,160.85,159.25,1.5999999999999943,1.0,22665.99,362408.981,115.48,116.74,114.94,116.64
20140922,600519.SH,160.71,160.71,156.84,156.94,160.85,-3.9099999999999966,-2.43,37191.54,586709.101,116.54,116.54,113.73,113.81
20140923,600519.SH,156.7,157.5,156.36,157.48,156.94,0.539999999999992,0.34,34546.11,541705.82,113.63,114.21,113.39,114.2
20140924,600519.SH,156.49,160.5,155.6,160.19,157.48,2.710000000000008,1.72,43448.96,687426.587,113.48,116.39,112.84,116.16
20140925,600519.SH,160.92,163.98,160.9,162.19,160.19,2.0,1.25,56851.44,924878.313,116.69,118.91,116.68,117.61
20140926,600519.SH,161.5,163.12,159.2,162.31,162.19,0.12000000000000455,0.07,22716.65,366907.285,117.11,118.29,115.45,117.7
20140929,600519.SH,162.33,163.2,161.39,162.47,162.31,0.1599999999999966,0.1,23488.59,381683.082,117.72,118.35,117.03,117.82
20140930,600519.SH,162.74,162.99,161.2,162.13,162.47,-0.3400000000000034,-0.21,21574.19,349657.79,118.01,118.19,116.9,117.57
20141008,600519.SH,161.0,161.1,157.8,160.73,162.13,-1.4000000000000057,-0.86,45652.82,725030.231,116.75,116.82,114.43,116.56
20141009,600519.SH,159.87,160.25,158.58,160.01,160.73,-0.7199999999999989,-0.45,36244.91,578151.792,115.93,116.21,115.0,116.03
20141010,600519.SH,159.02,159.8,157.7,159.02,160.01,-0.9899999999999807,-0.62,43147.71,684789.402,115.32,115.88,114.36,115.32
20141013,600519.SH,157.81,157.88,153.68,156.1,159.02,-2.920000000000016,-1.84,53176.38,826349.742,114.44,114.49,111.44,113.2
20141014,600519.SH,155.0,156.99,154.44,154.91,156.1,-1.1899999999999977,-0.76,28895.94,449942.595,112.4,113.84,111.99,112.33
20141015,600519.SH,154.75,157.58,154.71,157.32,154.91,2.4099999999999966,1.56,22238.05,348033.851,112.22,114.27,112.19,114.08
20141016,600519.SH,156.1,158.19,156.1,157.32,157.32,0.0,0.0,23949.69,377655.669,113.2,114.71,113.2,114.08
20141017,600519.SH,158.0,159.05,156.9,158.38,157.32,1.0600000000000023,0.67,30976.59,489885.674,114.58,115.34,113.78,114.85
20141020,600519.SH,158.38,158.5,156.4,156.92,158.38,-1.460000000000008,-0.92,32910.08,517853.721,114.85,114.94,113.42,113.79
20141021,600519.SH,157.0,159.34,156.6,158.46,156.92,1.5400000000000205,0.98,39911.28,632422.372,113.85,115.55,113.56,114.91
20141022,600519.SH,158.44,159.46,157.5,159.08,158.46,0.6200000000000045,0.39,22836.41,363211.434,114.89,115.63,114.21,115.36
20141023,600519.SH,158.57,160.28,157.89,159.05,159.08,-0.030000000000001137,-0.02,31917.34,508245.989,114.99,116.23,114.5,115.34
20141024,600519.SH,158.95,159.89,157.69,158.88,159.05,-0.17000000000001592,-0.11,19980.07,317073.6,115.26,115.95,114.35,115.21
20141027,600519.SH,156.97,159.1,154.89,157.5,158.88,-1.3799999999999955,-0.87,27970.69,439570.888,113.83,115.37,112.32,114.21
20141028,600519.SH,157.32,159.1,157.18,158.74,157.5,1.240000000000009,0.79,20548.41,325762.184,114.08,115.37,113.98,115.11
20141029,600519.SH,158.8,159.56,157.48,158.3,158.74,-0.4399999999999977,-0.28,21423.44,339064.782,115.16,115.71,114.2,114.79
20141030,600519.SH,158.0,158.0,155.1,155.42,158.3,-2.880000000000024,-1.82,49087.02,764742.33,114.58,114.58,112.47,112.7
20141031,600519.SH,155.47,156.9,154.35,156.68,155.42,1.2600000000000193,0.81,36421.7,567067.439,112.74,113.78,111.93,113.62
20141103,600519.SH,156.75,156.88,155.45,155.58,156.68,-1.0999999999999943,-0.7,24670.06,384677.498,113.67,113.76,112.73,112.82
20141104,600519.SH,155.49,155.49,151.0,151.39,155.58,-4.190000000000026,-2.69,55943.9,854409.063,112.76,112.76,109.5,109.78
20141105,600519.SH,151.05,151.05,145.5,146.15,151.39,-5.239999999999981,-3.46,76719.79,1131348.484,109.54,109.54,105.51,105.98
20141106,600519.SH,146.15,147.49,146.01,147.15,146.15,1.0,0.68,36362.97,533913.212,105.98,106.95,105.88,106.71
20141107,600519.SH,147.17,148.3,147.11,148.04,147.15,0.8899999999999864,0.6,41507.31,613638.074,106.72,107.54,106.68,107.35
20141110,600519.SH,150.0,153.78,149.0,153.77,148.04,5.730000000000018,3.87,62325.21,945032.808,108.77,111.52,108.05,111.51
20141111,600519.SH,154.3,155.2,152.01,153.35,153.77,-0.4200000000000159,-0.27,47706.89,733026.108,111.89,112.54,110.23,111.2
20141112,600519.SH,152.98,153.59,150.2,152.89,153.35,-0.46000000000000796,-0.3,30823.75,467531.849,110.94,111.38,108.92,110.87
20141113,600519.SH,152.72,152.73,149.68,151.58,152.89,-1.3099999999999739,-0.86,49155.56,739602.881,110.75,110.75,108.54,109.92
20141114,600519.SH,151.56,157.63,150.91,157.29,151.58,5.7099999999999795,3.77,75225.08,1168803.281,109.91,114.31,109.43,114.06
20141117,600519.SH,168.0,168.0,160.0,160.05,157.29,2.7600000000000193,1.75,150416.23,2451673.881,121.83,121.83,116.03,116.06
20141118,600519.SH,161.0,161.82,155.0,155.65,160.05,-4.400000000000006,-2.75,63497.8,1001883.689,116.75,117.35,112.4,112.87
20141119,600519.SH,155.57,155.65,152.61,153.07,155.65,-2.5800000000000125,-1.66,46290.74,710715.289,112.81,112.87,110.67,111.0
20141120,600519.SH,152.88,152.92,150.49,150.68,153.07,-2.3899999999999864,-1.56,46258.41,698848.962,110.86,110.89,109.13,109.27
20141121,600519.SH,150.56,153.2,150.2,153.13,150.68,2.4499999999999886,1.63,41990.78,638007.382,109.18,111.09,108.92,111.04
20141124,600519.SH,153.88,155.0,152.0,153.95,153.13,0.8199999999999932,0.54,53878.99,828662.51,111.59,112.4,110.22,111.64
20141125,600519.SH,153.42,154.85,152.8,154.64,153.95,0.6899999999999977,0.45,53231.3,816840.942,111.25,112.29,110.8,112.14
20141126,600519.SH,154.6,156.36,153.89,155.95,154.64,1.3100000000000023,0.85,63858.97,990302.232,112.11,113.39,111.6,113.09
20141127,600519.SH,155.0,157.22,154.0,156.68,155.95,0.7300000000000182,0.47,96551.51,1508603.314,112.4,114.01,111.67,113.62
20141128,600519.SH,156.57,156.57,153.17,155.84,156.68,-0.8400000000000034,-0.54,88288.18,1363855.095,113.54,113.54,111.07,113.01
20141201,600519.SH,156.57,161.0,156.0,160.06,155.84,4.219999999999999,2.71,121740.01,1932844.688,113.54,116.75,113.13,116.07
20141202,600519.SH,159.05,161.2,158.25,161.14,160.06,1.079999999999984,0.67,99268.19,1588412.356,115.34,116.9,114.76,116.85
20141203,600519.SH,162.44,168.3,162.36,164.83,161.14,3.690000000000026,2.29,117322.64,1936848.371,117.8,122.04,117.74,119.53
20141204,600519.SH,166.5,174.5,166.5,174.13,164.83,9.299999999999983,5.64,117781.43,2020248.736,120.74,126.54,120.74,126.27
20141205,600519.SH,177.99,178.96,168.6,170.92,174.13,-3.210000000000008,-1.84,112901.44,1943937.52,129.07,129.77,122.26,123.94
20141208,600519.SH,168.84,176.49,167.2,172.97,170.92,2.0500000000000114,1.2,100894.31,1731248.492,122.44,127.98,121.25,125.43
20141209,600519.SH,172.0,186.62,171.5,172.86,172.97,-0.10999999999998522,-0.06,151890.28,2713372.288,124.73,135.33,124.37,125.35
20141210,600519.SH,175.0,183.5,175.0,179.92,172.86,7.059999999999974,4.08,106656.11,1919193.466,126.9,133.07,126.9,130.47
20141211,600519.SH,180.0,181.94,175.29,175.89,179.92,-4.030000000000001,-2.24,54882.15,975885.692,130.53,131.94,127.11,127.55
20141212,600519.SH,176.78,180.99,176.0,176.59,175.89,0.700000000000017,0.4,51055.16,911591.087,128.19,131.25,127.63,128.06
20141215,600519.SH,176.6,184.1,175.43,184.04,176.59,7.449999999999989,4.22,70964.32,1281924.243,128.06,133.5,127.21,133.46
20141216,600519.SH,183.7,183.7,178.11,180.63,184.04,-3.4099999999999966,-1.85,51129.44,918180.186,133.21,133.21,129.16,130.99
20141217,600519.SH,179.99,181.45,177.8,179.07,180.63,-1.5600000000000023,-0.86,60020.47,1071735.185,130.52,131.58,128.93,129.85
20141218,600519.SH,179.69,182.2,179.0,179.34,179.07,0.27000000000001023,0.15,38567.5,695500.784,130.3,132.12,129.8,130.05
20141219,600519.SH,179.06,181.98,178.0,180.82,179.34,1.4799999999999898,0.83,49631.06,892730.64,129.85,131.96,129.08,131.12
20141222,600519.SH,179.65,184.29,175.88,184.1,180.82,3.280000000000001,1.81,73623.81,1327712.485,130.28,133.64,127.54,133.5
20141223,600519.SH,183.78,193.49,182.01,188.86,184.1,4.760000000000019,2.59,85650.82,1611272.919,133.27,140.31,131.99,136.95
20141224,600519.SH,188.0,191.8,180.68,183.06,188.86,-5.800000000000011,-3.07,63554.59,1187206.211,136.33,139.09,131.02,132.75
20141225,600519.SH,183.15,186.0,181.01,185.83,183.06,2.7700000000000102,1.51,44071.68,806958.774,132.81,134.88,131.26,134.76
20141226,600519.SH,185.09,189.0,183.0,187.57,185.83,1.7399999999999807,0.94,42677.49,793340.608,134.22,137.06,132.7,136.02
20141229,600519.SH,188.1,190.0,182.0,183.48,187.57,-4.090000000000003,-2.18,89838.65,1678243.808,136.4,137.78,131.98,133.05
20141230,600519.SH,183.0,187.98,182.48,186.84,183.48,3.3600000000000136,1.83,56171.1,1043215.631,132.7,136.32,132.33,135.49
20141231,600519.SH,185.6,190.0,185.0,189.62,186.84,2.780000000000001,1.49,46269.36,871581.692,134.59,137.78,134.15,137.51
20150105,600519.SH,189.62,204.24,188.69,202.52,189.62,12.900000000000006,6.8,94515.17,1875063.136,137.51,148.11,136.83,146.86
20150106,600519.SH,200.0,202.56,196.02,197.83,202.52,-4.689999999999998,-2.32,55020.01,1094977.375,145.03,146.89,142.15,143.46
20150107,600519.SH,196.04,199.5,189.99,192.94,197.83,-4.890000000000015,-2.47,54797.84,1063925.641,142.16,144.67,137.77,139.91
20150108,600519.SH,194.0,194.52,190.14,191.76,192.94,-1.1800000000000068,-0.61,40525.3,777874.67,140.68,141.06,137.88,139.06
20150109,600519.SH,190.4,195.77,190.11,190.31,191.76,-1.4499999999999886,-0.76,53982.2,1039955.153,138.07,141.96,137.86,138.01
20150112,600519.SH,190.0,192.59,184.46,186.43,190.31,-3.8799999999999955,-2.04,49914.59,934643.414,137.78,139.66,133.76,135.19
20150113,600519.SH,187.0,188.54,184.6,184.88,186.43,-1.5500000000000114,-0.83,36708.08,683429.624,135.61,136.72,133.86,134.07
20150114,600519.SH,185.0,186.5,180.88,183.18,184.88,-1.6999999999999886,-0.92,52403.44,965036.184,134.15,135.24,131.17,132.83
20150115,600519.SH,183.89,186.4,182.48,186.07,183.18,2.8899999999999864,1.58,48585.52,895503.097,133.35,135.17,132.33,134.93
20150116,600519.SH,186.2,188.0,185.98,186.11,186.07,0.040000000000020464,0.02,39978.06,746304.289,135.02,136.33,134.87,134.96
20150119,600519.SH,181.0,183.2,171.47,175.48,186.11,-10.630000000000024,-5.71,64679.37,1151544.267,131.25,132.85,124.34,127.25
20150120,600519.SH,176.02,180.5,173.0,178.08,175.48,2.6000000000000227,1.48,61022.74,1086018.454,127.64,130.89,125.45,129.14
20150121,600519.SH,178.27,182.9,177.2,182.36,178.08,4.280000000000001,2.4,52674.74,950750.407,129.27,132.63,128.5,132.24
20150122,600519.SH,182.37,184.36,180.0,181.23,182.36,-1.1300000000000239,-0.62,38254.81,696541.254,132.25,133.69,130.53,131.42
20150123,600519.SH,180.12,183.28,180.11,181.02,181.23,-0.20999999999997954,-0.12,33084.55,600627.336,130.62,132.91,130.61,131.27
20150126,600519.SH,181.7,183.5,181.05,182.8,181.02,1.7800000000000011,0.98,35649.06,650642.102,131.76,133.07,131.29,132.56
20150127,600519.SH,182.82,182.82,178.0,180.11,182.8,-2.6899999999999977,-1.47,41883.62,755025.862,132.57,132.57,129.08,130.61
20150128,600519.SH,179.0,180.4,177.3,177.47,180.11,-2.640000000000015,-1.47,30680.66,547979.157,129.8,130.82,128.57,128.69
20150129,600519.SH,176.2,178.0,175.0,176.15,177.47,-1.3199999999999932,-0.74,32492.54,571553.419,127.77,129.08,126.9,127.74
20150130,600519.SH,176.99,181.0,176.5,177.18,176.15,1.0300000000000011,0.58,47508.34,848744.494,128.35,131.25,127.99,128.48
20150202,600519.SH,175.51,176.4,173.5,174.82,177.18,-2.3600000000000136,-1.33,33983.36,593379.653,127.27,127.92,125.82,126.77
20150203,600519.SH,177.48,178.65,176.2,178.37,174.82,3.5500000000000114,2.03,27792.8,493512.567,128.7,129.55,127.77,129.35
20150204,600519.SH,179.15,182.08,177.0,177.25,178.37,-1.1200000000000045,-0.63,35293.71,634135.328,129.91,132.04,128.35,128.53
20150205,600519.SH,178.97,180.9,174.0,174.05,177.25,-3.1999999999999886,-1.81,41239.62,735861.121,129.78,131.18,126.18,126.21
20150206,600519.SH,174.64,176.5,173.6,174.6,174.05,0.549999999999983,0.32,37102.38,648205.629,126.64,127.99,125.89,126.61
20150209,600519.SH,175.77,185.1,175.0,184.3,174.6,9.700000000000017,5.56,87293.58,1584342.294,127.46,134.23,126.9,133.65
20150210,600519.SH,184.8,185.2,181.45,182.88,184.3,-1.420000000000016,-0.77,53638.87,984795.852,134.01,134.3,131.58,132.62
20150211,600519.SH,182.4,184.25,182.08,183.15,182.88,0.27000000000001023,0.15,22894.79,420358.857,132.27,133.61,132.04,132.81
20150212,600519.SH,183.99,184.49,182.01,183.57,183.15,0.4199999999999875,0.23,25050.98,458818.631,133.42,133.78,131.99,133.12
20150213,600519.SH,184.11,184.5,181.4,182.49,183.57,-1.079999999999984,-0.59,40127.05,734977.407,133.51,133.79,131.54,132.33
20150216,600519.SH,182.54,183.63,181.22,183.31,182.49,0.8199999999999932,0.45,39521.08,722512.103,132.37,133.16,131.41,132.93
20150217,600519.SH,183.55,183.89,181.91,182.22,183.31,-1.0900000000000034,-0.59,34172.55,624854.087,133.1,133.35,131.91,132.14
20150225,600519.SH,183.0,185.7,181.11,183.96,182.22,1.740000000000009,0.95,59935.12,1104113.268,132.7,134.66,131.33,133.4
20150226,600519.SH,183.8,188.39,183.55,186.64,183.96,2.6799999999999784,1.46,62297.72,1163369.598,133.28,136.61,133.1,135.34
20150227,600519.SH,186.9,194.5,186.8,191.05,186.64,4.410000000000025,2.36,63370.94,1217723.178,135.53,141.04,135.46,138.54
20150302,600519.SH,190.8,193.8,189.0,190.73,191.05,-0.3200000000000216,-0.17,31098.7,592027.084,138.36,140.54,137.06,138.31
20150303,600519.SH,189.3,192.0,185.16,185.95,190.73,-4.780000000000001,-2.51,42999.6,812905.777,137.27,139.23,134.27,134.84
20150304,600519.SH,186.99,188.01,184.6,187.19,185.95,1.240000000000009,0.67,40662.23,757815.044,135.6,136.34,133.86,135.74
20150305,600519.SH,185.01,187.03,184.05,185.52,187.19,-1.6699999999999875,-0.89,36206.24,670609.773,134.16,135.63,133.47,134.53
20150306,600519.SH,185.35,186.48,183.27,183.62,185.52,-1.9000000000000057,-1.02,25470.66,471454.744,134.41,135.23,132.9,133.15
20150309,600519.SH,185.8,192.99,183.8,191.56,183.62,7.939999999999998,4.32,43486.03,815432.195,134.73,139.95,133.28,138.91
20150310,600519.SH,190.94,191.5,187.28,187.83,191.56,-3.7299999999999898,-1.95,29637.06,561292.473,138.46,138.87,135.81,136.21
20150311,600519.SH,187.83,193.0,187.8,191.98,187.83,4.149999999999977,2.21,40583.39,778418.696,136.21,139.96,136.19,139.22
20150312,600519.SH,193.0,195.99,191.4,192.75,191.98,0.7700000000000102,0.4,38496.4,747203.168,139.96,142.12,138.8,139.77
20150313,600519.SH,192.7,193.9,188.58,189.91,192.75,-2.8400000000000034,-1.47,25479.27,486997.365,139.74,140.61,136.75,137.72
20150316,600519.SH,190.06,194.5,187.01,193.76,189.91,3.8499999999999943,2.03,31160.97,597313.674,137.82,141.04,135.61,140.51
20150317,600519.SH,194.99,198.69,194.89,196.77,193.76,3.0100000000000193,1.55,45904.08,903712.736,141.4,144.08,141.33,142.69
20150318,600519.SH,196.8,199.99,195.52,199.45,196.77,2.6799999999999784,1.36,39304.46,778884.998,142.71,145.02,141.78,144.63
20150319,600519.SH,198.54,198.99,194.06,195.28,199.45,-4.1699999999999875,-2.09,33539.77,658535.489,143.97,144.3,140.72,141.61
20150320,600519.SH,194.2,194.99,190.88,193.15,195.28,-2.1299999999999955,-1.09,51373.71,991294.9,140.83,141.4,138.42,140.06
20150323,600519.SH,194.67,196.75,193.2,195.08,193.15,1.9300000000000068,1.0,40979.01,799009.923,141.17,142.68,140.1,141.46
20150324,600519.SH,195.3,197.44,192.1,195.69,195.08,0.6099999999999852,0.31,60079.44,1172628.507,141.62,143.18,139.3,141.91
20150325,600519.SH,193.0,195.1,192.06,192.78,195.69,-2.9099999999999966,-1.49,42240.3,815963.246,139.96,141.48,139.27,139.8
20150326,600519.SH,193.55,199.9,192.0,198.56,192.78,5.780000000000001,3.0,67105.25,1315872.11,140.35,144.96,139.23,143.99
20150327,600519.SH,198.0,198.56,192.95,194.55,198.56,-4.009999999999991,-2.02,40144.59,784086.654,143.58,143.99,139.92,141.08
20150330,600519.SH,194.68,198.95,193.1,196.77,194.55,2.219999999999999,1.14,63451.39,1237889.229,141.17,144.27,140.03,142.69
20150331,600519.SH,196.68,200.77,194.02,195.96,196.77,-0.8100000000000023,-0.41,88130.97,1746870.227,142.62,145.59,140.7,142.1
20150401,600519.SH,196.03,197.56,194.48,195.34,195.96,-0.6200000000000045,-0.32,76875.23,1504959.693,142.15,143.26,141.03,141.65
20150402,600519.SH,195.96,197.6,192.88,194.58,195.34,-0.7599999999999909,-0.39,62981.61,1228604.478,142.1,143.29,139.87,141.1
20150403,600519.SH,194.0,197.01,192.78,196.81,194.58,2.2299999999999898,1.15,51210.88,996536.046,140.68,142.86,139.8,142.72
20150407,600519.SH,196.85,201.08,195.8,200.67,196.81,3.859999999999985,1.96,59824.33,1189027.078,142.75,145.82,141.99,145.52
20150408,600519.SH,202.5,210.68,201.59,204.5,200.67,3.8300000000000125,1.91,135857.16,2798381.803,146.85,152.78,146.19,148.3
20150409,600519.SH,204.48,205.88,199.05,200.0,204.5,-4.5,-2.2,62399.73,1255308.054,148.28,149.3,144.34,145.03
20150410,600519.SH,199.99,202.99,199.61,200.22,200.0,0.21999999999999886,0.11,102019.46,2048914.304,145.02,147.2,144.75,145.19
20150413,600519.SH,201.55,204.49,198.94,203.9,200.22,3.680000000000007,1.84,91356.09,1840018.389,146.16,148.29,144.26,147.86
20150414,600519.SH,204.0,209.28,203.96,206.0,203.9,2.0999999999999943,1.03,81903.13,1691094.329,147.93,151.76,147.9,149.38
20150415,600519.SH,209.1,209.78,204.16,205.7,206.0,-0.30000000000001137,-0.15,55005.2,1135635.917,151.63,152.12,148.05,149.17
20150416,600519.SH,208.55,226.27,207.83,226.27,205.7,20.57000000000002,10.0,86014.17,1877332.299,151.23,164.08,150.71,164.08
20150417,600519.SH,238.9,248.7,228.28,232.56,226.27,6.289999999999992,2.78,192094.91,4577503.916,173.24,180.35,165.54,168.64
20150420,600519.SH,230.0,245.7,229.0,234.03,232.56,1.4699999999999989,0.63,130588.71,3118764.548,166.79,178.17,166.06,169.71
20150421,600519.SH,240.0,257.43,240.0,257.43,234.03,23.400000000000006,10.0,122401.88,3039243.96,174.04,186.68,174.04,186.68
20150422,600519.SH,268.8,269.0,257.11,263.89,257.43,6.4599999999999795,2.51,134635.06,3543576.711,194.92,195.07,186.45,191.36
20150423,600519.SH,264.0,264.17,252.98,256.04,263.89,-7.849999999999966,-2.97,86030.12,2214737.651,191.44,191.57,183.45,185.67
20150424,600519.SH,251.88,259.68,245.01,258.49,256.04,2.4499999999999886,0.96,100531.23,2547399.865,182.65,188.31,177.67,187.45
20150427,600519.SH,257.58,267.8,252.99,255.79,258.49,-2.700000000000017,-1.04,78973.35,2050832.438,186.79,194.2,183.46,185.49
20150428,600519.SH,254.0,258.6,247.05,247.89,255.79,-7.900000000000006,-3.09,87291.77,2187970.737,184.19,187.53,179.15,179.76
20150429,600519.SH,246.1,253.0,246.1,249.78,247.89,1.8900000000000148,0.76,59300.57,1477767.688,178.46,183.47,178.46,181.13
20150430,600519.SH,251.15,254.9,247.75,252.23,249.78,2.4499999999999886,0.98,64064.07,1610938.043,182.12,184.84,179.66,182.91
20150504,600519.SH,252.66,259.0,250.02,254.97,252.23,2.740000000000009,1.09,54739.02,1398337.296,183.22,187.82,181.3,184.89
20150505,600519.SH,252.0,252.0,239.88,240.95,254.97,-14.02000000000001,-5.5,73700.03,1801146.749,182.74,182.74,173.95,174.73
20150506,600519.SH,243.98,246.99,240.01,242.68,240.95,1.7300000000000182,0.72,60324.32,1472597.539,176.92,179.11,174.05,175.98
20150507,600519.SH,245.0,251.88,242.56,244.93,242.68,2.25,0.93,68102.9,1693825.898,177.66,182.65,175.9,177.61
20150508,600519.SH,246.12,254.88,245.9,254.17,244.93,9.23999999999998,3.77,57805.59,1447670.266,178.48,184.83,178.32,184.31
20150511,600519.SH,251.5,257.99,250.0,257.44,254.17,3.2700000000000102,1.29,61345.7,1552417.973,182.38,187.08,181.29,186.69
20150512,600519.SH,257.2,257.2,252.0,254.42,257.44,-3.0200000000000102,-1.17,47031.29,1193035.14,186.51,186.51,182.74,184.5
20150513,600519.SH,253.8,262.97,252.5,256.4,254.42,1.9799999999999898,0.78,58913.41,1520374.556,184.05,190.7,183.1,185.93
20150514,600519.SH,256.25,259.5,251.22,251.41,256.4,-4.989999999999981,-1.95,41853.29,1062504.725,185.82,188.18,182.17,182.31
20150515,600519.SH,251.41,253.49,241.61,245.17,251.41,-6.240000000000009,-2.48,54185.07,1333031.173,182.31,183.82,175.21,177.79
20150518,600519.SH,245.0,245.0,240.1,241.14,245.17,-4.030000000000001,-1.64,35363.24,856505.079,177.66,177.66,174.11,174.87
20150519,600519.SH,241.05,250.22,240.2,250.04,241.14,8.900000000000006,3.69,47637.77,1174434.448,174.8,181.45,174.18,181.32
20150520,600519.SH,252.0,260.0,249.3,253.95,250.04,3.9099999999999966,1.56,63771.5,1631009.463,182.74,188.54,180.78,184.15
20150521,600519.SH,256.0,261.3,254.01,258.59,253.95,4.639999999999986,1.83,47669.13,1230234.942,185.64,189.48,184.2,187.52
20150522,600519.SH,259.68,276.8,259.59,275.86,258.59,17.27000000000004,6.68,66649.06,1779754.347,188.31,200.72,188.24,200.04
20150525,600519.SH,270.0,288.49,269.0,286.83,275.86,10.96999999999997,3.98,67473.62,1868570.18,195.79,209.2,195.07,208.0
20150526,600519.SH,286.6,290.0,283.96,285.54,286.83,-1.2899999999999636,-0.45,60914.68,1746031.124,207.83,210.3,205.92,207.06
20150527,600519.SH,285.52,289.32,273.0,276.9,285.54,-8.640000000000043,-3.03,46934.79,1309259.999,207.05,209.8,197.97,200.8
20150528,600519.SH,275.25,281.0,260.1,261.11,276.9,-15.789999999999964,-5.7,60884.99,1650995.554,199.6,203.77,188.61,189.35
20150529,600519.SH,260.01,269.0,259.89,263.83,261.11,2.7199999999999704,1.04,57783.09,1531805.542,188.55,195.07,188.46,191.32
20150601,600519.SH,263.94,272.98,259.8,271.46,263.83,7.6299999999999955,2.89,65816.7,1747123.649,191.4,197.95,188.4,196.85
20150602,600519.SH,270.5,270.5,260.66,266.62,271.46,-4.839999999999975,-1.78,64635.6,1708951.665,196.16,196.16,189.02,193.34
20150603,600519.SH,265.18,266.62,260.01,262.79,266.62,-3.829999999999984,-1.44,46424.03,1218378.716,192.3,193.34,188.55,190.57
20150604,600519.SH,262.98,265.0,240.0,258.21,262.79,-4.580000000000041,-1.74,92362.73,2332785.391,190.7,192.17,174.04,187.24
20150605,600519.SH,258.11,262.1,246.0,253.84,258.21,-4.369999999999976,-1.69,85738.23,2188974.566,187.17,190.06,178.39,184.07
20150608,600519.SH,251.51,267.54,249.8,264.64,253.84,10.799999999999983,4.25,96007.97,2462736.702,182.39,194.01,181.15,191.91
20150609,600519.SH,265.0,269.8,256.5,259.03,264.64,-5.610000000000014,-2.12,77851.86,2045525.401,192.17,195.65,186.0,187.84
20150610,600519.SH,255.64,266.88,253.8,261.05,259.03,2.0200000000000387,0.78,80462.08,2096832.88,185.38,193.53,184.05,189.3
20150611,600519.SH,260.0,264.5,257.77,260.06,261.05,-0.9900000000000091,-0.38,52954.54,1378413.758,188.54,191.81,186.92,188.59
20150612,600519.SH,262.12,273.0,261.0,266.0,260.06,5.939999999999998,2.28,90909.52,2438986.511,190.08,197.97,189.27,192.89
20150615,600519.SH,266.98,272.0,260.08,260.89,266.0,-5.110000000000014,-1.92,100014.22,2664672.586,193.6,197.24,188.6,189.19
20150616,600519.SH,259.0,265.8,252.5,253.95,260.89,-6.939999999999998,-2.66,69303.84,1789696.036,187.82,192.75,183.1,184.15
20150617,600519.SH,253.96,257.76,249.0,255.09,253.95,1.1400000000000148,0.45,58388.81,1478407.037,184.16,186.92,180.57,184.98
20150618,600519.SH,253.02,254.8,240.6,243.97,255.09,-11.120000000000005,-4.36,61506.5,1530836.127,183.48,184.77,174.47,176.92
20150619,600519.SH,245.87,248.49,234.02,235.31,243.97,-8.659999999999997,-3.55,67608.66,1646002.769,178.3,180.2,169.7,170.64
20150623,600519.SH,239.8,255.85,234.13,252.25,235.31,16.939999999999998,7.2,81247.34,1989068.141,173.89,185.53,169.78,182.92
20150624,600519.SH,250.0,265.2,247.65,261.21,252.25,8.95999999999998,3.55,95706.94,2463553.858,181.29,192.31,179.59,189.42
20150625,600519.SH,261.5,262.03,250.21,251.79,261.21,-9.419999999999987,-3.61,66521.66,1707385.606,189.63,190.01,181.44,182.59
20150626,600519.SH,250.02,255.75,235.3,242.45,251.79,-9.340000000000003,-3.71,99332.01,2451381.599,181.3,185.46,170.63,175.82
20150629,600519.SH,248.37,256.5,227.8,246.64,242.45,4.189999999999998,1.73,165071.67,4057069.903,180.11,186.0,165.19,178.85
20150630,600519.SH,246.64,259.82,246.0,257.65,246.64,11.009999999999991,4.46,126298.19,3205285.541,178.85,188.41,178.39,186.84
20150701,600519.SH,255.0,268.5,250.98,257.49,257.65,-0.15999999999996817,-0.06,103326.54,2696026.039,184.92,194.71,182.0,186.72
20150702,600519.SH,255.3,282.6,245.01,260.3,257.49,2.8100000000000023,1.09,118459.72,3011363.68,185.13,204.93,177.67,188.76
20150703,600519.SH,255.0,260.5,242.2,249.81,260.3,-10.490000000000009,-4.03,109605.31,2772183.16,184.92,188.9,175.63,181.15
20150706,600519.SH,267.95,267.99,239.5,254.04,249.81,4.22999999999999,1.69,272799.66,7012491.142,194.31,194.34,173.68,184.22
20150707,600519.SH,250.0,256.58,239.5,244.18,254.04,-9.859999999999985,-3.88,167562.24,4121731.56,181.29,186.06,173.68,177.07
20150708,600519.SH,229.0,244.99,219.76,236.86,244.18,-7.319999999999993,-3.0,289140.54,6738026.659,166.06,177.66,159.36,171.76
20150709,600519.SH,236.86,260.41,233.0,257.94,236.86,21.079999999999984,8.9,138203.34,3409950.542,171.76,188.84,168.96,187.05
20150710,600519.SH,257.0,283.0,251.96,265.59,257.94,7.649999999999977,2.97,256149.3,6888908.351,186.37,205.22,182.71,192.6
20150713,600519.SH,258.0,265.58,251.0,257.75,265.59,-7.839999999999975,-2.95,148926.16,3838169.457,187.09,192.59,182.02,186.91
20150714,600519.SH,255.0,255.18,247.2,249.05,257.75,-8.699999999999989,-3.38,96768.3,2425239.239,184.92,185.05,179.26,180.6
20150715,600519.SH,247.5,252.7,243.28,251.26,249.05,2.2099999999999795,0.89,104077.46,2585923.324,179.48,183.25,176.42,182.2
20150716,600519.SH,251.26,254.18,248.26,251.59,251.26,0.3300000000000125,0.13,72814.33,1826618.391,182.2,184.32,180.03,182.44
20150717,600519.SH,229.0,229.99,224.74,228.29,251.59,-23.30000000000001,-9.26,56418.53,1284361.191,185.91,186.71,182.45,185.33
20150720,600519.SH,227.15,227.9,222.5,225.11,228.29,-3.1799999999999784,-1.39,67933.55,1531275.688,184.41,185.01,180.63,182.75
20150721,600519.SH,221.75,224.2,220.0,221.66,225.11,-3.450000000000017,-1.53,51789.96,1148423.253,180.02,182.01,178.6,179.95
20150722,600519.SH,220.0,222.0,216.58,217.13,221.66,-4.530000000000001,-2.04,70855.1,1552554.839,178.6,180.23,175.83,176.27
20150723,600519.SH,217.99,220.6,215.77,219.54,217.13,2.4099999999999966,1.11,64748.1,1411411.702,176.97,179.09,175.17,178.23
20150724,600519.SH,220.5,223.69,218.75,219.21,219.54,-0.3299999999999841,-0.15,57390.09,1271122.141,179.01,181.6,177.59,177.96
20150727,600519.SH,217.0,221.3,201.0,201.52,219.21,-17.689999999999998,-8.07,76944.15,1628465.532,176.17,179.66,163.18,163.6
20150728,600519.SH,199.86,209.44,197.48,205.83,201.52,4.310000000000002,2.14,86703.57,1766521.467,162.25,170.03,160.32,167.1
20150729,600519.SH,207.78,210.0,202.13,207.74,205.83,1.9099999999999966,0.93,66507.43,1364157.58,168.68,170.48,164.09,168.65
20150730,600519.SH,208.83,208.83,205.1,205.96,207.74,-1.7800000000000011,-0.86,41134.0,853284.372,169.53,169.53,166.51,167.2
20150731,600519.SH,206.7,206.93,203.0,206.83,205.96,0.8700000000000045,0.42,40736.64,835374.146,167.8,167.99,164.8,167.91
20150803,600519.SH,205.0,209.99,203.0,209.56,206.83,2.7299999999999898,1.32,54553.03,1117796.04,166.42,170.48,164.8,170.13
20150804,600519.SH,209.26,213.98,209.26,211.97,209.56,2.4099999999999966,1.15,59533.96,1260302.964,169.88,173.71,169.88,172.08
20150805,600519.SH,212.93,213.85,206.94,207.19,211.97,-4.780000000000001,-2.26,43143.85,907597.376,172.86,173.61,168.0,168.2
20150806,600519.SH,206.23,207.5,203.0,204.96,207.19,-2.2299999999999898,-1.08,39249.8,805358.564,167.42,168.45,164.8,166.39
20150807,600519.SH,207.49,208.6,205.6,206.93,204.96,1.9699999999999989,0.96,39521.34,819022.56,168.45,169.35,166.91,167.99
20150810,600519.SH,207.01,213.0,205.13,212.3,206.93,5.3700000000000045,2.6,56496.43,1182083.559,168.06,172.92,166.53,172.35
20150811,600519.SH,212.3,212.41,210.01,210.75,212.3,-1.5500000000000114,-0.73,50897.05,1076261.224,172.35,172.44,170.49,171.09
20150812,600519.SH,209.99,214.29,208.75,209.47,210.75,-1.2800000000000011,-0.61,45824.34,968610.598,170.48,173.97,169.47,170.05
20150813,600519.SH,211.5,211.5,206.0,209.51,209.47,0.03999999999999204,0.02,35180.25,733202.199,171.7,171.7,167.24,170.09
20150814,600519.SH,210.5,211.4,209.25,209.98,209.51,0.46999999999999886,0.22,30666.9,645849.785,170.89,171.62,169.87,170.47
20150817,600519.SH,208.02,208.82,204.0,206.22,209.98,-3.759999999999991,-1.79,53858.32,1108212.041,168.88,169.53,165.61,167.41
20150818,600519.SH,206.98,207.5,200.35,201.06,206.22,-5.159999999999997,-2.5,51285.52,1047896.516,168.03,168.45,162.65,163.23
20150819,600519.SH,199.75,202.16,198.18,201.62,201.06,0.5600000000000023,0.28,50261.8,1004394.398,162.16,164.12,160.89,163.68
20150820,600519.SH,200.83,201.0,194.9,195.07,201.62,-6.550000000000011,-3.25,39645.03,788892.224,163.04,163.18,158.22,158.36
20150821,600519.SH,191.52,194.86,186.12,186.33,195.07,-8.73999999999998,-4.48,75620.61,1433277.975,155.48,158.19,151.1,151.27
20150824,600519.SH,181.0,181.5,168.2,169.64,186.33,-16.690000000000026,-8.96,89812.84,1559048.775,146.94,147.35,136.55,137.72
20150825,600519.SH,167.46,182.51,166.2,176.59,169.64,6.950000000000017,4.1,123080.58,2165823.577,135.95,148.17,134.93,143.36
20150826,600519.SH,176.76,188.5,175.0,183.88,176.59,7.289999999999992,4.13,91572.53,1663612.844,143.5,153.03,142.07,149.28
20150827,600519.SH,190.0,199.9,184.89,197.07,183.88,13.189999999999998,7.17,87052.01,1663248.886,154.25,162.28,150.1,159.99
20150828,600519.SH,195.0,195.29,187.13,192.65,197.07,-4.4199999999999875,-2.24,89925.83,1720106.859,158.31,158.54,151.92,156.4
20150831,600519.SH,189.34,195.5,185.18,195.37,192.65,2.719999999999999,1.41,62730.19,1198185.023,153.71,158.71,150.33,158.61
20150901,600519.SH,191.82,195.0,188.0,194.37,195.37,-1.0,-0.51,87432.69,1688392.993,155.72,158.31,152.62,157.79
20150902,600519.SH,190.11,195.0,189.2,194.61,194.37,0.2400000000000091,0.12,106945.46,2052413.262,154.34,158.31,153.6,157.99
20150907,600519.SH,192.6,194.0,188.65,188.71,194.61,-5.900000000000006,-3.03,32216.42,615819.752,156.36,157.49,153.15,153.2
20150908,600519.SH,188.46,190.47,185.0,189.32,188.71,0.6099999999999852,0.32,33098.58,621914.336,153.0,154.63,150.19,153.69
20150909,600519.SH,190.14,193.87,190.14,191.86,189.32,2.5400000000000205,1.34,35215.16,676337.501,154.36,157.39,154.36,155.76
20150910,600519.SH,190.38,193.3,189.14,193.21,191.86,1.3499999999999943,0.7,26852.48,514766.384,154.56,156.93,153.55,156.85
20150911,600519.SH,191.88,194.1,191.05,192.91,193.21,-0.30000000000001137,-0.16,16932.14,326277.629,155.77,157.58,155.1,156.61
20150914,600519.SH,192.43,202.8,187.9,202.53,192.91,9.620000000000005,4.99,86175.55,1678995.779,156.22,164.64,152.54,164.42
20150915,600519.SH,198.01,202.02,195.12,202.0,202.53,-0.5300000000000011,-0.26,51884.34,1035493.477,160.75,164.0,158.4,163.99
20150916,600519.SH,200.01,209.54,197.73,204.55,202.0,2.5500000000000114,1.26,37198.02,753188.784,162.37,170.11,160.52,166.06
20150917,600519.SH,202.6,205.8,197.61,198.0,204.55,-6.550000000000011,-3.2,26423.0,533638.541,164.48,167.07,160.42,160.74
20150918,600519.SH,198.6,200.89,198.0,199.43,198.0,1.4300000000000068,0.72,15642.76,312040.97,161.23,163.09,160.74,161.9
20150921,600519.SH,198.01,200.7,198.0,199.3,199.43,-0.12999999999999545,-0.07,16527.67,329196.735,160.75,162.93,160.74,161.8
20150922,600519.SH,200.77,201.18,198.98,199.27,199.3,-0.030000000000001137,-0.02,16457.4,329161.941,162.99,163.32,161.54,161.77
20150923,600519.SH,197.15,198.99,194.1,194.72,199.27,-4.550000000000011,-2.28,22344.32,438412.337,160.05,161.55,157.58,158.08
20150924,600519.SH,195.8,196.28,192.8,194.0,194.72,-0.7199999999999989,-0.37,13886.74,269653.188,158.96,159.35,156.52,157.49
20150925,600519.SH,193.99,194.9,189.5,193.46,194.0,-0.539999999999992,-0.28,24455.97,470411.106,157.49,158.22,153.84,157.06
20150928,600519.SH,191.48,192.3,189.23,191.38,193.46,-2.0800000000000125,-1.08,12341.1,235369.401,155.45,156.11,153.62,155.37
20150929,600519.SH,189.55,191.37,188.3,190.17,191.38,-1.210000000000008,-0.63,18409.82,348759.19,153.88,155.36,152.87,154.38
20150930,600519.SH,190.23,191.48,190.17,190.31,190.17,0.14000000000001478,0.07,11634.63,222178.053,154.43,155.45,154.38,154.5
20151008,600519.SH,198.78,201.58,197.0,197.52,190.31,7.210000000000008,3.79,34391.79,684138.047,161.37,163.65,159.93,160.35
20151009,600519.SH,198.78,198.9,196.5,196.95,197.52,-0.5700000000000216,-0.29,15721.74,310187.702,161.37,161.47,159.52,159.89
20151012,600519.SH,199.0,204.49,197.85,198.09,196.95,1.1400000000000148,0.58,49030.0,982174.156,161.55,166.01,160.62,160.81
20151013,600519.SH,198.09,200.09,198.09,198.74,198.09,0.6500000000000057,0.33,15751.13,313495.454,160.81,162.44,160.81,161.34
20151014,600519.SH,198.98,199.5,197.01,197.83,198.74,-0.9099999999999966,-0.46,15213.39,301666.756,161.54,161.96,159.94,160.6
20151015,600519.SH,198.16,200.37,197.56,199.99,197.83,2.1599999999999966,1.09,16550.13,329836.775,160.87,162.67,160.38,162.36
20151016,600519.SH,201.22,202.4,199.41,200.74,199.99,0.75,0.38,19238.43,386383.069,163.36,164.31,161.89,162.97
20151019,600519.SH,204.94,204.94,201.9,202.72,200.74,1.9799999999999898,0.99,26121.45,531101.872,166.38,166.38,163.91,164.57
20151020,600519.SH,202.02,202.88,201.18,201.97,202.72,-0.75,-0.37,14784.29,298284.287,164.0,164.7,163.32,163.96
20151021,600519.SH,202.08,202.55,197.01,200.31,201.97,-1.6599999999999966,-0.82,22349.14,447195.037,164.05,164.44,159.94,162.62
20151022,600519.SH,200.24,202.73,199.43,202.53,200.31,2.219999999999999,1.11,23720.3,478632.748,162.56,164.58,161.9,164.42
20151023,600519.SH,205.8,217.6,205.55,210.98,202.53,8.449999999999989,4.17,56277.34,1189746.955,167.07,176.65,166.87,171.28
20151026,600519.SH,212.0,218.3,208.0,217.73,210.98,6.75,3.2,43346.26,932490.839,172.11,177.22,168.86,176.76
20151027,600519.SH,217.1,217.68,212.58,215.25,217.73,-2.4799999999999898,-1.14,22572.79,484597.005,176.25,176.72,172.58,174.75
20151028,600519.SH,214.99,214.99,211.9,212.44,215.25,-2.8100000000000023,-1.31,16559.22,353020.506,174.53,174.53,172.03,172.46
20151029,600519.SH,212.0,214.79,212.0,213.0,212.44,0.5600000000000023,0.26,13454.35,287688.318,172.11,174.37,172.11,172.92
20151030,600519.SH,212.95,215.8,212.12,213.86,213.0,0.8600000000000136,0.4,12257.91,263117.287,172.88,175.19,172.2,173.62
20151102,600519.SH,214.6,215.86,212.5,212.56,213.86,-1.3000000000000114,-0.61,15298.2,328246.682,174.22,175.24,172.51,172.56
20151103,600519.SH,212.92,215.76,208.4,209.71,212.56,-2.8499999999999943,-1.34,23173.29,493565.252,172.85,175.16,169.18,170.25
20151104,600519.SH,210.58,216.0,210.11,214.98,209.71,5.269999999999982,2.51,30809.72,659118.997,170.95,175.35,170.57,174.53
20151105,600519.SH,214.6,223.28,213.5,216.56,214.98,1.5800000000000125,0.73,49982.58,1087812.237,174.22,181.26,173.32,175.81
20151106,600519.SH,217.35,218.6,215.56,218.42,216.56,1.8599999999999852,0.86,21695.71,471929.422,176.45,177.46,175.0,177.32
20151109,600519.SH,222.0,224.66,219.0,220.83,218.42,2.410000000000025,1.1,40527.29,900398.639,180.23,182.38,177.79,179.28
20151110,600519.SH,220.0,224.12,219.16,222.38,220.83,1.549999999999983,0.7,28729.76,639416.128,178.6,181.95,177.92,180.53
20151111,600519.SH,222.01,223.0,218.6,220.15,222.38,-2.2299999999999898,-1.0,23815.5,524296.324,180.23,181.04,177.46,178.72
20151112,600519.SH,220.23,223.0,219.38,220.01,220.15,-0.14000000000001478,-0.06,16180.85,357408.916,178.79,181.04,178.1,178.61
20151113,600519.SH,218.1,219.5,214.83,215.11,220.01,-4.899999999999977,-2.23,28397.18,614644.801,177.06,178.2,174.4,174.63
20151116,600519.SH,212.5,216.5,212.0,213.78,215.11,-1.3300000000000125,-0.62,23916.7,511461.32,172.51,175.76,172.11,173.55
20151117,600519.SH,214.72,217.5,213.14,214.36,213.78,0.5800000000000125,0.27,21986.35,473813.948,174.32,176.57,173.03,174.02
20151118,600519.SH,213.59,216.0,213.59,214.66,214.36,0.29999999999998295,0.14,19725.54,423815.322,173.4,175.35,173.4,174.27
20151119,600519.SH,214.0,216.0,213.9,215.03,214.66,0.37000000000000455,0.17,15262.76,327777.826,173.73,175.35,173.65,174.57
20151120,600519.SH,215.14,215.78,213.1,213.72,215.03,-1.3100000000000023,-0.61,22274.23,476413.651,174.66,175.18,173.0,173.5
20151123,600519.SH,213.0,213.84,212.51,212.62,213.72,-1.0999999999999943,-0.51,20994.73,446996.434,172.92,173.6,172.52,172.61
20151124,600519.SH,212.39,213.28,210.0,211.69,212.62,-0.9300000000000068,-0.44,20469.02,431548.236,172.42,173.15,170.48,171.86
20151125,600519.SH,211.7,213.0,210.4,212.98,211.69,1.289999999999992,0.61,24249.81,512351.419,171.86,172.92,170.81,172.9
20151126,600519.SH,213.49,213.79,211.83,212.84,212.98,-0.13999999999998636,-0.07,18804.53,400523.684,173.32,173.56,171.97,172.79
20151127,600519.SH,212.49,212.54,206.63,207.74,212.84,-5.099999999999994,-2.4,16220.72,339061.425,172.5,172.55,167.75,168.65
20151130,600519.SH,208.04,214.78,207.79,214.31,207.74,6.569999999999993,3.16,33440.03,702029.94,168.89,174.36,168.69,173.98
20151201,600519.SH,213.0,213.95,211.0,213.8,214.31,-0.5099999999999909,-0.24,18877.54,400895.906,172.92,173.69,171.3,173.57
20151202,600519.SH,214.48,227.0,212.0,221.58,213.8,7.780000000000001,3.64,47891.45,1055325.951,174.12,184.28,172.11,179.88
20151203,600519.SH,219.0,221.4,216.7,220.2,221.58,-1.3800000000000239,-0.62,22386.83,489928.569,177.79,179.74,175.92,178.76
20151204,600519.SH,219.96,219.96,215.01,215.31,220.2,-4.889999999999986,-2.22,20848.71,452200.743,178.57,178.57,174.55,174.79
20151207,600519.SH,215.0,216.98,213.2,214.51,215.31,-0.8000000000000114,-0.37,19255.09,413697.607,174.54,176.15,173.08,174.14
20151208,600519.SH,214.55,214.55,211.46,211.94,214.51,-2.569999999999993,-1.2,17393.68,370510.935,174.18,174.18,171.67,172.06
20151209,600519.SH,211.58,215.05,211.5,214.47,211.94,2.530000000000001,1.19,14119.77,302039.607,171.77,174.58,171.7,174.11
20151210,600519.SH,215.0,216.2,211.99,212.96,214.47,-1.509999999999991,-0.7,13786.71,295297.553,174.54,175.52,172.1,172.89
20151211,600519.SH,212.5,212.5,210.5,211.41,212.96,-1.5500000000000114,-0.73,13035.48,275655.733,172.51,172.51,170.89,171.63
20151214,600519.SH,210.19,214.88,209.0,214.1,211.41,2.6899999999999977,1.27,20701.34,439584.116,170.64,174.44,169.67,173.81
20151215,600519.SH,213.8,214.59,212.08,214.51,214.1,0.4099999999999966,0.19,15088.39,321828.819,173.57,174.21,172.17,174.14
20151216,600519.SH,214.41,214.64,212.59,213.91,214.51,-0.5999999999999943,-0.28,20144.8,430371.563,174.06,174.25,172.59,173.66
20151217,600519.SH,214.39,216.88,214.0,215.86,213.91,1.950000000000017,0.91,24253.21,523818.38,174.05,176.07,173.73,175.24
20151218,600519.SH,215.5,219.15,215.11,216.88,215.86,1.0199999999999818,0.47,28460.2,618897.538,174.95,177.91,174.63,176.07
20151221,600519.SH,218.0,229.18,218.0,227.03,216.88,10.150000000000006,4.68,59391.89,1341466.585,176.98,186.05,176.98,184.31
20151222,600519.SH,226.8,226.8,223.28,225.03,227.03,-2.0,-0.88,28402.45,638684.794,184.12,184.12,181.26,182.69
20151223,600519.SH,225.45,226.69,222.7,223.0,225.03,-2.030000000000001,-0.9,22374.97,501438.271,183.03,184.03,180.79,181.04
20151224,600519.SH,223.98,225.68,223.2,224.78,223.0,1.7800000000000011,0.8,15577.88,350137.309,181.83,183.21,181.2,182.48
20151225,600519.SH,225.0,225.66,222.88,224.5,224.78,-0.28000000000000114,-0.12,11542.95,258870.006,182.66,183.2,180.94,182.25
20151228,600519.SH,225.48,226.0,219.0,219.12,224.5,-5.3799999999999955,-2.4,25594.52,569404.122,183.05,183.47,177.79,177.89
20151229,600519.SH,218.62,220.44,218.51,219.83,219.12,0.710000000000008,0.32,15774.33,345982.477,177.48,178.96,177.39,178.46
20151230,600519.SH,220.18,220.66,217.52,218.86,219.83,-0.9699999999999989,-0.44,20147.66,440489.185,178.75,179.14,176.59,177.68
20151231,600519.SH,218.22,219.5,217.82,218.19,218.86,-0.6700000000000159,-0.31,19673.87,429872.169,177.16,178.2,176.83,177.13
20160104,600519.SH,218.0,218.0,209.99,210.02,218.19,-8.169999999999987,-3.74,17349.69,371909.829,176.98,176.98,170.48,170.5
20160105,600519.SH,210.0,213.97,207.51,212.82,210.02,2.799999999999983,1.33,31908.91,672596.329,170.48,173.71,168.46,172.77
20160106,600519.SH,212.78,213.66,209.3,212.18,212.82,-0.6399999999999864,-0.3,23760.9,502483.565,172.74,173.45,169.92,172.25
20160107,600519.SH,208.99,208.99,200.03,202.23,212.18,-9.950000000000017,-4.69,8148.68,167829.92,169.66,169.66,162.39,164.18
20160108,600519.SH,204.17,208.0,200.0,204.63,202.23,2.4000000000000057,1.19,44510.09,911812.833,165.75,168.86,162.37,166.12
20160111,600519.SH,203.16,203.79,199.4,199.86,204.63,-4.769999999999982,-2.33,29702.58,596838.948,164.93,165.44,161.88,162.25
20160112,600519.SH,201.1,202.1,196.0,196.79,199.86,-3.0700000000000216,-1.54,40287.23,801495.583,163.26,164.07,159.12,159.76
20160113,600519.SH,199.1,206.0,198.6,199.78,196.79,2.990000000000009,1.52,29201.98,592420.624,161.63,167.24,161.23,162.19
20160114,600519.SH,197.11,205.98,195.51,204.82,199.78,5.039999999999992,2.52,34776.06,699341.426,160.02,167.22,158.72,166.28
20160115,600519.SH,204.75,206.18,198.0,199.0,204.82,-5.819999999999993,-2.84,26681.19,537750.009,166.22,167.38,160.74,161.55
20160118,600519.SH,198.0,202.4,197.2,199.43,199.0,0.4300000000000068,0.22,27371.23,548614.385,160.74,164.31,160.09,161.9
20160119,600519.SH,201.0,210.33,200.01,210.24,199.43,10.810000000000002,5.42,59110.22,1224859.286,163.18,170.75,162.37,170.68
20160120,600519.SH,207.0,210.16,201.01,202.32,210.24,-7.920000000000016,-3.77,40968.66,835946.965,168.05,170.61,163.18,164.25
20160121,600519.SH,201.26,204.59,199.9,200.26,202.32,-2.0600000000000023,-1.02,21832.29,439737.651,163.39,166.09,162.28,162.58
20160122,600519.SH,203.11,203.4,198.81,202.74,200.26,2.480000000000018,1.24,22733.48,456952.021,164.89,165.13,161.4,164.59
20160125,600519.SH,203.0,203.49,201.5,202.77,202.74,0.030000000000001137,0.01,13750.45,278273.547,164.8,165.2,163.58,164.61
20160126,600519.SH,200.99,204.47,198.5,199.01,202.77,-3.7600000000000193,-1.85,22280.92,448487.464,163.17,165.99,161.15,161.56
20160127,600519.SH,199.98,200.89,195.7,199.93,199.01,0.9200000000000159,0.46,29840.41,589842.577,162.35,163.09,158.87,162.31
20160128,600519.SH,199.75,199.75,195.62,196.64,199.93,-3.2900000000000205,-1.65,17903.0,353744.037,162.16,162.16,158.81,159.64
20160129,600519.SH,197.48,202.5,197.0,200.65,196.64,4.010000000000019,2.04,23090.24,461975.279,160.32,164.39,159.93,162.89
20160201,600519.SH,202.1,202.8,199.89,201.29,200.65,0.6399999999999864,0.32,19178.02,386028.337,164.07,164.64,162.28,163.41
20160202,600519.SH,202.0,204.8,200.64,204.55,201.29,3.2600000000000193,1.62,17842.08,362596.993,163.99,166.26,162.88,166.06
20160203,600519.SH,202.58,204.56,201.5,203.66,204.55,-0.8900000000000148,-0.44,15156.99,307933.687,164.46,166.07,163.58,165.34
20160204,600519.SH,204.8,205.88,203.54,204.99,203.66,1.3300000000000125,0.65,16624.75,340315.128,166.26,167.14,165.24,166.42
20160205,600519.SH,204.99,205.18,202.53,203.87,204.99,-1.1200000000000045,-0.55,14227.67,290691.678,166.42,166.57,164.42,165.51
20160215,600519.SH,200.0,203.0,199.6,200.41,203.87,-3.460000000000008,-1.7,19470.18,390748.384,162.37,164.8,162.04,162.7
20160216,600519.SH,200.56,208.0,200.56,203.92,200.41,3.509999999999991,1.75,19223.16,393326.285,162.82,168.86,162.82,165.55
20160217,600519.SH,203.74,204.92,200.51,202.3,203.92,-1.6199999999999761,-0.79,20349.11,411126.979,165.4,166.36,162.78,164.23
20160218,600519.SH,203.2,203.6,201.1,201.71,202.3,-0.5900000000000034,-0.29,18892.56,381696.249,164.96,165.29,163.26,163.75
20160219,600519.SH,201.62,203.18,201.13,203.11,201.71,1.4000000000000057,0.69,14238.46,287755.552,163.68,164.95,163.28,164.89
20160222,600519.SH,206.0,208.32,206.0,207.8,203.11,4.689999999999998,2.31,27759.86,574540.624,167.24,169.12,167.24,168.7
20160223,600519.SH,207.77,214.98,207.02,212.41,207.8,4.609999999999985,2.22,37460.89,795824.522,168.67,174.53,168.06,172.44
20160224,600519.SH,212.2,218.03,211.01,217.74,212.41,5.3300000000000125,2.51,33129.02,717612.347,172.27,177.0,171.3,176.77
20160225,600519.SH,218.8,220.48,212.13,212.41,217.74,-5.3300000000000125,-2.45,39480.65,855036.777,177.63,178.99,172.21,172.44
20160226,600519.SH,213.1,219.25,211.26,216.84,212.41,4.430000000000007,2.09,28332.71,609924.298,173.0,177.99,171.51,176.04
20160229,600519.SH,218.99,220.88,206.8,214.91,216.84,-1.9300000000000068,-0.89,47712.46,1022532.377,177.78,179.32,167.89,174.47
20160301,600519.SH,215.96,220.3,210.4,218.42,214.91,3.509999999999991,1.63,34004.59,736088.847,175.32,178.85,170.81,177.32
20160302,600519.SH,219.0,225.5,218.67,224.22,218.42,5.800000000000011,2.66,47942.66,1073462.814,177.79,183.07,177.52,182.03
20160303,600519.SH,225.0,231.98,221.66,227.81,224.22,3.5900000000000034,1.6,40193.28,914557.333,182.66,188.33,179.95,184.94
20160304,600519.SH,226.88,240.16,225.01,238.78,227.81,10.969999999999999,4.82,85838.69,2007278.355,184.19,194.97,182.67,193.85
20160307,600519.SH,238.11,240.0,231.05,233.64,238.78,-5.140000000000015,-2.15,39345.55,924016.283,193.3,194.84,187.57,189.67
20160308,600519.SH,233.3,233.3,227.0,229.21,233.64,-4.429999999999978,-1.9,26147.22,600938.828,189.4,189.4,184.28,186.08
20160309,600519.SH,227.0,232.65,226.1,227.44,229.21,-1.7700000000000102,-0.77,16402.6,375804.071,184.28,188.87,183.55,184.64
20160310,600519.SH,228.99,233.7,228.0,228.06,227.44,0.6200000000000045,0.27,25727.46,593953.294,185.9,189.72,185.1,185.14
20160311,600519.SH,226.54,231.88,225.5,228.05,228.06,-0.009999999999990905,-0.0,16320.08,373343.712,183.91,188.25,183.07,185.14
20160314,600519.SH,230.76,233.5,222.2,224.57,228.05,-3.480000000000018,-1.53,45277.83,1029457.824,187.34,189.56,180.39,182.31
20160315,600519.SH,224.8,234.39,224.34,231.92,224.57,7.349999999999994,3.27,36356.33,832373.597,182.5,190.28,182.12,188.28
20160316,600519.SH,230.22,232.5,225.0,228.61,231.92,-3.309999999999974,-1.43,24250.97,555358.085,186.9,188.75,182.66,185.59
20160317,600519.SH,230.0,234.1,228.3,229.56,228.61,0.9499999999999886,0.42,28820.95,665454.446,186.72,190.05,185.34,186.36
20160318,600519.SH,232.0,232.26,225.78,226.0,229.56,-3.5600000000000023,-1.55,70568.94,1613934.123,188.34,188.55,183.29,183.47
20160321,600519.SH,226.66,232.02,226.65,231.98,226.0,5.97999999999999,2.65,38547.45,885665.711,184.01,188.36,184.0,188.33
20160322,600519.SH,232.26,238.18,231.5,234.49,231.98,2.5100000000000193,1.08,41766.61,981582.397,188.55,193.36,187.94,190.36
20160323,600519.SH,235.2,237.0,232.68,234.97,234.49,0.47999999999998977,0.2,21412.06,503035.65,190.94,192.4,188.9,190.75
20160324,600519.SH,235.0,245.4,231.3,242.66,234.97,7.689999999999998,3.27,62068.02,1487290.878,190.78,199.22,187.78,197.0
20160325,600519.SH,242.5,249.79,241.02,244.98,242.66,2.319999999999993,0.96,44756.16,1100326.15,196.87,202.79,195.67,198.88
20160328,600519.SH,244.98,253.38,244.98,249.58,244.98,4.600000000000023,1.88,48337.65,1207751.715,198.88,205.7,198.88,202.62
20160329,600519.SH,249.6,251.0,244.44,248.11,249.58,-1.4699999999999989,-0.59,36688.05,911522.995,202.63,203.77,198.44,201.42
20160330,600519.SH,249.0,250.4,245.48,248.66,248.11,0.549999999999983,0.22,27782.6,688591.402,202.14,203.28,199.29,201.87
20160331,600519.SH,249.84,250.3,246.99,247.64,248.66,-1.0200000000000102,-0.41,19457.34,483196.895,202.83,203.2,200.51,201.04
20160401,600519.SH,248.95,250.49,244.54,245.09,247.64,-2.549999999999983,-1.03,25146.07,620149.506,202.1,203.35,198.52,198.97
20160405,600519.SH,243.0,247.5,243.0,245.52,245.09,0.4300000000000068,0.18,25047.85,615354.327,197.27,200.93,197.27,199.32
20160406,600519.SH,245.8,257.6,245.8,257.21,245.52,11.68999999999997,4.76,48424.92,1225137.02,199.55,209.13,199.55,208.81
20160407,600519.SH,256.89,257.48,252.62,254.11,257.21,-3.099999999999966,-1.21,25536.39,650128.766,208.55,209.03,205.08,206.29
20160408,600519.SH,252.0,255.89,248.2,249.86,254.11,-4.25,-1.67,23156.02,583704.015,204.58,207.74,201.5,202.84
20160411,600519.SH,250.5,255.18,243.5,243.72,249.86,-6.140000000000015,-2.46,119284.68,2930751.132,203.36,207.16,197.68,197.86
20160412,600519.SH,243.7,245.0,242.1,244.92,243.72,1.1999999999999886,0.49,23339.09,568663.727,197.84,198.9,196.54,198.83
20160413,600519.SH,245.4,248.63,241.7,242.24,244.92,-2.6799999999999784,-1.09,54274.25,1328412.389,199.22,201.84,196.22,196.66
20160414,600519.SH,242.38,244.83,241.0,242.76,242.24,0.5199999999999818,0.21,28664.37,696651.874,196.77,198.76,195.65,197.08
20160415,600519.SH,242.64,244.98,241.2,244.9,242.76,2.140000000000015,0.88,19029.26,463404.859,196.98,198.88,195.81,198.82
20160418,600519.SH,242.8,246.0,242.5,243.68,244.9,-1.2199999999999989,-0.5,18593.04,453989.128,197.11,199.71,196.87,197.83
20160419,600519.SH,244.59,245.19,241.45,243.18,243.68,-0.5,-0.21,14236.68,345816.837,198.56,199.05,196.02,197.42
20160420,600519.SH,243.19,244.4,235.8,238.44,243.18,-4.740000000000009,-1.95,33708.5,808354.333,197.43,198.41,191.43,193.57
20160421,600519.SH,240.5,242.3,238.3,240.37,238.44,1.9300000000000068,0.81,29672.22,713190.665,195.24,196.71,193.46,195.14
20160422,600519.SH,241.0,247.88,240.37,247.4,240.37,7.030000000000001,2.92,35459.38,869560.47,195.65,201.24,195.14,200.85
20160425,600519.SH,247.12,248.1,243.3,244.52,247.4,-2.8799999999999955,-1.16,24990.28,614481.805,200.62,201.41,197.52,198.51
20160426,600519.SH,244.95,246.88,243.0,243.86,244.52,-0.6599999999999966,-0.27,15156.68,370224.914,198.86,200.42,197.27,197.97
20160427,600519.SH,244.5,245.48,243.49,244.88,243.86,1.0199999999999818,0.42,13915.1,340092.448,198.49,199.29,197.67,198.8
20160428,600519.SH,245.83,246.74,244.0,246.44,244.88,1.5600000000000023,0.64,17156.55,421012.81,199.57,200.31,198.09,200.07
20160429,600519.SH,247.39,252.43,247.39,251.2,246.44,4.759999999999991,1.93,46079.49,1155915.396,200.84,204.93,200.84,203.93
20160503,600519.SH,250.55,262.28,250.55,260.0,251.2,8.800000000000011,3.5,56474.86,1463972.63,203.4,212.93,203.4,211.07
20160504,600519.SH,260.0,262.39,255.99,256.21,260.0,-3.7900000000000205,-1.46,28636.26,743425.17,211.07,213.01,207.82,208.0
20160505,600519.SH,256.5,258.15,255.5,257.77,256.21,1.5600000000000023,0.61,13517.89,347050.356,208.23,209.57,207.42,209.26
20160506,600519.SH,257.31,258.52,251.12,252.22,257.77,-5.549999999999983,-2.15,27173.69,689911.421,208.89,209.87,203.87,204.76
20160509,600519.SH,250.13,252.8,249.01,250.82,252.22,-1.4000000000000057,-0.56,27799.18,696784.543,203.06,205.23,202.15,203.62
20160510,600519.SH,249.5,254.0,249.11,252.08,250.82,1.2600000000000193,0.5,33505.89,843441.777,202.55,206.2,202.23,204.64
20160511,600519.SH,252.35,260.48,252.35,256.87,252.08,4.789999999999992,1.9,49277.13,1268594.578,204.86,211.46,204.86,208.53
20160512,600519.SH,254.02,256.56,252.0,255.96,256.87,-0.9099999999999966,-0.35,18894.11,480711.461,206.22,208.28,204.58,207.79
20160513,600519.SH,255.98,258.9,250.5,250.96,255.96,-5.0,-1.95,28145.61,714915.405,207.81,210.18,203.36,203.74
20160516,600519.SH,250.86,251.8,247.3,251.63,250.96,0.6699999999999875,0.27,22202.73,553627.499,203.65,204.42,200.76,204.28
20160517,600519.SH,251.01,252.4,249.83,250.03,251.63,-1.5999999999999943,-0.64,11785.69,295827.986,203.78,204.9,202.82,202.98
20160518,600519.SH,249.08,251.85,243.1,244.44,250.03,-5.590000000000003,-2.24,28380.34,700172.115,202.21,204.46,197.35,198.44
20160519,600519.SH,245.16,248.5,244.5,245.77,244.44,1.3300000000000125,0.54,20889.43,514050.851,199.03,201.74,198.49,199.52
20160520,600519.SH,246.84,252.18,244.32,251.26,245.77,5.489999999999981,2.23,25501.57,638079.261,200.39,204.73,198.35,203.98
20160523,600519.SH,249.72,254.99,249.72,254.2,251.26,2.9399999999999977,1.17,18706.18,474832.79,202.73,207.01,202.73,206.37
20160524,600519.SH,254.41,255.21,250.1,251.94,254.2,-2.259999999999991,-0.89,11674.4,294383.661,206.54,207.19,203.04,204.53
20160525,600519.SH,254.48,254.94,251.01,251.86,251.94,-0.07999999999998408,-0.03,17785.34,450815.932,206.59,206.97,203.78,204.47
20160526,600519.SH,251.99,253.8,249.2,252.71,251.86,0.8499999999999943,0.34,18120.26,454859.062,204.57,206.04,202.31,205.16
20160527,600519.SH,252.72,254.69,251.38,252.44,252.71,-0.27000000000001023,-0.11,13230.44,334258.004,205.16,206.76,204.08,204.94
20160530,600519.SH,251.5,256.5,250.0,256.13,252.44,3.6899999999999977,1.46,29806.92,756013.047,204.17,208.23,202.96,207.93
20160531,600519.SH,256.0,266.62,255.2,264.47,256.13,8.340000000000032,3.26,53949.65,1418668.247,207.83,216.45,207.18,214.7
20160601,600519.SH,265.4,265.5,263.0,263.79,264.47,-0.6800000000000068,-0.26,21876.69,578184.009,215.46,215.54,213.51,214.15
20160602,600519.SH,263.01,268.68,263.01,267.74,263.79,3.9499999999999886,1.5,24760.76,660335.572,213.52,218.12,213.52,217.36
20160603,600519.SH,267.0,286.74,266.4,283.89,267.74,16.149999999999977,6.03,64798.13,1806172.759,216.76,232.78,216.27,230.47
20160606,600519.SH,282.0,283.0,275.0,276.05,283.89,-7.839999999999975,-2.76,37261.66,1034692.86,228.93,229.75,223.25,224.1
20160607,600519.SH,276.5,278.49,275.01,277.85,276.05,1.8000000000000114,0.65,18753.53,518246.021,224.47,226.09,223.26,225.57
20160608,600519.SH,276.4,277.86,273.5,274.28,277.85,-3.57000000000005,-1.28,23882.09,656530.776,224.39,225.57,222.03,222.67
20160613,600519.SH,273.35,276.66,266.25,267.06,274.28,-7.21999999999997,-2.63,37775.06,1030012.79,221.91,224.6,216.15,216.81
20160614,600519.SH,267.71,273.8,267.71,272.75,267.06,5.689999999999998,2.13,25587.29,696446.744,217.33,222.28,217.33,221.43
20160615,600519.SH,270.71,277.8,270.21,276.49,272.75,3.740000000000009,1.37,27322.01,752172.235,219.77,225.53,219.36,224.46
20160616,600519.SH,274.86,277.8,273.78,274.02,276.49,-2.4700000000000273,-0.89,19643.57,540824.57,223.14,225.53,222.26,222.46
20160617,600519.SH,273.6,282.49,273.6,278.26,274.02,4.240000000000009,1.55,24705.18,689165.054,222.12,229.33,222.12,225.9
20160620,600519.SH,279.77,279.86,274.0,276.11,278.26,-2.1499999999999773,-0.77,19019.26,523759.587,227.12,227.2,222.44,224.15
20160621,600519.SH,277.04,277.94,273.0,273.81,276.11,-2.3000000000000114,-0.83,16749.33,460067.364,224.91,225.64,221.63,222.29
20160622,600519.SH,273.77,279.36,272.77,278.44,273.81,4.6299999999999955,1.69,20884.48,577353.686,222.25,226.79,221.44,226.04
20160623,600519.SH,279.97,279.97,274.88,276.44,278.44,-2.0,-0.72,13984.51,386801.287,227.29,227.29,223.15,224.42
20160624,600519.SH,275.28,277.0,267.2,273.77,276.44,-2.670000000000016,-0.97,20129.51,550877.435,223.48,224.88,216.92,222.25
20160627,600519.SH,275.0,292.3,275.0,287.68,273.77,13.910000000000025,5.08,63642.69,1823624.051,223.25,237.3,223.25,233.55
20160628,600519.SH,287.02,289.66,286.32,288.21,287.68,0.5299999999999727,0.18,24282.23,699351.511,233.01,235.15,232.44,233.98
20160629,600519.SH,287.55,289.45,284.2,288.18,288.21,-0.029999999999972715,-0.01,28147.6,805690.468,233.44,234.98,230.72,233.95
20160630,600519.SH,290.02,298.2,290.02,291.92,288.18,3.740000000000009,1.3,38022.4,1116195.906,235.45,242.09,235.45,236.99
20160701,600519.SH,287.2,291.88,284.0,286.17,291.92,-5.75,-1.97,26014.95,746622.842,238.19,242.07,235.53,237.33
20160704,600519.SH,287.0,295.4,286.0,293.9,286.17,7.729999999999961,2.7,29488.64,859625.1,238.02,244.99,237.19,243.75
20160705,600519.SH,295.03,303.1,295.03,300.58,293.9,6.680000000000007,2.27,41707.73,1252985.739,244.68,251.38,244.68,249.29
20160706,600519.SH,299.8,318.0,299.01,317.19,300.58,16.610000000000014,5.53,47347.7,1463885.917,248.64,263.73,247.98,263.06
20160707,600519.SH,315.8,326.8,312.08,316.91,317.19,-0.2799999999999727,-0.09,50725.2,1619384.207,261.91,271.03,258.82,262.83
20160708,600519.SH,313.53,315.5,306.16,309.91,316.91,-7.0,-2.21,45545.63,1412963.905,260.03,261.66,253.91,257.02
20160711,600519.SH,309.03,324.0,309.03,315.14,309.91,5.229999999999961,1.69,57481.67,1825388.22,256.29,268.71,256.29,261.36
20160712,600519.SH,315.76,326.6,315.0,324.73,315.14,9.590000000000032,3.04,53119.45,1712151.169,261.87,270.86,261.24,269.31
20160713,600519.SH,323.03,324.73,315.05,317.19,324.73,-7.5400000000000205,-2.32,53448.28,1697002.627,267.9,269.31,261.29,263.06
20160714,600519.SH,316.09,320.8,315.2,317.09,317.19,-0.10000000000002274,-0.03,29230.85,928017.845,262.15,266.05,261.41,262.98
20160715,600519.SH,317.12,318.03,315.06,317.52,317.09,0.4300000000000068,0.14,26811.01,848676.195,263.0,263.76,261.29,263.33
20160718,600519.SH,317.5,319.5,315.66,316.21,317.52,-1.3100000000000023,-0.41,23352.89,741065.232,263.32,264.98,261.79,262.25
20160719,600519.SH,315.5,316.3,305.55,308.11,316.21,-8.099999999999966,-2.56,41431.66,1282256.493,261.66,262.32,253.41,255.53
20160720,600519.SH,308.62,310.87,307.5,308.56,308.11,0.44999999999998863,0.15,17733.84,548187.889,255.95,257.82,255.02,255.9
20160721,600519.SH,310.15,317.6,309.0,314.38,308.56,5.819999999999993,1.89,33009.49,1041004.812,257.22,263.4,256.27,260.73
20160722,600519.SH,312.9,315.2,307.38,307.92,314.38,-6.4599999999999795,-2.05,28871.45,893047.922,259.5,261.41,254.92,255.37
20160725,600519.SH,307.6,314.19,307.0,311.26,307.92,3.339999999999975,1.08,23623.53,736751.814,255.11,260.57,254.61,258.14
20160726,600519.SH,309.01,319.5,308.5,319.04,311.26,7.78000000000003,2.5,35555.67,1121135.548,256.28,264.98,255.85,264.59
20160727,600519.SH,319.85,320.6,308.3,314.01,319.04,-5.03000000000003,-1.58,39228.06,1235833.182,265.27,265.89,255.69,260.42
20160728,600519.SH,312.0,319.3,311.5,316.05,314.01,2.0400000000000205,0.65,39643.99,1254912.053,258.76,264.81,258.34,262.12
20160729,600519.SH,315.08,318.88,313.0,313.15,316.05,-2.900000000000034,-0.92,29007.37,913987.191,261.31,264.46,259.59,259.71
20160801,600519.SH,313.0,313.95,305.0,306.96,313.15,-6.189999999999998,-1.98,31701.85,980681.835,259.59,260.37,252.95,254.58
20160802,600519.SH,307.25,310.5,302.85,306.21,306.96,-0.75,-0.24,26541.42,812078.461,254.82,257.51,251.17,253.95
20160803,600519.SH,307.0,307.9,304.15,306.82,306.21,0.6100000000000136,0.2,24039.07,735080.442,254.61,255.36,252.25,254.46
20160804,600519.SH,306.85,308.33,304.22,306.3,306.82,-0.5199999999999818,-0.17,21793.64,666165.432,254.49,255.71,252.3,254.03
20160805,600519.SH,306.49,308.37,305.03,305.93,306.3,-0.37000000000000455,-0.12,20308.48,622324.412,254.19,255.75,252.98,253.72
20160808,600519.SH,306.15,308.3,303.06,308.1,305.93,2.170000000000016,0.71,22007.4,672724.165,253.9,255.69,251.34,255.52
20160809,600519.SH,308.17,317.67,306.42,315.75,308.1,7.649999999999977,2.48,39289.67,1230571.98,255.58,263.46,254.13,261.87
20160810,600519.SH,315.05,316.5,313.33,313.81,315.75,-1.9399999999999977,-0.61,20944.71,659451.04,261.29,262.49,259.86,260.26
20160811,600519.SH,314.38,321.57,314.01,316.77,313.81,2.9599999999999795,0.94,31939.72,1016399.255,260.73,266.69,260.42,262.71
20160812,600519.SH,317.4,317.4,314.01,316.97,316.77,0.20000000000004547,0.06,23352.83,737487.495,263.23,263.23,260.42,262.88
20160815,600519.SH,315.8,321.69,314.15,318.78,316.97,1.8099999999999454,0.57,34110.13,1084418.386,261.91,266.79,260.54,264.38
20160816,600519.SH,322.0,322.48,308.0,309.52,318.78,-9.259999999999991,-2.9,88378.69,2755749.508,267.05,267.45,255.44,256.7
20160817,600519.SH,309.6,310.97,306.5,308.16,309.52,-1.3599999999999568,-0.44,43754.06,1347397.784,256.77,257.9,254.19,255.57
20160818,600519.SH,307.95,309.65,305.13,306.43,308.16,-1.7300000000000182,-0.56,31005.99,951674.783,255.4,256.81,253.06,254.14
20160819,600519.SH,305.8,307.45,304.8,306.48,306.43,0.05000000000001137,0.02,19140.91,585467.699,253.61,254.98,252.79,254.18
20160822,600519.SH,306.13,309.58,306.0,307.32,306.48,0.839999999999975,0.27,20812.7,640455.2,253.89,256.75,253.78,254.88
20160823,600519.SH,307.33,309.04,305.8,306.88,307.32,-0.4399999999999977,-0.14,19914.26,612752.8,254.88,256.3,253.61,254.51
20160824,600519.SH,307.02,307.49,303.83,305.28,306.88,-1.6000000000000227,-0.52,22779.42,695005.299,254.63,255.02,251.98,253.18
20160825,600519.SH,305.2,305.38,300.07,303.01,305.28,-2.269999999999982,-0.74,25362.58,766099.099,253.12,253.27,248.86,251.3
20160826,600519.SH,303.14,304.55,300.4,301.45,303.01,-1.5600000000000023,-0.51,21436.45,648346.749,251.41,252.58,249.14,250.01
20160829,600519.SH,308.0,308.8,305.2,307.53,301.45,6.079999999999984,2.02,38055.57,1169052.449,255.44,256.1,253.12,255.05
20160830,600519.SH,307.0,308.5,304.67,305.86,307.53,-1.669999999999959,-0.54,21170.52,649198.656,254.61,255.85,252.68,253.66
20160831,600519.SH,306.7,310.76,305.54,310.19,305.86,4.329999999999984,1.42,40401.44,1250762.22,254.36,257.73,253.4,257.26
20160901,600519.SH,309.7,312.0,308.25,308.71,310.19,-1.4800000000000182,-0.48,17185.97,532785.268,256.85,258.76,255.65,256.03
20160902,600519.SH,308.0,309.45,304.88,305.78,308.71,-2.930000000000007,-0.95,18572.24,570909.575,255.44,256.64,252.85,253.6
20160905,600519.SH,306.2,309.0,305.81,308.5,305.78,2.7200000000000273,0.89,19138.7,589626.257,253.95,256.27,253.62,255.85
20160906,600519.SH,308.5,310.36,308.35,309.94,308.5,1.4399999999999977,0.47,20625.83,638681.582,255.85,257.4,255.73,257.05
20160907,600519.SH,309.68,309.68,305.5,306.6,309.94,-3.339999999999975,-1.08,29645.15,908976.239,256.83,256.83,253.37,254.28
20160908,600519.SH,305.21,306.5,304.41,305.82,306.6,-0.7800000000000296,-0.25,16705.78,509979.664,253.13,254.19,252.46,253.63
20160909,600519.SH,306.65,306.86,304.0,304.63,305.82,-1.1899999999999977,-0.39,16222.51,494663.72,254.32,254.49,252.12,252.64
20160912,600519.SH,302.0,304.0,297.77,298.06,304.63,-6.569999999999993,-2.16,38238.81,1148690.134,250.46,252.12,246.95,247.2
20160913,600519.SH,299.95,300.97,299.3,300.43,298.06,2.3700000000000045,0.8,16255.88,488095.08,248.76,249.61,248.22,249.16
20160914,600519.SH,300.1,302.2,298.01,299.57,300.43,-0.8600000000000136,-0.29,18527.65,556106.069,248.89,250.63,247.15,248.45
20160919,600519.SH,300.05,301.57,299.88,300.13,299.57,0.5600000000000023,0.19,12852.1,385804.38,248.85,250.11,248.7,248.91
20160920,600519.SH,300.78,300.8,294.0,294.96,300.13,-5.170000000000016,-1.72,34892.6,1031649.944,249.45,249.47,243.83,244.62
20160921,600519.SH,295.06,295.39,289.11,294.05,294.96,-0.9099999999999682,-0.31,39037.23,1139374.18,244.71,244.98,239.77,243.87
20160922,600519.SH,294.3,299.98,294.01,296.98,294.05,2.930000000000007,1.0,29606.17,879666.027,244.08,248.79,243.84,246.3
20160923,600519.SH,297.02,298.95,295.4,297.68,296.98,0.6999999999999886,0.24,12671.9,376554.085,246.33,247.93,244.99,246.88
20160926,600519.SH,297.0,297.01,288.55,288.73,297.68,-8.949999999999989,-3.01,37176.08,1080278.313,246.32,246.32,239.31,239.46
20160927,600519.SH,288.88,291.98,288.76,291.17,288.73,2.4399999999999977,0.85,17915.82,520513.707,239.58,242.15,239.48,241.48
20160928,600519.SH,291.79,291.79,287.56,288.41,291.17,-2.759999999999991,-0.95,22360.01,648736.325,242.0,242.0,238.49,239.19
20160929,600519.SH,287.85,293.0,287.85,290.98,288.41,2.569999999999993,0.89,23705.69,688873.467,238.73,243.0,238.73,241.32
20160930,600519.SH,290.0,299.63,290.0,297.91,290.98,6.930000000000007,2.38,29603.5,880477.802,240.51,248.5,240.51,247.07
20161010,600519.SH,298.51,303.86,298.51,302.96,297.91,5.0499999999999545,1.7,21103.62,637178.86,247.57,252.01,247.57,251.26
20161011,600519.SH,304.0,309.0,303.0,308.92,302.96,5.960000000000036,1.97,41736.75,1279755.341,252.12,256.27,251.29,256.2
20161012,600519.SH,308.5,308.5,304.9,305.82,308.92,-3.1000000000000227,-1.0,19286.02,590793.82,255.85,255.85,252.87,253.63
20161013,600519.SH,306.8,306.94,303.51,303.89,305.82,-1.9300000000000068,-0.63,16143.98,491591.611,254.44,254.56,251.72,252.03
20161014,600519.SH,303.47,306.0,303.2,305.6,303.89,1.7100000000000364,0.56,12690.92,386317.907,251.68,253.78,251.46,253.45
20161017,600519.SH,305.45,305.5,301.5,302.45,305.6,-3.150000000000034,-1.03,18957.03,574503.34,253.32,253.37,250.05,250.84
20161018,600519.SH,302.5,308.5,302.0,307.16,302.45,4.710000000000036,1.56,30389.31,932443.506,250.88,255.85,250.46,254.74
20161019,600519.SH,308.5,308.75,305.1,306.45,307.16,-0.7100000000000364,-0.23,14123.28,433658.685,255.85,256.06,253.03,254.15
20161020,600519.SH,307.39,307.39,304.8,305.48,306.45,-0.9699999999999704,-0.32,14079.92,429896.204,254.93,254.93,252.79,253.35
20161021,600519.SH,305.08,305.48,302.59,304.19,305.48,-1.2900000000000205,-0.42,11483.32,349209.701,253.02,253.35,250.95,252.28
20161024,600519.SH,302.6,307.0,302.6,306.93,304.19,2.740000000000009,0.9,26246.52,802002.34,250.96,254.61,250.96,254.55
20161025,600519.SH,307.39,313.0,307.39,312.94,306.93,6.009999999999991,1.96,43762.39,1363211.035,254.93,259.59,254.93,259.54
20161026,600519.SH,313.0,318.31,311.65,313.68,312.94,0.7400000000000091,0.24,46813.07,1475976.854,259.59,263.99,258.47,260.15
20161027,600519.SH,312.99,318.22,311.01,316.87,313.68,3.1899999999999977,1.02,32951.62,1039017.332,259.58,263.91,257.94,262.8
20161028,600519.SH,317.5,318.43,314.0,317.05,316.87,0.18000000000000682,0.06,20137.33,637478.016,263.32,264.09,260.42,262.94
20161031,600519.SH,319.0,322.8,316.8,317.95,317.05,0.8999999999999773,0.28,43596.1,1394967.912,264.56,267.71,262.74,263.69
20161101,600519.SH,317.95,319.0,315.55,316.68,317.95,-1.2699999999999818,-0.4,19512.39,617880.127,263.69,264.56,261.7,262.64
20161102,600519.SH,316.09,317.16,313.68,315.18,316.68,-1.5,-0.47,20636.42,650629.063,262.15,263.04,260.15,261.39
20161103,600519.SH,315.0,316.46,314.15,315.86,315.18,0.6800000000000068,0.22,18690.81,589861.356,261.24,262.46,260.54,261.96
20161104,600519.SH,315.99,318.25,313.98,314.82,315.86,-1.0400000000000205,-0.33,20619.27,650489.997,262.07,263.94,260.4,261.1
20161107,600519.SH,315.0,317.0,313.2,315.33,314.82,0.5099999999999909,0.16,16047.8,505304.908,261.24,262.9,259.75,261.52
20161108,600519.SH,316.5,322.18,315.68,320.0,315.33,4.670000000000016,1.48,34193.83,1093003.608,262.49,267.2,261.81,265.39
20161109,600519.SH,320.0,321.97,313.8,316.81,320.0,-3.1899999999999977,-1.0,30004.49,951077.199,265.39,267.02,260.25,262.75
20161110,600519.SH,319.1,321.0,317.73,319.13,316.81,2.319999999999993,0.73,17804.96,568571.581,264.64,266.22,263.51,264.67
20161111,600519.SH,317.99,318.3,314.8,315.08,319.13,-4.050000000000011,-1.27,35902.65,1133744.319,263.72,263.98,261.08,261.31
20161114,600519.SH,315.55,315.87,309.99,310.99,315.08,-4.089999999999975,-1.3,39920.49,1246340.872,261.7,261.97,257.09,257.92
20161115,600519.SH,310.03,315.65,310.03,314.01,310.99,3.019999999999982,0.97,24470.55,766112.493,257.12,261.78,257.12,260.42
20161116,600519.SH,313.81,315.4,312.0,313.15,314.01,-0.8600000000000136,-0.27,13399.81,419672.477,260.26,261.58,258.76,259.71
20161117,600519.SH,312.08,313.0,310.53,311.04,313.15,-2.109999999999957,-0.67,18337.76,570642.087,258.82,259.59,257.54,257.96
20161118,600519.SH,311.16,311.8,309.88,310.0,311.04,-1.0400000000000205,-0.33,19377.69,601883.505,258.06,258.59,257.0,257.1
20161121,600519.SH,311.02,311.66,308.37,309.5,310.0,-0.5,-0.16,26083.84,807014.528,257.94,258.47,255.75,256.68
20161122,600519.SH,310.3,310.45,308.37,308.87,309.5,-0.6299999999999955,-0.2,26424.27,816561.74,257.35,257.47,255.75,256.16
20161123,600519.SH,311.0,313.0,309.11,312.95,308.87,4.079999999999984,1.32,34015.04,1058266.299,257.93,259.59,256.36,259.54
20161124,600519.SH,313.2,317.0,311.42,316.93,312.95,3.980000000000018,1.27,39078.7,1227937.711,259.75,262.9,258.28,262.85
20161125,600519.SH,317.04,318.0,313.42,316.89,316.93,-0.040000000000020464,-0.01,22369.67,706042.467,262.94,263.73,259.93,262.81
20161128,600519.SH,317.55,320.18,316.6,319.5,316.89,2.6100000000000136,0.82,49253.01,1568882.892,263.36,265.54,262.57,264.98
20161129,600519.SH,320.7,330.45,319.41,323.96,319.5,4.4599999999999795,1.4,58830.62,1911874.428,265.97,274.06,264.9,268.68
20161130,600519.SH,321.22,323.3,318.45,319.08,323.96,-4.8799999999999955,-1.51,26752.37,855564.591,266.4,268.13,264.11,264.63
20161201,600519.SH,320.0,324.59,318.68,321.02,319.08,1.9399999999999977,0.61,27941.82,896065.026,265.39,269.2,264.3,266.24
20161202,600519.SH,321.0,323.2,319.0,321.77,321.02,0.75,0.23,30628.33,984836.869,266.22,268.05,264.56,266.86
20161205,600519.SH,319.2,324.54,315.82,315.93,321.77,-5.839999999999975,-1.81,42060.81,1342647.367,264.73,269.16,261.92,262.02
20161206,600519.SH,316.23,326.58,316.23,326.42,315.93,10.490000000000009,3.32,38923.09,1251764.484,262.26,270.85,262.26,270.72
20161207,600519.SH,327.12,328.5,323.97,327.45,326.42,1.0299999999999727,0.32,25271.74,825849.253,271.3,272.44,268.68,271.57
20161208,600519.SH,328.01,340.0,327.0,337.71,327.45,10.259999999999991,3.13,54475.78,1825332.444,272.03,281.98,271.2,280.08
20161209,600519.SH,337.2,339.42,334.02,337.76,337.71,0.05000000000001137,0.01,34495.59,1162079.79,279.66,281.5,277.02,280.12
20161212,600519.SH,337.7,340.0,325.7,326.86,337.76,-10.899999999999977,-3.23,50332.44,1667557.014,280.07,281.98,270.12,271.08
20161213,600519.SH,326.84,335.0,325.5,333.01,326.86,6.149999999999977,1.88,41780.0,1384533.791,271.06,277.83,269.95,276.18
20161214,600519.SH,333.0,334.07,328.5,332.27,333.01,-0.7400000000000091,-0.22,32029.02,1062697.134,276.17,277.06,272.44,275.57
20161215,600519.SH,332.46,332.99,325.58,328.05,332.27,-4.21999999999997,-1.27,39202.75,1285279.911,275.72,276.16,270.02,272.07
20161216,600519.SH,327.0,329.88,323.58,327.58,328.05,-0.4700000000000273,-0.14,25051.26,818412.412,271.2,273.59,268.36,271.68
20161219,600519.SH,326.0,334.37,325.61,325.96,327.58,-1.6200000000000045,-0.49,30471.87,1002365.465,270.37,277.31,270.04,270.33
20161220,600519.SH,326.04,327.0,321.81,326.48,325.96,0.5200000000000387,0.16,30831.59,1001345.157,270.4,271.2,266.89,270.77
20161221,600519.SH,326.9,329.29,323.56,328.66,326.48,2.180000000000007,0.67,24711.24,807548.103,271.11,273.1,268.34,272.57
20161222,600519.SH,328.0,328.46,324.88,325.2,328.66,-3.4600000000000364,-1.05,14678.13,478750.707,272.03,272.41,269.44,269.7
20161223,600519.SH,323.55,324.5,319.13,320.03,325.2,-5.170000000000016,-1.59,31095.55,1001068.078,268.34,269.12,264.67,265.42
20161226,600519.SH,319.03,324.99,316.2,324.48,320.03,4.4500000000000455,1.39,26001.43,835811.094,264.59,269.53,262.24,269.11
20161227,600519.SH,324.51,328.8,323.5,326.16,324.48,1.6800000000000068,0.52,20062.29,655887.935,269.13,272.69,268.29,270.5
20161228,600519.SH,326.99,328.0,323.33,323.72,326.16,-2.4399999999999977,-0.75,17878.11,581648.979,271.19,272.03,268.15,268.48
20161229,600519.SH,324.0,327.87,323.0,327.31,323.72,3.589999999999975,1.11,21225.12,690986.078,268.71,271.92,267.88,271.45
20161230,600519.SH,326.61,335.29,326.61,334.15,327.31,6.839999999999975,2.09,34687.67,1152982.239,270.87,278.07,270.87,277.13
20170103,600519.SH,334.28,337.0,332.81,334.56,334.15,0.410000000000025,0.12,20763.89,695005.298,277.23,279.49,276.02,277.47
20170104,600519.SH,334.62,352.17,334.6,351.91,334.56,17.350000000000023,5.19,65257.38,2245051.865,277.52,292.07,277.5,291.86
20170105,600519.SH,350.0,351.45,345.44,346.74,351.91,-5.170000000000016,-1.47,41704.48,1449077.676,290.27,291.47,286.49,287.57
20170106,600519.SH,346.64,359.78,346.1,350.76,346.74,4.019999999999982,1.16,68095.62,2402546.296,287.48,298.38,287.04,290.9
20170109,600519.SH,347.8,352.88,346.54,348.51,350.76,-2.25,-0.64,35405.0,1233977.973,288.45,292.66,287.4,289.04
20170110,600519.SH,348.45,352.0,346.6,349.0,348.51,0.4900000000000091,0.14,31727.64,1108100.804,288.99,291.93,287.45,289.44
20170111,600519.SH,348.0,348.0,343.5,345.45,349.0,-3.5500000000000114,-1.02,23598.51,814074.636,288.61,288.61,284.88,286.5
20170112,600519.SH,346.55,347.4,344.51,347.05,345.45,1.6000000000000227,0.46,17779.4,614822.051,287.41,288.12,285.72,287.83
20170113,600519.SH,346.98,347.39,343.88,344.87,347.05,-2.180000000000007,-0.63,18282.48,631734.939,287.77,288.11,285.2,286.02
20170116,600519.SH,344.13,344.8,338.8,341.47,344.87,-3.3999999999999773,-0.99,36855.45,1259384.863,285.4,285.96,280.98,283.2
20170117,600519.SH,342.6,351.5,342.0,349.13,341.47,7.659999999999968,2.24,35188.38,1223967.88,284.13,291.52,283.64,289.55
20170118,600519.SH,348.88,356.77,347.21,355.08,349.13,5.949999999999989,1.7,46005.7,1622110.97,289.34,295.89,287.96,294.48
20170119,600519.SH,355.0,358.48,351.7,354.72,355.08,-0.3599999999999568,-0.1,28523.92,1011320.058,294.42,297.3,291.68,294.19
20170120,600519.SH,354.9,357.4,353.03,354.99,354.72,0.2699999999999818,0.08,21344.17,758415.995,294.34,296.41,292.78,294.41
20170123,600519.SH,356.88,359.8,349.46,351.22,354.99,-3.769999999999982,-1.06,32581.18,1151869.289,295.98,298.4,289.82,291.28
20170124,600519.SH,351.27,352.8,346.75,350.31,351.22,-0.910000000000025,-0.26,26914.58,939129.474,291.32,292.59,287.58,290.53
20170125,600519.SH,349.98,349.98,346.2,347.63,350.31,-2.680000000000007,-0.77,22990.36,799259.963,290.26,290.26,287.12,288.31
20170126,600519.SH,348.14,348.8,341.3,344.42,347.63,-3.2099999999999795,-0.92,37826.17,1303262.151,288.73,289.28,283.06,285.64
20170203,600519.SH,346.0,349.18,345.0,346.85,344.42,2.430000000000007,0.71,20936.43,727140.789,286.95,289.59,286.12,287.66
20170206,600519.SH,348.49,348.89,344.96,346.85,346.85,0.0,0.0,15680.79,543401.899,289.02,289.35,286.09,287.66
20170207,600519.SH,346.84,347.4,343.14,343.58,346.85,-3.2700000000000387,-0.94,20519.83,707114.116,287.65,288.12,284.58,284.95
20170208,600519.SH,343.76,345.5,342.67,344.21,343.58,0.6299999999999955,0.18,19088.54,656786.314,285.1,286.54,284.19,285.47
20170209,600519.SH,345.0,348.79,344.61,347.61,344.21,3.400000000000034,0.99,23324.38,808958.183,286.12,289.27,285.8,288.29
20170210,600519.SH,348.62,349.82,345.0,345.08,347.61,-2.5300000000000296,-0.73,24056.59,835679.322,289.13,290.12,286.12,286.19
20170213,600519.SH,344.0,351.9,341.92,349.75,345.08,4.670000000000016,1.35,53587.9,1869148.354,285.3,291.85,283.57,290.06
20170214,600519.SH,349.54,352.6,349.1,350.21,349.75,0.45999999999997954,0.13,26558.68,931733.735,289.89,292.43,289.53,290.45
20170215,600519.SH,351.5,352.44,347.2,348.53,350.21,-1.6800000000000068,-0.48,26256.96,917475.854,291.52,292.3,287.95,289.05
20170216,600519.SH,348.5,348.62,345.51,348.09,348.53,-0.4399999999999977,-0.13,17642.3,612607.282,289.03,289.13,286.55,288.69
20170217,600519.SH,348.9,354.44,347.5,350.56,348.09,2.4700000000000273,0.71,29102.34,1022647.971,289.36,293.95,288.2,290.74
20170220,600519.SH,350.41,362.32,350.01,361.29,350.56,10.730000000000018,3.06,61853.4,2215563.601,290.61,300.49,290.28,299.63
20170221,600519.SH,361.88,362.43,357.18,358.74,361.29,-2.5500000000000114,-0.71,27705.77,994112.865,300.12,300.58,296.23,297.52
20170222,600519.SH,360.61,366.52,360.0,361.89,358.74,3.1499999999999773,0.88,37130.31,1347469.102,299.07,303.97,298.57,300.13
20170223,600519.SH,360.97,365.48,359.76,361.7,361.89,-0.18999999999999773,-0.05,23328.06,844123.194,299.37,303.11,298.37,299.97
20170224,600519.SH,362.0,362.89,360.05,362.62,361.7,0.9200000000000159,0.25,17692.78,639123.205,300.22,300.96,298.61,300.74
20170227,600519.SH,362.49,362.85,356.8,357.2,362.62,-5.420000000000016,-1.49,25400.46,912927.183,300.63,300.93,295.91,296.24
20170228,600519.SH,357.0,359.2,353.58,354.66,357.2,-2.5399999999999636,-0.71,27473.51,975788.668,296.08,297.9,293.24,294.14
20170301,600519.SH,355.1,358.2,355.0,356.61,354.66,1.9499999999999886,0.55,21944.2,782349.009,294.5,297.07,294.42,295.75
20170302,600519.SH,356.71,357.0,354.53,356.82,356.61,0.20999999999997954,0.06,22103.62,785560.42,295.84,296.08,294.03,295.93
20170303,600519.SH,355.0,358.22,355.0,356.54,356.82,-0.2799999999999727,-0.08,14153.55,505108.556,294.42,297.09,294.42,295.7
20170306,600519.SH,357.66,359.54,356.55,358.96,356.54,2.419999999999959,0.68,22818.84,818625.871,296.62,298.18,295.7,297.7
20170307,600519.SH,358.03,368.88,358.03,367.2,358.96,8.240000000000009,2.3,46286.98,1694198.549,296.93,305.93,296.93,304.54
20170308,600519.SH,367.18,368.49,365.5,367.28,367.2,0.07999999999998408,0.02,16037.7,588667.675,304.52,305.61,303.13,304.6
20170309,600519.SH,367.0,369.98,365.56,369.9,367.28,2.6200000000000045,0.71,23406.06,860084.024,304.37,306.84,303.18,306.78
20170310,600519.SH,369.92,377.0,368.36,369.85,369.9,-0.049999999999954525,-0.01,40951.05,1524343.094,306.79,312.66,305.5,306.73
20170313,600519.SH,370.05,374.33,367.53,371.55,369.85,1.6999999999999886,0.46,27674.32,1027592.8,306.9,310.45,304.81,308.14
20170314,600519.SH,371.55,373.85,368.34,369.5,371.55,-2.0500000000000114,-0.55,20416.49,756359.624,308.14,310.05,305.48,306.44
20170315,600519.SH,369.5,375.15,369.01,374.68,369.5,5.180000000000007,1.4,25155.26,935994.827,306.44,311.13,306.04,310.74
20170316,600519.SH,376.56,378.3,372.8,374.77,374.68,0.08999999999997499,0.02,25022.6,938231.439,312.3,313.74,309.18,310.81
20170317,600519.SH,373.1,384.45,373.1,378.48,374.77,3.7100000000000364,0.99,34700.26,1315336.843,309.43,318.84,309.43,313.89
20170320,600519.SH,380.5,386.71,378.88,386.41,378.48,7.930000000000007,2.1,31545.94,1209603.913,315.57,320.72,314.22,320.47
20170321,600519.SH,386.55,396.5,386.5,394.01,386.41,7.599999999999966,1.97,48460.96,1901883.74,320.58,328.84,320.54,326.77
20170322,600519.SH,390.53,394.6,385.0,394.48,394.01,0.4700000000000273,0.12,45532.71,1775217.767,323.89,327.26,319.3,327.16
20170323,600519.SH,392.03,393.99,386.6,389.79,394.48,-4.689999999999998,-1.19,34504.81,1345058.757,325.13,326.75,320.63,323.27
20170324,600519.SH,392.32,393.22,385.0,386.82,389.79,-2.9700000000000273,-0.76,33287.72,1292313.386,325.37,326.12,319.3,320.81
20170327,600519.SH,386.03,389.26,378.39,378.82,386.82,-8.0,-2.07,53690.28,2054742.982,320.15,322.83,313.82,314.17
20170328,600519.SH,379.95,381.15,376.66,380.26,378.82,1.4399999999999977,0.38,41187.17,1558258.565,315.11,316.11,312.38,315.37
20170329,600519.SH,381.01,385.8,379.9,383.65,380.26,3.3899999999999864,0.89,37299.67,1429610.961,315.99,319.96,315.07,318.18
20170330,600519.SH,383.0,386.89,382.6,386.14,383.65,2.490000000000009,0.65,31612.99,1216016.529,317.64,320.87,317.31,320.24
20170331,600519.SH,386.2,388.0,384.18,386.36,386.14,0.22000000000002728,0.06,24474.22,945503.282,320.29,321.79,318.62,320.43
20170405,600519.SH,385.66,394.99,385.0,389.66,386.36,3.3000000000000114,0.85,40789.98,1594997.313,319.85,327.58,319.3,323.16
20170406,600519.SH,389.01,393.0,386.63,391.91,389.66,2.25,0.58,28857.2,1125204.238,322.62,325.93,320.65,325.03
20170407,600519.SH,392.99,394.0,389.6,392.87,391.91,0.9599999999999795,0.24,24097.23,945589.197,325.93,326.76,323.11,325.83
20170410,600519.SH,394.0,394.0,388.0,389.2,392.87,-3.670000000000016,-0.93,28869.48,1126296.265,326.76,326.76,321.79,322.78
20170411,600519.SH,388.05,390.7,380.6,385.29,389.2,-3.909999999999968,-1.0,43530.72,1679537.545,321.83,324.03,315.65,319.54
20170412,600519.SH,385.29,391.0,384.8,390.23,385.29,4.939999999999998,1.28,27002.91,1049245.582,319.54,324.27,319.13,323.64
20170413,600519.SH,390.78,398.59,390.51,398.39,390.23,8.159999999999968,2.09,45648.35,1805008.871,324.09,330.57,323.87,330.4
20170414,600519.SH,399.43,399.88,395.0,395.45,398.39,-2.9399999999999977,-0.74,23646.56,938378.987,331.27,331.64,327.59,327.97
20170417,600519.SH,391.0,398.28,388.55,395.79,395.45,0.34000000000003183,0.09,28793.71,1136763.705,324.27,330.31,322.24,328.25
20170418,600519.SH,394.6,406.55,394.6,404.65,395.79,8.859999999999957,2.24,49581.0,1987661.267,327.26,337.17,327.26,335.6
20170419,600519.SH,403.0,409.1,402.86,405.74,404.65,1.0900000000000318,0.27,37550.11,1521983.651,334.23,339.29,334.11,336.5
20170420,600519.SH,406.09,420.43,406.09,415.31,405.74,9.569999999999993,2.36,50457.68,2091241.453,336.79,348.68,336.79,344.44
20170421,600519.SH,415.0,415.6,400.0,400.53,415.31,-14.78000000000003,-3.56,49332.92,2015062.634,344.18,344.68,331.74,332.18
20170424,600519.SH,400.62,405.0,389.0,398.55,400.53,-1.9799999999999613,-0.49,50037.97,1986424.986,332.25,335.89,322.62,330.54
20170425,600519.SH,404.8,420.17,404.8,418.89,398.55,20.339999999999975,5.1,76192.71,3143136.343,335.72,348.47,335.72,347.41
20170426,600519.SH,418.85,428.68,413.01,417.96,418.89,-0.9300000000000068,-0.22,56624.12,2384125.12,347.37,355.52,342.53,346.63
20170427,600519.SH,415.53,421.97,410.43,421.44,417.96,3.480000000000018,0.83,28240.71,1180494.894,344.62,349.96,340.39,349.52
20170428,600519.SH,421.99,423.0,409.9,413.48,421.44,-7.9599999999999795,-1.89,49505.87,2052093.809,349.98,350.81,339.95,342.92
20170502,600519.SH,411.6,415.0,409.18,412.08,413.48,-1.400000000000034,-0.34,23291.68,960137.243,341.36,344.18,339.35,341.76
20170503,600519.SH,411.0,417.66,411.0,417.61,412.08,5.53000000000003,1.34,20267.91,842560.358,340.86,346.39,340.86,346.34
20170504,600519.SH,414.63,418.48,414.63,416.0,417.61,-1.6100000000000136,-0.39,26709.15,1111200.116,343.87,347.07,343.87,345.01
20170505,600519.SH,416.2,422.78,415.1,416.19,416.0,0.18999999999999773,0.05,37437.11,1566063.418,345.17,350.63,344.26,345.17
20170508,600519.SH,416.18,417.0,404.72,405.48,416.19,-10.70999999999998,-2.57,40721.65,1671035.538,345.16,345.84,335.65,336.28
20170509,600519.SH,404.44,409.88,398.0,408.76,405.48,3.2799999999999727,0.81,52801.92,2126236.509,335.42,339.93,330.08,339.0
20170510,600519.SH,408.4,414.44,407.02,410.09,408.76,1.329999999999984,0.33,26039.38,1070652.714,338.71,343.71,337.56,340.11
20170511,600519.SH,408.4,414.7,406.51,412.16,410.09,2.07000000000005,0.5,30467.64,1254053.012,338.71,343.93,337.14,341.82
20170512,600519.SH,413.59,415.3,410.01,413.47,412.16,1.3100000000000023,0.32,22337.42,921621.377,343.01,344.43,340.04,342.91
20170515,600519.SH,413.12,420.35,413.12,419.55,413.47,6.079999999999984,1.47,33447.35,1398908.2,342.62,348.62,342.62,347.95
20170516,600519.SH,419.6,431.22,418.26,430.12,419.55,10.569999999999993,2.52,50164.9,2145037.948,347.99,357.63,346.88,356.72
20170517,600519.SH,429.0,430.19,424.88,426.6,430.12,-3.519999999999982,-0.82,27515.21,1174696.177,355.79,356.78,352.37,353.8
20170518,600519.SH,425.05,430.7,425.01,429.54,426.6,2.9399999999999977,0.69,24300.8,1040535.48,352.51,357.2,352.48,356.24
20170519,600519.SH,429.57,441.8,429.57,440.82,429.54,11.279999999999973,2.63,38310.83,1672948.423,356.26,366.41,356.26,365.59
20170522,600519.SH,439.04,446.01,436.2,441.78,440.82,0.9599999999999795,0.22,35321.49,1560087.945,364.12,369.9,361.76,366.39
20170523,600519.SH,442.25,454.47,442.25,454.2,441.78,12.420000000000016,2.81,48454.39,2178738.025,366.78,376.91,366.78,376.69
20170524,600519.SH,452.9,456.48,446.0,450.32,454.2,-3.8799999999999955,-0.85,40226.18,1812513.084,375.61,378.58,369.89,373.47
20170525,600519.SH,448.71,452.96,447.5,450.6,450.32,0.28000000000002956,0.06,28898.42,1299628.591,372.14,375.66,371.13,373.7
20170526,600519.SH,450.82,455.6,448.0,451.92,450.6,1.3199999999999932,0.29,27386.64,1237323.135,373.89,377.85,371.55,374.8
20170531,600519.SH,450.0,450.5,440.11,442.94,451.92,-8.980000000000018,-1.99,44312.25,1968887.174,373.21,373.62,365.0,367.35
20170601,600519.SH,442.5,449.95,441.01,449.28,442.94,6.339999999999975,1.43,40604.78,1808305.713,366.99,373.16,365.75,372.61
20170602,600519.SH,450.0,450.95,445.6,447.31,449.28,-1.9699999999999704,-0.44,21785.26,974893.318,373.21,373.99,369.56,370.98
20170605,600519.SH,448.04,449.0,442.35,444.41,447.31,-2.8999999999999773,-0.65,19241.2,854876.925,371.58,372.38,366.86,368.57
20170606,600519.SH,444.97,449.0,444.2,448.82,444.41,4.409999999999968,0.99,20402.44,912438.705,369.03,372.38,368.4,372.23
20170607,600519.SH,449.12,460.0,449.12,459.37,448.82,10.550000000000011,2.35,38834.3,1774212.484,372.48,381.5,372.48,380.98
20170608,600519.SH,461.32,464.4,458.5,464.31,459.37,4.939999999999998,1.08,28951.11,1338443.407,382.59,385.15,380.26,385.07
20170609,600519.SH,464.24,470.8,463.0,465.74,464.31,1.4300000000000068,0.31,31430.76,1467836.835,385.02,390.46,383.99,386.26
20170612,600519.SH,467.0,475.44,465.0,472.88,465.74,7.139999999999986,1.53,35109.16,1654501.999,387.31,394.3,385.65,392.18
20170613,600519.SH,473.05,474.5,467.0,473.04,472.88,0.160000000000025,0.03,24237.98,1141536.364,392.32,393.53,387.31,392.31
20170614,600519.SH,472.79,477.5,470.48,474.39,473.04,1.349999999999966,0.29,33768.63,1600846.629,392.11,396.01,390.19,393.43
20170615,600519.SH,475.0,475.48,464.0,464.3,474.39,-10.089999999999975,-2.13,50202.8,2347172.38,393.94,394.34,384.82,385.07
20170616,600519.SH,461.5,467.49,461.26,462.63,464.3,-1.670000000000016,-0.36,33331.8,1544955.944,382.74,387.71,382.54,383.68
20170619,600519.SH,461.96,470.39,461.96,470.17,462.63,7.5400000000000205,1.63,38536.68,1803585.246,383.13,390.12,383.13,389.93
20170620,600519.SH,473.0,474.88,465.66,466.3,470.17,-3.8700000000000045,-0.82,34505.39,1614858.151,392.28,393.84,386.19,386.72
20170621,600519.SH,469.55,473.0,466.03,472.71,466.3,6.409999999999968,1.37,42038.54,1974672.846,389.42,392.28,386.5,392.04
20170622,600519.SH,473.02,477.93,471.2,472.75,472.71,0.040000000000020464,0.01,38242.34,1815684.37,392.3,396.37,390.79,392.07
20170623,600519.SH,472.86,474.88,468.33,472.73,472.75,-0.01999999999998181,-0.0,31303.62,1473803.782,392.17,393.84,388.41,392.06
20170626,600519.SH,473.01,485.0,472.0,484.68,472.73,11.949999999999989,2.53,52932.57,2536430.501,392.29,402.23,391.45,401.97
20170627,600519.SH,482.82,485.0,480.85,484.1,484.68,-0.5799999999999841,-0.12,27980.78,1350476.765,400.43,402.23,398.79,401.49
20170628,600519.SH,484.09,484.09,473.0,475.3,484.1,-8.800000000000011,-1.82,37728.74,1799676.818,401.48,401.48,392.28,394.19
20170629,600519.SH,476.3,477.35,470.0,473.01,475.3,-2.2900000000000205,-0.48,35092.72,1657994.404,395.02,395.89,389.79,392.29
20170630,600519.SH,471.51,474.16,467.8,471.85,473.01,-1.1599999999999682,-0.25,22427.17,1056424.784,391.05,393.24,387.97,391.33
20170703,600519.SH,474.2,474.2,457.9,460.37,471.85,-11.480000000000018,-2.43,49628.53,2298656.458,393.28,393.28,379.76,381.81
20170704,600519.SH,458.96,460.0,449.0,451.92,460.37,-8.449999999999989,-1.84,56488.95,2563886.39,380.64,381.5,372.38,374.8
20170705,600519.SH,453.01,460.33,453.01,460.13,451.92,8.20999999999998,1.82,37540.32,1718844.532,375.7,381.77,375.7,381.61
20170706,600519.SH,458.11,460.2,450.6,455.98,460.13,-4.149999999999977,-0.9,42044.39,1913037.511,379.93,381.67,373.7,378.17
20170707,600519.SH,451.05,451.1,441.2,445.97,455.98,-10.009999999999991,-2.2,37796.47,1681450.715,379.74,379.78,371.45,375.46
20170710,600519.SH,446.88,454.9,442.97,454.47,445.97,8.5,1.91,36624.09,1648443.67,376.23,382.98,372.94,382.62
20170711,600519.SH,454.5,464.58,454.0,463.13,454.47,8.659999999999968,1.91,44601.82,2054854.503,382.64,391.13,382.22,389.91
20170712,600519.SH,465.8,465.99,455.0,457.47,463.13,-5.659999999999968,-1.22,28950.72,1330327.923,392.16,392.32,383.06,385.14
20170713,600519.SH,455.35,461.91,453.68,456.16,457.47,-1.3100000000000023,-0.29,25951.35,1183440.452,383.36,388.88,381.95,384.04
20170714,600519.SH,456.25,458.76,453.05,456.41,456.16,0.25,0.05,17726.57,806510.274,384.12,386.23,381.42,384.25
20170717,600519.SH,457.04,458.04,446.28,450.07,456.41,-6.340000000000032,-1.39,35263.68,1595292.99,384.78,385.62,375.72,378.91
20170718,600519.SH,451.99,453.99,448.0,452.55,450.07,2.480000000000018,0.55,30684.49,1384468.254,380.53,382.21,377.17,381.0
20170719,600519.SH,454.0,463.62,452.8,456.86,452.55,4.310000000000002,0.95,56259.94,2574934.655,382.22,390.32,381.21,384.63
20170720,600519.SH,455.86,466.89,455.86,466.47,456.86,9.610000000000014,2.1,46634.87,2160731.54,383.79,393.07,383.79,392.72
20170721,600519.SH,466.96,475.01,463.66,473.2,466.47,6.729999999999961,1.44,46792.41,2207195.747,393.13,399.91,390.35,398.39
20170724,600519.SH,474.88,485.35,474.88,477.8,473.2,4.600000000000023,0.97,42716.43,2052709.805,399.8,408.61,399.8,402.26
20170725,600519.SH,482.2,482.8,476.1,477.96,477.8,0.15999999999996817,0.03,21929.99,1051446.103,405.96,406.47,400.83,402.39
20170726,600519.SH,478.05,481.63,466.56,471.63,477.96,-6.329999999999984,-1.32,31470.18,1487729.148,402.47,405.48,392.8,397.06
20170727,600519.SH,471.63,475.85,471.1,473.87,471.63,2.240000000000009,0.47,19595.03,928077.23,397.06,400.62,396.62,398.95
20170728,600519.SH,471.0,484.07,467.71,483.92,473.87,10.050000000000011,2.12,46618.77,2235811.533,396.53,407.54,393.76,407.41
20170731,600519.SH,484.0,487.96,481.0,481.22,483.92,-2.6999999999999886,-0.56,38412.18,1861154.799,407.48,410.81,404.95,405.14
20170801,600519.SH,481.0,483.0,477.4,480.24,481.22,-0.9800000000000182,-0.2,27501.54,1318453.67,404.95,406.64,401.92,404.31
20170802,600519.SH,480.04,484.88,478.51,482.84,480.24,2.599999999999966,0.54,26774.22,1289564.021,404.14,408.22,402.86,406.5
20170803,600519.SH,483.68,486.85,475.63,477.22,482.84,-5.619999999999948,-1.16,31768.39,1522998.147,407.21,409.88,400.43,401.77
20170804,600519.SH,477.0,478.98,472.6,473.64,477.22,-3.580000000000041,-0.75,18681.14,887074.164,401.58,403.25,397.88,398.76
20170807,600519.SH,472.5,482.4,471.13,481.56,473.64,7.920000000000016,1.67,23099.37,1104715.336,397.8,406.13,396.64,405.42
20170808,600519.SH,482.0,484.22,479.5,482.58,481.56,1.0199999999999818,0.21,16051.58,773408.185,405.79,407.66,403.69,406.28
20170809,600519.SH,484.84,492.98,482.03,490.85,482.58,8.270000000000039,1.71,41794.47,2045888.052,408.19,415.04,405.82,413.25
20170810,600519.SH,491.09,499.6,489.0,491.63,490.85,0.7799999999999727,0.16,35364.38,1747693.641,413.45,420.61,411.69,413.9
20170811,600519.SH,489.0,496.55,483.48,484.06,491.63,-7.569999999999993,-1.54,36572.57,1785149.162,411.69,418.04,407.04,407.53
20170814,600519.SH,485.21,500.1,485.21,499.83,484.06,15.769999999999982,3.26,39331.47,1952353.92,408.5,421.03,408.5,420.81
20170815,600519.SH,500.11,501.1,495.01,495.97,499.83,-3.859999999999957,-0.77,27163.22,1350104.673,421.04,421.87,416.75,417.56
20170816,600519.SH,498.0,498.8,493.0,496.49,495.97,0.5199999999999818,0.1,18587.22,921412.991,419.26,419.94,415.06,417.99
20170817,600519.SH,497.6,497.6,489.8,492.69,496.49,-3.8000000000000114,-0.77,25846.73,1272341.257,418.93,418.93,412.36,414.79
20170818,600519.SH,492.8,494.44,488.0,489.65,492.69,-3.0400000000000205,-0.62,23857.75,1169732.673,414.89,416.27,410.85,412.23
20170821,600519.SH,488.0,494.4,486.94,489.73,489.65,0.08000000000004093,0.02,23546.62,1153168.712,410.85,416.23,409.95,412.3
20170822,600519.SH,487.4,489.48,476.0,487.22,489.73,-2.509999999999991,-0.51,42457.03,2051271.355,410.34,412.09,400.74,410.19
20170823,600519.SH,485.45,494.63,484.32,494.01,487.22,6.789999999999964,1.39,27214.99,1337347.647,408.7,416.43,407.75,415.91
20170824,600519.SH,493.99,496.4,492.02,492.81,494.01,-1.1999999999999886,-0.24,18156.78,896861.683,415.89,417.92,414.23,414.9
20170825,600519.SH,493.45,494.25,489.32,492.99,492.81,0.18000000000000682,0.04,17297.88,850598.725,415.43,416.11,411.96,415.05
20170828,600519.SH,493.0,497.29,491.03,492.04,492.99,-0.9499999999999886,-0.19,29021.07,1432545.548,415.06,418.67,413.4,414.25
20170829,600519.SH,493.02,494.88,488.01,489.44,492.04,-2.6000000000000227,-0.53,25176.62,1234431.719,415.07,416.64,410.85,412.06
20170830,600519.SH,489.7,493.75,489.16,492.97,489.44,3.5300000000000296,0.72,18503.64,910133.939,412.28,415.69,411.82,415.03
20170831,600519.SH,494.04,494.88,489.8,491.15,492.97,-1.82000000000005,-0.37,18736.86,921659.704,415.93,416.64,412.36,413.5
20170901,600519.SH,490.2,496.28,490.03,495.18,491.15,4.03000000000003,0.82,31451.0,1554634.575,412.7,417.82,412.55,416.89
20170904,600519.SH,495.18,496.66,491.27,492.42,495.18,-2.759999999999991,-0.56,18931.62,932954.81,416.89,418.14,413.6,414.57
20170905,600519.SH,492.88,493.99,489.5,489.99,492.42,-2.430000000000007,-0.49,22622.15,1112006.392,414.95,415.89,412.11,412.52
20170906,600519.SH,490.0,492.77,484.84,484.98,489.99,-5.009999999999991,-1.02,33006.5,1608066.103,412.53,414.86,408.19,408.3
20170907,600519.SH,485.31,486.9,480.06,481.27,484.98,-3.7100000000000364,-0.76,33320.16,1605408.576,408.58,409.92,404.16,405.18
20170908,600519.SH,478.25,480.5,474.0,474.37,481.27,-6.899999999999977,-1.43,41173.27,1962989.43,402.64,404.53,399.06,399.37
20170911,600519.SH,471.09,482.22,469.98,478.32,474.37,3.9499999999999886,0.83,45374.4,2161657.241,396.61,405.98,395.67,402.7
20170912,600519.SH,479.5,486.0,478.4,484.91,478.32,6.590000000000032,1.38,34341.63,1661294.228,403.69,409.16,402.76,408.24
20170913,600519.SH,485.0,492.2,481.38,491.63,484.91,6.71999999999997,1.39,33075.7,1618956.527,408.32,414.38,405.27,413.9
20170914,600519.SH,492.99,494.03,488.99,490.71,491.63,-0.9200000000000159,-0.19,19399.49,953145.166,415.05,415.92,411.68,413.13
20170915,600519.SH,492.5,492.5,488.0,489.84,490.71,-0.8700000000000045,-0.18,16039.46,786562.205,414.63,414.63,410.85,412.39
20170918,600519.SH,490.14,500.5,490.14,498.97,489.84,9.130000000000052,1.86,42206.81,2101680.376,412.65,421.37,412.65,420.08
20170919,600519.SH,500.3,502.5,496.01,496.95,498.97,-2.0200000000000387,-0.4,23054.81,1151152.851,421.2,423.05,417.59,418.38
20170920,600519.SH,496.9,500.02,496.0,496.2,496.95,-0.75,-0.15,17318.16,862024.944,418.34,420.97,417.58,417.75
20170921,600519.SH,495.94,500.58,492.88,498.77,496.2,2.569999999999993,0.52,19402.68,963615.276,417.53,421.44,414.95,419.91
20170922,600519.SH,496.9,500.18,495.8,499.93,498.77,1.160000000000025,0.23,16343.53,815718.865,418.34,421.1,417.41,420.89
20170925,600519.SH,500.31,508.2,500.3,507.24,499.93,7.310000000000002,1.46,32697.56,1649582.919,421.21,427.85,421.2,427.04
20170926,600519.SH,506.69,510.0,503.6,509.29,507.24,2.0500000000000114,0.4,25470.49,1292872.632,426.58,429.37,423.98,428.77
20170927,600519.SH,508.92,511.03,506.07,508.21,509.29,-1.080000000000041,-0.21,16671.11,847627.355,428.46,430.23,426.06,427.86
20170928,600519.SH,507.2,520.2,507.15,518.46,508.21,10.250000000000057,2.02,25969.85,1340236.075,427.01,437.95,426.97,436.49
20170929,600519.SH,516.0,525.88,515.5,517.64,518.46,-0.82000000000005,-0.16,22436.22,1166403.112,434.42,442.74,434.0,435.8
20171009,600519.SH,524.54,535.55,520.1,527.77,517.64,10.129999999999995,1.96,34891.29,1844481.6,441.61,450.88,437.87,444.33
20171010,600519.SH,527.05,540.49,527.01,540.06,527.77,12.289999999999964,2.33,31006.44,1662690.453,443.72,455.04,443.69,454.67
20171011,600519.SH,538.1,551.25,538.1,545.54,540.06,5.480000000000018,1.01,33406.43,1824898.708,453.02,464.1,453.02,459.29
20171012,600519.SH,545.0,547.5,540.18,544.09,545.54,-1.4499999999999318,-0.27,19646.22,1067464.518,458.83,460.94,454.78,458.07
20171013,600519.SH,545.0,556.6,542.01,556.15,544.09,12.059999999999945,2.22,27858.42,1534212.916,458.83,468.6,456.32,468.22
20171016,600519.SH,559.99,566.66,555.87,560.69,556.15,4.540000000000077,0.82,29909.01,1676809.992,471.45,477.07,467.99,472.04
20171017,600519.SH,560.97,560.97,554.0,556.73,560.69,-3.9600000000000364,-0.71,20977.12,1168943.28,472.28,472.28,466.41,468.71
20171018,600519.SH,554.2,562.59,554.2,560.72,556.73,3.990000000000009,0.72,19178.65,1072237.528,466.58,473.64,466.58,472.07
20171019,600519.SH,561.0,585.15,560.72,582.6,560.72,21.879999999999995,3.9,40658.82,2338901.855,472.3,492.64,472.07,490.49
20171020,600519.SH,581.0,581.0,571.76,574.33,582.6,-8.269999999999982,-1.42,31534.33,1812957.242,489.14,489.14,481.36,483.53
20171023,600519.SH,574.92,580.5,568.0,573.41,574.33,-0.9200000000000728,-0.16,23771.82,1362900.409,484.02,488.72,478.2,482.75
20171024,600519.SH,572.0,573.8,563.61,567.33,573.41,-6.079999999999927,-1.06,31274.28,1775645.971,481.57,483.08,474.5,477.63
20171025,600519.SH,569.75,571.68,562.06,565.67,567.33,-1.6600000000000819,-0.29,25076.0,1418395.221,479.67,481.3,473.2,476.24
20171026,600519.SH,605.0,613.0,591.91,605.09,565.67,39.42000000000007,6.97,115434.97,6957625.411,509.35,516.08,498.33,509.42
20171027,600519.SH,602.11,655.0,600.03,649.63,605.09,44.539999999999964,7.36,84383.79,5284485.766,506.91,551.44,505.16,546.92
20171030,600519.SH,643.05,644.0,621.0,622.08,649.63,-27.549999999999955,-4.24,81007.86,5099041.747,541.38,542.18,522.82,523.73
20171031,600519.SH,622.01,627.6,611.88,618.03,622.08,-4.050000000000068,-0.65,51875.68,3206280.6,523.67,528.37,515.14,520.32
20171101,600519.SH,620.88,631.54,619.22,623.01,618.03,4.980000000000018,0.81,43435.25,2712016.939,522.72,531.69,521.32,524.51
20171102,600519.SH,626.95,629.78,621.0,626.92,623.01,3.909999999999968,0.63,34249.73,2144671.943,527.83,530.21,522.82,527.8
20171103,600519.SH,628.65,643.44,628.65,639.17,626.92,12.25,1.95,48188.97,3075651.167,529.26,541.71,529.26,538.12
20171106,600519.SH,641.5,657.62,640.2,653.06,639.17,13.889999999999986,2.17,48513.98,3153638.704,540.08,553.65,538.98,549.81
20171107,600519.SH,650.58,657.15,638.18,642.07,653.06,-10.989999999999895,-1.68,55564.85,3592238.407,547.72,553.25,537.28,540.56
20171108,600519.SH,642.33,654.5,642.33,650.38,642.07,8.309999999999945,1.29,43951.94,2855374.07,540.78,551.02,540.78,547.55
20171109,600519.SH,648.0,654.15,644.61,650.07,650.38,-0.30999999999994543,-0.05,33641.13,2183815.39,545.55,550.73,542.7,547.29
20171110,600519.SH,650.43,683.4,650.43,677.95,650.07,27.879999999999995,4.29,74078.6,4967970.73,547.6,575.35,547.6,570.76
20171113,600519.SH,680.0,692.78,675.8,687.88,677.95,9.92999999999995,1.46,49869.84,3402794.002,572.49,583.25,568.95,579.12
20171114,600519.SH,687.14,687.22,677.35,678.75,687.88,-9.129999999999995,-1.33,46366.71,3159112.664,578.5,578.57,570.26,571.44
20171115,600519.SH,678.75,689.99,674.0,688.08,678.75,9.330000000000041,1.37,45036.33,3074244.081,571.44,580.9,567.44,579.29
20171116,600519.SH,686.01,719.96,686.01,719.11,688.08,31.029999999999973,4.51,60716.32,4299283.186,577.55,606.13,577.55,605.42
20171117,600519.SH,696.0,709.0,677.77,690.25,719.11,-28.860000000000014,-4.01,123861.24,8548747.991,585.96,596.91,570.61,581.12
20171120,600519.SH,676.8,685.6,660.0,679.15,690.25,-11.100000000000023,-1.61,88305.82,5954131.851,569.8,577.2,555.65,571.77
20171121,600519.SH,669.0,688.8,662.02,677.25,679.15,-1.8999999999999773,-0.28,96016.51,6491134.446,563.23,579.9,557.35,570.17
20171122,600519.SH,677.0,688.0,650.0,650.52,677.25,-26.730000000000018,-3.95,128498.26,8528143.403,569.96,579.23,547.23,547.67
20171123,600519.SH,642.0,646.0,630.22,633.73,650.52,-16.789999999999964,-2.58,109599.13,6984097.475,540.5,543.87,530.58,533.54
20171124,600519.SH,635.9,642.5,622.23,630.04,633.73,-3.6900000000000546,-0.58,76541.94,4835808.966,535.36,540.92,523.85,530.43
20171127,600519.SH,634.0,636.33,613.01,621.29,630.04,-8.75,-1.39,63548.46,3975262.024,533.76,535.72,516.09,523.06
20171128,600519.SH,625.06,648.88,624.0,648.23,621.29,26.940000000000055,4.34,70291.83,4491543.613,526.24,546.29,525.34,545.74
20171129,600519.SH,649.94,651.97,634.01,638.12,648.23,-10.110000000000014,-1.56,46763.72,3005733.412,547.18,548.89,533.77,537.23
20171130,600519.SH,635.51,648.48,626.0,631.0,638.12,-7.1200000000000045,-1.12,38019.62,2419959.854,535.03,545.95,527.03,531.24
20171201,600519.SH,638.01,638.99,620.13,622.35,631.0,-8.649999999999977,-1.37,47192.74,2959772.009,537.14,537.96,522.09,523.95
20171204,600519.SH,623.95,644.1,616.72,637.79,622.35,15.43999999999994,2.48,54267.71,3436687.377,525.3,542.27,519.21,536.95
20171205,600519.SH,634.0,647.4,630.13,632.96,637.79,-4.829999999999927,-0.76,47465.76,3026076.465,533.76,545.04,530.5,532.89
20171206,600519.SH,631.5,644.1,620.0,625.01,632.96,-7.9500000000000455,-1.26,58174.09,3657236.582,531.66,542.27,521.98,526.19
20171207,600519.SH,624.95,624.99,615.26,616.69,625.01,-8.319999999999936,-1.33,51032.62,3155212.01,526.14,526.18,517.99,519.19
20171208,600519.SH,615.42,628.85,615.42,627.28,616.69,10.589999999999918,1.72,45503.39,2842464.437,518.12,529.43,518.12,528.11
20171211,600519.SH,631.0,651.95,631.0,650.99,627.28,23.710000000000036,3.78,72849.17,4702239.221,531.24,548.87,531.24,548.07
20171212,600519.SH,658.7,658.77,651.02,651.32,650.99,0.3300000000000409,0.05,47889.31,3138650.306,554.56,554.62,548.09,548.34
20171213,600519.SH,654.99,670.0,650.72,668.21,651.32,16.889999999999986,2.59,48502.48,3197982.045,551.43,564.07,547.84,562.56
20171214,600519.SH,669.98,671.3,660.5,664.55,668.21,-3.660000000000082,-0.55,31967.94,2126665.894,564.05,565.17,556.07,559.48
20171215,600519.SH,664.0,667.95,650.78,653.79,664.55,-10.759999999999991,-1.62,32255.95,2126579.404,559.02,562.35,547.89,550.42
20171218,600519.SH,660.0,669.8,658.58,665.77,653.79,11.980000000000018,1.83,39162.28,2599749.872,555.65,563.9,554.46,560.51
20171219,600519.SH,663.0,672.44,661.0,667.09,665.77,1.32000000000005,0.2,44072.21,2944470.867,558.18,566.13,556.49,561.62
20171220,600519.SH,669.9,686.86,664.03,684.91,667.09,17.819999999999936,2.67,63601.31,4321305.755,563.99,578.27,559.04,576.62
20171221,600519.SH,683.0,687.42,675.5,681.74,684.91,-3.169999999999959,-0.46,46680.38,3178595.839,575.02,578.74,568.7,573.95
20171222,600519.SH,680.0,685.9,677.01,682.92,681.74,1.17999999999995,0.17,28317.01,1930315.469,572.49,577.46,569.97,574.95
20171225,600519.SH,686.0,696.3,683.72,688.12,682.92,5.2000000000000455,0.76,36214.28,2497653.982,577.54,586.21,575.62,579.33
20171226,600519.SH,688.18,692.99,676.5,680.81,688.12,-7.310000000000059,-1.06,31867.66,2174103.282,579.38,583.43,569.54,573.17
20171227,600519.SH,684.86,684.86,662.5,664.18,680.81,-16.629999999999995,-2.44,37722.05,2539720.696,576.58,576.58,557.76,559.17
20171228,600519.SH,687.0,719.9,671.32,718.69,664.18,54.510000000000105,8.21,124141.07,8656875.718,578.38,606.08,565.18,605.06
20171229,600519.SH,718.0,726.5,691.6,697.49,718.69,-21.200000000000045,-2.95,76038.87,5372514.665,604.48,611.64,582.26,587.21
20180102,600519.SH,700.0,710.16,689.89,703.85,697.49,6.360000000000014,0.91,49612.48,3482407.646,589.33,597.88,580.82,592.57
20180103,600519.SH,701.5,721.4,699.74,715.86,703.85,12.009999999999991,1.71,52019.41,3713523.701,590.59,607.34,589.11,602.68
20180104,600519.SH,721.4,743.5,719.33,737.07,715.86,21.210000000000036,2.96,72205.08,5309890.21,607.34,625.95,605.6,620.54
20180105,600519.SH,741.0,746.03,728.22,738.36,737.07,1.2899999999999636,0.18,39989.07,2946493.013,623.85,628.08,613.09,621.62
20180108,600519.SH,735.02,756.5,735.02,752.13,738.36,13.769999999999982,1.86,52204.56,3899951.72,618.81,636.9,618.81,633.22
20180109,600519.SH,752.21,783.0,752.21,782.52,752.13,30.389999999999986,4.04,64591.95,5001164.506,633.28,659.21,633.28,658.8
20180110,600519.SH,785.0,788.88,773.48,785.71,782.52,3.1900000000000546,0.41,47714.24,3731993.154,660.89,664.16,651.19,661.49
20180111,600519.SH,787.0,788.0,772.0,774.81,785.71,-10.900000000000091,-1.39,50656.07,3942075.854,662.57,663.41,649.94,652.31
20180112,600519.SH,773.77,788.8,767.02,788.42,774.81,13.610000000000014,1.76,45988.24,3577281.776,651.43,664.09,645.75,663.77
20180115,600519.SH,793.46,799.06,779.02,785.37,788.42,-3.0499999999999545,-0.39,52473.13,4136645.487,668.01,672.73,655.85,661.2
20180116,600519.SH,780.48,788.61,768.0,772.94,785.37,-12.42999999999995,-1.58,65428.33,5084966.063,657.08,663.93,646.58,650.74
20180117,600519.SH,770.0,774.0,738.51,747.93,772.94,-25.010000000000105,-3.24,90709.54,6835580.477,648.26,651.63,621.75,629.68
20180118,600519.SH,747.93,765.0,744.09,750.74,747.93,2.810000000000059,0.38,58978.51,4443031.234,629.68,644.05,626.45,632.05
20180119,600519.SH,752.9,758.9,739.02,750.18,750.74,-0.5600000000000591,-0.07,50925.56,3818021.99,633.86,638.92,622.18,631.57
20180122,600519.SH,751.81,774.0,751.81,773.64,750.18,23.460000000000036,3.13,67126.75,5129674.653,632.95,651.63,632.95,651.33
20180123,600519.SH,777.81,780.0,768.6,773.78,773.64,0.13999999999998636,0.02,49549.18,3836387.69,654.84,656.68,647.08,651.44
20180124,600519.SH,776.44,776.46,758.6,764.46,773.78,-9.319999999999936,-1.2,43298.81,3311348.774,653.68,653.7,638.66,643.6
20180125,600519.SH,761.0,776.0,751.0,769.16,764.46,4.699999999999932,0.61,50040.72,3821875.04,640.68,653.31,632.26,647.55
20180126,600519.SH,767.24,777.4,764.0,777.22,769.16,8.06000000000006,1.05,43978.33,3389953.777,645.94,654.49,643.21,654.34
20180129,600519.SH,778.76,779.67,735.0,736.32,777.22,-40.89999999999998,-5.26,74535.51,5637041.971,655.64,656.4,618.79,619.91
20180130,600519.SH,736.0,748.77,730.02,742.08,736.32,5.759999999999991,0.78,51911.03,3852705.098,619.64,630.39,614.6,624.76
20180131,600519.SH,739.0,771.71,739.0,764.54,742.08,22.459999999999923,3.03,60402.41,4601994.781,622.16,649.7,622.16,643.66
20180201,600519.SH,767.0,767.3,752.92,757.73,764.54,-6.809999999999945,-0.89,50582.61,3846421.613,645.74,645.99,633.88,637.93
20180202,600519.SH,752.22,753.23,725.0,740.4,757.73,-17.33000000000004,-2.29,75420.82,5583742.782,633.29,634.14,610.38,623.34
20180205,600519.SH,727.22,729.96,705.6,718.23,740.4,-22.16999999999996,-2.99,98995.85,7104095.616,612.24,614.55,594.04,604.68
20180206,600519.SH,703.0,722.6,703.0,708.86,718.23,-9.370000000000005,-1.3,88168.71,6270888.575,591.85,608.35,591.85,596.79
20180207,600519.SH,720.0,723.88,682.01,683.43,708.86,-25.430000000000064,-3.59,88289.98,6231141.116,606.17,609.43,574.18,575.38
20180208,600519.SH,682.2,718.0,682.2,700.99,683.43,17.56000000000006,2.57,83409.43,5860233.484,574.34,604.48,574.34,590.16
20180209,600519.SH,680.0,689.89,658.0,683.43,700.99,-17.56000000000006,-2.51,105578.26,7160206.33,572.49,580.82,553.97,575.38
20180212,600519.SH,691.0,705.5,685.2,697.48,683.43,14.050000000000068,2.06,64179.55,4466343.242,581.75,593.96,576.87,587.21
20180213,600519.SH,705.02,714.82,704.5,711.98,697.48,14.5,2.08,53389.18,3793782.378,593.55,601.8,593.12,599.41
20180214,600519.SH,720.0,720.0,712.22,718.45,711.98,6.470000000000027,0.91,30652.6,2198728.707,606.17,606.17,599.62,604.86
20180222,600519.SH,727.3,744.0,723.24,742.45,718.45,24.0,3.34,50764.69,3717469.267,612.31,626.37,608.89,625.07
20180223,600519.SH,747.0,756.56,737.0,742.48,742.45,0.029999999999972715,0.0,38158.77,2844936.758,628.9,636.95,620.48,625.09
20180226,600519.SH,746.88,752.05,733.02,743.51,742.48,1.0299999999999727,0.14,43658.24,3243216.345,628.8,633.15,617.13,625.96
20180227,600519.SH,749.0,756.0,737.22,737.98,743.51,-5.529999999999973,-0.74,42601.54,3181778.842,630.58,636.47,620.66,621.3
20180228,600519.SH,732.0,742.3,719.0,725.62,737.98,-12.360000000000014,-1.67,48330.67,3522004.686,616.27,624.94,605.32,610.9
20180301,600519.SH,728.0,746.85,723.77,741.97,725.62,16.350000000000023,2.25,44794.65,3303604.159,612.9,628.77,609.34,624.66
20180302,600519.SH,738.0,743.56,730.0,736.41,741.97,-5.560000000000059,-0.75,25991.9,1912613.83,621.32,626.0,614.58,619.98
20180305,600519.SH,738.18,742.0,717.03,720.11,736.41,-16.299999999999955,-2.21,37234.7,2703926.955,621.47,624.69,603.67,606.26
20180306,600519.SH,725.0,727.6,697.13,718.26,720.11,-1.8500000000000227,-0.26,64570.36,4581658.583,610.38,612.56,586.91,604.7
20180307,600519.SH,715.0,724.0,708.99,710.04,718.26,-8.220000000000027,-1.14,34595.94,2480929.043,601.96,609.53,596.9,597.78
20180308,600519.SH,714.0,724.0,708.0,722.76,710.04,12.720000000000027,1.79,35349.3,2540452.0,601.11,609.53,596.06,608.49
20180309,600519.SH,727.55,732.57,723.5,728.2,722.76,5.440000000000055,0.75,30171.0,2199081.672,612.52,616.75,609.11,613.07
20180312,600519.SH,729.55,733.92,722.77,723.95,728.2,-4.25,-0.58,39888.41,2900950.557,614.21,617.89,608.5,609.49
20180313,600519.SH,723.0,726.6,710.0,710.35,723.95,-13.600000000000023,-1.88,38577.09,2764426.996,608.69,611.72,597.75,598.04
20180314,600519.SH,709.67,728.08,707.22,726.88,710.35,16.529999999999973,2.33,37355.76,2683830.11,597.47,612.97,595.41,611.96
20180315,600519.SH,728.02,747.0,728.02,746.47,726.88,19.590000000000032,2.7,56148.79,4161645.76,612.92,628.9,612.92,628.45
20180316,600519.SH,747.6,753.98,738.88,739.85,746.47,-6.6200000000000045,-0.89,35855.52,2676682.524,629.4,634.77,622.06,622.88
20180319,600519.SH,743.97,753.99,739.0,753.48,739.85,13.629999999999995,1.84,38666.58,2897348.542,626.35,634.78,622.16,634.35
20180320,600519.SH,750.0,752.0,740.0,747.73,753.48,-5.75,-0.76,28877.2,2154897.794,631.42,633.11,623.0,629.51
20180321,600519.SH,750.11,753.11,740.0,742.0,747.73,-5.730000000000018,-0.77,26742.71,1996584.261,631.52,634.04,623.0,624.69
20180322,600519.SH,744.0,748.0,724.01,726.08,742.0,-15.919999999999959,-2.15,37486.97,2748721.669,626.37,629.74,609.54,611.28
20180323,600519.SH,701.0,723.49,700.08,711.06,726.08,-15.020000000000095,-2.07,52546.77,3727044.98,590.17,609.1,589.4,598.64
20180326,600519.SH,708.0,715.06,701.88,713.49,711.06,2.4300000000000637,0.34,46256.11,3276880.07,596.06,602.01,590.91,600.69
20180327,600519.SH,723.0,725.88,704.0,714.74,713.49,1.25,0.18,47548.44,3399900.239,608.69,611.12,592.7,601.74
20180328,600519.SH,699.97,703.0,669.0,682.05,714.74,-32.690000000000055,-4.57,113539.72,7786098.263,589.3,591.85,563.23,574.22
20180329,600519.SH,682.2,697.85,658.41,689.1,682.05,7.050000000000068,1.03,79081.96,5362890.034,574.34,587.52,554.31,580.15
20180330,600519.SH,686.0,693.5,679.88,683.62,689.1,-5.480000000000018,-0.8,36540.28,2502696.336,577.54,583.86,572.39,575.54
20180402,600519.SH,680.0,691.0,674.11,680.06,683.62,-3.560000000000059,-0.52,32039.08,2185060.765,572.49,581.75,567.53,572.54
20180403,600519.SH,678.0,687.0,675.39,677.91,680.06,-2.1499999999999773,-0.32,40235.58,2737509.485,570.81,578.38,568.61,570.73
20180404,600519.SH,682.0,700.43,680.38,694.01,677.91,16.100000000000023,2.37,56891.31,3948712.791,574.17,589.69,572.81,584.29
20180409,600519.SH,697.1,705.43,690.15,698.3,694.01,4.289999999999964,0.62,30833.05,2149178.951,586.89,593.9,581.04,587.9
20180410,600519.SH,704.8,708.5,698.46,708.02,698.3,9.720000000000027,1.39,32043.25,2252069.676,593.37,596.48,588.03,596.08
20180411,600519.SH,710.0,714.78,703.02,705.36,708.02,-2.659999999999968,-0.38,25723.18,1822237.882,597.75,601.77,591.87,593.84
20180412,600519.SH,704.0,706.88,692.22,694.2,705.36,-11.159999999999968,-1.58,30713.61,2139139.504,592.7,595.12,582.78,584.44
20180413,600519.SH,698.5,701.0,685.08,686.86,694.2,-7.340000000000032,-1.06,27549.52,1904051.062,588.07,590.17,576.77,578.27
20180416,600519.SH,680.58,686.85,677.0,681.38,686.86,-5.480000000000018,-0.8,32939.67,2241463.093,572.98,578.26,569.96,573.65
20180417,600519.SH,685.0,685.38,665.6,666.2,681.38,-15.17999999999995,-2.23,35172.76,2377407.817,576.7,577.02,560.37,560.87
20180418,600519.SH,671.0,671.0,645.0,655.64,666.2,-10.56000000000006,-1.59,62616.6,4104175.827,564.91,564.91,543.02,551.98
20180419,600519.SH,659.85,680.0,656.66,679.96,655.64,24.32000000000005,3.71,44207.57,2976468.492,555.53,572.49,552.84,572.46
20180420,600519.SH,681.0,694.0,668.23,670.26,679.96,-9.700000000000045,-1.43,41511.68,2831559.751,573.33,584.28,562.58,564.29
20180423,600519.SH,666.01,680.33,666.01,674.01,670.26,3.75,0.56,32659.2,2196761.047,560.71,572.77,560.71,567.45
20180424,600519.SH,676.0,693.5,675.0,689.88,674.01,15.870000000000005,2.35,47282.56,3252280.969,569.12,583.86,568.28,580.81
20180425,600519.SH,689.0,692.0,683.02,690.97,689.88,1.0900000000000318,0.16,25252.22,1738767.067,580.07,582.59,575.03,581.73
20180426,600519.SH,692.0,692.28,673.0,678.23,690.97,-12.740000000000009,-1.84,35047.9,2378744.475,582.59,582.83,566.6,571.0
20180427,600519.SH,685.25,688.36,655.0,662.53,678.23,-15.700000000000045,-2.31,57915.21,3866680.412,576.91,579.53,551.44,557.78
20180502,600519.SH,660.0,668.99,645.06,667.83,662.53,5.300000000000068,0.8,70259.11,4589885.607,555.65,563.22,543.07,562.24
20180503,600519.SH,666.0,673.68,658.0,670.88,667.83,3.0499999999999545,0.46,36326.53,2426248.236,560.7,567.17,553.97,564.81
20180504,600519.SH,670.98,674.83,660.57,662.87,670.88,-8.009999999999991,-1.19,37375.84,2492610.223,564.9,568.14,556.13,558.07
20180507,600519.SH,659.95,701.88,657.77,698.17,662.87,35.299999999999955,5.33,85591.43,5858519.223,555.61,590.91,553.77,587.79
20180508,600519.SH,698.03,712.13,698.03,708.83,698.17,10.660000000000082,1.53,62497.83,4414037.853,587.67,599.54,587.67,596.76
20180509,600519.SH,709.08,712.3,697.12,701.95,708.83,-6.8799999999999955,-0.97,32331.06,2267880.036,596.97,599.68,586.9,590.97
20180510,600519.SH,703.5,716.0,703.5,714.19,701.95,12.240000000000009,1.74,39293.8,2794919.589,592.27,602.8,592.27,601.27
20180511,600519.SH,718.69,730.5,715.7,718.02,714.19,3.8299999999999272,0.54,39141.65,2826877.192,605.06,615.01,602.55,604.5
20180514,600519.SH,724.0,743.0,724.0,742.41,718.02,24.389999999999986,3.4,51014.71,3753818.029,609.53,625.53,609.53,625.03
20180515,600519.SH,746.0,746.44,734.0,743.06,742.41,0.6499999999999773,0.09,38055.8,2811622.722,628.06,628.43,617.95,625.58
20180516,600519.SH,740.0,745.66,733.28,734.52,743.06,-8.539999999999964,-1.15,30795.2,2275092.45,623.0,627.77,617.35,618.39
20180517,600519.SH,735.12,737.5,724.0,727.38,734.52,-7.139999999999986,-0.97,28517.93,2077476.64,618.9,620.9,609.53,612.38
20180518,600519.SH,723.99,741.0,721.19,739.32,727.38,11.940000000000055,1.64,29255.17,2140724.039,609.53,623.85,607.17,622.43
20180521,600519.SH,744.0,747.3,732.48,734.82,739.32,-4.5,-0.61,29059.58,2150582.003,626.37,629.15,616.67,618.64
20180522,600519.SH,735.22,739.84,730.02,739.57,734.82,4.75,0.65,16998.96,1250693.946,618.98,622.87,614.6,622.64
20180523,600519.SH,740.0,740.0,723.58,723.78,739.57,-15.790000000000077,-2.14,28268.71,2061375.201,623.0,623.0,609.18,609.35
20180524,600519.SH,720.0,728.66,713.0,715.4,723.78,-8.379999999999995,-1.16,30416.34,2191695.815,606.17,613.46,600.27,602.29
20180525,600519.SH,712.0,727.0,712.0,716.86,715.4,1.4600000000000364,0.2,26511.46,1908701.139,599.43,612.06,599.43,603.52
20180528,600519.SH,718.0,740.66,715.12,740.4,716.86,23.539999999999964,3.28,42805.23,3129960.293,604.48,623.56,602.06,623.34
20180529,600519.SH,738.8,750.0,731.28,731.43,740.4,-8.970000000000027,-1.21,40820.27,3029700.817,621.99,631.42,615.66,615.79
20180530,600519.SH,727.22,737.3,720.05,725.87,731.43,-5.559999999999945,-0.76,37147.1,2706486.799,612.24,620.73,606.21,611.11
20180531,600519.SH,730.25,751.62,730.24,751.13,725.87,25.25999999999999,3.48,71852.87,5356222.572,614.8,632.79,614.79,632.37
20180601,600519.SH,751.13,754.98,738.76,745.11,751.13,-6.019999999999982,-0.8,36177.63,2694415.012,632.37,635.62,621.96,627.31
20180604,600519.SH,752.35,782.9,745.88,781.97,745.11,36.860000000000014,4.95,73805.97,5697540.359,633.4,659.12,627.95,658.34
20180605,600519.SH,786.5,794.7,777.23,788.05,781.97,6.079999999999927,0.78,52629.67,4136578.583,662.15,669.06,654.35,663.46
20180606,600519.SH,788.0,800.95,782.3,785.75,788.05,-2.2999999999999545,-0.29,48969.48,3870616.725,663.41,674.32,658.62,661.52
20180607,600519.SH,789.98,795.55,778.9,780.97,785.75,-4.779999999999973,-0.61,39167.78,3078137.471,665.08,669.77,655.75,657.5
20180608,600519.SH,780.0,785.9,770.0,777.95,780.97,-3.019999999999982,-0.39,34958.46,2712363.711,656.68,661.65,648.26,654.95
20180611,600519.SH,776.05,786.0,768.33,775.73,777.95,-2.2200000000000273,-0.29,36547.55,2837404.005,653.35,661.73,646.85,653.08
20180612,600519.SH,778.0,803.5,776.5,799.19,775.73,23.460000000000036,3.02,55287.08,4385043.27,655.0,676.46,653.73,672.84
20180613,600519.SH,800.0,802.62,788.88,790.33,799.19,-8.860000000000014,-1.11,35244.37,2803441.679,673.52,675.72,664.16,665.38
20180614,600519.SH,790.0,793.8,775.18,786.13,790.33,-4.2000000000000455,-0.53,36159.61,2830514.231,665.1,668.3,652.62,661.84
20180615,600519.SH,773.2,778.58,769.1,773.33,786.13,-12.799999999999955,-1.63,31707.73,2455441.877,660.2,664.79,656.7,660.31
20180619,600519.SH,769.0,769.0,737.0,738.0,773.33,-35.33000000000004,-4.57,60195.87,4535664.03,656.61,656.61,629.29,630.14
20180620,600519.SH,741.0,765.0,741.0,763.59,738.0,25.590000000000032,3.47,45838.02,3454583.693,632.71,653.2,632.71,652.0
20180621,600519.SH,765.22,778.89,758.77,759.32,763.59,-4.269999999999982,-0.56,39182.55,3013867.644,653.39,665.06,647.88,648.35
20180622,600519.SH,754.0,767.0,750.0,766.53,759.32,7.209999999999923,0.95,28854.81,2190055.865,643.81,654.91,640.39,654.51
20180625,600519.SH,766.0,778.97,764.9,765.56,766.53,-0.9700000000000273,-0.13,32934.16,2543272.262,654.05,665.13,653.11,653.68
20180626,600519.SH,765.31,769.88,747.0,754.8,765.56,-10.759999999999991,-1.41,46577.98,3516945.435,653.46,657.37,637.83,644.49
20180627,600519.SH,752.0,757.0,721.0,722.44,754.8,-32.3599999999999,-4.29,57298.01,4194739.085,642.1,646.37,615.63,616.86
20180628,600519.SH,714.0,719.0,697.0,710.93,722.44,-11.510000000000105,-1.59,50833.94,3610842.734,609.65,613.92,595.14,607.03
20180629,600519.SH,712.3,732.3,705.0,731.46,710.93,20.530000000000086,2.89,32929.27,2378884.218,608.2,625.28,601.97,624.56
20180702,600519.SH,734.52,739.33,703.0,711.55,731.46,-19.910000000000082,-2.72,37558.11,2709882.026,627.17,631.28,600.26,607.56
20180703,600519.SH,709.76,715.78,678.23,694.92,711.55,-16.629999999999995,-2.34,82837.1,5743330.241,606.03,611.17,579.11,593.36
20180704,600519.SH,692.0,700.0,688.0,690.91,694.92,-4.009999999999991,-0.58,37990.75,2637494.71,590.87,597.7,587.45,589.94
20180705,600519.SH,700.0,716.2,700.0,702.39,690.91,11.480000000000018,1.66,47123.8,3333680.083,597.7,611.53,597.7,599.74
20180706,600519.SH,707.0,720.93,699.26,714.12,702.39,11.730000000000018,1.67,44156.61,3140922.35,603.68,615.57,597.07,609.75
20180709,600519.SH,720.03,729.86,719.73,727.24,714.12,13.120000000000005,1.84,40572.66,2944655.287,614.8,623.19,614.54,620.96
20180710,600519.SH,729.0,731.5,713.33,725.76,727.24,-1.4800000000000182,-0.2,29010.47,2096683.487,622.46,624.59,609.08,619.69
20180711,600519.SH,710.0,724.0,702.22,719.58,725.76,-6.17999999999995,-0.85,24278.45,1736875.98,606.24,618.19,599.59,614.42
20180712,600519.SH,718.0,741.17,718.0,737.54,719.58,17.959999999999923,2.5,40170.04,2947129.14,613.07,632.85,613.07,629.75
20180713,600519.SH,742.3,748.1,735.12,746.99,737.54,9.450000000000045,1.28,28907.04,2152944.602,633.82,638.77,627.69,637.82
20180716,600519.SH,752.3,764.11,751.03,754.68,746.99,7.689999999999941,1.03,32474.87,2454501.604,642.36,652.44,641.27,644.39
20180717,600519.SH,757.0,757.0,736.02,742.43,754.68,-12.25,-1.62,27806.03,2064190.615,646.37,646.37,628.45,633.93
20180718,600519.SH,742.43,749.69,735.0,737.44,742.43,-4.989999999999895,-0.67,24521.71,1818760.392,633.93,640.13,627.58,629.67
20180719,600519.SH,739.0,743.95,735.02,740.95,737.44,3.509999999999991,0.48,18078.5,1337080.011,631.0,635.23,627.6,632.66
20180720,600519.SH,741.5,743.13,728.0,741.13,740.95,0.17999999999994998,0.02,30548.5,2249792.135,633.13,634.53,621.61,632.82
20180723,600519.SH,736.0,741.15,720.01,732.07,741.13,-9.059999999999945,-1.22,35969.89,2621763.717,628.44,632.83,614.78,625.08
20180724,600519.SH,732.68,747.3,723.0,745.4,732.07,13.329999999999927,1.82,41808.6,3091209.135,625.6,638.09,617.34,636.46
20180725,600519.SH,746.95,749.88,740.01,743.81,745.4,-1.5900000000000318,-0.21,21743.88,1618737.612,637.79,640.29,631.86,635.11
20180726,600519.SH,748.9,748.9,734.23,735.62,743.81,-8.18999999999994,-1.1,23067.26,1707662.628,639.45,639.45,626.93,628.11
20180727,600519.SH,736.0,744.3,730.0,738.56,735.62,2.939999999999941,0.4,20913.6,1546655.26,628.44,635.52,623.31,630.62
20180730,600519.SH,738.9,740.66,715.0,719.21,738.56,-19.34999999999991,-2.62,42171.66,3058614.52,630.91,632.42,610.51,614.1
20180731,600519.SH,720.3,727.88,719.21,726.44,719.21,7.230000000000018,1.01,20683.46,1499353.469,615.03,621.5,614.1,620.27
20180801,600519.SH,731.4,732.3,714.11,714.94,726.44,-11.5,-1.58,25237.88,1821933.661,624.51,625.28,609.75,610.46
20180802,600519.SH,715.97,715.97,687.88,695.84,714.94,-19.100000000000023,-2.67,55001.43,3840134.516,611.33,611.33,587.35,594.15
20180803,600519.SH,695.0,695.0,676.2,678.99,695.84,-16.850000000000023,-2.42,47336.99,3230239.085,593.43,593.43,577.38,579.76
20180806,600519.SH,677.0,684.0,662.25,669.68,678.99,-9.31000000000006,-1.37,45248.12,3039091.096,578.06,584.04,565.47,571.81
20180807,600519.SH,672.3,687.83,662.02,686.28,669.68,16.600000000000023,2.48,39085.59,2645263.31,574.05,587.31,565.27,585.98
20180808,600519.SH,687.02,689.0,671.87,676.22,686.28,-10.059999999999945,-1.47,29685.44,2016438.669,586.62,588.31,573.68,577.39
20180809,600519.SH,671.0,694.5,670.12,691.88,676.22,15.659999999999968,2.32,34485.75,2368461.339,572.94,593.0,572.19,590.77
20180810,600519.SH,691.88,694.77,684.2,687.18,691.88,-4.7000000000000455,-0.68,23817.67,1643993.563,590.77,593.23,584.21,586.75
20180813,600519.SH,683.0,683.0,666.68,679.22,687.18,-7.959999999999923,-1.16,34570.41,2329262.063,583.18,583.18,569.25,579.96
20180814,600519.SH,679.22,684.5,673.51,680.13,679.22,0.9099999999999682,0.13,21696.83,1474124.248,579.96,584.46,575.08,580.73
20180815,600519.SH,679.8,680.0,661.0,662.8,680.13,-17.33000000000004,-2.55,34997.09,2336994.709,580.45,580.62,564.4,565.94
20180816,600519.SH,652.0,668.5,640.0,648.44,662.8,-14.3599999999999,-2.17,59939.85,3908421.566,556.7,570.79,546.45,553.66
20180817,600519.SH,657.5,657.5,630.01,634.86,648.44,-13.580000000000041,-2.09,46574.57,3001465.861,561.39,561.39,537.92,542.06
20180820,600519.SH,632.45,645.55,616.86,644.79,634.86,9.92999999999995,1.56,48852.34,3081035.729,540.01,551.19,526.69,550.54
20180821,600519.SH,647.0,672.3,647.0,671.49,644.79,26.700000000000045,4.14,52249.02,3460897.975,552.43,574.03,552.43,573.34
20180822,600519.SH,671.0,673.2,663.0,667.7,671.49,-3.7899999999999636,-0.56,20675.51,1381418.422,572.92,574.8,566.09,570.1
20180823,600519.SH,671.7,678.5,665.18,670.21,667.7,2.509999999999991,0.38,27357.27,1836880.236,573.52,579.32,567.95,572.25
20180824,600519.SH,669.0,669.0,656.46,660.3,670.21,-9.910000000000082,-1.48,26090.26,1725516.32,571.21,571.21,560.51,563.78
20180827,600519.SH,662.0,687.3,662.0,687.3,660.3,27.0,4.09,48016.92,3261483.99,565.24,586.84,565.24,586.84
20180828,600519.SH,693.0,693.78,678.55,681.0,687.3,-6.2999999999999545,-0.92,32488.9,2222697.903,591.72,592.39,579.38,581.48
20180829,600519.SH,682.0,688.88,679.1,685.85,681.0,4.850000000000023,0.71,27404.03,1877474.37,582.33,588.2,579.85,585.62
20180830,600519.SH,688.21,692.6,679.01,680.4,685.85,-5.4500000000000455,-0.79,33788.33,2312993.223,587.63,591.38,579.78,580.96
20180831,600519.SH,676.25,677.0,656.5,659.19,680.4,-21.209999999999923,-3.12,58980.93,3911486.18,577.42,578.06,560.56,562.85
20180903,600519.SH,652.0,667.67,650.8,666.21,659.19,7.019999999999982,1.06,30179.84,1992654.934,556.71,570.09,555.69,568.85
20180904,600519.SH,666.8,676.0,661.6,675.04,666.21,8.829999999999927,1.33,21540.48,1441658.194,569.35,577.21,564.91,576.39
20180905,600519.SH,675.0,676.99,657.0,657.79,675.04,-17.25,-2.56,28983.42,1927600.143,576.35,578.05,560.98,561.66
20180906,600519.SH,652.0,659.26,640.0,644.0,657.79,-13.789999999999964,-2.1,42370.58,2744204.071,556.71,562.91,546.47,549.88
20180907,600519.SH,645.5,658.03,645.14,650.97,644.0,6.970000000000027,1.08,29240.06,1903829.724,551.16,561.86,550.86,555.83
20180910,600519.SH,652.2,653.81,640.7,644.8,650.97,-6.170000000000073,-0.95,21202.2,1369296.442,556.88,558.26,547.06,550.57
20180911,600519.SH,645.57,650.97,640.63,646.0,644.8,1.2000000000000455,0.19,19496.87,1258466.309,551.22,555.83,547.01,551.59
20180912,600519.SH,643.0,644.87,628.01,630.0,646.0,-16.0,-2.48,41157.37,2612360.007,549.03,550.63,536.23,537.93
20180913,600519.SH,638.0,642.0,620.0,631.98,630.0,1.9800000000000182,0.31,47713.16,3004019.091,544.76,548.17,529.39,539.62
20180914,600519.SH,633.98,649.78,628.53,642.9,631.98,10.919999999999959,1.73,40900.19,2617626.839,541.33,554.82,536.67,548.94
20180917,600519.SH,645.0,652.96,641.06,645.81,642.9,2.909999999999968,0.45,29112.95,1884188.491,550.74,557.53,547.37,551.43
20180918,600519.SH,643.0,668.0,642.22,666.7,645.81,20.8900000000001,3.23,37858.68,2480477.388,549.03,570.38,548.36,569.27
20180919,600519.SH,666.58,686.0,666.0,681.42,666.7,14.719999999999914,2.21,48221.84,3277470.608,569.16,585.74,568.67,581.83
20180920,600519.SH,685.2,686.9,677.36,678.55,681.42,-2.8700000000000045,-0.42,27519.48,1878075.359,585.06,586.51,578.37,579.38
20180921,600519.SH,682.0,700.01,680.01,700.01,678.55,21.460000000000036,3.16,42617.2,2945196.257,582.33,597.71,580.63,597.71
20180925,600519.SH,695.0,705.77,693.26,697.02,700.01,-2.990000000000009,-0.43,30639.91,2142679.11,593.43,602.63,591.94,595.15
20180926,600519.SH,702.1,732.68,701.99,724.93,697.02,27.909999999999968,4.0,72287.77,5200777.033,599.49,625.6,599.4,618.99
20180927,600519.SH,727.5,728.0,715.4,724.0,724.93,-0.92999999999995,-0.13,40508.53,2918965.007,621.18,621.61,610.85,618.19
20180928,600519.SH,726.7,733.2,718.88,730.0,724.0,6.0,0.83,35089.8,2551115.844,620.5,626.05,613.82,623.31
20181008,600519.SH,715.41,719.0,686.15,686.15,730.0,-43.85000000000002,-6.01,82745.02,5798721.501,610.86,613.92,585.87,585.87
20181009,600519.SH,686.9,698.71,685.9,695.0,686.15,8.850000000000023,1.29,40222.83,2785526.957,586.51,596.6,585.66,593.43
20181010,600519.SH,697.26,698.0,669.69,670.92,695.0,-24.08000000000004,-3.46,63098.2,4288785.948,595.36,595.99,571.82,572.87
20181011,600519.SH,635.01,668.94,635.01,644.99,670.92,-25.92999999999995,-3.86,91581.96,5953169.079,542.21,571.18,542.21,550.73
20181012,600519.SH,651.0,672.68,650.58,668.0,644.99,23.00999999999999,3.57,54472.56,3599837.217,555.86,574.37,555.5,570.38
20181015,600519.SH,669.49,671.95,660.03,666.9,668.0,-1.1000000000000227,-0.16,35607.3,2372056.68,571.65,573.75,563.57,569.44
20181016,600519.SH,665.98,679.53,662.01,667.14,666.9,0.2400000000000091,0.04,26393.6,1766613.793,568.65,580.22,565.26,569.64
20181017,600519.SH,675.0,677.3,649.9,665.72,667.14,-1.419999999999959,-0.21,43077.07,2846537.063,576.35,578.32,554.92,568.43
20181018,600519.SH,660.0,660.0,644.97,645.94,665.72,-19.779999999999973,-2.97,52156.07,3394332.712,563.54,563.54,550.71,551.54
20181019,600519.SH,638.0,675.0,635.08,670.0,645.94,24.059999999999945,3.72,76199.38,4973381.203,544.76,576.35,542.27,572.08
20181022,600519.SH,675.0,702.02,675.0,693.0,670.0,23.0,3.43,73108.57,5036971.569,576.35,599.42,576.35,591.72
20181023,600519.SH,689.0,689.0,635.0,641.74,693.0,-51.25999999999999,-7.4,123112.73,8076618.589,588.31,588.31,542.2,547.95
20181024,600519.SH,628.11,650.0,620.0,636.99,641.74,-4.75,-0.74,76112.82,4818473.584,536.31,555.01,529.39,543.9
20181025,600519.SH,620.0,622.5,608.58,619.0,636.99,-17.99000000000001,-2.82,75568.38,4657019.123,529.39,531.52,519.64,528.54
20181026,600519.SH,619.0,625.0,607.98,610.1,619.0,-8.899999999999977,-1.44,55327.38,3388947.805,528.54,533.66,519.13,520.94
20181029,600519.SH,549.09,549.09,549.09,549.09,610.1,-61.00999999999999,-10.0,49076.0,2694714.084,468.84,468.84,468.84,468.84
20181030,600519.SH,510.0,543.0,509.02,524.0,549.09,-25.090000000000032,-4.57,204396.67,10663392.394,435.47,463.64,434.63,447.42
20181031,600519.SH,527.0,555.0,522.0,548.9,524.0,24.899999999999977,4.75,96884.82,5239853.122,449.98,473.89,445.71,468.68
20181101,600519.SH,555.0,585.5,551.25,563.0,548.9,14.100000000000023,2.57,98106.72,5581027.253,473.89,499.93,470.69,480.72
20181102,600519.SH,585.0,600.0,572.24,599.9,563.0,36.89999999999998,6.55,89156.96,5227695.093,499.51,512.31,488.61,512.23
20181105,600519.SH,593.0,593.0,571.77,575.8,599.9,-24.100000000000023,-4.02,75517.08,4373994.135,506.34,506.34,488.21,491.65
20181106,600519.SH,574.0,574.16,558.01,566.0,575.8,-9.799999999999955,-1.7,45566.14,2572068.93,490.11,490.25,476.46,483.28
20181107,600519.SH,569.0,574.95,562.01,566.4,566.0,0.39999999999997726,0.07,38107.78,2165679.706,485.84,490.92,479.87,483.62
20181108,600519.SH,574.0,577.0,568.0,570.34,566.4,3.9400000000000546,0.7,33763.74,1933594.956,490.11,492.67,484.99,486.99
20181109,600519.SH,567.22,569.0,562.0,562.0,570.34,-8.340000000000032,-1.46,24336.82,1374731.688,484.32,485.84,479.87,479.87
20181112,600519.SH,553.0,554.2,536.8,552.0,562.0,-10.0,-1.78,67824.22,3709848.786,472.18,473.21,458.35,471.33
20181113,600519.SH,546.12,570.0,543.0,570.0,552.0,18.0,3.26,66429.05,3695850.099,466.31,486.7,463.64,486.7
20181114,600519.SH,569.96,569.96,552.55,555.1,570.0,-14.899999999999977,-2.61,41766.83,2331999.884,486.66,486.66,471.8,473.97
20181115,600519.SH,558.8,564.8,555.5,559.7,555.1,4.600000000000023,0.83,30833.4,1728199.015,477.13,482.26,474.32,477.9
20181116,600519.SH,561.0,566.0,558.03,560.0,559.7,0.2999999999999545,0.05,28938.79,1625453.517,479.01,483.28,476.48,478.16
20181119,600519.SH,560.3,572.0,559.11,569.02,560.0,9.019999999999982,1.61,36179.25,2052509.531,478.41,488.41,477.4,485.86
20181120,600519.SH,565.0,568.0,560.0,561.6,569.02,-7.419999999999959,-1.3,26943.26,1514353.125,482.43,484.99,478.16,479.52
20181121,600519.SH,554.0,568.9,553.68,564.7,561.6,3.1000000000000227,0.55,27107.3,1527915.052,473.04,485.76,472.76,482.17
20181122,600519.SH,565.15,567.33,558.0,564.5,564.7,-0.20000000000004547,-0.04,21213.33,1193347.565,482.56,484.42,476.45,482.0
20181123,600519.SH,564.0,567.3,556.9,556.9,564.5,-7.600000000000023,-1.35,20126.21,1126652.921,481.57,484.39,475.51,475.51
20181126,600519.SH,558.0,560.2,552.0,552.11,556.9,-4.789999999999964,-0.86,19120.19,1063536.979,476.45,478.33,471.33,471.42
20181127,600519.SH,552.0,554.99,546.5,548.1,552.11,-4.009999999999991,-0.73,20233.82,1112920.631,471.33,473.88,466.63,468.0
20181128,600519.SH,550.85,559.19,545.5,557.0,548.1,8.899999999999977,1.62,27737.93,1535544.366,470.35,477.47,465.78,475.6
20181129,600519.SH,566.03,569.8,549.01,551.6,557.0,-5.399999999999977,-0.97,45069.45,2524752.31,483.31,486.53,468.77,470.99
20181130,600519.SH,557.0,568.89,553.0,565.0,551.6,13.399999999999977,2.43,49010.46,2762808.219,475.6,485.75,472.18,482.43
20181203,600519.SH,589.0,605.0,584.77,601.2,565.0,36.200000000000045,6.41,83414.68,4964130.146,502.92,516.58,499.31,513.34
20181204,600519.SH,602.99,604.26,595.0,602.23,601.2,1.0299999999999727,0.17,31473.88,1888148.735,514.87,515.95,508.04,514.22
20181205,600519.SH,597.5,616.5,595.0,610.1,602.23,7.8700000000000045,1.31,41588.19,2523641.849,510.18,526.4,508.04,520.94
20181206,600519.SH,600.0,605.98,590.36,591.8,610.1,-18.300000000000068,-3.0,37758.07,2250440.655,512.31,517.42,504.08,505.31
20181207,600519.SH,595.6,598.86,584.7,587.0,591.8,-4.7999999999999545,-0.81,26841.67,1583970.32,508.56,511.34,499.25,501.21
20181210,600519.SH,576.0,587.5,574.18,577.23,587.0,-9.769999999999982,-1.66,24640.68,1427993.218,491.82,501.64,490.27,492.87
20181211,600519.SH,577.0,586.55,577.0,582.99,577.23,5.759999999999991,1.0,16316.6,949962.155,492.67,500.83,492.67,497.79
20181212,600519.SH,588.79,589.2,582.8,589.0,582.99,6.009999999999991,1.03,19921.54,1168089.518,502.74,503.09,497.63,502.92
20181213,600519.SH,590.0,606.88,589.6,601.75,589.0,12.75,2.16,40399.41,2427823.194,503.77,518.19,503.43,513.81
20181214,600519.SH,598.01,599.8,592.0,592.96,601.75,-8.789999999999964,-1.46,24554.48,1461585.126,510.61,512.14,505.48,506.3
20181217,600519.SH,592.57,595.97,585.01,590.52,592.96,-2.4400000000000546,-0.41,24895.85,1466942.952,505.97,508.87,499.51,504.22
20181218,600519.SH,585.88,591.54,585.0,590.94,590.52,0.42000000000007276,0.07,19222.18,1130221.286,500.26,505.09,499.51,504.58
20181219,600519.SH,589.0,590.99,576.03,577.8,590.94,-13.1400000000001,-2.22,25715.96,1501321.336,502.92,504.62,491.85,493.36
20181220,600519.SH,576.22,581.5,568.89,574.5,577.8,-3.2999999999999545,-0.57,26940.98,1549600.76,492.01,496.52,485.75,490.54
20181221,600519.SH,571.0,573.45,562.21,567.41,574.5,-7.090000000000032,-1.23,30640.43,1736537.277,487.55,489.64,480.05,484.49
20181224,600519.SH,563.5,570.91,558.0,568.0,567.41,0.5900000000000318,0.1,19109.86,1080787.424,481.15,487.47,476.45,484.99
20181225,600519.SH,562.22,567.5,553.61,565.79,568.0,-2.2100000000000364,-0.39,26592.86,1490157.587,480.05,484.56,472.7,483.1
20181226,600519.SH,563.81,568.4,558.0,560.08,565.79,-5.709999999999923,-1.01,17866.2,1005617.678,481.41,485.33,476.45,478.23
20181227,600519.SH,570.0,571.85,562.22,563.0,560.08,2.919999999999959,0.52,29493.57,1670211.285,486.7,488.28,480.05,480.72
20181228,600519.SH,563.3,596.4,560.0,590.01,563.0,27.00999999999999,4.8,63678.37,3705150.49,480.98,509.24,478.16,503.78
20190102,600519.SH,609.98,612.0,595.01,598.98,590.01,8.970000000000027,1.52,62286.49,3754387.984,520.83,522.56,508.05,511.44
20190103,600519.SH,599.97,601.66,585.8,590.0,598.98,-8.980000000000018,-1.5,30977.35,1838179.174,512.29,513.73,500.19,503.77
20190104,600519.SH,587.28,607.67,582.02,602.0,590.0,12.0,2.03,37683.47,2258501.484,501.45,518.86,496.96,514.02
20190107,600519.SH,608.0,612.0,602.22,605.49,602.0,3.490000000000009,0.58,34750.13,2105981.461,519.14,522.56,514.21,517.0
20190108,600519.SH,605.5,612.0,600.28,604.79,605.49,-0.7000000000000455,-0.12,28838.13,1750413.219,517.01,522.56,512.55,516.4
20190109,600519.SH,609.99,626.16,609.04,616.12,604.79,11.330000000000041,1.87,49892.27,3084214.779,520.84,534.65,520.03,526.08
20190110,600519.SH,617.13,624.88,610.25,618.77,616.12,2.6499999999999773,0.43,29043.9,1797683.134,526.94,533.56,521.06,528.34
20190111,600519.SH,625.0,637.0,618.75,635.88,618.77,17.110000000000014,2.77,38884.21,2445929.483,533.66,543.91,528.32,542.95
20190114,600519.SH,633.0,635.89,621.55,624.6,635.88,-11.279999999999973,-1.77,25648.9,1606308.126,540.49,542.96,530.71,533.32
20190115,600519.SH,627.86,661.5,625.0,659.98,624.6,35.379999999999995,5.66,55764.85,3613919.068,536.1,564.83,533.66,563.53
20190116,600519.SH,658.0,665.65,653.6,661.1,659.98,1.1200000000000045,0.17,42083.64,2775103.93,561.84,568.37,558.08,564.48
20190117,600519.SH,663.0,669.7,655.8,659.25,661.1,-1.8500000000000227,-0.28,30284.76,2004454.115,566.11,571.83,559.96,562.9
20190118,600519.SH,665.0,690.2,661.5,683.61,659.25,24.360000000000014,3.7,68609.18,4647515.824,567.81,589.33,564.83,583.7
20190121,600519.SH,690.0,698.88,681.88,686.98,683.61,3.3700000000000045,0.49,47051.93,3242615.722,589.16,596.74,582.23,586.58
20190122,600519.SH,686.0,686.0,665.22,671.0,686.98,-15.980000000000018,-2.33,42122.21,2834735.031,585.74,585.74,568.0,572.94
20190123,600519.SH,667.22,674.5,663.13,665.66,671.0,-5.340000000000032,-0.8,33624.81,2247371.221,569.71,575.93,566.22,568.38
20190124,600519.SH,670.3,677.83,664.68,672.5,665.66,6.840000000000032,1.03,29155.27,1960227.058,572.34,578.77,567.54,574.22
20190125,600519.SH,675.88,684.9,669.93,679.7,672.5,7.2000000000000455,1.07,28986.35,1966232.09,577.1,584.81,572.02,580.37
20190128,600519.SH,684.0,693.98,676.03,677.0,679.7,-2.7000000000000455,-0.4,36102.87,2476277.972,584.04,592.56,577.23,578.06
20190129,600519.SH,677.5,688.0,668.0,685.0,677.0,8.0,1.18,30342.59,2069407.513,578.49,587.45,570.38,584.89
20190130,600519.SH,684.99,686.22,676.0,676.0,685.0,-9.0,-1.31,22699.96,1545353.573,584.88,585.93,577.21,577.21
20190131,600519.SH,680.0,689.6,677.56,689.6,676.0,13.600000000000023,2.01,36696.57,2515374.97,580.62,588.82,578.54,588.82
20190201,600519.SH,697.04,699.0,689.61,692.67,689.6,3.0699999999999363,0.45,30520.62,2121326.14,595.17,596.84,588.83,591.44
20190211,600519.SH,695.0,729.5,688.18,725.3,692.67,32.629999999999995,4.71,58140.75,4143849.806,593.43,622.89,587.61,619.3
20190212,600519.SH,723.0,725.49,715.2,717.92,725.3,-7.3799999999999955,-1.02,35091.43,2521840.124,617.34,619.46,610.68,613.0
20190213,600519.SH,723.0,736.16,717.22,735.25,717.92,17.33000000000004,2.41,35677.06,2589623.528,617.34,628.57,612.4,627.8
20190214,600519.SH,731.2,743.66,730.14,737.16,735.25,1.9099999999999682,0.26,32258.13,2375987.077,624.34,634.98,623.43,629.43
20190215,600519.SH,734.88,734.88,723.02,724.78,737.16,-12.379999999999995,-1.68,23237.98,1691515.518,627.48,627.48,617.35,618.86
20190218,600519.SH,731.0,744.95,731.0,740.0,724.78,15.220000000000027,2.1,37745.89,2787522.993,624.17,636.08,624.17,631.85
20190219,600519.SH,740.96,742.5,726.66,730.76,740.0,-9.240000000000009,-1.25,29501.5,2164408.781,632.67,633.99,620.46,623.96
20190220,600519.SH,735.0,735.0,716.06,722.0,730.76,-8.759999999999991,-1.2,37882.37,2742919.644,627.58,627.58,611.41,616.48
20190221,600519.SH,720.0,730.48,717.0,720.25,722.0,-1.75,-0.24,29850.4,2163554.333,614.78,623.72,612.21,614.99
20190222,600519.SH,717.0,728.49,714.1,726.01,720.25,5.759999999999991,0.8,25908.77,1867253.93,612.21,622.02,609.74,619.91
20190225,600519.SH,730.75,744.44,717.99,742.33,726.01,16.32000000000005,2.25,82622.59,6034261.367,623.95,635.64,613.06,633.84
20190226,600519.SH,747.8,749.18,726.0,727.35,742.33,-14.980000000000018,-2.02,57964.66,4265279.124,638.51,639.69,619.9,621.05
20190227,600519.SH,733.0,758.02,731.0,740.7,727.35,13.350000000000023,1.84,65942.27,4908445.127,625.88,647.24,624.17,632.45
20190228,600519.SH,737.9,763.42,736.95,755.01,740.7,14.309999999999945,1.93,56986.25,4289145.218,630.06,651.85,629.25,644.67
20190301,600519.SH,761.5,790.0,761.0,789.3,755.01,34.289999999999964,4.54,63840.23,4952509.171,650.21,674.55,649.78,673.95
20190304,600519.SH,795.0,798.33,777.22,781.86,789.3,-7.439999999999941,-0.94,84585.96,6661386.571,678.81,681.66,663.63,667.59
20190305,600519.SH,785.0,789.55,775.88,779.78,781.86,-2.080000000000041,-0.27,44830.56,3501155.936,670.28,674.16,662.49,665.82
20190306,600519.SH,775.0,779.5,765.88,768.0,779.78,-11.779999999999973,-1.51,46731.37,3602140.487,661.74,665.58,653.95,655.76
20190307,600519.SH,762.22,762.22,745.56,748.6,768.0,-19.399999999999977,-2.53,60180.53,4526351.877,650.83,650.83,636.6,639.2
20190308,600519.SH,737.9,746.83,733.65,737.5,748.6,-11.100000000000023,-1.48,52275.25,3868415.483,630.06,637.68,626.43,629.72
20190311,600519.SH,740.04,766.95,740.04,758.54,737.5,21.039999999999964,2.85,53057.24,4001728.73,631.89,654.86,631.89,647.68
20190312,600519.SH,763.82,763.83,739.0,745.01,758.54,-13.529999999999973,-1.78,52510.01,3946382.127,652.19,652.2,631.0,636.13
20190313,600519.SH,745.5,760.75,745.5,754.0,745.01,8.990000000000009,1.21,40561.36,3058080.906,636.55,649.57,636.55,643.81
20190314,600519.SH,757.0,785.0,754.0,778.0,754.0,24.0,3.18,62172.56,4808607.656,646.37,670.28,643.81,664.3
20190315,600519.SH,776.0,787.5,764.85,777.3,778.0,-0.7000000000000455,-0.09,52400.71,4084798.328,662.59,672.41,653.07,663.7
20190318,600519.SH,778.8,814.53,777.0,810.09,777.3,32.79000000000008,4.22,81318.8,6499566.987,664.98,695.49,663.45,691.7
20190319,600519.SH,803.0,807.92,792.3,792.61,810.09,-17.480000000000018,-2.16,40634.93,3244967.39,685.65,689.85,676.51,676.77
20190320,600519.SH,790.0,802.3,785.0,792.8,792.61,0.18999999999994088,0.02,31117.52,2470811.128,674.55,685.05,670.28,676.94
20190321,600519.SH,788.0,792.8,781.5,785.75,792.8,-7.0499999999999545,-0.89,32573.28,2558222.913,672.84,676.94,667.29,670.92
20190322,600519.SH,788.22,799.98,785.0,794.0,785.75,8.25,1.05,30517.5,2420497.823,673.03,683.07,670.28,677.96
20190325,600519.SH,786.0,788.0,773.3,775.6,794.0,-18.399999999999977,-2.32,37270.46,2903744.159,671.13,672.84,660.29,662.25
20190326,600519.SH,780.0,785.94,764.1,773.0,775.6,-2.6000000000000227,-0.34,37595.69,2914112.997,666.01,671.08,652.43,660.03
20190327,600519.SH,781.0,793.88,775.0,788.5,773.0,15.5,2.01,42807.39,3366132.247,666.86,677.86,661.74,673.26
20190328,600519.SH,793.43,814.48,785.68,806.8,788.5,18.299999999999955,2.32,57566.76,4615969.704,677.47,695.45,670.86,688.89
20190329,600519.SH,835.0,866.68,830.17,853.99,806.8,47.190000000000055,5.85,90933.96,7702154.797,712.97,740.02,708.84,729.18
20190401,600519.SH,860.0,868.95,851.0,859.0,853.99,5.009999999999991,0.59,60934.61,5228521.999,734.32,741.96,726.63,733.46
20190402,600519.SH,859.99,859.99,836.06,850.0,859.0,-9.0,-1.05,53227.05,4496538.849,734.31,734.31,713.87,725.78
20190403,600519.SH,840.12,851.74,834.21,844.5,850.0,-5.5,-0.65,43056.8,3629854.319,717.34,727.26,712.29,721.08
20190404,600519.SH,840.0,865.8,836.2,865.0,844.5,20.5,2.43,55772.36,4763897.857,717.24,739.27,713.99,738.58
20190408,600519.SH,900.0,908.0,890.12,900.2,865.0,35.200000000000045,4.07,66251.93,5944780.639,768.47,775.3,760.03,768.64
20190409,600519.SH,903.0,908.2,892.51,905.0,900.2,4.7999999999999545,0.53,47989.8,4308645.696,771.03,775.47,762.07,772.74
20190410,600519.SH,903.0,951.9,900.0,947.99,905.0,42.99000000000001,4.75,67814.38,6331858.748,771.03,812.78,768.47,809.45
20190411,600519.SH,948.0,950.0,905.55,925.2,947.99,-22.789999999999964,-2.4,61102.54,5643817.564,809.45,811.16,773.21,789.99
20190412,600519.SH,909.0,919.99,900.01,914.0,925.2,-11.200000000000045,-1.21,48612.17,4419349.981,776.15,785.54,768.48,780.42
20190415,600519.SH,931.0,939.0,907.0,907.0,914.0,-7.0,-0.77,45522.64,4205548.308,794.94,801.77,774.45,774.45
20190416,600519.SH,904.9,939.9,901.22,939.9,907.0,32.89999999999998,3.63,46423.44,4297385.218,772.65,802.54,769.51,802.54
20190417,600519.SH,938.0,955.51,925.0,952.0,939.9,12.100000000000023,1.29,40761.02,3848216.557,800.92,815.87,789.82,812.87
20190418,600519.SH,945.41,954.68,936.22,945.5,952.0,-6.5,-0.68,19598.52,1853076.08,807.24,815.16,799.4,807.32
20190419,600519.SH,943.96,960.95,931.31,952.56,945.5,7.059999999999945,0.75,32379.78,3064971.032,806.0,820.51,795.2,813.35
20190422,600519.SH,959.5,978.89,940.61,949.2,952.56,-3.3599999999999,-0.35,40627.96,3897168.684,819.27,835.83,803.14,810.48
20190423,600519.SH,951.0,981.22,949.2,974.95,949.2,25.75,2.71,48852.05,4725480.295,812.02,837.82,810.48,832.47
20190424,600519.SH,979.88,990.0,951.22,970.0,974.95,-4.9500000000000455,-0.51,45227.0,4383873.128,836.68,845.32,812.2,828.24
20190425,600519.SH,968.79,973.99,951.22,952.37,970.0,-17.629999999999995,-1.82,39801.34,3822767.525,827.21,831.65,812.2,813.19
20190426,600519.SH,946.3,959.88,945.0,945.0,952.37,-7.3700000000000045,-0.77,43277.68,4119727.292,808.0,819.6,806.89,806.89
20190429,600519.SH,945.0,989.0,935.0,971.97,945.0,26.970000000000027,2.85,52572.3,5086408.528,806.89,844.46,798.35,829.92
20190430,600519.SH,968.0,984.96,963.11,974.0,971.97,2.0299999999999727,0.21,35943.18,3503937.512,826.53,841.01,822.36,831.65
20190506,600519.SH,925.5,935.0,893.0,906.0,974.0,-68.0,-6.98,135099.68,12299395.806,790.24,798.35,762.49,773.59
20190507,600519.SH,893.28,913.94,870.22,890.0,906.0,-16.0,-1.77,100837.26,9045117.765,762.73,780.37,743.04,759.93
20190508,600519.SH,860.0,901.8,860.0,884.4,890.0,-5.600000000000023,-0.63,81882.98,7217709.507,734.32,770.01,734.32,755.15
20190509,600519.SH,875.0,879.87,842.5,858.81,884.4,-25.590000000000032,-2.89,91545.15,7863312.116,747.12,751.28,719.37,733.3
20190510,600519.SH,875.66,910.78,868.19,907.12,858.81,48.31000000000006,5.63,79907.38,7121198.718,747.69,777.67,741.31,774.55
20190513,600519.SH,898.86,910.98,884.0,892.0,907.12,-15.120000000000005,-1.67,46637.18,4179329.433,767.5,777.84,754.81,761.64
20190514,600519.SH,885.0,906.0,873.0,886.57,892.0,-5.42999999999995,-0.61,59983.12,5349455.647,755.66,773.59,745.42,757.0
20190515,600519.SH,890.24,933.0,890.24,927.0,886.57,40.42999999999995,4.56,63124.25,5778791.845,760.14,796.65,760.14,791.52
20190516,600519.SH,919.0,932.0,905.0,929.91,927.0,2.909999999999968,0.31,44540.12,4108281.95,784.69,795.79,772.74,794.01
20190517,600519.SH,927.02,932.3,900.1,906.79,929.91,-23.120000000000005,-2.49,49841.61,4551116.799,791.54,796.05,768.55,774.27
20190520,600519.SH,900.0,900.0,871.0,884.96,906.79,-21.829999999999927,-2.41,44407.99,3931645.928,768.47,768.47,743.71,755.63
20190521,600519.SH,885.0,910.0,872.02,895.0,884.96,10.039999999999964,1.13,42385.65,3791406.204,755.66,777.01,744.58,764.2
20190522,600519.SH,894.98,904.0,880.0,888.0,895.0,-7.0,-0.78,32041.58,2853872.828,764.18,771.88,751.39,758.22
20190523,600519.SH,881.0,883.98,856.22,861.0,888.0,-27.0,-3.04,58058.63,5062812.286,752.25,754.79,731.09,735.17
20190524,600519.SH,865.0,885.0,864.44,878.5,861.0,17.5,2.03,44034.09,3858962.204,738.58,755.66,738.11,750.11
20190527,600519.SH,879.1,882.99,860.05,879.0,878.5,0.5,0.06,39161.91,3417213.669,750.62,753.95,734.36,750.54
20190528,600519.SH,877.99,907.49,875.02,888.0,879.0,9.0,1.02,74772.77,6670856.081,749.68,774.86,747.14,758.22
20190529,600519.SH,888.01,924.95,888.01,911.91,888.0,23.909999999999968,2.69,65646.96,5963755.397,758.23,789.77,758.23,778.64
20190530,600519.SH,910.0,919.99,891.22,905.3,911.91,-6.610000000000014,-0.72,40247.2,3634187.681,777.01,785.54,760.97,772.99
20190531,600519.SH,900.53,906.99,890.0,890.0,905.3,-15.299999999999955,-1.69,35793.8,3211384.923,768.92,774.44,759.93,759.93
20190603,600519.SH,892.0,901.35,886.28,892.0,890.0,2.0,0.22,34479.24,3076922.33,761.64,769.62,756.75,761.64
20190604,600519.SH,895.0,895.43,871.0,875.3,892.0,-16.700000000000045,-1.87,39689.48,3481384.251,764.2,764.57,743.71,747.38
20190605,600519.SH,884.0,886.26,870.0,871.6,875.3,-3.699999999999932,-0.42,34067.36,2988114.67,754.81,756.74,742.85,744.22
20190606,600519.SH,875.62,875.77,858.0,862.13,871.6,-9.470000000000027,-1.09,34786.85,3009567.792,747.65,747.78,732.61,736.13
20190610,600519.SH,857.98,878.95,840.0,871.08,862.13,8.950000000000045,1.04,55502.46,4790052.574,732.59,750.5,717.24,743.78
20190611,600519.SH,876.0,915.61,875.0,910.89,871.08,39.809999999999945,4.57,80106.44,7209086.88,747.98,781.8,747.12,777.77
20190612,600519.SH,906.22,910.99,894.0,906.7,910.89,-4.189999999999941,-0.46,37747.4,3420899.273,773.78,777.85,763.35,774.19
20190613,600519.SH,910.0,912.3,897.0,910.0,906.7,3.2999999999999545,0.36,32917.42,2984741.685,777.01,778.97,765.91,777.01
20190614,600519.SH,911.0,932.3,910.02,913.0,910.0,3.0,0.33,42455.04,3905679.105,777.86,796.05,777.03,779.57
20190617,600519.SH,907.0,926.94,906.02,911.6,913.0,-1.3999999999999773,-0.15,32769.03,3001512.189,774.45,791.47,773.61,778.37
20190618,600519.SH,917.0,920.0,902.6,917.0,911.6,5.399999999999977,0.59,29441.38,2687679.912,782.98,785.55,770.69,782.98
20190619,600519.SH,940.0,946.7,932.01,932.01,917.0,15.009999999999991,1.64,53726.4,5051192.622,802.62,808.34,795.8,795.8
20190620,600519.SH,932.5,975.5,932.2,975.0,932.01,42.99000000000001,4.61,67271.97,6468666.073,796.22,832.94,795.96,832.51
20190621,600519.SH,969.97,984.49,964.5,976.3,975.0,1.2999999999999545,0.13,45926.75,4482726.902,828.21,840.61,823.54,833.62
20190624,600519.SH,978.3,999.69,975.0,987.1,976.3,10.800000000000068,1.11,45779.2,4532526.991,835.33,853.59,832.51,842.84
20190625,600519.SH,992.0,999.0,967.0,982.98,987.1,-4.1200000000000045,-0.42,51295.95,5035624.42,847.02,853.0,825.68,839.32
20190626,600519.SH,985.0,985.0,971.22,979.86,982.98,-3.1200000000000045,-0.32,29588.18,2896585.581,841.05,841.05,829.28,836.66
20190627,600519.SH,985.0,1001.0,981.12,996.35,979.86,16.49000000000001,1.68,47978.45,4772724.089,841.05,854.71,837.73,850.74
20190628,600519.SH,985.99,988.88,971.33,984.0,996.35,-12.350000000000023,-1.24,31088.4,3050739.277,854.38,856.89,841.68,852.66
20190701,600519.SH,1004.52,1035.6,1000.22,1031.86,984.0,47.8599999999999,4.86,52337.23,5325575.854,870.44,897.37,866.71,894.13
20190702,600519.SH,1025.0,1029.5,1016.0,1025.0,1031.86,-6.8599999999999,-0.66,39061.09,3989722.046,888.19,892.09,880.39,888.19
20190703,600519.SH,1020.0,1023.0,981.5,987.9,1025.0,-37.10000000000002,-3.62,67139.32,6717755.678,883.85,886.45,850.49,856.04
20190704,600519.SH,985.8,990.8,971.22,981.2,987.9,-6.699999999999932,-0.68,46216.68,4531686.001,854.22,858.55,841.58,850.23
20190705,600519.SH,986.0,1006.0,976.3,999.82,981.2,18.620000000000005,1.9,50032.71,4968920.475,854.39,871.72,845.99,866.37
20190708,600519.SH,995.05,997.9,975.0,984.86,999.82,-14.960000000000036,-1.5,33613.52,3313713.091,862.23,864.7,844.86,853.4
20190709,600519.SH,979.3,989.0,968.35,976.06,984.86,-8.800000000000068,-0.89,31723.32,3103986.405,848.59,856.99,839.1,845.78
20190710,600519.SH,980.93,990.58,977.0,982.52,976.06,6.460000000000036,0.66,28166.7,2774054.724,850.0,858.36,846.59,851.38
20190711,600519.SH,989.96,998.38,976.0,981.5,982.52,-1.0199999999999818,-0.1,30514.19,3011117.079,857.82,865.12,845.73,850.49
20190712,600519.SH,981.3,991.5,980.01,986.09,981.5,4.590000000000032,0.47,28173.85,2778937.975,850.32,859.16,849.2,854.47
20190715,600519.SH,967.8,980.1,951.13,975.93,986.09,-10.160000000000082,-1.03,59870.4,5785726.59,838.62,849.28,824.18,845.67
20190716,600519.SH,975.45,982.3,965.0,968.0,975.93,-7.92999999999995,-0.81,33245.24,3226755.644,845.25,851.19,836.19,838.79
20190717,600519.SH,968.0,972.99,962.13,963.5,968.0,-4.5,-0.46,25468.87,2459954.487,838.79,843.12,833.71,834.89
20190718,600519.SH,961.5,963.0,947.18,947.5,963.5,-16.0,-1.66,39252.95,3748507.464,833.16,834.46,820.75,821.03
20190719,600519.SH,955.0,960.8,948.0,955.87,947.5,8.370000000000005,0.88,28014.81,2679887.449,827.53,832.56,821.46,828.28
20190722,600519.SH,960.0,964.0,950.25,957.02,955.87,1.1499999999999773,0.12,28125.49,2695084.029,831.86,835.33,823.41,829.28
20190723,600519.SH,962.3,962.59,943.86,953.98,957.02,-3.0399999999999636,-0.32,32483.95,3087319.264,833.86,834.11,817.88,826.65
20190724,600519.SH,958.31,959.9,944.69,946.36,953.98,-7.6200000000000045,-0.8,46771.2,4450509.786,830.4,831.78,818.6,820.04
20190725,600519.SH,945.97,963.36,938.15,963.0,946.36,16.639999999999986,1.76,38255.7,3633246.146,819.7,834.77,812.93,834.46
20190726,600519.SH,961.97,971.0,958.55,965.03,963.0,2.0299999999999727,0.21,26467.59,2556208.822,833.57,841.39,830.61,836.22
20190729,600519.SH,962.03,979.5,960.01,976.41,965.03,11.379999999999995,1.18,26981.33,2626793.557,833.62,848.76,831.87,846.08
20190730,600519.SH,976.5,983.0,971.0,978.93,976.41,2.519999999999982,0.26,19537.97,1911965.179,846.16,851.79,841.39,848.27
20190731,600519.SH,975.0,981.77,966.59,972.6,978.93,-6.329999999999927,-0.65,22526.2,2191909.987,844.86,850.73,837.57,842.78
20190801,600519.SH,976.51,977.0,953.02,959.3,972.6,-13.300000000000068,-1.37,35089.52,3385045.858,846.17,846.59,825.81,831.26
20190802,600519.SH,944.0,957.98,943.0,954.45,959.3,-4.849999999999909,-0.51,39719.4,3772328.947,818.0,830.11,817.13,827.05
20190805,600519.SH,945.0,954.0,940.0,942.43,954.45,-12.020000000000095,-1.26,36774.31,3473341.317,818.86,826.66,814.53,816.64
20190806,600519.SH,931.0,948.0,923.8,946.3,942.43,3.8700000000000045,0.41,43991.16,4121445.01,806.73,821.46,800.49,819.99
20190807,600519.SH,949.5,955.53,945.0,945.0,946.3,-1.2999999999999545,-0.14,26869.98,2553463.419,822.76,827.99,818.86,818.86
20190808,600519.SH,953.5,974.0,952.0,971.68,945.0,26.67999999999995,2.82,38808.13,3755086.99,826.23,843.99,824.93,841.98
20190809,600519.SH,978.5,980.95,958.99,962.03,971.68,-9.649999999999977,-0.99,28461.7,2760764.357,847.89,850.02,830.99,833.62
20190812,600519.SH,1010.31,1020.1,995.01,1018.63,962.03,56.60000000000002,5.88,81498.95,8208540.716,875.46,883.94,862.2,882.67
20190813,600519.SH,1016.16,1026.0,1010.68,1017.95,1018.63,-0.67999999999995,-0.07,30329.7,3088013.76,880.53,889.05,875.78,882.08
20190814,600519.SH,1030.02,1051.9,1030.02,1043.33,1017.95,25.37999999999988,2.49,41410.95,4327071.299,892.54,911.5,892.54,904.07
20190815,600519.SH,1028.0,1046.48,1028.0,1044.9,1043.33,1.5700000000001637,0.15,27237.39,2821331.12,890.79,906.8,890.79,905.43
20190816,600519.SH,1049.84,1075.58,1041.0,1054.6,1044.9,9.699999999999818,0.93,36086.73,3822488.363,909.71,932.01,902.05,913.84
20190819,600519.SH,1061.0,1069.98,1049.05,1055.88,1054.6,1.2800000000002,0.12,32867.58,3471558.016,919.38,927.16,909.03,914.94
20190820,600519.SH,1055.0,1073.68,1050.0,1070.0,1055.88,14.11999999999989,1.34,28602.13,3038219.263,914.18,930.37,909.85,927.18
20190821,600519.SH,1070.1,1076.97,1061.66,1066.0,1070.0,-4.0,-0.37,25066.62,2678841.887,927.27,933.22,919.95,923.71
20190822,600519.SH,1072.99,1104.0,1070.0,1104.0,1066.0,38.0,3.56,37590.78,4099045.126,929.77,956.64,927.18,956.64
20190823,600519.SH,1105.0,1133.56,1095.62,1130.1,1104.0,26.09999999999991,2.36,40192.3,4495782.91,957.51,982.26,949.38,979.26
20190826,600519.SH,1113.0,1128.0,1096.68,1102.95,1130.1,-27.149999999999864,-2.4,48497.89,5382792.365,964.44,977.44,950.3,955.73
20190827,600519.SH,1117.0,1131.31,1109.0,1109.0,1102.95,6.0499999999999545,0.55,52164.21,5830617.878,967.91,980.31,960.97,960.97
20190828,600519.SH,1109.0,1123.19,1083.01,1100.11,1109.0,-8.8900000000001,-0.8,47009.67,5169778.985,960.97,973.27,938.45,953.27
20190829,600519.SH,1105.0,1118.18,1092.5,1113.1,1100.11,12.990000000000009,1.18,29330.42,3247704.307,957.51,968.93,946.68,964.53
20190830,600519.SH,1125.0,1146.0,1123.0,1142.0,1113.1,28.90000000000009,2.6,44890.77,5093877.152,974.84,993.04,973.11,989.57
20190902,600519.SH,1139.99,1144.98,1129.0,1138.76,1142.0,-3.240000000000009,-0.28,28234.33,3210850.606,987.83,992.15,978.3,986.76
20190903,600519.SH,1140.0,1151.02,1128.56,1140.0,1138.76,1.240000000000009,0.11,29485.09,3358578.409,987.84,997.39,977.92,987.84
20190904,600519.SH,1140.8,1142.91,1120.11,1125.01,1140.0,-14.990000000000009,-1.31,33600.22,3785904.728,988.53,990.36,970.6,974.85
20190905,600519.SH,1129.0,1144.9,1128.0,1144.0,1125.01,18.99000000000001,1.69,32930.84,3746608.087,978.3,992.08,977.44,991.3
20190906,600519.SH,1144.5,1146.15,1131.0,1142.49,1144.0,-1.509999999999991,-0.13,26176.59,2978155.822,991.74,993.17,980.04,989.99
20190909,600519.SH,1145.0,1148.0,1135.0,1136.52,1142.49,-5.970000000000027,-0.52,29379.34,3346080.774,992.17,994.77,983.5,984.82
20190910,600519.SH,1134.3,1135.0,1120.01,1123.85,1136.52,-12.670000000000073,-1.11,26227.07,2952753.655,982.9,983.5,970.51,973.84
20190911,600519.SH,1119.22,1119.97,1068.0,1069.52,1123.85,-54.32999999999993,-4.83,81716.54,8904690.56,969.83,970.48,925.45,926.76
20190912,600519.SH,1066.0,1109.98,1066.0,1099.0,1069.52,29.480000000000018,2.76,41211.33,4498210.332,923.71,961.82,923.71,952.31
20190916,600519.SH,1083.0,1103.95,1083.0,1099.0,1099.0,0.0,0.0,31371.8,3432292.113,938.44,956.6,938.44,952.31
20190917,600519.SH,1094.0,1106.66,1087.0,1094.01,1099.0,-4.990000000000009,-0.45,25196.93,2767385.769,947.98,958.95,941.91,947.98
20190918,600519.SH,1108.5,1150.0,1108.18,1148.9,1094.01,54.8900000000001,5.02,69314.47,7899560.194,960.54,996.5,960.26,995.55
20190919,600519.SH,1148.0,1150.0,1137.1,1145.0,1148.9,-3.900000000000091,-0.34,24479.8,2800064.436,994.77,996.5,985.32,992.17
20190920,600519.SH,1151.0,1160.0,1147.59,1157.42,1145.0,12.420000000000073,1.08,37626.66,4346138.244,997.37,1005.17,994.41,1002.93
20190923,600519.SH,1157.0,1157.0,1131.0,1149.0,1157.42,-8.420000000000073,-0.73,30026.33,3431058.973,1002.57,1002.57,980.04,995.63
20190924,600519.SH,1155.0,1184.9,1152.0,1184.0,1149.0,35.0,3.05,36269.13,4259833.998,1000.83,1026.74,998.23,1025.96
20190925,600519.SH,1180.0,1188.87,1170.5,1174.0,1184.0,-10.0,-0.84,24024.58,2832308.42,1022.5,1030.18,1014.27,1017.3
20190926,600519.SH,1174.94,1183.35,1158.81,1167.0,1174.0,-7.0,-0.6,26081.94,3050478.322,1018.11,1025.4,1004.14,1011.23
20190927,600519.SH,1164.0,1183.0,1153.0,1174.75,1167.0,7.75,0.66,22826.61,2671754.323,1008.63,1025.1,999.1,1017.95
20190930,600519.SH,1163.0,1169.43,1150.0,1150.0,1174.75,-24.75,-2.11,30825.14,3565988.675,1007.77,1013.34,996.5,996.5
20191008,600519.SH,1153.0,1180.0,1152.01,1167.1,1150.0,17.09999999999991,1.49,31045.27,3631091.491,999.1,1022.5,998.24,1011.32
20191009,600519.SH,1166.2,1166.2,1135.05,1146.81,1167.1,-20.289999999999964,-1.74,35788.57,4105282.379,1010.54,1010.54,983.55,993.74
20191010,600519.SH,1127.0,1158.93,1109.02,1155.0,1146.81,8.190000000000055,0.71,41173.7,4685560.483,976.57,1004.24,960.99,1000.83
20191011,600519.SH,1157.0,1175.0,1152.21,1174.6,1155.0,19.59999999999991,1.7,28689.25,3343559.812,1002.57,1018.16,998.42,1017.82
20191014,600519.SH,1186.0,1187.66,1170.0,1180.0,1174.6,5.400000000000091,0.46,27187.51,3209362.988,1027.7,1029.13,1013.83,1022.5
20191015,600519.SH,1180.0,1215.68,1177.03,1211.0,1180.0,31.0,2.63,40034.73,4806856.333,1022.5,1053.41,1019.92,1049.36
20191016,600519.SH,1168.0,1187.5,1160.0,1170.0,1211.0,-41.0,-3.39,59150.59,6935972.684,1012.1,1029.0,1005.17,1013.83
20191017,600519.SH,1176.0,1186.66,1162.5,1183.33,1170.0,13.329999999999927,1.14,30508.7,3578144.114,1019.03,1028.27,1007.33,1025.38
20191018,600519.SH,1179.0,1189.99,1171.69,1175.79,1183.33,-7.539999999999964,-0.64,28291.61,3335011.086,1021.63,1031.15,1015.3,1018.85
20191021,600519.SH,1171.86,1178.9,1163.3,1168.5,1175.79,-7.289999999999964,-0.62,25274.67,2955023.935,1015.44,1021.54,1008.03,1012.53
20191022,600519.SH,1178.0,1181.5,1163.89,1170.8,1168.5,2.2999999999999545,0.2,19309.43,2262188.262,1020.76,1023.8,1008.54,1014.53
20191023,600519.SH,1168.0,1178.0,1156.11,1158.91,1170.8,-11.889999999999873,-1.02,23080.21,2684922.174,1012.1,1020.76,1001.8,1004.22
20191024,600519.SH,1164.95,1166.0,1147.16,1150.27,1158.91,-8.6400000000001,-0.75,26178.44,3025245.582,1009.46,1010.37,994.04,996.74
20191025,600519.SH,1153.3,1172.5,1143.03,1171.35,1150.27,21.079999999999927,1.83,25998.45,3015928.985,999.36,1016.0,990.46,1015.0
20191028,600519.SH,1166.01,1181.01,1165.0,1178.29,1171.35,6.940000000000055,0.59,22485.99,2644563.044,1010.37,1023.37,1009.5,1021.02
20191029,600519.SH,1181.11,1199.96,1177.77,1193.0,1178.29,14.710000000000036,1.25,27803.71,3314271.728,1023.46,1039.79,1020.56,1033.76
20191030,600519.SH,1190.0,1192.7,1176.0,1183.8,1193.0,-9.200000000000045,-0.77,21254.75,2516524.166,1031.16,1033.5,1019.03,1025.79
20191031,600519.SH,1196.0,1198.0,1176.15,1180.01,1183.8,-3.7899999999999636,-0.32,25909.27,3068884.874,1036.36,1038.09,1019.16,1022.51
20191101,600519.SH,1181.0,1191.95,1172.5,1185.0,1180.01,4.990000000000009,0.42,22811.96,2697638.375,1023.36,1032.85,1016.0,1026.83
20191104,600519.SH,1190.0,1209.99,1189.0,1199.59,1185.0,14.589999999999918,1.23,26737.98,3209264.033,1031.16,1048.48,1030.3,1039.47
20191105,600519.SH,1199.5,1205.0,1192.0,1199.0,1199.59,-0.5899999999999181,-0.05,22254.72,2667596.023,1039.39,1044.16,1032.9,1038.96
20191106,600519.SH,1197.0,1204.0,1188.88,1193.0,1199.0,-6.0,-0.5,19737.51,2362005.422,1037.23,1043.29,1030.19,1033.76
20191107,600519.SH,1196.51,1201.88,1189.0,1201.37,1193.0,8.36999999999989,0.7,16167.88,1933203.877,1036.8,1041.46,1030.3,1041.01
20191108,600519.SH,1205.0,1215.65,1201.51,1205.0,1201.37,3.630000000000109,0.3,24512.11,2964133.776,1044.16,1053.39,1041.14,1044.16
20191111,600519.SH,1201.5,1206.2,1193.51,1199.0,1205.0,-6.0,-0.5,17342.46,2082060.83,1041.13,1045.2,1034.2,1038.96
20191112,600519.SH,1204.0,1209.6,1198.21,1201.6,1199.0,2.599999999999909,0.22,19150.55,2303205.539,1043.29,1048.15,1038.28,1041.21
20191113,600519.SH,1207.0,1227.8,1200.0,1224.0,1201.6,22.40000000000009,1.86,31977.04,3890666.569,1045.89,1063.92,1039.83,1060.62
20191114,600519.SH,1227.0,1240.0,1222.0,1230.0,1224.0,6.0,0.49,23521.12,2898399.7,1063.22,1074.49,1058.89,1065.82
20191115,600519.SH,1230.0,1232.91,1221.5,1224.9,1230.0,-5.099999999999909,-0.41,16340.72,2003665.313,1065.82,1068.34,1058.46,1061.4
20191118,600519.SH,1225.12,1229.45,1218.0,1227.28,1224.9,2.3799999999998818,0.19,18037.66,2204546.132,1061.59,1065.35,1055.43,1063.47
20191119,600519.SH,1228.0,1241.61,1225.02,1232.32,1227.28,5.039999999999964,0.41,20623.75,2542105.913,1064.09,1075.88,1061.51,1067.83
20191120,600519.SH,1230.0,1239.51,1228.06,1233.75,1232.32,1.4300000000000637,0.12,15280.53,1884957.278,1065.82,1074.06,1064.14,1069.07
20191121,600519.SH,1231.0,1235.51,1221.06,1231.3,1233.75,-2.4500000000000455,-0.2,19187.39,2356277.766,1066.69,1070.6,1058.08,1066.95
20191122,600519.SH,1223.0,1229.0,1185.0,1194.0,1231.3,-37.299999999999955,-3.03,47054.28,5677646.465,1059.76,1064.96,1026.83,1034.63
20191125,600519.SH,1188.05,1194.0,1172.06,1182.06,1194.0,-11.940000000000055,-1.0,38281.75,4518778.939,1029.47,1034.63,1015.62,1024.28
20191126,600519.SH,1186.68,1198.6,1183.0,1185.0,1182.06,2.9400000000000546,0.25,40239.61,4794179.893,1028.29,1038.61,1025.1,1026.83
20191127,600519.SH,1192.8,1196.62,1184.51,1189.95,1185.0,4.9500000000000455,0.42,19848.81,2363839.726,1033.59,1036.9,1026.41,1031.12
20191128,600519.SH,1194.97,1197.51,1169.02,1175.8,1189.95,-14.150000000000091,-1.19,28844.99,3405325.549,1035.47,1037.67,1012.98,1018.86
20191129,600519.SH,1165.5,1165.5,1112.89,1129.0,1175.8,-46.799999999999955,-3.98,82397.32,9338326.554,1009.93,1009.93,964.34,978.3
20191202,600519.SH,1118.2,1140.02,1118.2,1133.0,1129.0,4.0,0.35,30784.41,3479717.421,968.95,987.85,968.95,981.77
20191203,600519.SH,1133.0,1133.0,1117.74,1118.0,1133.0,-15.0,-1.32,27340.93,3066695.648,981.77,981.77,968.55,968.77
20191204,600519.SH,1140.0,1144.66,1118.0,1122.33,1118.0,4.329999999999927,0.39,35283.08,3980511.004,987.84,991.87,968.77,972.52
20191205,600519.SH,1125.0,1132.01,1118.0,1129.8,1122.33,7.470000000000027,0.67,21338.79,2402503.47,974.84,980.91,968.77,979.0
20191206,600519.SH,1135.97,1170.0,1130.1,1170.0,1129.8,40.200000000000045,3.56,39506.26,4565643.688,984.34,1013.83,979.26,1013.83
20191209,600519.SH,1175.0,1176.0,1156.1,1158.7,1170.0,-11.299999999999955,-0.97,21824.12,2543532.527,1018.16,1019.03,1001.79,1004.04
20191210,600519.SH,1159.6,1165.0,1151.0,1164.4,1158.7,5.7000000000000455,0.49,15086.58,1749356.289,1004.82,1009.5,997.37,1008.98
20191211,600519.SH,1168.0,1170.75,1155.55,1158.98,1164.4,-5.420000000000073,-0.47,14567.99,1689987.674,1012.1,1014.48,1001.31,1004.28
20191212,600519.SH,1156.0,1159.94,1130.08,1137.0,1158.98,-21.980000000000018,-1.9,29409.16,3362699.683,1001.7,1005.11,979.24,985.24
20191213,600519.SH,1146.0,1165.0,1146.0,1163.0,1137.0,26.0,2.29,30000.59,3473927.971,993.04,1009.5,993.04,1007.77
20191216,600519.SH,1163.0,1163.0,1137.94,1147.92,1163.0,-15.079999999999927,-1.3,30936.42,3554133.64,1007.77,1007.77,986.05,994.7
20191217,600519.SH,1149.7,1173.6,1143.03,1169.98,1147.92,22.059999999999945,1.92,42616.96,4937041.95,996.24,1016.95,990.46,1013.81
20191218,600519.SH,1174.0,1175.2,1164.0,1168.0,1169.98,-1.9800000000000182,-0.17,19640.09,2295963.803,1017.3,1018.34,1008.63,1012.1
20191219,600519.SH,1163.0,1163.0,1152.0,1157.4,1168.0,-10.599999999999909,-0.91,19552.3,2262598.597,1007.77,1007.77,998.23,1002.91
20191220,600519.SH,1162.18,1162.18,1141.5,1146.3,1157.4,-11.100000000000136,-0.96,23563.84,2703612.358,1007.06,1007.06,989.14,993.3
20191223,600519.SH,1139.0,1162.5,1136.0,1149.3,1146.3,3.0,0.26,25919.18,2981937.538,986.97,1007.33,984.37,995.89
20191224,600519.SH,1153.0,1155.0,1145.0,1148.0,1149.3,-1.2999999999999545,-0.11,11823.1,1358536.199,999.1,1000.83,992.17,994.77
20191225,600519.SH,1143.0,1143.0,1130.01,1133.7,1148.0,-14.299999999999955,-1.25,24305.97,2755735.164,990.44,990.44,979.18,982.38
20191226,600519.SH,1132.0,1141.98,1119.99,1135.1,1133.7,1.3999999999998636,0.12,22877.27,2585996.501,980.9,989.55,970.5,983.59
20191227,600519.SH,1150.0,1172.0,1150.0,1163.0,1135.1,27.90000000000009,2.46,47066.28,5486452.901,996.5,1015.56,996.5,1007.77
20191230,600519.SH,1170.2,1195.5,1170.2,1185.8,1163.0,22.799999999999955,1.96,40760.66,4827682.057,1014.01,1035.93,1014.01,1027.52
20191231,600519.SH,1183.0,1188.0,1176.51,1183.0,1185.8,-2.7999999999999545,-0.24,22588.81,2666705.1,1025.1,1029.43,1019.47,1025.1
20200102,600519.SH,1128.0,1145.06,1116.0,1130.0,1183.0,-53.0,-4.48,148099.16,16696837.095,977.38,992.17,966.99,979.12
20200103,600519.SH,1117.0,1117.0,1076.9,1078.56,1130.0,-51.440000000000055,-4.55,130318.78,14266380.596,967.85,967.85,933.11,934.55
20200106,600519.SH,1070.86,1092.9,1067.3,1077.99,1078.56,-0.5699999999999363,-0.05,63414.78,6853917.601,927.87,946.97,924.79,934.05
20200107,600519.SH,1077.5,1099.0,1076.4,1094.53,1077.99,16.539999999999964,1.53,47853.59,5220697.068,933.63,952.26,932.67,948.38
20200108,600519.SH,1085.05,1095.5,1082.58,1088.14,1094.53,-6.389999999999873,-0.58,25008.25,2720371.915,940.17,949.22,938.03,942.85
20200109,600519.SH,1094.0,1105.39,1090.0,1102.7,1088.14,14.559999999999945,1.34,37405.87,4110949.814,947.92,957.79,944.46,955.46
20200110,600519.SH,1109.0,1115.99,1102.5,1112.5,1102.7,9.799999999999955,0.89,35975.87,3993457.118,960.92,966.98,955.29,963.95
20200113,600519.SH,1112.5,1129.2,1112.0,1124.27,1112.5,11.769999999999982,1.06,38515.75,4325687.959,963.95,978.42,963.52,974.15
20200114,600519.SH,1124.2,1124.89,1103.0,1107.4,1124.27,-16.86999999999989,-1.5,35144.65,3916300.79,974.09,974.69,955.72,959.54
20200115,600519.SH,1109.01,1121.6,1105.0,1112.13,1107.4,4.730000000000018,0.43,26029.11,2895603.674,960.93,971.84,957.46,963.63
20200116,600519.SH,1118.87,1118.87,1102.58,1107.0,1112.13,-5.130000000000109,-0.46,23191.65,2571593.141,969.47,969.47,955.36,959.19
20200117,600519.SH,1110.0,1112.78,1101.01,1107.5,1107.0,0.5,0.05,23472.75,2599645.144,961.79,964.2,954.0,959.62
20200120,600519.SH,1111.86,1111.86,1082.0,1091.0,1107.5,-16.5,-1.49,35391.3,3858246.844,963.4,963.4,937.53,945.32
20200121,600519.SH,1081.0,1087.0,1072.3,1075.3,1091.0,-15.700000000000045,-1.44,32874.05,3542441.308,936.66,941.86,929.12,931.72
20200122,600519.SH,1070.0,1084.0,1055.38,1075.51,1075.3,0.21000000000003638,0.02,36200.04,3875275.065,927.13,939.26,914.46,931.9
20200123,600519.SH,1076.0,1076.0,1037.0,1052.8,1075.51,-22.710000000000036,-2.11,53468.43,5638945.742,932.33,932.33,898.54,912.23
20200203,600519.SH,985.0,1010.68,980.0,1003.92,1052.8,-48.879999999999995,-4.64,123442.88,12314991.759,853.48,875.73,849.15,869.87
20200204,600519.SH,1015.0,1057.0,1011.01,1038.01,1003.92,34.09000000000003,3.4,62624.18,6490469.043,879.47,915.86,876.02,899.41
20200205,600519.SH,1050.0,1054.0,1033.03,1049.99,1038.01,11.980000000000018,1.15,47418.24,4956355.235,909.8,913.27,895.1,909.79
20200206,600519.SH,1059.43,1075.0,1052.02,1071.0,1049.99,21.00999999999999,2.0,47171.21,5011246.407,917.97,931.46,911.55,928.0
20200207,600519.SH,1070.01,1077.0,1061.02,1076.0,1071.0,5.0,0.47,31278.71,3348894.576,927.14,933.19,919.35,932.33
20200210,600519.SH,1062.0,1074.6,1057.2,1066.49,1076.0,-9.509999999999991,-0.88,30533.42,3251908.506,920.2,931.11,916.04,924.09
20200211,600519.SH,1063.0,1099.68,1062.8,1098.0,1066.49,31.50999999999999,2.95,47917.93,5222918.915,921.06,952.85,920.89,951.39
20200212,600519.SH,1089.0,1098.79,1085.88,1097.27,1098.0,-0.7300000000000182,-0.07,28125.43,3072293.973,943.59,952.07,940.89,950.76
20200213,600519.SH,1098.0,1113.89,1088.01,1091.0,1097.27,-6.269999999999982,-0.57,30357.36,3335277.425,951.39,965.16,942.73,945.32
20200214,600519.SH,1090.45,1093.51,1083.11,1088.0,1091.0,-3.0,-0.27,23287.6,2534568.401,944.85,947.5,938.49,942.73
20200217,600519.SH,1082.5,1096.19,1082.4,1093.82,1088.0,5.819999999999936,0.53,27028.22,2946182.657,937.96,949.82,937.87,947.77
20200218,600519.SH,1090.01,1096.88,1083.0,1084.0,1093.82,-9.819999999999936,-0.9,26664.96,2897729.692,944.47,950.42,938.39,939.26
20200219,600519.SH,1085.0,1101.5,1078.0,1096.5,1084.0,12.5,1.15,37051.47,4052365.602,940.13,954.42,934.06,950.09
20200220,600519.SH,1096.7,1124.0,1095.41,1118.0,1096.5,21.5,1.96,46802.62,5220660.94,950.26,973.92,949.15,968.72
20200221,600519.SH,1111.46,1123.54,1110.01,1112.88,1118.0,-5.119999999999891,-0.46,28940.08,3225337.16,963.05,973.52,961.8,964.28
20200224,600519.SH,1105.5,1110.0,1085.5,1087.18,1112.88,-25.700000000000045,-2.31,38650.36,4221857.466,957.89,961.79,940.56,942.02
20200225,600519.SH,1078.0,1082.09,1067.88,1074.81,1087.18,-12.370000000000118,-1.14,38385.62,4127432.13,934.06,937.6,925.29,931.3
20200226,600519.SH,1062.0,1084.0,1055.0,1073.7,1074.81,-1.1099999999999,-0.1,43560.97,4663278.433,920.2,939.26,914.13,930.33
20200227,600519.SH,1076.0,1094.99,1076.0,1087.39,1073.7,13.690000000000055,1.28,34498.29,3758783.81,932.33,948.78,932.33,942.2
20200228,600519.SH,1070.3,1082.0,1049.97,1057.0,1087.39,-30.3900000000001,-2.79,49946.57,5307929.213,927.39,937.53,909.77,915.86
20200302,600519.SH,1050.11,1096.55,1050.01,1086.01,1057.0,29.00999999999999,2.74,47663.04,5154329.159,909.89,950.13,909.81,941.0
20200303,600519.SH,1098.0,1118.88,1098.0,1113.0,1086.01,26.99000000000001,2.49,50250.15,5585227.657,951.39,969.48,951.39,964.39
20200304,600519.SH,1125.0,1139.0,1116.24,1128.92,1113.0,15.920000000000073,1.43,53792.99,6080149.243,974.79,986.92,967.19,978.18
20200305,600519.SH,1136.31,1174.99,1130.56,1171.0,1128.92,42.07999999999993,3.73,62426.45,7210485.104,984.58,1018.1,979.6,1014.64
20200306,600519.SH,1163.0,1176.0,1151.98,1155.5,1171.0,-15.5,-1.32,30641.0,3553622.358,1007.71,1018.98,998.16,1001.21
20200309,600519.SH,1135.0,1135.0,1111.31,1114.01,1155.5,-41.49000000000001,-3.59,43404.09,4865288.5,983.45,983.45,962.92,965.26
20200310,600519.SH,1113.0,1168.0,1113.0,1156.0,1114.01,41.99000000000001,3.77,58062.93,6635936.156,964.39,1012.04,964.39,1001.65
20200311,600519.SH,1155.5,1169.58,1141.0,1158.52,1156.0,2.519999999999982,0.22,35547.57,4124607.952,1001.21,1013.41,988.65,1003.83
20200312,600519.SH,1141.22,1153.0,1125.1,1138.5,1158.52,-20.019999999999982,-1.73,36630.63,4172606.105,988.84,999.05,974.87,986.48
20200313,600519.SH,1090.0,1128.98,1080.0,1112.03,1138.5,-26.470000000000027,-2.32,75885.31,8348496.48,944.46,978.23,935.79,963.55
20200316,600519.SH,1103.98,1107.95,1062.0,1067.0,1112.03,-45.02999999999997,-4.05,51232.54,5548946.745,956.57,960.01,920.2,924.53
20200317,600519.SH,1055.0,1078.0,1011.12,1045.1,1067.0,-21.90000000000009,-2.05,79359.12,8277472.787,914.13,934.06,876.11,905.55
20200318,600519.SH,1040.0,1060.0,1007.99,1007.99,1045.1,-37.1099999999999,-3.55,73459.88,7582762.547,901.13,918.46,873.4,873.4
20200319,600519.SH,993.99,1015.0,960.1,996.0,1007.99,-11.990000000000009,-1.19,102265.07,10075880.47,861.27,879.47,831.9,863.01
20200320,600519.SH,1011.0,1043.0,1011.0,1035.28,996.0,39.27999999999997,3.94,60139.19,6169094.444,876.01,903.73,876.01,897.04
20200323,600519.SH,1000.0,1035.28,991.52,1019.0,1035.28,-16.279999999999973,-1.57,48472.1,4918121.944,866.48,897.04,859.13,882.94
20200324,600519.SH,1043.0,1058.88,1035.0,1056.0,1019.0,37.0,3.63,46650.96,4900364.144,903.73,917.49,896.8,915.0
20200325,600519.SH,1087.98,1091.36,1074.2,1080.1,1056.0,24.09999999999991,2.28,37048.66,4015061.222,942.71,945.64,930.77,935.88
20200326,600519.SH,1073.33,1091.2,1062.0,1064.92,1080.1,-15.179999999999836,-1.41,30048.56,3231754.298,930.01,945.5,920.2,922.73
20200327,600519.SH,1085.0,1092.0,1075.01,1075.5,1064.92,10.579999999999927,0.99,36261.12,3931759.353,940.13,946.19,931.47,931.89
20200330,600519.SH,1060.25,1077.0,1057.0,1072.0,1075.5,-3.5,-0.33,30687.41,3279823.025,918.68,933.19,915.86,928.86
20200331,600519.SH,1082.0,1115.0,1081.8,1111.0,1072.0,39.0,3.64,47984.37,5293170.703,937.53,966.12,937.35,962.65
20200401,600519.SH,1117.0,1129.0,1103.0,1103.0,1111.0,-8.0,-0.72,33205.35,3700184.247,967.85,978.25,955.72,955.72
20200402,600519.SH,1104.0,1145.0,1103.88,1145.0,1103.0,42.0,3.81,45205.61,5095167.594,956.59,992.11,956.49,992.11
20200403,600519.SH,1139.03,1147.96,1131.98,1139.79,1145.0,-5.210000000000036,-0.46,27617.61,3148421.866,986.94,994.68,980.83,987.6
20200407,600519.SH,1161.95,1166.5,1148.89,1159.95,1139.79,20.160000000000082,1.77,43488.0,5041525.481,1006.8,1010.74,995.49,1005.07
20200408,600519.SH,1152.0,1166.31,1152.0,1159.76,1159.95,-0.19000000000005457,-0.02,24224.42,2809422.1,998.18,1010.58,998.18,1004.9
20200409,600519.SH,1166.0,1169.0,1147.96,1158.5,1159.76,-1.259999999999991,-0.11,22816.97,2640230.492,1010.31,1012.91,994.68,1003.81
20200410,600519.SH,1157.88,1181.5,1153.5,1165.0,1158.5,6.5,0.56,27804.34,3252600.672,1003.27,1023.74,999.48,1009.44
20200413,600519.SH,1165.0,1169.98,1148.5,1162.3,1165.0,-2.7000000000000455,-0.23,15981.47,1854563.731,1009.44,1013.76,995.15,1007.1
20200414,600519.SH,1176.0,1191.55,1166.0,1185.1,1162.3,22.799999999999955,1.96,36799.55,4340858.665,1018.98,1032.45,1010.31,1026.86
20200415,600519.SH,1192.0,1203.99,1187.1,1189.6,1185.1,4.5,0.38,29332.29,3501318.26,1032.84,1043.23,1028.59,1030.76
20200416,600519.SH,1192.97,1197.1,1184.1,1197.1,1189.6,7.5,0.63,21727.74,2588431.844,1033.68,1037.26,1025.99,1037.26
20200417,600519.SH,1210.0,1234.56,1205.01,1226.0,1197.1,28.90000000000009,2.41,38245.69,4676618.151,1048.44,1069.72,1044.11,1062.3
20200420,600519.SH,1221.0,1231.5,1216.8,1227.3,1226.0,1.2999999999999545,0.11,24238.64,2963483.323,1057.97,1067.06,1054.33,1063.43
20200421,600519.SH,1221.02,1223.99,1193.0,1200.0,1227.3,-27.299999999999955,-2.22,29224.22,3517018.487,1057.98,1060.56,1033.71,1039.77
20200422,600519.SH,1206.0,1249.5,1202.22,1244.5,1200.0,44.5,3.71,44034.73,5430377.598,1044.97,1082.66,1041.69,1078.33
20200423,600519.SH,1250.0,1265.68,1247.77,1252.26,1244.5,7.759999999999991,0.62,26898.51,3377042.463,1083.09,1096.68,1081.16,1085.05
20200424,600519.SH,1248.0,1259.89,1235.18,1250.56,1252.26,-1.7000000000000455,-0.14,19122.4,2390444.036,1081.36,1091.66,1070.25,1083.58
20200427,600519.SH,1257.0,1278.17,1250.96,1276.0,1250.56,25.440000000000055,2.03,25903.91,3284513.346,1089.16,1107.5,1083.93,1105.62
20200428,600519.SH,1285.31,1299.94,1271.88,1279.13,1276.0,3.130000000000109,0.25,34661.9,4458549.425,1113.69,1126.37,1102.05,1108.34
20200429,600519.SH,1277.8,1288.1,1258.0,1274.9,1279.13,-4.230000000000018,-0.33,23444.06,2976724.957,1107.18,1116.11,1090.03,1104.67
20200430,600519.SH,1271.0,1285.01,1258.88,1265.7,1274.9,-9.200000000000045,-0.72,24660.87,3134408.881,1101.29,1113.43,1090.79,1096.7
20200506,600519.SH,1251.0,1300.0,1250.0,1300.0,1265.7,34.299999999999955,2.71,35834.81,4598589.768,1083.96,1126.42,1083.09,1126.42
20200507,600519.SH,1299.4,1314.99,1293.0,1312.0,1300.0,12.0,0.92,27934.74,3647628.296,1125.9,1139.41,1120.35,1136.82
20200508,600519.SH,1317.0,1338.0,1308.51,1314.61,1312.0,2.6099999999999,0.2,29078.68,3839218.026,1141.15,1159.34,1133.79,1139.08
20200511,600519.SH,1320.0,1335.0,1313.67,1323.01,1314.61,8.400000000000091,0.64,23671.19,3135990.964,1143.75,1156.75,1138.26,1146.36
20200512,600519.SH,1318.0,1334.99,1316.0,1333.0,1323.01,9.990000000000009,0.76,19721.81,2621824.685,1142.01,1156.74,1140.28,1155.01
20200513,600519.SH,1333.0,1337.99,1322.88,1335.95,1333.0,2.9500000000000455,0.22,22014.31,2931464.95,1155.01,1159.34,1146.24,1157.57
20200514,600519.SH,1330.0,1334.88,1325.11,1326.59,1335.95,-9.360000000000127,-0.7,18574.92,2467976.357,1152.41,1156.64,1148.18,1149.46
20200515,600519.SH,1329.0,1333.5,1301.88,1313.0,1326.59,-13.589999999999918,-1.02,26398.08,3469736.812,1151.55,1155.45,1128.05,1137.68
20200518,600519.SH,1306.0,1351.5,1305.13,1346.21,1313.0,33.210000000000036,2.53,34362.11,4587989.708,1131.62,1171.04,1130.86,1166.46
20200519,600519.SH,1364.0,1364.0,1338.0,1346.11,1346.21,-0.10000000000013642,-0.01,24787.46,3342210.487,1181.87,1181.87,1159.34,1166.37
20200520,600519.SH,1346.11,1359.18,1336.81,1351.0,1346.11,4.8900000000001,0.36,21183.4,2859455.106,1166.37,1177.7,1158.31,1170.61
20200521,600519.SH,1355.0,1371.96,1352.86,1366.1,1351.0,15.099999999999909,1.12,23051.58,3147105.462,1174.07,1188.77,1172.22,1183.69
20200522,600519.SH,1366.0,1366.1,1322.88,1328.2,1366.1,-37.899999999999864,-2.77,34427.46,4608696.074,1183.61,1183.69,1146.24,1150.85
20200525,600519.SH,1330.0,1366.58,1321.0,1362.9,1328.2,34.700000000000045,2.61,31561.0,4260387.678,1152.41,1184.11,1144.61,1180.92
20200526,600519.SH,1369.88,1369.95,1355.0,1358.0,1362.9,-4.900000000000091,-0.36,22470.19,3056188.321,1186.97,1187.03,1174.07,1176.67
20200527,600519.SH,1359.0,1360.0,1333.0,1338.0,1358.0,-20.0,-1.47,26777.41,3596654.307,1177.54,1178.41,1155.01,1159.34
20200528,600519.SH,1337.97,1346.94,1321.13,1344.0,1338.0,6.0,0.45,26485.91,3536546.893,1159.32,1167.09,1144.73,1164.54
20200529,600519.SH,1332.1,1369.98,1332.1,1366.6,1344.0,22.59999999999991,1.68,30444.35,4144247.222,1154.23,1187.05,1154.23,1184.13
20200601,600519.SH,1381.0,1420.1,1381.0,1419.5,1366.6,52.90000000000009,3.87,35479.76,4986178.912,1196.6,1230.48,1196.6,1229.96
20200602,600519.SH,1416.01,1427.9,1406.66,1410.71,1419.5,-8.789999999999964,-0.62,25960.1,3679210.598,1226.94,1237.24,1218.84,1222.35
20200603,600519.SH,1415.0,1417.5,1395.77,1399.3,1410.71,-11.410000000000082,-0.81,23557.36,3308382.799,1226.06,1228.23,1209.4,1212.46
20200604,600519.SH,1396.0,1411.0,1396.0,1407.99,1399.3,8.690000000000055,0.62,18037.41,2534459.742,1209.6,1222.6,1209.6,1219.99
20200605,600519.SH,1405.25,1428.88,1401.08,1425.0,1407.99,17.00999999999999,1.21,18347.06,2597524.609,1217.61,1238.09,1214.0,1234.73
20200608,600519.SH,1425.0,1435.0,1402.01,1406.1,1425.0,-18.90000000000009,-1.33,29300.45,4145298.455,1234.73,1243.39,1214.81,1218.35
20200609,600519.SH,1408.0,1425.0,1400.68,1416.55,1406.1,10.450000000000045,0.74,22611.91,3199849.66,1220.0,1234.73,1213.66,1227.41
20200610,600519.SH,1425.0,1433.33,1417.0,1423.66,1416.55,7.110000000000127,0.5,22700.74,3234843.851,1234.73,1241.95,1227.8,1233.57
20200611,600519.SH,1411.01,1417.99,1396.99,1400.46,1423.66,-23.200000000000045,-1.63,30711.71,4314846.228,1222.61,1228.65,1210.46,1213.46
20200612,600519.SH,1387.17,1416.37,1383.31,1416.37,1400.46,15.909999999999854,1.14,28427.42,3992323.389,1201.95,1227.25,1198.6,1227.25
20200615,600519.SH,1402.0,1411.6,1381.0,1383.0,1416.37,-33.36999999999989,-2.36,34615.41,4819512.189,1214.8,1223.12,1196.6,1198.34
20200616,600519.SH,1398.5,1414.0,1393.13,1403.88,1383.0,20.88000000000011,1.51,29206.64,4099718.932,1211.77,1225.2,1207.11,1216.43
20200617,600519.SH,1411.86,1411.9,1395.02,1405.0,1403.88,1.1199999999998909,0.08,19453.07,2730097.12,1223.34,1223.38,1208.75,1217.4
20200618,600519.SH,1404.9,1413.2,1400.1,1413.0,1405.0,8.0,0.57,21010.41,2956800.081,1217.31,1224.5,1213.15,1224.33
20200619,600519.SH,1420.0,1445.2,1415.1,1439.84,1413.0,26.839999999999918,1.9,38958.33,5603232.657,1230.4,1252.23,1226.15,1247.59
20200622,600519.SH,1435.1,1443.89,1433.2,1439.0,1439.84,-0.8399999999999181,-0.06,23247.0,3343536.637,1243.48,1251.1,1241.83,1246.86
20200623,600519.SH,1435.0,1482.0,1433.52,1474.5,1439.0,35.5,2.47,33934.26,4963194.685,1243.39,1284.12,1242.11,1277.62
20200624,600519.SH,1463.6,1465.71,1445.0,1460.01,1474.5,-14.490000000000009,-0.98,25138.99,3663537.115,1282.97,1284.82,1266.67,1279.83
20200629,600519.SH,1448.0,1466.0,1437.01,1463.17,1460.01,3.160000000000082,0.22,28080.61,4064048.236,1269.3,1285.08,1259.66,1282.6
20200630,600519.SH,1463.12,1468.98,1455.12,1462.88,1463.17,-0.2899999999999636,-0.02,22446.14,3281641.199,1282.55,1287.69,1275.54,1282.34
20200701,600519.SH,1468.0,1506.1,1464.02,1494.27,1462.88,31.389999999999873,2.15,38682.49,5759640.251,1286.83,1320.23,1283.34,1309.86
20200702,600519.SH,1499.0,1550.9,1495.0,1544.0,1494.27,49.73000000000002,3.33,45883.72,7014289.615,1314.0,1359.5,1310.5,1353.45
20200703,600519.SH,1550.0,1552.5,1516.88,1541.79,1544.0,-2.2100000000000364,-0.14,35125.81,5395637.032,1358.71,1360.9,1329.68,1351.51
20200706,600519.SH,1538.0,1616.0,1531.81,1600.0,1541.79,58.210000000000036,3.78,51821.96,8228068.998,1348.19,1416.56,1342.76,1402.54
20200707,600519.SH,1603.09,1744.82,1601.0,1688.0,1600.0,88.0,5.5,66663.93,11219852.098,1405.25,1529.49,1403.41,1479.68
20200708,600519.SH,1680.0,1719.0,1660.0,1681.34,1688.0,-6.660000000000082,-0.39,53169.98,8963189.092,1472.67,1506.85,1455.13,1473.84
20200709,600519.SH,1691.0,1712.0,1682.0,1706.0,1681.34,24.660000000000082,1.47,35033.24,5951732.803,1482.31,1500.72,1474.42,1495.46
20200710,600519.SH,1689.0,1736.6,1688.94,1713.85,1706.0,7.849999999999909,0.46,37100.44,6352507.468,1480.55,1522.28,1480.5,1502.34
20200713,600519.SH,1714.68,1787.0,1714.68,1781.99,1713.85,68.1400000000001,3.98,60727.16,10679460.274,1503.07,1566.46,1503.07,1562.07
20200714,600519.SH,1781.99,1782.03,1748.4,1762.0,1781.99,-19.99000000000001,-1.12,46093.51,8135834.91,1562.07,1562.1,1532.62,1544.55
20200715,600519.SH,1744.88,1782.6,1744.71,1752.53,1762.0,-9.470000000000027,-0.54,40712.94,7176560.649,1529.54,1562.6,1529.39,1536.24
20200716,600519.SH,1729.91,1729.91,1600.0,1614.0,1752.53,-138.52999999999997,-7.9,102242.19,16901373.196,1516.42,1516.42,1402.54,1414.81
20200717,600519.SH,1620.0,1672.59,1620.0,1648.05,1614.0,34.049999999999955,2.11,65902.06,10863420.089,1420.07,1466.17,1420.07,1444.66
20200720,600519.SH,1652.5,1663.99,1588.88,1636.96,1648.05,-11.089999999999918,-0.67,45280.33,7363822.989,1448.56,1458.63,1392.79,1434.94
20200721,600519.SH,1646.64,1702.8,1630.99,1668.0,1636.96,31.039999999999964,1.9,41969.5,7026353.151,1443.42,1492.65,1429.7,1462.15
20200722,600519.SH,1658.0,1710.0,1658.0,1678.08,1668.0,10.079999999999927,0.6,39201.21,6637265.372,1453.38,1498.96,1453.38,1470.98
20200723,600519.SH,1672.0,1691.0,1650.0,1676.0,1678.08,-2.0799999999999272,-0.12,34320.52,5739050.333,1465.65,1482.31,1446.37,1469.16
20200724,600519.SH,1654.85,1666.0,1585.0,1595.3,1676.0,-80.70000000000005,-4.82,78752.01,12705941.887,1450.62,1460.39,1389.39,1398.42
20200727,600519.SH,1616.01,1629.8,1600.0,1622.55,1595.3,27.25,1.71,38788.17,6279664.444,1416.57,1428.66,1402.54,1422.31
20200728,600519.SH,1630.0,1680.0,1630.0,1670.0,1622.55,47.450000000000045,2.92,54911.52,9133721.867,1428.84,1472.67,1428.84,1463.9
20200729,600519.SH,1690.0,1690.0,1633.0,1672.0,1670.0,2.0,0.12,50748.43,8411789.967,1481.43,1481.43,1431.47,1465.65
20200730,600519.SH,1671.2,1700.59,1670.5,1680.0,1672.0,8.0,0.48,38373.04,6486855.475,1464.95,1490.71,1464.34,1472.67
20200731,600519.SH,1685.0,1705.0,1646.0,1678.18,1680.0,-1.8199999999999363,-0.11,40684.74,6846747.33,1477.05,1494.58,1442.86,1471.07
20200803,600519.SH,1686.88,1696.58,1660.0,1668.0,1678.18,-10.180000000000064,-0.61,34661.14,5790041.422,1478.7,1487.2,1455.13,1462.15
20200804,600519.SH,1675.0,1682.99,1660.0,1669.99,1668.0,1.990000000000009,0.12,31940.51,5337185.768,1468.28,1475.29,1455.13,1463.89
20200805,600519.SH,1662.09,1673.09,1643.31,1668.0,1669.99,-1.990000000000009,-0.12,25521.69,4236612.469,1456.97,1466.61,1440.5,1462.15
20200806,600519.SH,1670.0,1674.03,1630.0,1637.96,1668.0,-30.039999999999964,-1.8,32648.78,5372942.645,1463.9,1467.43,1428.84,1435.81
20200807,600519.SH,1644.77,1649.67,1598.5,1631.0,1637.96,-6.960000000000036,-0.42,34242.05,5560065.753,1441.78,1446.08,1401.22,1429.71
20200810,600519.SH,1627.97,1644.96,1608.11,1633.99,1631.0,2.990000000000009,0.18,23623.54,3857721.122,1427.06,1441.95,1409.65,1432.33
20200811,600519.SH,1640.0,1666.43,1640.0,1642.51,1633.99,8.519999999999982,0.52,35818.18,5936904.876,1437.6,1460.77,1437.6,1439.8
20200812,600519.SH,1633.0,1641.0,1605.25,1626.95,1642.51,-15.559999999999945,-0.95,27933.92,4529267.493,1431.47,1438.48,1407.14,1426.16
20200813,600519.SH,1630.0,1638.88,1609.0,1635.0,1626.95,8.049999999999955,0.49,20541.34,3341652.186,1428.84,1436.62,1410.43,1433.22
20200814,600519.SH,1639.9,1665.7,1631.0,1661.0,1635.0,26.0,1.59,37653.18,6230475.427,1437.51,1460.13,1429.71,1456.01
20200817,600519.SH,1674.0,1704.35,1670.0,1690.0,1661.0,29.0,1.75,43572.01,7363610.867,1467.41,1494.01,1463.9,1481.43
20200818,600519.SH,1697.38,1720.0,1691.0,1705.0,1690.0,15.0,0.89,30422.81,5192751.797,1487.9,1507.73,1482.31,1494.58
20200819,600519.SH,1700.0,1717.0,1682.99,1687.0,1705.0,-18.0,-1.06,26914.98,4578143.762,1490.2,1505.1,1475.29,1478.8
20200820,600519.SH,1674.0,1679.0,1656.0,1664.0,1687.0,-23.0,-1.36,22382.33,3727183.935,1467.41,1471.79,1451.63,1458.64
20200821,600519.SH,1673.0,1698.0,1671.0,1676.0,1664.0,12.0,0.72,25082.41,4217048.42,1466.53,1488.44,1464.78,1469.16
20200824,600519.SH,1700.0,1708.0,1691.01,1696.35,1676.0,20.34999999999991,1.21,30933.44,5260286.523,1490.2,1497.21,1482.32,1487.0
20200825,600519.SH,1704.8,1746.78,1698.63,1727.0,1696.35,30.65000000000009,1.81,41872.49,7227309.774,1494.4,1531.2,1489.0,1513.86
20200826,600519.SH,1734.0,1745.0,1715.02,1727.0,1727.0,0.0,0.0,26215.73,4530374.186,1520.0,1529.64,1503.36,1513.86
20200827,600519.SH,1731.99,1733.98,1705.0,1731.0,1727.0,4.0,0.23,22635.53,3896759.446,1518.24,1519.98,1494.58,1517.37
20200828,600519.SH,1731.0,1764.0,1721.5,1757.0,1731.0,26.0,1.5,42299.62,7389242.302,1517.37,1546.3,1509.04,1540.16
20200831,600519.SH,1770.58,1816.0,1770.58,1786.5,1757.0,29.5,1.68,47810.36,8608932.57,1552.07,1591.88,1552.07,1566.02
20200901,600519.SH,1792.0,1802.0,1775.01,1801.98,1786.5,15.480000000000018,0.87,31639.92,5661594.315,1570.84,1579.61,1555.95,1579.59
20200902,600519.SH,1825.0,1828.0,1770.0,1795.0,1801.98,-6.980000000000018,-0.39,32009.29,5746351.923,1599.77,1602.4,1551.56,1573.47
20200903,600519.SH,1795.0,1812.0,1779.7,1793.0,1795.0,-2.0,-0.11,30437.35,5471333.88,1573.47,1588.37,1560.06,1571.72
20200904,600519.SH,1766.0,1776.99,1746.0,1770.0,1793.0,-23.0,-1.28,30857.96,5433479.408,1548.05,1557.69,1530.52,1551.56
20200907,600519.SH,1760.0,1777.99,1703.97,1723.5,1770.0,-46.5,-2.63,31112.02,5446354.619,1542.79,1558.56,1493.68,1510.8
20200908,600519.SH,1732.0,1737.8,1677.07,1711.4,1723.5,-12.099999999999909,-0.7,34472.38,5865962.724,1518.25,1523.33,1470.1,1500.19
20200909,600519.SH,1699.67,1711.0,1680.04,1688.0,1711.4,-23.40000000000009,-1.37,25963.55,4401806.095,1489.91,1499.84,1472.7,1479.68
20200910,600519.SH,1703.74,1720.0,1700.0,1705.8,1688.0,17.799999999999955,1.05,24778.33,4236694.402,1493.48,1507.73,1490.2,1495.28
20200911,600519.SH,1688.0,1736.0,1688.0,1733.0,1705.8,27.200000000000045,1.59,31088.0,5339883.408,1479.68,1521.75,1479.68,1519.12
20200914,600519.SH,1745.0,1769.0,1730.58,1766.0,1733.0,33.0,1.9,31056.01,5448188.995,1529.64,1550.68,1517.0,1548.05
20200915,600519.SH,1769.99,1769.99,1747.75,1760.0,1766.0,-6.0,-0.34,20820.87,3654872.009,1551.55,1551.55,1532.05,1542.79
20200916,600519.SH,1760.0,1764.81,1719.0,1725.1,1760.0,-34.90000000000009,-1.98,22515.98,3916457.762,1542.79,1547.01,1506.85,1512.2
20200917,600519.SH,1700.0,1700.0,1658.0,1670.52,1725.1,-54.57999999999993,-3.16,63679.85,10683350.187,1490.2,1490.2,1453.38,1464.36
20200918,600519.SH,1665.0,1695.0,1635.01,1695.0,1670.52,24.480000000000018,1.47,47201.4,7853673.241,1459.52,1485.81,1433.23,1485.81
20200921,600519.SH,1692.76,1692.76,1666.66,1666.8,1695.0,-28.200000000000045,-1.66,22444.07,3756765.108,1483.85,1483.85,1460.97,1461.09
20200922,600519.SH,1650.0,1686.98,1650.0,1665.69,1666.8,-1.1099999999999,-0.07,23265.47,3890070.212,1446.37,1478.78,1446.37,1460.12
20200923,600519.SH,1635.0,1666.01,1621.02,1649.98,1665.69,-15.710000000000036,-0.94,35725.52,5878691.069,1433.22,1460.4,1420.96,1446.35
20200924,600519.SH,1635.97,1658.88,1626.8,1629.32,1649.98,-20.660000000000082,-1.25,30050.78,4915392.273,1434.07,1454.15,1426.03,1428.24
20200925,600519.SH,1630.0,1650.0,1625.0,1635.11,1629.32,5.789999999999964,0.36,22582.96,3700843.486,1428.84,1446.37,1424.45,1433.32
20200928,600519.SH,1635.19,1668.5,1635.19,1661.0,1635.11,25.8900000000001,1.58,24232.22,4019640.15,1433.39,1462.58,1433.39,1456.01
20200929,600519.SH,1669.33,1669.4,1652.3,1652.3,1661.0,-8.700000000000045,-0.52,17430.78,2895081.366,1463.31,1463.37,1448.38,1448.38
20200930,600519.SH,1660.0,1691.9,1660.0,1668.5,1652.3,16.200000000000045,0.98,27087.81,4536012.54,1455.13,1483.1,1455.13,1462.58
20201009,600519.SH,1692.0,1706.42,1688.0,1696.0,1668.5,27.5,1.65,34239.88,5817280.605,1483.18,1495.82,1479.68,1486.69
20201012,600519.SH,1700.0,1750.61,1700.0,1750.61,1696.0,54.6099999999999,3.22,43729.04,7597987.786,1490.2,1534.56,1490.2,1534.56
20201013,600519.SH,1750.62,1750.62,1735.0,1739.0,1750.61,-11.6099999999999,-0.66,22943.89,3995560.518,1534.57,1534.57,1520.88,1524.38
20201014,600519.SH,1740.0,1746.98,1726.0,1729.0,1739.0,-10.0,-0.58,20481.39,3554316.589,1525.26,1531.38,1512.99,1515.62
20201015,600519.SH,1721.13,1735.0,1721.0,1725.0,1729.0,-4.0,-0.23,16204.36,2801250.556,1508.72,1520.88,1508.61,1512.11
20201016,600519.SH,1725.0,1734.58,1703.0,1712.0,1725.0,-13.0,-0.75,17377.38,2991246.892,1512.11,1520.51,1492.83,1500.72
20201019,600519.SH,1725.0,1733.98,1691.9,1699.0,1712.0,-13.0,-0.76,19226.32,3284383.415,1512.11,1519.98,1483.1,1489.32
20201020,600519.SH,1699.99,1734.97,1695.0,1734.0,1699.0,35.0,2.06,27734.93,4787807.536,1490.19,1520.85,1485.81,1520.0
20201021,600519.SH,1734.1,1742.15,1723.0,1733.33,1734.0,-0.6700000000000728,-0.04,18901.37,3275357.44,1520.09,1527.15,1510.36,1519.41
20201022,600519.SH,1730.0,1745.0,1715.51,1742.5,1733.33,9.170000000000073,0.53,22480.87,3897729.793,1516.49,1529.64,1503.79,1527.45
20201023,600519.SH,1740.78,1747.59,1714.0,1715.33,1742.5,-27.170000000000073,-1.56,19291.69,3339987.454,1525.94,1531.91,1502.47,1503.64
20201026,600519.SH,1619.0,1662.92,1600.0,1643.0,1715.33,-72.32999999999993,-4.22,66015.29,10821908.227,1419.19,1457.69,1402.54,1440.23
20201027,600519.SH,1643.0,1644.0,1616.12,1625.0,1643.0,-18.0,-1.1,43944.4,7156688.307,1440.23,1441.11,1416.67,1424.45
20201028,600519.SH,1626.0,1677.0,1625.08,1664.81,1625.0,39.809999999999945,2.45,34636.53,5739452.181,1425.33,1470.04,1424.52,1459.35
20201029,600519.SH,1654.84,1708.0,1647.0,1676.0,1664.81,11.190000000000055,0.67,39373.76,6633168.613,1450.61,1497.21,1443.74,1469.16
20201030,600519.SH,1678.0,1696.0,1665.0,1670.02,1676.0,-5.980000000000018,-0.36,26055.45,4379602.068,1470.91,1486.69,1459.52,1463.92
20201102,600519.SH,1675.0,1695.0,1672.0,1674.01,1670.02,3.990000000000009,0.24,21066.43,3544422.245,1468.28,1485.81,1465.65,1467.41
20201103,600519.SH,1684.99,1705.9,1675.5,1695.0,1674.01,20.99000000000001,1.25,23497.49,3976621.208,1477.04,1495.37,1468.72,1485.81
20201104,600519.SH,1700.0,1704.0,1685.0,1699.58,1695.0,4.579999999999927,0.27,16443.71,2788396.253,1490.2,1493.7,1477.05,1489.83
20201105,600519.SH,1717.0,1732.48,1712.1,1721.9,1699.58,22.320000000000164,1.31,23524.14,4053043.271,1505.1,1518.67,1500.8,1509.39
20201106,600519.SH,1730.55,1731.59,1690.0,1700.62,1721.9,-21.2800000000002,-1.24,23051.53,3932702.367,1516.98,1517.89,1481.43,1490.74
20201109,600519.SH,1701.38,1750.68,1700.62,1742.57,1700.62,41.950000000000045,2.47,41469.7,7198679.683,1491.41,1534.62,1490.74,1527.51
20201110,600519.SH,1752.92,1764.48,1736.0,1745.0,1742.57,2.4300000000000637,0.14,30189.44,5287968.173,1536.59,1546.72,1521.75,1529.64
20201111,600519.SH,1745.0,1777.5,1731.0,1731.35,1745.0,-13.650000000000091,-0.78,34850.73,6122365.404,1529.64,1558.13,1517.37,1517.68
20201112,600519.SH,1730.01,1750.0,1722.27,1734.79,1731.35,3.4400000000000546,0.2,23473.09,4071729.792,1516.5,1534.03,1509.72,1520.69
20201113,600519.SH,1724.0,1728.88,1691.0,1705.0,1734.79,-29.789999999999964,-1.72,28155.48,4791276.459,1511.24,1515.51,1482.31,1494.58
20201116,600519.SH,1711.0,1730.05,1697.26,1730.05,1705.0,25.049999999999955,1.47,30613.49,5247897.161,1499.84,1516.54,1487.8,1516.54
20201117,600519.SH,1740.0,1742.35,1701.07,1715.8,1730.05,-14.25,-0.82,25224.03,4355288.047,1525.26,1527.32,1491.13,1504.05
20201118,600519.SH,1715.0,1720.53,1683.16,1693.65,1715.8,-22.149999999999864,-1.29,35178.95,5973146.815,1503.35,1508.19,1475.44,1484.63
20201119,600519.SH,1684.5,1725.0,1680.6,1720.19,1693.65,26.539999999999964,1.57,27815.76,4767508.753,1476.61,1512.11,1473.19,1507.9
20201120,600519.SH,1720.0,1736.0,1712.65,1719.96,1720.19,-0.2300000000000182,-0.01,21874.66,3771894.859,1507.73,1521.75,1501.29,1507.69
20201123,600519.SH,1771.01,1809.9,1771.01,1790.21,1719.96,70.25,4.08,66637.24,11926870.595,1552.44,1586.53,1552.44,1569.27
20201124,600519.SH,1769.99,1782.5,1751.47,1763.5,1790.21,-26.710000000000036,-1.49,32465.36,5736960.168,1551.55,1562.52,1535.31,1545.86
20201125,600519.SH,1761.5,1768.88,1724.0,1726.88,1763.5,-36.61999999999989,-2.08,28226.32,4910540.741,1544.11,1550.58,1511.24,1513.76
20201126,600519.SH,1726.0,1739.99,1725.18,1734.39,1726.88,7.509999999999991,0.43,23228.3,4027749.313,1512.99,1525.25,1512.27,1520.34
20201127,600519.SH,1732.66,1740.03,1718.0,1737.9,1734.39,3.509999999999991,0.2,21568.61,3737697.985,1518.83,1525.29,1505.98,1523.42
20201130,600519.SH,1735.0,1738.9,1713.91,1713.91,1737.9,-23.99000000000001,-1.38,31940.07,5520322.173,1520.88,1524.3,1502.39,1502.39
20201201,600519.SH,1726.0,1738.99,1720.01,1737.0,1713.91,23.089999999999918,1.35,28196.2,4891829.153,1512.99,1524.38,1507.74,1522.63
20201202,600519.SH,1746.0,1749.0,1731.0,1738.01,1737.0,1.009999999999991,0.06,23571.69,4101369.306,1530.52,1533.15,1517.37,1523.52
20201203,600519.SH,1738.01,1755.66,1732.1,1749.0,1738.01,10.990000000000009,0.63,29505.78,5147357.781,1523.52,1538.99,1518.34,1533.15
20201204,600519.SH,1752.0,1800.1,1752.0,1793.11,1749.0,44.1099999999999,2.52,62491.19,11176048.847,1535.78,1577.94,1535.78,1571.82
20201207,600519.SH,1802.7,1840.39,1800.55,1812.4,1793.11,19.29000000000019,1.08,58331.33,10617305.104,1580.22,1613.26,1578.34,1588.73
20201208,600519.SH,1815.0,1875.0,1813.0,1850.0,1812.4,37.59999999999991,2.07,61454.0,11333352.154,1591.0,1643.6,1589.25,1621.68
20201209,600519.SH,1865.95,1866.0,1839.0,1840.0,1850.0,-10.0,-0.54,31152.12,5766037.609,1635.67,1635.71,1612.04,1612.92
20201210,600519.SH,1840.0,1849.77,1828.0,1832.9,1840.0,-7.099999999999909,-0.39,32653.54,6009239.911,1612.92,1621.48,1602.4,1606.7
20201211,600519.SH,1834.78,1837.32,1804.81,1820.0,1832.9,-12.900000000000091,-0.7,30775.79,5595359.665,1608.34,1610.57,1582.07,1595.39
20201214,600519.SH,1827.77,1829.98,1815.0,1829.0,1820.0,9.0,0.49,33052.0,6026813.428,1602.2,1604.14,1591.0,1603.28
20201215,600519.SH,1833.5,1837.22,1805.0,1816.01,1829.0,-12.990000000000009,-0.71,29604.97,5383582.284,1607.22,1610.48,1582.24,1591.89
20201216,600519.SH,1830.5,1845.67,1820.21,1840.0,1816.01,23.99000000000001,1.32,32150.16,5901298.275,1604.59,1617.89,1595.57,1612.92
20201217,600519.SH,1845.5,1868.0,1840.0,1865.51,1840.0,25.50999999999999,1.39,36030.64,6683421.886,1617.74,1637.46,1612.92,1635.28
20201218,600519.SH,1851.81,1869.01,1841.08,1845.0,1865.51,-20.50999999999999,-1.1,27076.98,5020968.993,1623.27,1638.35,1613.87,1617.3
20201221,600519.SH,1840.0,1851.23,1837.6,1842.5,1845.0,-2.5,-0.14,30696.72,5663526.809,1612.92,1622.76,1610.82,1615.11
20201222,600519.SH,1849.97,1898.99,1842.51,1881.0,1842.5,38.5,2.09,40650.6,7618583.444,1621.66,1664.63,1615.12,1648.86
20201223,600519.SH,1897.99,1906.2,1821.02,1841.65,1881.0,-39.34999999999991,-2.09,47706.09,8901002.262,1663.75,1670.95,1596.28,1614.37
20201224,600519.SH,1818.0,1858.88,1795.02,1830.34,1841.65,-11.310000000000173,-0.61,37857.14,6921989.374,1593.63,1629.47,1573.49,1604.45
20201225,600519.SH,1802.99,1847.0,1800.0,1830.0,1830.34,-0.33999999999991815,-0.02,23088.05,4218997.634,1580.48,1619.06,1577.86,1604.15
20201228,600519.SH,1826.6,1888.8,1826.05,1873.0,1830.0,43.0,2.35,30080.37,5616528.738,1601.17,1655.7,1600.69,1641.85
20201229,600519.SH,1873.0,1886.8,1855.0,1867.0,1873.0,-6.0,-0.32,22867.59,4275994.834,1641.85,1653.94,1626.07,1636.59
20201230,600519.SH,1870.0,1933.0,1869.99,1933.0,1867.0,66.0,3.54,34452.1,6604461.376,1639.22,1694.44,1639.21,1694.44
20201231,600519.SH,1941.0,1998.98,1939.0,1998.0,1933.0,65.0,3.36,38860.07,7682300.728,1701.45,1752.28,1699.7,1751.42
20210104,600519.SH,1999.98,2004.99,1983.81,1997.0,1998.0,-1.0,-0.05,43514.0,8686920.261,1753.16,1757.55,1738.98,1750.54
20210105,600519.SH,1990.0,2059.45,1982.46,2059.45,1997.0,62.44999999999982,3.13,52116.05,10592557.37,1744.41,1805.29,1737.8,1805.29
20210106,600519.SH,2064.8,2125.0,2036.03,2100.0,2059.45,40.55000000000018,1.97,47410.2,9882593.867,1809.98,1862.75,1784.76,1840.83
20210107,600519.SH,2097.0,2140.0,2075.0,2140.0,2100.0,40.0,1.9,37931.39,7991178.754,1838.2,1875.9,1818.92,1875.9
20210108,600519.SH,2142.0,2150.88,2063.02,2090.0,2140.0,-50.0,-2.34,53861.64,11345202.869,1877.65,1885.43,1808.42,1832.07
20210111,600519.SH,2090.0,2150.5,2058.6,2099.73,2090.0,9.730000000000018,0.47,51079.9,10768565.415,1832.07,1885.1,1804.54,1840.59
20210112,600519.SH,2088.0,2160.9,2085.0,2160.9,2099.73,61.17000000000007,2.91,41058.59,8800558.288,1830.31,1894.22,1827.68,1894.22
20210113,600519.SH,2164.0,2173.33,2135.0,2164.0,2160.9,3.099999999999909,0.14,34389.93,7418330.854,1896.93,1905.11,1871.51,1896.93
20210114,600519.SH,2156.0,2163.0,2116.11,2134.0,2164.0,-30.0,-1.39,36152.2,7722089.684,1889.92,1896.06,1854.95,1870.64
20210115,600519.SH,2115.0,2134.35,2029.0,2082.0,2134.0,-52.0,-2.44,59509.39,12372103.227,1853.98,1870.94,1778.59,1825.05
20210118,600519.SH,2061.06,2091.48,2040.27,2063.0,2082.0,-19.0,-0.91,39144.04,8076715.79,1806.7,1833.36,1788.47,1808.4
20210119,600519.SH,2073.11,2096.3,2006.85,2009.41,2063.0,-53.58999999999992,-2.6,46345.19,9479278.513,1817.26,1837.59,1759.18,1761.42
20210120,600519.SH,2008.0,2055.49,1982.5,2040.63,2009.41,31.220000000000027,1.55,45082.42,9126453.277,1760.19,1801.81,1737.83,1788.79
20210121,600519.SH,2048.0,2090.02,2041.0,2070.0,2040.63,29.36999999999989,1.44,38310.17,7953455.967,1795.25,1832.08,1789.11,1814.53
20210122,600519.SH,2069.0,2100.0,2060.1,2079.95,2070.0,9.949999999999818,0.48,29247.61,6090260.364,1813.66,1840.83,1805.86,1823.26
20210125,600519.SH,2083.0,2179.5,2083.0,2175.0,2079.95,95.05000000000018,4.57,55957.16,12029474.558,1825.93,1910.52,1825.93,1906.58
20210126,600519.SH,2185.0,2187.0,2125.11,2141.89,2175.0,-33.11000000000013,-1.52,31747.46,6820173.362,1915.34,1917.09,1862.84,1877.55
20210127,600519.SH,2141.89,2141.89,2085.0,2089.0,2141.89,-52.88999999999987,-2.47,37120.17,7809446.387,1877.55,1877.55,1827.68,1831.19
20210128,600519.SH,2080.0,2109.66,2060.02,2088.0,2089.0,-1.0,-0.05,35128.64,7337084.455,1823.3,1849.3,1805.79,1830.31
20210129,600519.SH,2101.19,2149.48,2090.22,2116.18,2088.0,28.179999999999836,1.35,33701.33,7166179.277,1841.87,1884.21,1832.26,1855.01
20210201,600519.SH,2130.0,2160.0,2095.0,2109.32,2116.18,-6.859999999999673,-0.32,29340.59,6219639.111,1867.13,1893.43,1836.45,1849.0
20210202,600519.SH,2112.22,2149.99,2102.1,2145.0,2109.32,35.679999999999836,1.69,34582.25,7372233.582,1851.54,1884.65,1842.67,1880.28
20210203,600519.SH,2150.0,2198.27,2140.0,2189.91,2145.0,44.909999999999854,2.09,38714.15,8384049.314,1884.66,1926.97,1875.9,1919.65
20210204,600519.SH,2191.0,2330.0,2191.0,2320.85,2189.91,130.94000000000005,5.98,63851.01,14596930.188,1920.6,2042.45,1920.6,2034.43
20210205,600519.SH,2325.0,2364.6,2291.0,2313.0,2320.85,-7.849999999999909,-0.34,39729.06,9253566.205,2038.06,2072.78,2008.26,2027.54
20210208,600519.SH,2337.0,2378.88,2313.0,2368.8,2313.0,55.80000000000018,2.41,35785.73,8420758.625,2048.58,2085.29,2027.54,2076.46
20210209,600519.SH,2368.8,2456.43,2350.0,2456.43,2368.8,87.62999999999965,3.7,33296.55,7972930.045,2076.46,2153.27,2059.98,2153.27
20210210,600519.SH,2485.0,2601.2,2485.0,2601.0,2456.43,144.57000000000016,5.89,61370.57,15675929.714,2178.32,2280.18,2178.32,2280.0
20210218,600519.SH,2587.98,2627.88,2465.0,2471.0,2601.0,-130.0,-5.0,65912.32,16704135.269,2268.59,2303.56,2160.79,2166.05
20210219,600519.SH,2451.16,2496.66,2381.6,2460.0,2471.0,-11.0,-0.45,59385.46,14525164.525,2148.65,2188.54,2087.68,2156.4
20210222,600519.SH,2455.0,2455.0,2278.22,2288.02,2460.0,-171.98000000000002,-6.99,78935.47,18498777.223,2152.02,2152.02,1997.06,2005.65
20210223,600519.SH,2265.14,2344.89,2265.0,2307.0,2288.02,18.980000000000018,0.83,57454.6,13316110.795,1985.59,2055.5,1985.47,2022.28
20210224,600519.SH,2307.99,2318.0,2160.5,2189.0,2307.0,-118.0,-5.11,82115.78,18195034.445,2023.15,2031.93,1893.87,1918.85
20210225,600519.SH,2209.0,2224.5,2121.21,2150.0,2189.0,-39.0,-1.78,59726.43,12982145.755,1936.38,1949.97,1859.42,1884.66
20210226,600519.SH,2100.0,2179.95,2067.3,2122.78,2150.0,-27.2199999999998,-1.27,66525.06,14097015.494,1840.83,1910.91,1812.17,1860.8
20210301,600519.SH,2179.0,2179.0,2120.0,2158.0,2122.78,35.2199999999998,1.66,44916.26,9686945.529,1910.08,1910.08,1858.36,1891.67
20210302,600519.SH,2180.0,2180.0,2033.0,2058.0,2158.0,-100.0,-4.63,70764.5,14796698.646,1910.96,1910.96,1782.1,1804.01
20210303,600519.SH,2040.0,2149.77,2033.0,2140.0,2058.0,82.0,3.98,54215.46,11366685.429,1788.24,1884.46,1782.1,1875.9
20210304,600519.SH,2095.0,2096.0,2010.1,2033.0,2140.0,-107.0,-5.0,65088.29,13297304.316,1836.45,1837.33,1762.03,1782.1
20210305,600519.SH,2000.0,2095.0,1988.0,2060.11,2033.0,27.110000000000127,1.33,63779.2,13100315.985,1753.17,1836.45,1742.65,1805.86
20210308,600519.SH,2074.96,2085.0,1960.0,1960.0,2060.11,-100.11000000000013,-4.86,63099.59,12724245.99,1818.88,1827.68,1718.11,1718.11
20210309,600519.SH,1955.0,2000.0,1900.18,1936.99,1960.0,-23.00999999999999,-1.17,82265.81,16100769.579,1713.73,1753.17,1665.67,1697.94
20210310,600519.SH,1977.0,1999.87,1967.0,1970.01,1936.99,33.01999999999998,1.7,51171.74,10136910.284,1733.01,1753.06,1724.25,1726.88
20210311,600519.SH,1975.0,2079.99,1961.48,2048.0,1970.01,77.99000000000001,3.96,56768.97,11521736.384,1731.26,1823.29,1719.41,1795.25
20210312,600519.SH,2070.0,2077.0,2002.01,2026.0,2048.0,-22.0,-1.07,40322.51,8181594.631,1814.53,1820.67,1754.93,1775.96
20210315,600519.SH,2050.0,2069.8,1951.15,1975.45,2026.0,-50.549999999999955,-2.5,62484.87,12459955.712,1797.0,1814.36,1710.35,1731.65
20210316,600519.SH,1974.93,2019.99,1965.0,2010.5,1975.45,35.049999999999955,1.77,34648.5,6918600.717,1731.2,1770.7,1722.49,1762.38
20210317,600519.SH,2000.0,2050.0,1976.01,2030.36,2010.5,19.8599999999999,0.99,31374.91,6352656.523,1753.17,1797.0,1732.14,1779.79
20210318,600519.SH,2035.0,2086.36,2035.0,2069.7,2030.36,39.33999999999992,1.94,33864.88,6997030.294,1783.85,1828.87,1783.85,1814.27
20210319,600519.SH,2035.0,2043.0,1992.23,2010.0,2069.7,-59.69999999999982,-2.88,35780.77,7211521.835,1783.85,1790.87,1746.36,1761.94
20210322,600519.SH,2000.1,2026.09,1955.55,1989.99,2010.0,-20.00999999999999,-1.0,36914.07,7323391.311,1753.26,1776.04,1714.21,1744.4
20210323,600519.SH,1998.88,2008.8,1970.0,1996.0,1989.99,6.009999999999991,0.3,27446.19,5459520.703,1752.19,1760.89,1726.88,1749.67
20210324,600519.SH,1981.0,2013.0,1981.0,1989.0,1996.0,-7.0,-0.35,29357.39,5857848.16,1736.52,1764.57,1736.52,1743.53
20210325,600519.SH,1970.01,1988.88,1946.8,1971.0,1989.0,-18.0,-0.9,31575.23,6216733.244,1726.88,1743.43,1706.54,1727.75
20210326,600519.SH,1985.0,2022.0,1958.0,2013.0,1971.0,42.0,2.13,50016.42,9987629.444,1740.02,1772.46,1716.36,1764.57
20210329,600519.SH,2043.2,2096.35,2026.15,2034.1,2013.0,21.09999999999991,1.05,56992.2,11740129.413,1791.04,1837.63,1776.1,1783.06
20210330,600519.SH,2040.0,2086.0,2035.08,2056.05,2034.1,21.950000000000273,1.08,32626.97,6717493.35,1788.24,1828.56,1783.92,1802.31
20210331,600519.SH,2045.1,2046.02,2000.0,2009.0,2056.05,-47.05000000000018,-2.29,37154.41,7489086.233,1792.71,1793.51,1753.17,1761.06
20210401,600519.SH,2021.0,2046.8,2001.22,2044.5,2009.0,35.5,1.77,26587.63,5379775.87,1771.58,1794.2,1754.24,1792.18
20210402,600519.SH,2056.0,2165.0,2056.0,2162.0,2044.5,117.5,5.75,52027.57,10981752.658,1802.26,1897.81,1802.26,1895.18
20210406,600519.SH,2161.0,2161.98,2102.3,2126.03,2162.0,-35.9699999999998,-1.66,32741.77,6967525.037,1894.3,1895.16,1842.85,1863.65
20210407,600519.SH,2104.06,2117.3,2050.0,2061.0,2126.03,-65.0300000000002,-3.06,40200.97,8317799.925,1844.39,1856.0,1797.0,1806.64
20210408,600519.SH,2047.03,2079.0,2044.0,2070.0,2061.0,9.0,0.44,28547.62,5893307.514,1794.4,1822.42,1791.74,1814.53
20210409,600519.SH,2042.0,2054.0,2005.01,2020.0,2070.0,-50.0,-2.42,28808.86,5832453.812,1789.99,1800.51,1757.56,1770.7
20210412,600519.SH,2011.0,2030.0,1991.7,2008.89,2020.0,-11.1099999999999,-0.55,31943.07,6409917.318,1762.82,1779.47,1745.9,1760.97
20210413,600519.SH,2020.0,2049.8,2009.0,2021.0,2008.89,12.1099999999999,0.6,28992.15,5883787.293,1770.7,1796.83,1761.06,1771.58
20210414,600519.SH,2035.0,2048.0,2016.0,2047.0,2021.0,26.0,1.29,24114.65,4908790.023,1783.85,1795.25,1767.2,1794.37
20210415,600519.SH,2030.9,2046.9,1990.0,2015.6,2047.0,-31.40000000000009,-1.53,34366.21,6903769.49,1780.26,1794.28,1744.41,1766.85
20210416,600519.SH,2025.08,2068.0,2012.0,2054.98,2015.6,39.38000000000011,1.95,30293.7,6183895.054,1775.16,1812.78,1763.69,1801.37
20210419,600519.SH,2055.0,2098.36,2033.0,2088.0,2054.98,33.01999999999998,1.61,31753.91,6610577.917,1801.39,1839.39,1782.1,1830.31
20210420,600519.SH,2071.1,2129.0,2070.0,2094.8,2088.0,6.800000000000182,0.33,28290.37,5949669.953,1815.5,1866.25,1814.53,1836.27
20210421,600519.SH,2076.0,2097.8,2065.1,2080.0,2094.8,-14.800000000000182,-0.71,26149.75,5446145.952,1819.79,1838.9,1810.24,1823.3
20210422,600519.SH,2089.9,2099.0,2051.5,2055.5,2080.0,-24.5,-1.18,26850.02,5539295.656,1831.98,1839.96,1798.32,1801.82
20210423,600519.SH,2055.97,2119.88,2052.5,2108.94,2055.5,53.440000000000055,2.6,33462.77,7002695.288,1802.24,1858.26,1799.19,1848.67
20210426,600519.SH,2132.0,2135.0,2073.6,2077.82,2108.94,-31.11999999999989,-1.48,34045.11,7160836.874,1868.88,1871.51,1817.69,1821.39
20210427,600519.SH,2087.08,2095.25,2065.09,2094.44,2077.82,16.61999999999989,0.8,22107.85,4607779.002,1829.51,1836.67,1810.23,1835.96
20210428,600519.SH,2010.0,2047.5,2003.0,2042.0,2094.44,-52.440000000000055,-2.5,81342.95,16463574.637,1761.94,1794.81,1755.8,1789.99
20210429,600519.SH,2047.04,2049.94,2014.0,2026.36,2042.0,-15.6400000000001,-0.77,41283.78,8370431.228,1794.41,1796.95,1765.45,1776.28
20210430,600519.SH,2026.0,2036.0,2003.71,2006.78,2026.36,-19.579999999999927,-0.97,38401.37,7723747.038,1775.96,1784.73,1756.43,1759.12
20210506,600519.SH,2000.0,2006.84,1953.0,1959.0,2006.78,-47.77999999999997,-2.38,53546.14,10584968.907,1753.17,1759.17,1711.97,1717.23
20210507,600519.SH,1965.0,1967.98,1901.0,1903.0,1959.0,-56.0,-2.86,52493.39,10101703.446,1722.49,1725.1,1666.39,1668.14
20210510,600519.SH,1900.0,1909.0,1866.01,1879.03,1903.0,-23.970000000000027,-1.26,46003.18,8677753.608,1665.51,1673.4,1635.72,1647.13
20210511,600519.SH,1876.0,1966.0,1873.3,1959.0,1879.03,79.97000000000003,4.26,42494.12,8209251.914,1644.48,1723.37,1642.11,1717.23
20210512,600519.SH,1949.08,1999.0,1949.0,1984.0,1959.0,25.0,1.28,32698.87,6473203.286,1708.54,1752.3,1708.47,1739.15
20210513,600519.SH,1965.75,1985.05,1953.0,1971.5,1984.0,-12.5,-0.63,25077.51,4934954.969,1723.15,1740.07,1711.97,1728.19
20210514,600519.SH,1982.0,2030.5,1976.0,2009.85,1971.5,38.34999999999991,1.95,35611.29,7150302.044,1737.39,1779.91,1732.13,1761.81
20210517,600519.SH,2025.1,2085.2,2025.1,2057.96,2009.85,48.11000000000013,2.39,44524.0,9178509.985,1775.18,1827.86,1775.18,1803.98
20210518,600519.SH,2065.0,2077.0,2045.06,2059.31,2057.96,1.349999999999909,0.07,17504.28,3595891.742,1810.15,1820.67,1792.67,1805.16
20210519,600519.SH,2059.0,2074.81,2040.0,2049.0,2059.31,-10.309999999999945,-0.5,22409.72,4606452.358,1804.89,1818.75,1788.24,1796.13
20210520,600519.SH,2074.0,2074.1,2045.36,2058.88,2049.0,9.88000000000011,0.48,21857.16,4500663.211,1818.04,1818.13,1792.93,1804.79
20210521,600519.SH,2055.08,2079.88,2037.02,2042.1,2058.88,-16.7800000000002,-0.82,24248.23,4976601.458,1801.46,1823.19,1785.62,1790.08
20210524,600519.SH,2051.0,2080.06,2031.0,2071.29,2042.1,29.190000000000055,1.43,32548.08,6705879.397,1797.88,1823.35,1780.35,1815.66
20210525,600519.SH,2085.0,2200.1,2085.0,2194.5,2071.29,123.21000000000004,5.95,67756.95,14636718.75,1827.68,1928.58,1827.68,1923.67
20210526,600519.SH,2207.98,2241.8,2193.08,2220.0,2194.5,25.5,1.16,38604.2,8558038.174,1935.49,1965.13,1922.42,1946.02
20210527,600519.SH,2211.02,2320.0,2201.1,2245.0,2220.0,25.0,1.13,45373.38,10240368.98,1938.15,2033.68,1929.45,1967.94
20210528,600519.SH,2240.97,2250.0,2205.51,2230.0,2245.0,-15.0,-0.67,25807.31,5741331.986,1964.4,1972.32,1933.32,1954.79
20210531,600519.SH,2215.5,2218.35,2172.0,2218.0,2230.0,-12.0,-0.54,31739.0,6960864.26,1942.08,1944.58,1903.95,1944.27
20210601,600519.SH,2222.0,2248.95,2206.0,2240.95,2218.0,22.949999999999818,1.03,30616.34,6832594.466,1947.78,1971.4,1933.75,1964.39
20210602,600519.SH,2250.0,2264.0,2208.18,2222.0,2240.95,-18.949999999999818,-0.85,22862.77,5088908.384,1972.32,1984.59,1935.66,1947.78
20210603,600519.SH,2220.0,2260.34,2210.08,2222.22,2222.0,0.2199999999997999,0.01,23450.31,5242453.019,1946.02,1981.38,1937.33,1947.97
20210604,600519.SH,2215.0,2288.0,2214.04,2251.5,2222.22,29.2800000000002,1.32,31422.19,7058715.115,1941.64,2005.63,1940.8,1973.63
20210607,600519.SH,2265.0,2279.0,2240.01,2271.0,2251.5,19.5,0.87,25466.27,5756592.694,1985.47,1997.74,1963.56,1990.73
20210608,600519.SH,2260.0,2279.99,2161.15,2191.0,2271.0,-80.0,-3.52,47313.63,10479943.156,1981.09,1998.61,1894.43,1920.6
20210609,600519.SH,2192.0,2214.0,2160.11,2199.5,2191.0,8.5,0.39,25502.35,5591378.817,1921.48,1940.76,1893.52,1928.05
20210610,600519.SH,2195.0,2251.37,2190.08,2238.48,2199.5,38.98000000000002,1.77,25566.63,5707338.424,1924.11,1973.52,1919.79,1962.22
20210611,600519.SH,2239.0,2244.0,2178.81,2178.81,2238.48,-59.67000000000007,-2.67,33970.66,7513797.036,1962.68,1967.06,1909.92,1909.92
20210615,600519.SH,2195.1,2208.88,2148.0,2193.0,2178.81,14.190000000000055,0.65,29361.3,6412821.567,1924.19,1936.27,1882.91,1922.35
20210616,600519.SH,2192.0,2195.0,2148.0,2158.0,2193.0,-35.0,-1.6,27593.15,5978924.528,1921.48,1924.11,1882.91,1891.67
20210617,600519.SH,2155.65,2188.0,2144.36,2156.91,2158.0,-1.0900000000001455,-0.05,21067.53,4558702.643,1889.61,1917.97,1879.72,1890.72
20210618,600519.SH,2147.0,2156.5,2065.0,2090.94,2156.91,-65.9699999999998,-3.06,54028.21,11329180.836,1882.03,1890.36,1810.15,1832.89
20210621,600519.SH,2085.0,2099.69,2050.0,2081.64,2090.94,-9.300000000000182,-0.44,35488.26,7367986.471,1827.68,1840.56,1797.0,1824.74
20210622,600519.SH,2092.0,2098.0,2053.89,2074.97,2081.64,-6.670000000000073,-0.32,33228.18,6900830.616,1833.82,1839.08,1800.41,1818.89
20210623,600519.SH,2080.0,2083.0,2034.15,2038.0,2074.97,-36.9699999999998,-1.78,37079.01,7596735.684,1823.3,1825.93,1783.11,1786.48
20210624,600519.SH,2040.01,2080.0,2021.0,2068.05,2038.0,30.050000000000182,1.47,31473.7,6452557.073,1788.25,1823.3,1771.58,1812.82
20210625,600519.SH,2049.96,2109.0,2042.6,2092.0,2068.05,23.949999999999818,1.16,35875.43,7459680.452,1813.96,1866.2,1807.44,1851.16
20210628,600519.SH,2100.0,2118.0,2073.0,2103.01,2092.0,11.010000000000218,0.53,27452.42,5750241.214,1858.24,1874.16,1834.34,1860.9
20210629,600519.SH,2108.0,2115.0,2051.0,2062.0,2103.01,-41.01000000000022,-1.95,33030.63,6835635.172,1865.31,1871.51,1814.88,1824.61
20210630,600519.SH,2065.0,2074.0,2046.3,2056.7,2062.0,-5.300000000000182,-0.26,21915.66,4511484.217,1827.26,1835.23,1810.72,1819.92
20210701,600519.SH,2059.97,2110.0,2031.6,2105.0,2056.7,48.30000000000018,2.35,33701.24,6970730.878,1822.81,1867.08,1797.71,1862.66
20210702,600519.SH,2075.0,2075.0,2011.5,2013.0,2105.0,-92.0,-4.37,46275.31,9388640.194,1836.11,1836.11,1779.92,1781.25
20210705,600519.SH,2000.0,2019.88,1985.0,1994.0,2013.0,-19.0,-0.94,34420.95,6872797.768,1769.75,1787.34,1756.47,1764.44
20210706,600519.SH,1995.0,2014.0,1960.01,2012.9,1994.0,18.90000000000009,0.95,35282.51,7015883.091,1765.32,1782.14,1734.36,1781.16
20210707,600519.SH,2010.0,2028.88,1999.01,2004.0,2012.9,-8.900000000000091,-0.44,28122.12,5658210.73,1778.6,1795.3,1768.87,1773.29
20210708,600519.SH,2000.1,2004.0,1968.0,1985.0,2004.0,-19.0,-0.95,35516.69,7027713.78,1769.84,1773.29,1741.43,1756.47
20210709,600519.SH,1964.52,1985.91,1945.0,1972.11,1985.0,-12.8900000000001,-0.65,30907.9,6072340.993,1738.35,1757.28,1721.08,1745.07
20210712,600519.SH,1975.55,1998.78,1940.5,1961.0,1972.11,-11.1099999999999,-0.56,39010.24,7658786.228,1748.11,1768.67,1717.1,1735.24
20210713,600519.SH,1968.0,2005.5,1965.0,1982.9,1961.0,21.90000000000009,1.12,29924.71,5946287.259,1741.43,1774.61,1738.78,1754.62
20210714,600519.SH,1974.0,1974.5,1945.0,1962.0,1982.9,-20.90000000000009,-1.05,30770.69,6011814.88,1746.74,1747.18,1721.08,1736.12
20210715,600519.SH,1955.02,2013.0,1950.6,1997.99,1962.0,35.99000000000001,1.83,42190.05,8391506.229,1729.95,1781.25,1726.04,1767.97
20210716,600519.SH,1980.0,1996.6,1950.0,1955.9,1997.99,-42.08999999999992,-2.11,35407.64,6958296.859,1752.05,1766.74,1725.5,1730.73
20210719,600519.SH,1955.89,1986.0,1941.0,1975.0,1955.9,19.09999999999991,0.98,30052.34,5900348.21,1730.72,1757.36,1717.54,1747.63
20210720,600519.SH,1975.0,1988.93,1961.41,1980.0,1975.0,5.0,0.25,23475.21,4639300.956,1747.63,1759.95,1735.6,1752.05
20210721,600519.SH,1989.0,2006.0,1962.01,1969.0,1980.0,-11.0,-0.56,29780.13,5902656.221,1760.01,1775.06,1736.13,1742.32
20210722,600519.SH,1960.0,1973.9,1938.96,1940.01,1969.0,-28.99000000000001,-1.47,39090.47,7619076.855,1734.35,1746.65,1715.74,1716.66
20210723,600519.SH,1937.82,1937.82,1895.09,1900.0,1940.01,-40.00999999999999,-2.06,47585.47,9057761.876,1714.73,1714.73,1676.92,1681.26
20210726,600519.SH,1879.0,1879.0,1780.0,1804.11,1900.0,-95.8900000000001,-5.05,98619.48,17894360.803,1662.68,1662.68,1575.08,1596.41
20210727,600519.SH,1803.0,1810.0,1703.0,1712.89,1804.11,-91.2199999999998,-5.06,86576.99,15230805.685,1595.43,1601.62,1506.94,1515.69
20210728,600519.SH,1703.0,1788.2,1682.12,1768.9,1712.89,56.00999999999999,3.27,85368.84,14792470.948,1506.94,1582.33,1488.46,1565.25
20210729,600519.SH,1810.01,1823.0,1734.34,1749.79,1768.9,-19.110000000000127,-1.08,63863.85,11299569.857,1601.63,1613.13,1534.67,1548.34
20210730,600519.SH,1725.0,1725.0,1657.76,1678.99,1749.79,-70.79999999999995,-4.05,77735.89,13109725.032,1526.41,1526.41,1466.91,1485.69
20210802,600519.SH,1664.0,1755.98,1620.72,1755.0,1678.99,76.00999999999999,4.53,97400.65,16515259.089,1472.43,1553.82,1434.13,1552.95
20210803,600519.SH,1730.0,1768.99,1688.8,1749.3,1755.0,-5.7000000000000455,-0.32,54374.75,9447823.227,1530.83,1565.33,1494.38,1547.91
20210804,600519.SH,1734.06,1760.0,1718.0,1724.0,1749.3,-25.299999999999955,-1.45,38175.49,6614683.378,1534.42,1557.38,1520.21,1525.52
20210805,600519.SH,1692.88,1745.0,1676.36,1699.0,1724.0,-25.0,-1.45,48059.69,8177369.851,1497.99,1544.11,1483.37,1503.4
20210806,600519.SH,1689.0,1694.01,1646.6,1671.0,1699.0,-28.0,-1.65,45686.1,7616109.615,1494.55,1498.99,1457.03,1478.62
20210809,600519.SH,1651.0,1709.0,1650.0,1693.8,1671.0,22.799999999999955,1.36,47697.75,8028155.49,1460.93,1512.25,1460.04,1498.8
20210810,600519.SH,1700.0,1802.88,1675.0,1799.0,1693.8,105.20000000000005,6.21,83285.05,14549496.463,1504.29,1595.32,1482.16,1591.89
20210811,600519.SH,1780.01,1785.01,1750.01,1750.5,1799.0,-48.5,-2.7,38662.59,6821292.779,1575.08,1579.51,1548.54,1548.97
20210812,600519.SH,1732.0,1749.0,1686.19,1690.0,1750.5,-60.5,-3.46,47550.97,8130692.626,1532.6,1547.64,1492.07,1495.44
20210813,600519.SH,1690.0,1713.0,1679.0,1700.04,1690.0,10.039999999999964,0.59,37904.52,6418412.544,1495.44,1515.79,1485.7,1504.32
20210816,600519.SH,1696.0,1713.6,1685.08,1699.2,1700.04,-0.8399999999999181,-0.05,28056.97,4773049.794,1500.75,1516.32,1491.08,1503.58
20210817,600519.SH,1700.0,1700.0,1628.88,1635.0,1699.2,-64.20000000000005,-3.78,61200.77,10140291.982,1504.29,1504.29,1441.35,1446.77
20210818,600519.SH,1624.66,1642.99,1600.0,1620.0,1635.0,-15.0,-0.92,59970.26,9701556.273,1437.62,1453.84,1415.8,1433.5
20210819,600519.SH,1622.22,1643.2,1600.0,1619.97,1620.0,-0.029999999999972715,-0.0,41291.95,6682355.678,1435.46,1454.03,1415.8,1433.47
20210820,600519.SH,1555.17,1597.55,1525.5,1548.0,1619.97,-71.97000000000003,-4.44,114544.54,17825198.286,1376.13,1413.63,1349.88,1369.78
20210823,600519.SH,1537.88,1599.0,1536.77,1570.19,1548.0,22.190000000000055,1.43,71597.2,11218832.883,1360.83,1414.91,1359.85,1389.42
20210824,600519.SH,1575.0,1642.55,1565.77,1625.18,1570.19,54.99000000000001,3.5,72594.47,11703813.764,1393.68,1453.45,1385.51,1438.08
20210825,600519.SH,1647.64,1680.87,1643.0,1665.02,1625.18,39.83999999999992,2.45,54238.9,9037626.406,1457.95,1487.36,1453.85,1473.33
20210826,600519.SH,1664.99,1664.99,1594.72,1595.0,1665.02,-70.01999999999998,-4.21,54020.37,8722233.201,1473.31,1473.31,1411.13,1411.37
20210827,600519.SH,1589.0,1625.0,1584.1,1596.03,1595.0,1.0299999999999727,0.06,36095.45,5791426.192,1406.06,1437.92,1401.73,1412.29
20210830,600519.SH,1605.0,1613.0,1545.95,1586.0,1596.03,-10.029999999999973,-0.63,51587.7,8098190.333,1420.22,1427.3,1367.97,1403.41
20210831,600519.SH,1589.8,1616.35,1555.1,1558.0,1586.0,-28.0,-1.77,43677.09,6888080.927,1406.77,1430.27,1376.07,1378.63
20210901,600519.SH,1559.0,1634.99,1531.1,1622.01,1558.0,64.00999999999999,4.11,77316.1,12370243.405,1379.52,1446.76,1354.83,1435.27
20210902,600519.SH,1632.99,1643.0,1600.89,1618.8,1622.01,-3.2100000000000364,-0.2,42836.79,6939707.277,1444.99,1453.85,1416.59,1432.43
20210903,600519.SH,1610.02,1659.79,1582.0,1658.22,1618.8,39.42000000000007,2.44,52835.18,8631165.696,1424.66,1468.71,1399.87,1467.32
20210906,600519.SH,1649.0,1708.16,1626.15,1670.67,1658.22,12.450000000000045,0.75,55338.06,9306030.671,1459.16,1511.51,1438.94,1478.33
20210907,600519.SH,1661.03,1684.48,1651.0,1669.0,1670.67,-1.6700000000000728,-0.1,31211.22,5204051.657,1469.8,1490.55,1460.93,1476.85
20210908,600519.SH,1660.0,1671.18,1628.08,1633.1,1669.0,-35.90000000000009,-2.15,33063.67,5428265.636,1468.89,1478.78,1440.65,1445.09
20210909,600519.SH,1626.0,1645.0,1624.01,1634.08,1633.1,0.9800000000000182,0.06,19950.13,3257785.762,1438.81,1455.62,1437.04,1445.95
20210910,600519.SH,1634.08,1668.8,1633.0,1662.58,1634.08,28.5,1.74,33388.11,5528034.093,1445.95,1476.68,1445.0,1471.17
20210913,600519.SH,1665.0,1684.0,1640.1,1654.0,1662.58,-8.579999999999927,-0.52,27720.02,4605031.711,1473.32,1490.13,1451.28,1463.58
20210914,600519.SH,1659.0,1683.0,1653.0,1657.0,1654.0,3.0,0.18,33760.61,5638962.654,1468.01,1489.24,1462.7,1466.24
20210915,600519.SH,1650.0,1660.0,1610.0,1615.74,1657.0,-41.25999999999999,-2.49,41570.05,6781755.393,1460.04,1468.89,1424.65,1429.73
20210916,600519.SH,1603.0,1644.0,1585.0,1638.07,1615.74,22.329999999999927,1.38,45968.02,7458455.126,1418.45,1454.73,1402.53,1449.49
20210917,600519.SH,1620.0,1705.6,1620.0,1686.0,1638.07,47.930000000000064,2.93,55130.25,9242101.552,1433.5,1509.24,1433.5,1491.9
20210922,600519.SH,1658.83,1688.0,1635.0,1637.69,1686.0,-48.309999999999945,-2.87,31743.0,5227723.003,1467.86,1493.67,1446.77,1449.15
20210923,600519.SH,1638.0,1655.88,1625.08,1635.0,1637.69,-2.6900000000000546,-0.16,30341.81,4964210.091,1449.42,1465.25,1437.99,1446.77
20210924,600519.SH,1628.0,1719.98,1628.0,1694.0,1635.0,59.0,3.61,69536.6,11756596.091,1440.57,1521.97,1440.57,1498.98
20210927,600519.SH,1750.0,1863.4,1750.0,1855.0,1694.0,161.0,9.5,126868.92,23270689.695,1548.53,1648.87,1548.53,1641.44
20210928,600519.SH,1848.0,1860.0,1795.0,1822.06,1855.0,-32.940000000000055,-1.78,49221.05,8973408.813,1635.25,1645.87,1588.35,1612.29
20210929,600519.SH,1809.0,1845.01,1785.9,1820.0,1822.06,-2.0599999999999454,-0.11,43290.65,7870151.768,1600.74,1632.6,1580.3,1610.47
20210930,600519.SH,1818.18,1850.22,1803.4,1830.0,1820.0,10.0,0.55,40539.29,7411735.79,1608.86,1637.21,1595.78,1619.32
20211008,600519.SH,1822.42,1878.0,1807.23,1839.6,1830.0,9.599999999999909,0.52,47451.96,8780381.118,1612.61,1661.79,1599.17,1627.81
20211011,600519.SH,1839.51,1889.9,1831.01,1867.12,1839.6,27.519999999999982,1.5,37675.57,7040475.327,1627.73,1672.32,1620.21,1652.17
20211012,600519.SH,1866.0,1877.0,1842.42,1870.99,1867.12,3.8700000000001182,0.21,30606.42,5688160.837,1651.17,1660.91,1630.31,1655.59
20211013,600519.SH,1870.0,1949.95,1862.0,1929.9,1870.99,58.91000000000008,3.15,50142.61,9625769.127,1654.71,1725.46,1647.64,1707.72
20211014,600519.SH,1928.93,1941.8,1896.0,1911.0,1929.9,-18.90000000000009,-0.98,26622.55,5097602.232,1706.86,1718.25,1677.72,1690.99
20211015,600519.SH,1890.1,1929.99,1890.1,1916.97,1911.0,5.970000000000027,0.31,28560.78,5452953.879,1672.5,1707.8,1672.5,1696.28
20211018,600519.SH,1888.0,1888.0,1787.0,1800.0,1916.97,-116.97000000000003,-6.1,69652.02,12651498.607,1670.64,1670.64,1581.27,1592.77
20211019,600519.SH,1800.0,1838.8,1799.88,1812.18,1800.0,12.180000000000064,0.68,40314.56,7330114.082,1592.77,1627.11,1592.67,1603.55
20211020,600519.SH,1833.0,1849.8,1806.01,1841.0,1812.18,28.819999999999936,1.59,28663.39,5246404.615,1621.97,1636.84,1598.09,1629.05
20211021,600519.SH,1841.1,1860.0,1829.0,1844.0,1841.0,3.0,0.16,23018.7,4238584.294,1629.14,1645.87,1618.43,1631.71
20211022,600519.SH,1855.0,1921.01,1854.0,1901.0,1844.0,57.0,3.09,35962.6,6794850.056,1641.44,1699.85,1640.56,1682.15
20211025,600519.SH,1880.0,1885.01,1858.0,1873.03,1901.0,-27.970000000000027,-1.47,32461.33,6076219.948,1663.56,1668.0,1644.1,1657.4
20211026,600519.SH,1864.03,1878.99,1844.0,1861.05,1873.03,-11.980000000000018,-0.64,21130.26,3934223.714,1649.43,1662.67,1631.71,1646.79
20211027,600519.SH,1852.3,1858.3,1800.1,1819.0,1861.05,-42.049999999999955,-2.26,34647.29,6302270.905,1639.05,1644.36,1592.86,1609.59
20211028,600519.SH,1825.2,1843.78,1802.0,1825.49,1819.0,6.490000000000009,0.36,29490.93,5383196.101,1615.07,1631.51,1594.54,1615.33
20211029,600519.SH,1825.0,1848.0,1813.0,1826.08,1825.49,0.5899999999999181,0.03,28775.86,5266898.95,1614.9,1635.25,1604.28,1615.85
20211101,600519.SH,1780.0,1826.3,1760.0,1803.0,1826.08,-23.079999999999927,-1.26,41689.98,7486936.394,1575.08,1616.05,1557.38,1595.43
20211102,600519.SH,1796.7,1844.22,1788.0,1804.64,1803.0,1.6400000000001,0.09,32500.24,5875341.369,1589.85,1631.9,1582.15,1596.88
20211103,600519.SH,1800.0,1809.98,1761.19,1765.0,1804.64,-39.6400000000001,-2.2,27829.31,4958314.535,1592.77,1601.6,1558.43,1561.8
20211104,600519.SH,1777.94,1816.0,1769.42,1804.2,1765.0,39.200000000000045,2.22,31130.43,5592211.731,1573.25,1606.93,1565.71,1596.49
20211105,600519.SH,1804.21,1844.99,1804.21,1819.94,1804.2,15.740000000000009,0.87,27077.23,4956331.383,1596.5,1632.58,1596.5,1610.42
20211108,600519.SH,1820.0,1830.8,1802.05,1820.1,1819.94,0.15999999999985448,0.01,17705.72,3220439.334,1610.47,1620.03,1594.59,1610.56
20211109,600519.SH,1819.98,1827.87,1782.0,1790.01,1820.1,-30.089999999999918,-1.65,27351.92,4915170.028,1610.45,1617.43,1576.85,1583.93
20211110,600519.SH,1790.01,1795.0,1735.0,1753.99,1790.01,-36.01999999999998,-2.01,35348.77,6204803.25,1583.93,1588.35,1535.26,1552.06
20211111,600519.SH,1752.93,1769.6,1741.5,1769.6,1753.99,15.6099999999999,0.89,22651.87,3987243.285,1551.12,1565.87,1541.01,1565.87
20211112,600519.SH,1778.0,1785.05,1766.66,1773.78,1769.6,4.180000000000064,0.24,17606.63,3124400.972,1573.31,1579.54,1563.27,1569.57
20211115,600519.SH,1773.68,1784.0,1750.0,1761.14,1773.78,-12.639999999999873,-0.71,24947.35,4410975.373,1569.48,1578.62,1548.53,1558.39
20211116,600519.SH,1768.0,1818.0,1765.0,1808.0,1761.14,46.8599999999999,2.66,33526.24,6033536.262,1564.46,1608.7,1561.8,1599.85
20211117,600519.SH,1805.0,1820.5,1790.01,1795.0,1808.0,-13.0,-0.72,24505.46,4411450.908,1597.2,1610.91,1583.93,1588.35
20211118,600519.SH,1781.22,1807.0,1770.0,1792.0,1795.0,-3.0,-0.17,19520.89,3485674.964,1576.16,1598.97,1566.23,1585.69
20211119,600519.SH,1794.19,1849.0,1788.2,1828.41,1792.0,36.41000000000008,2.03,31155.59,5699883.8,1587.63,1636.13,1582.33,1617.91
20211122,600519.SH,1849.0,1909.0,1848.0,1854.27,1828.41,25.8599999999999,1.41,42572.68,7994018.41,1636.13,1689.22,1635.25,1640.8
20211123,600519.SH,1852.0,1917.0,1852.0,1896.43,1854.27,42.16000000000008,2.27,45782.2,8676297.616,1638.79,1696.3,1638.79,1678.1
20211124,600519.SH,1900.0,1966.0,1897.0,1941.0,1896.43,44.569999999999936,2.35,54512.35,10555736.753,1681.26,1739.66,1678.61,1717.54
20211125,600519.SH,1953.0,1986.2,1946.25,1956.03,1941.0,15.029999999999973,0.77,39752.88,7803035.266,1728.16,1757.54,1722.19,1730.84
20211126,600519.SH,1964.83,1967.0,1925.0,1941.01,1956.03,-15.019999999999982,-0.77,32655.57,6337346.211,1738.63,1740.55,1703.38,1717.55
20211129,600519.SH,1960.0,1990.0,1951.08,1985.0,1941.01,43.99000000000001,2.27,42399.34,8372476.083,1734.35,1760.9,1726.46,1756.47
20211130,600519.SH,1985.4,1989.9,1927.5,1930.77,1985.0,-54.23000000000002,-2.73,36924.87,7192172.533,1756.83,1760.81,1705.59,1708.49
20211201,600519.SH,1950.0,1959.95,1919.02,1932.99,1930.77,2.2200000000000273,0.11,26254.4,5071457.098,1725.5,1734.31,1698.09,1710.45
20211202,600519.SH,1940.0,1942.15,1919.6,1934.0,1932.99,1.009999999999991,0.05,20421.82,3939731.543,1716.66,1718.56,1698.6,1711.35
20211203,600519.SH,1932.0,1988.62,1931.05,1971.88,1934.0,37.88000000000011,1.96,35818.39,7045848.18,1709.58,1759.68,1708.74,1744.87
20211206,600519.SH,1983.0,1990.0,1950.0,1967.3,1971.88,-4.580000000000155,-0.23,31063.88,6122543.819,1754.71,1760.9,1725.5,1740.81
20211207,600519.SH,1980.74,1987.87,1946.73,1955.87,1967.3,-11.430000000000064,-0.58,36979.89,7286659.622,1752.71,1759.01,1722.61,1730.7
20211208,600519.SH,1964.88,2045.0,1950.0,2043.0,1955.87,87.13000000000011,4.45,61048.07,12285101.988,1738.67,1809.57,1725.5,1807.8
20211209,600519.SH,2054.94,2116.92,2045.0,2086.55,2043.0,43.55000000000018,2.13,64239.18,13404724.467,1818.36,1873.21,1809.57,1846.33
20211210,600519.SH,2060.0,2095.78,2056.0,2090.0,2086.55,3.449999999999818,0.17,43148.22,8944582.265,1822.84,1854.5,1819.3,1849.39
20211213,600519.SH,2154.0,2180.0,2118.0,2118.2,2090.0,28.199999999999818,1.35,65806.56,14139012.29,1906.02,1929.03,1874.16,1874.34
20211214,600519.SH,2118.2,2167.9,2100.0,2150.0,2118.2,31.800000000000182,1.5,40449.41,8673733.691,1874.34,1918.32,1858.24,1902.48
20211215,600519.SH,2142.15,2164.95,2125.02,2135.0,2150.0,-15.0,-0.7,30078.27,6444715.086,1895.53,1915.71,1880.38,1889.21
20211216,600519.SH,2115.0,2144.05,2086.23,2118.99,2135.0,-16.01000000000022,-0.75,37211.36,7865499.278,1871.51,1897.21,1846.05,1875.04
20211217,600519.SH,2100.5,2108.0,2036.0,2050.7,2118.99,-68.28999999999996,-3.22,48403.18,9988869.785,1858.68,1865.31,1801.6,1814.61
20211220,600519.SH,2050.7,2085.66,2041.0,2058.96,2050.7,8.260000000000218,0.4,32257.69,6654596.508,1814.61,1845.55,1806.03,1821.92
20211221,600519.SH,2045.0,2069.13,2012.83,2038.2,2058.96,-20.75999999999999,-1.01,26285.89,5354186.59,1809.57,1830.92,1781.1,1803.55
20211222,600519.SH,2040.0,2063.0,2040.0,2048.0,2038.2,9.799999999999955,0.48,17430.79,3570928.372,1805.14,1825.5,1805.14,1812.22
20211223,600519.SH,2053.0,2120.0,2025.0,2120.0,2048.0,72.0,3.52,39098.54,8126298.013,1816.65,1875.93,1791.87,1875.93
20211224,600519.SH,2148.88,2216.96,2148.88,2194.09,2120.0,74.09000000000015,3.49,56129.59,12295953.4,1901.49,1961.73,1901.49,1941.49
20211227,600519.SH,2168.0,2168.0,2112.0,2131.82,2194.09,-62.26999999999998,-2.84,37555.9,8020677.686,1918.41,1918.41,1868.85,1886.39
20211228,600519.SH,2133.0,2155.5,2116.6,2138.18,2131.82,6.359999999999673,0.3,27650.7,5901940.633,1887.44,1907.35,1872.92,1892.02
20211229,600519.SH,2150.0,2154.25,2041.0,2041.0,2138.18,-97.17999999999984,-4.54,54049.02,11195625.154,1902.48,1906.24,1806.03,1806.03
20211230,600519.SH,2041.0,2088.98,2028.0,2075.0,2041.0,34.0,1.67,35261.36,7272866.657,1806.03,1848.48,1794.52,1836.11
20211231,600519.SH,2070.0,2072.98,2028.0,2050.0,2075.0,-25.0,-1.2,29664.91,6061415.344,1831.69,1834.33,1794.52,1813.99
20220104,600519.SH,2055.0,2068.95,2014.0,2051.23,2050.0,1.2300000000000182,0.06,33842.62,6913653.122,1818.42,1830.76,1782.14,1815.08
20220105,600519.SH,2045.0,2065.0,2018.0,2024.0,2051.23,-27.230000000000018,-1.33,28395.51,5774992.117,1809.57,1827.26,1785.68,1790.99
20220106,600519.SH,2022.01,2036.0,1938.51,1982.22,2024.0,-41.77999999999997,-2.06,51794.75,10226933.847,1789.22,1801.6,1715.34,1754.01
20220107,600519.SH,1975.0,1988.88,1939.32,1942.0,1982.22,-40.22000000000003,-2.03,29816.69,5831695.311,1747.63,1759.91,1716.05,1718.43
20220110,600519.SH,1928.01,1977.0,1917.55,1966.0,1942.0,24.0,1.24,29626.7,5792738.145,1706.05,1749.4,1696.79,1739.66
20220111,600519.SH,1948.0,1965.0,1931.17,1940.55,1966.0,-25.450000000000045,-1.29,22276.64,4332180.604,1723.73,1738.78,1708.84,1717.14
20220112,600519.SH,1948.0,1978.8,1948.0,1967.0,1940.55,26.450000000000045,1.36,27474.1,5384359.628,1723.73,1750.99,1723.73,1740.55
20220113,600519.SH,1964.82,1967.99,1865.56,1877.39,1967.0,-89.6099999999999,-4.56,56747.35,10781720.544,1738.62,1741.42,1650.79,1661.25
20220114,600519.SH,1877.39,1893.0,1863.0,1867.0,1877.39,-10.3900000000001,-0.55,29321.64,5506186.026,1661.25,1675.07,1648.52,1652.06
20220117,600519.SH,1868.0,1878.3,1835.34,1861.61,1867.0,-5.3900000000001,-0.29,27353.82,5074077.665,1652.94,1662.06,1624.04,1647.29
20220118,600519.SH,1861.68,1908.85,1852.0,1892.27,1861.61,30.660000000000082,1.65,31215.77,5906705.861,1647.35,1689.09,1638.79,1674.42
20220119,600519.SH,1919.0,1919.0,1888.88,1912.0,1892.27,19.730000000000018,1.04,26370.94,5026993.463,1698.07,1698.07,1671.42,1691.88
20220120,600519.SH,1916.0,1979.99,1916.0,1969.52,1912.0,57.51999999999998,3.01,34013.91,6665294.954,1695.42,1752.04,1695.42,1742.78
20220121,600519.SH,1960.0,1993.49,1951.01,1984.99,1969.52,15.470000000000027,0.79,30812.58,6091427.695,1734.35,1763.99,1726.4,1756.47
20220124,600519.SH,1955.0,1984.0,1931.44,1950.2,1984.99,-34.789999999999964,-1.75,23985.8,4685441.775,1729.93,1755.59,1709.08,1725.68
20220125,600519.SH,1943.0,1966.0,1931.0,1943.0,1950.2,-7.2000000000000455,-0.37,25510.12,4971078.498,1719.31,1739.66,1708.69,1719.31
20220126,600519.SH,1942.04,1969.0,1919.0,1955.0,1943.0,12.0,0.62,23905.13,4655706.528,1718.46,1742.32,1698.07,1729.93
20220127,600519.SH,2001.01,2010.82,1952.0,1965.0,1955.0,10.0,0.51,42665.16,8450329.058,1770.64,1779.32,1727.27,1738.78
20220128,600519.SH,1955.0,1968.0,1880.01,1887.0,1965.0,-78.0,-3.97,41020.11,7889492.895,1729.93,1741.43,1663.57,1669.76
20220207,600519.SH,1900.99,1913.56,1850.0,1867.96,1887.0,-19.039999999999964,-1.01,35150.42,6601799.703,1682.14,1693.26,1637.02,1652.91
20220208,600519.SH,1868.88,1872.87,1790.0,1839.0,1867.96,-28.960000000000036,-1.55,41713.06,7585130.459,1653.72,1657.25,1583.92,1627.28
20220209,600519.SH,1839.09,1908.0,1826.97,1895.98,1839.0,56.98000000000002,3.1,33884.79,6346699.784,1627.36,1688.34,1616.64,1677.7
20220210,600519.SH,1900.0,1905.9,1857.39,1873.0,1895.98,-22.980000000000018,-1.21,23031.83,4315456.868,1681.26,1686.48,1643.56,1657.37
20220211,600519.SH,1857.0,1900.79,1841.0,1849.97,1873.0,-23.029999999999973,-1.23,33746.49,6296909.575,1643.21,1681.96,1629.05,1636.99
20220214,600519.SH,1840.0,1877.0,1837.31,1868.67,1849.97,18.700000000000045,1.01,20195.87,3762313.349,1628.17,1660.91,1625.79,1653.54
20220215,600519.SH,1868.8,1911.0,1859.0,1890.62,1868.67,21.949999999999818,1.17,27105.86,5131842.112,1653.65,1690.99,1644.98,1672.96
20220216,600519.SH,1900.0,1907.0,1888.0,1892.55,1890.62,1.9300000000000637,0.1,14586.85,2769034.316,1681.26,1687.45,1670.64,1674.67
20220217,600519.SH,1900.61,1911.48,1881.0,1886.99,1892.55,-5.559999999999945,-0.29,18213.66,3450265.032,1681.8,1691.42,1664.45,1669.75
20220218,600519.SH,1877.63,1907.98,1865.66,1907.0,1886.99,20.00999999999999,1.06,19385.49,3670339.742,1661.47,1688.32,1650.87,1687.45
20220221,600519.SH,1900.0,1906.9,1868.95,1876.99,1907.0,-30.00999999999999,-1.57,20815.73,3920377.358,1681.26,1687.37,1653.79,1660.9
20220222,600519.SH,1860.01,1861.0,1800.02,1807.87,1876.99,-69.12000000000012,-3.68,52298.81,9473992.638,1645.87,1646.75,1592.79,1599.74
20220223,600519.SH,1811.41,1834.0,1800.08,1827.01,1807.87,19.1400000000001,1.06,28111.61,5118197.82,1602.87,1622.86,1592.84,1616.67
20220224,600519.SH,1808.0,1813.99,1748.1,1764.11,1827.01,-62.90000000000009,-3.44,65359.25,11578557.075,1599.85,1605.15,1546.85,1561.02
20220225,600519.SH,1775.0,1808.28,1775.0,1799.06,1764.11,34.950000000000045,1.98,38979.13,6999524.161,1570.65,1600.1,1570.65,1591.94
20220228,600519.SH,1787.06,1797.0,1767.0,1790.4,1799.06,-8.659999999999854,-0.48,28923.03,5158148.387,1581.32,1590.12,1563.57,1584.28
20220301,600519.SH,1802.0,1863.57,1802.0,1858.48,1790.4,68.07999999999993,3.8,47379.3,8721229.267,1594.54,1649.02,1594.54,1644.52
20220302,600519.SH,1840.0,1850.99,1825.0,1844.88,1858.48,-13.599999999999909,-0.73,20074.48,3690612.341,1628.17,1637.89,1614.9,1632.49
20220303,600519.SH,1845.8,1850.25,1794.0,1800.0,1844.88,-44.88000000000011,-2.43,31546.93,5703580.558,1633.3,1637.24,1587.46,1592.77
20220304,600519.SH,1772.0,1792.89,1755.1,1780.5,1800.0,-19.5,-1.08,31047.03,5509157.654,1568.0,1586.48,1553.04,1575.52
20220307,600519.SH,1760.2,1768.0,1703.8,1707.0,1780.5,-73.5,-4.13,49155.81,8487507.372,1557.56,1564.46,1507.65,1510.48
20220308,600519.SH,1759.98,1786.66,1732.0,1753.2,1707.0,46.200000000000045,2.71,57215.46,10087484.369,1557.36,1580.97,1532.6,1551.36
20220309,600519.SH,1764.1,1805.0,1721.11,1779.18,1753.2,25.980000000000018,1.48,56434.42,10018590.069,1561.01,1597.2,1522.97,1574.35
20220310,600519.SH,1808.0,1821.0,1791.0,1794.43,1779.18,15.25,0.86,36461.78,6587438.866,1599.85,1611.36,1584.81,1587.84
20220311,600519.SH,1766.0,1777.0,1718.08,1769.01,1794.43,-25.420000000000073,-1.42,47726.77,8335618.341,1562.69,1572.42,1520.28,1565.35
20220314,600519.SH,1730.0,1750.0,1700.0,1700.0,1769.01,-69.00999999999999,-3.9,49006.61,8416841.92,1530.83,1548.53,1504.29,1504.29
20220315,600519.SH,1650.0,1685.0,1603.0,1603.0,1700.0,-97.0,-5.71,89055.87,14567142.622,1460.04,1491.01,1418.45,1418.45
20220316,600519.SH,1634.0,1683.9,1593.0,1674.95,1603.0,71.95000000000005,4.49,77592.81,12753010.156,1445.88,1490.04,1409.6,1482.12
20220317,600519.SH,1720.0,1755.0,1711.66,1720.15,1674.95,45.200000000000045,2.7,68351.96,11843531.813,1521.98,1552.95,1514.6,1522.12
20220318,600519.SH,1718.0,1745.0,1692.28,1707.79,1720.15,-12.360000000000127,-0.72,38348.68,6564085.394,1520.21,1544.11,1497.45,1511.18
20220321,600519.SH,1724.0,1725.65,1695.01,1704.3,1707.79,-3.490000000000009,-0.2,27877.16,4763083.283,1525.52,1526.98,1499.87,1508.09
20220322,600519.SH,1723.88,1723.88,1686.33,1695.0,1704.3,-9.299999999999955,-0.55,21054.04,3578291.198,1525.42,1525.42,1492.19,1499.86
20220323,600519.SH,1705.0,1770.0,1697.0,1752.19,1695.0,57.190000000000055,3.37,58067.39,10096341.448,1508.71,1566.23,1501.63,1550.47
20220324,600519.SH,1738.0,1740.0,1717.35,1720.93,1752.19,-31.25999999999999,-1.78,25815.32,4457504.43,1537.91,1539.68,1519.64,1522.81
20220325,600519.SH,1712.0,1734.0,1685.0,1690.0,1720.93,-30.930000000000064,-1.8,29708.66,5054831.352,1514.9,1534.37,1491.01,1495.44
20220328,600519.SH,1625.0,1664.8,1604.0,1660.8,1690.0,-29.200000000000045,-1.73,57541.64,9392008.017,1437.92,1473.14,1419.34,1469.6
20220329,600519.SH,1661.5,1691.5,1661.5,1667.0,1660.8,6.2000000000000455,0.37,25934.98,4343365.464,1470.22,1496.76,1470.22,1475.09
20220330,600519.SH,1698.0,1730.1,1695.0,1730.1,1667.0,63.09999999999991,3.79,42433.43,7276379.091,1502.52,1530.92,1499.86,1530.92
20220331,600519.SH,1720.0,1738.6,1708.8,1719.0,1730.1,-11.099999999999909,-0.64,25173.86,4338022.922,1521.98,1538.44,1512.07,1521.1
20220401,600519.SH,1729.94,1793.0,1721.69,1780.01,1719.0,61.00999999999999,3.55,44861.91,7936957.252,1530.78,1586.58,1523.48,1575.08
20220406,600519.SH,1753.0,1788.73,1753.0,1765.0,1780.01,-15.009999999999991,-0.84,27819.77,4910792.426,1551.18,1582.8,1551.18,1561.8
20220407,600519.SH,1758.0,1785.0,1750.1,1765.0,1765.0,0.0,0.0,20195.71,3568182.341,1555.61,1579.5,1548.62,1561.8
20220408,600519.SH,1768.0,1788.7,1766.54,1784.0,1765.0,19.0,1.08,22941.32,4081618.543,1564.46,1582.77,1563.17,1578.62
20220411,600519.SH,1770.0,1770.0,1706.03,1720.0,1784.0,-64.0,-3.59,43863.59,7568782.591,1566.23,1566.23,1509.62,1521.98
20220412,600519.SH,1729.0,1787.97,1708.0,1782.0,1720.0,62.0,3.6,41629.56,7284546.261,1529.95,1582.13,1511.36,1576.85
20220413,600519.SH,1767.0,1795.0,1751.08,1769.0,1782.0,-13.0,-0.73,31147.66,5534915.753,1563.57,1588.35,1549.49,1565.34
20220414,600519.SH,1788.0,1835.9,1780.2,1809.0,1769.0,40.0,2.26,37649.86,6834657.201,1582.15,1624.54,1575.25,1600.74
20220415,600519.SH,1802.2,1818.0,1795.89,1805.99,1809.0,-3.009999999999991,-0.17,21041.13,3800797.635,1594.72,1608.7,1589.14,1598.07
20220418,600519.SH,1781.13,1798.0,1768.0,1790.82,1805.99,-15.170000000000073,-0.84,19793.15,3525102.977,1576.08,1591.0,1564.46,1584.65
20220419,600519.SH,1800.0,1832.99,1775.5,1790.3,1790.82,-0.5199999999999818,-0.03,24204.76,4359851.98,1592.77,1621.97,1571.09,1584.19
20220420,600519.SH,1801.69,1820.0,1768.68,1797.0,1790.3,6.7000000000000455,0.37,24155.72,4342043.328,1594.27,1610.47,1565.06,1590.12
20220421,600519.SH,1790.2,1806.0,1770.0,1779.98,1797.0,-17.019999999999982,-0.95,28952.61,5160788.004,1584.1,1598.08,1566.23,1575.06
20220422,600519.SH,1763.0,1787.88,1760.18,1773.0,1779.98,-6.980000000000018,-0.39,27899.75,4955360.846,1560.03,1582.05,1557.54,1568.88
20220425,600519.SH,1750.0,1776.5,1702.0,1708.0,1773.0,-65.0,-3.67,53658.02,9352986.852,1548.53,1571.98,1506.06,1511.36
20220426,600519.SH,1703.33,1748.98,1700.0,1732.48,1708.0,24.480000000000018,1.43,44563.96,7692845.226,1507.23,1547.63,1504.29,1533.03
20220427,600519.SH,1767.12,1810.0,1767.12,1794.92,1732.48,62.440000000000055,3.6,57402.44,10289893.014,1563.68,1601.62,1563.68,1588.28
20220428,600519.SH,1793.0,1845.0,1786.5,1835.0,1794.92,40.07999999999993,2.23,44010.06,8038681.95,1586.58,1632.59,1580.83,1623.74
20220429,600519.SH,1836.0,1849.0,1810.98,1828.38,1835.0,-6.619999999999891,-0.36,34885.27,6384066.537,1624.63,1636.13,1602.49,1617.89
20220505,600519.SH,1830.0,1870.0,1828.98,1837.0,1828.38,8.61999999999989,0.47,33660.94,6235017.58,1619.32,1654.71,1618.42,1625.51
20220506,600519.SH,1814.99,1819.0,1781.0,1793.0,1837.0,-44.0,-2.4,28596.18,5138176.68,1606.04,1609.59,1575.96,1586.58
20220509,600519.SH,1780.0,1780.0,1738.0,1752.0,1793.0,-41.0,-2.29,30351.82,5324616.273,1575.08,1575.08,1537.91,1550.3
20220510,600519.SH,1720.0,1784.96,1705.01,1766.19,1752.0,14.190000000000055,0.81,40119.19,7018451.097,1521.98,1579.46,1508.72,1562.86
20220511,600519.SH,1755.0,1788.48,1752.0,1768.0,1766.19,1.8099999999999454,0.1,30312.67,5372950.033,1552.95,1582.58,1550.3,1564.46
20220512,600519.SH,1753.0,1778.0,1750.0,1762.67,1768.0,-5.329999999999927,-0.3,22038.23,3888480.084,1551.18,1573.31,1548.53,1559.74
20220513,600519.SH,1780.0,1797.94,1766.0,1778.24,1762.67,15.569999999999936,0.88,20730.52,3690141.231,1575.08,1590.95,1562.69,1573.52
20220516,600519.SH,1797.0,1797.0,1742.67,1758.0,1778.24,-20.24000000000001,-1.14,27765.31,4881208.653,1590.12,1590.12,1542.04,1555.61
20220517,600519.SH,1769.88,1775.0,1755.0,1768.0,1758.0,10.0,0.57,20144.74,3557048.801,1566.12,1570.65,1552.95,1564.46
20220518,600519.SH,1773.66,1773.92,1743.02,1761.0,1768.0,-7.0,-0.4,24850.44,4362486.907,1569.47,1569.7,1542.35,1558.26
20220519,600519.SH,1745.0,1757.0,1739.0,1756.0,1761.0,-5.0,-0.28,19776.26,3459059.182,1544.11,1554.72,1538.8,1553.84
20220520,600519.SH,1759.99,1801.15,1752.0,1800.01,1756.0,44.00999999999999,2.51,41949.6,7493460.272,1557.37,1593.79,1550.3,1592.78
20220523,600519.SH,1800.0,1803.89,1772.0,1781.0,1800.01,-19.00999999999999,-1.06,22157.13,3950856.594,1592.77,1596.22,1568.0,1575.96
20220524,600519.SH,1786.0,1787.0,1755.5,1760.0,1781.0,-21.0,-1.18,27342.22,4824599.922,1580.39,1581.27,1553.4,1557.38
20220525,600519.SH,1765.27,1772.0,1747.0,1755.51,1760.0,-4.490000000000009,-0.26,22388.69,3929477.102,1562.04,1568.0,1545.87,1553.41
20220526,600519.SH,1761.0,1761.0,1730.0,1742.8,1755.51,-12.710000000000036,-0.72,28053.44,4888109.192,1558.26,1558.26,1530.83,1542.16
20220527,600519.SH,1759.99,1780.0,1753.01,1755.16,1742.8,12.360000000000127,0.71,25119.58,4436904.896,1557.37,1575.08,1551.19,1553.1
20220530,600519.SH,1766.0,1790.55,1766.0,1778.41,1755.16,23.25,1.32,34465.69,6135631.304,1562.69,1584.41,1562.69,1573.67
20220531,600519.SH,1774.77,1814.9,1766.98,1804.03,1778.41,25.61999999999989,1.44,40750.82,7329201.058,1570.45,1605.96,1563.55,1596.34
20220601,600519.SH,1802.0,1814.78,1779.0,1788.25,1804.03,-15.779999999999973,-0.87,21760.01,3897858.999,1594.54,1605.85,1574.19,1582.38
20220602,600519.SH,1787.97,1795.8,1780.0,1786.0,1788.25,-2.25,-0.13,16914.73,3019718.032,1582.13,1589.06,1575.08,1580.39
20220606,600519.SH,1790.0,1795.0,1758.0,1788.0,1786.0,2.0,0.11,36741.26,6535329.352,1583.92,1588.35,1555.61,1582.15
20220607,600519.SH,1784.14,1825.0,1770.31,1817.9,1788.0,29.90000000000009,1.67,35048.59,6356031.009,1578.74,1614.9,1566.5,1608.61
20220608,600519.SH,1825.0,1882.0,1825.0,1865.6,1817.9,47.69999999999982,2.62,44353.81,8236953.846,1614.9,1665.33,1614.9,1650.82
20220609,600519.SH,1872.0,1888.35,1849.0,1853.0,1865.6,-12.599999999999909,-0.68,26329.02,4897066.622,1656.48,1670.95,1636.13,1639.67
20220610,600519.SH,1845.01,1907.0,1835.0,1900.6,1853.0,47.59999999999991,2.57,47344.62,8882462.598,1632.6,1687.45,1623.74,1681.79
20220613,600519.SH,1890.0,1892.0,1848.08,1856.0,1900.6,-44.59999999999991,-2.35,36755.18,6847248.995,1672.41,1674.18,1635.32,1642.33
20220614,600519.SH,1834.0,1875.42,1832.0,1871.0,1856.0,15.0,0.81,29416.23,5467949.348,1622.86,1659.51,1621.09,1655.6
20220615,600519.SH,1870.0,1905.0,1862.99,1875.1,1871.0,4.099999999999909,0.22,33663.62,6354869.1,1654.71,1685.69,1648.51,1659.23
20220616,600519.SH,1894.59,1907.63,1875.33,1877.0,1875.1,1.900000000000091,0.1,26886.7,5087605.391,1676.47,1688.01,1659.43,1660.91
20220617,600519.SH,1878.09,1952.0,1878.09,1951.0,1877.0,74.0,3.94,50541.61,9749530.916,1661.87,1727.27,1661.87,1726.39
20220620,600519.SH,1950.0,1970.0,1930.0,1942.02,1951.0,-8.980000000000018,-0.46,34974.78,6802792.459,1725.5,1743.2,1707.81,1718.44
20220621,600519.SH,1949.0,1966.99,1928.0,1945.74,1942.02,3.7200000000000273,0.19,23717.02,4617805.127,1724.62,1740.54,1706.04,1721.73
20220622,600519.SH,1955.0,1958.0,1932.0,1936.0,1945.74,-9.740000000000009,-0.5,19646.65,3813775.294,1729.93,1732.58,1709.58,1713.12
20220623,600519.SH,1942.7,1965.04,1940.0,1957.1,1936.0,21.09999999999991,1.09,26843.52,5239860.443,1719.04,1738.81,1716.66,1731.79
20220624,600519.SH,1970.0,2020.0,1965.0,2009.01,1957.1,51.91000000000008,2.65,39634.65,7921199.792,1743.2,1787.45,1738.78,1777.72
20220627,600519.SH,2019.94,2049.94,2000.3,2010.55,2009.01,1.5399999999999636,0.08,40115.17,8124448.9,1787.39,1813.94,1770.01,1779.08
20220628,600519.SH,2019.74,2041.0,2001.0,2036.0,2010.55,25.450000000000045,1.27,25245.71,5112298.787,1787.22,1806.03,1770.63,1801.6
20220629,600519.SH,2028.0,2042.0,2011.01,2030.0,2036.0,-6.0,-0.29,30360.12,6142508.408,1794.52,1806.91,1779.49,1796.29
20220630,600519.SH,2000.0,2077.0,1999.99,2045.0,2030.0,15.0,0.74,38982.43,7984019.438,1788.83,1857.7,1788.82,1829.08
20220701,600519.SH,2055.0,2067.77,2015.21,2029.05,2045.0,-15.950000000000045,-0.78,21596.45,4385555.299,1838.03,1849.45,1802.44,1814.82
20220704,600519.SH,2020.01,2024.29,2001.01,2018.0,2029.05,-11.049999999999955,-0.54,25075.89,5042804.258,1806.73,1810.56,1789.74,1804.93
20220705,600519.SH,2025.28,2054.45,2010.0,2033.01,2018.0,15.009999999999991,0.74,26329.4,5345189.852,1811.44,1837.53,1797.78,1818.36
20220706,600519.SH,2032.0,2039.0,1986.0,2002.0,2033.01,-31.00999999999999,-1.53,32751.66,6566374.982,1817.45,1823.72,1776.31,1790.62
20220707,600519.SH,2005.0,2009.35,1985.01,1990.0,2002.0,-12.0,-0.6,20931.77,4179088.24,1793.31,1797.2,1775.43,1779.89
20220708,600519.SH,2005.0,2014.89,1996.16,1999.0,1990.0,9.0,0.45,15643.89,3134903.462,1793.31,1802.15,1785.4,1787.94
20220711,600519.SH,1990.2,1994.77,1950.5,1963.6,1999.0,-35.40000000000009,-1.77,23949.21,4709248.31,1780.07,1784.16,1744.56,1756.28
20220712,600519.SH,1965.0,1972.8,1930.06,1948.41,1963.6,-15.189999999999827,-0.77,23446.86,4562731.381,1757.53,1764.5,1726.28,1742.69
20220713,600519.SH,1945.0,1972.0,1940.67,1958.89,1948.41,10.480000000000018,0.54,19853.77,3893406.034,1739.64,1763.79,1735.77,1752.06
20220714,600519.SH,1960.0,1976.8,1941.0,1953.0,1958.89,-5.8900000000001,-0.3,20527.24,4014985.518,1753.06,1768.08,1736.06,1746.8
20220715,600519.SH,1945.11,1999.68,1944.51,1949.5,1953.0,-3.5,-0.18,33416.23,6588730.699,1739.74,1788.55,1739.2,1743.67
20220718,600519.SH,1952.36,1959.0,1922.0,1951.66,1949.5,2.160000000000082,0.11,24220.72,4701936.868,1746.22,1752.16,1719.07,1745.6
20220719,600519.SH,1945.0,1951.65,1926.0,1943.1,1951.66,-8.560000000000173,-0.44,21956.03,4250852.886,1739.64,1745.59,1722.65,1737.94
20220720,600519.SH,1958.75,1970.0,1945.0,1950.1,1943.1,7.0,0.36,18704.61,3659970.961,1751.94,1762.0,1739.64,1744.2
20220721,600519.SH,1943.1,1955.9,1934.51,1939.0,1950.1,-11.099999999999909,-0.57,14061.37,2735503.093,1737.94,1749.39,1730.26,1734.27
20220722,600519.SH,1949.22,1962.0,1935.0,1947.0,1939.0,8.0,0.41,25113.57,4894378.605,1743.41,1754.85,1730.7,1741.43
20220725,600519.SH,1949.51,1952.3,1931.0,1944.65,1947.0,-2.349999999999909,-0.12,16912.44,3285451.347,1743.67,1746.17,1727.12,1739.33
20220726,600519.SH,1952.99,1964.97,1947.02,1950.21,1944.65,5.559999999999945,0.29,20685.1,4041100.077,1746.79,1757.5,1741.45,1744.3
20220727,600519.SH,1942.0,1948.0,1917.0,1919.6,1950.21,-30.610000000000127,-1.57,21489.87,4149807.166,1736.96,1742.32,1714.6,1716.92
20220728,600519.SH,1921.1,1938.0,1892.66,1898.0,1919.6,-21.59999999999991,-1.13,34869.86,6669448.409,1718.26,1733.38,1692.83,1697.6
20220729,600519.SH,1895.1,1918.99,1878.1,1898.44,1898.0,0.44000000000005457,0.02,37032.36,7028415.881,1695.01,1716.38,1679.8,1698.0
20220801,600519.SH,1890.01,1908.0,1881.18,1890.3,1898.44,-8.1400000000001,-0.43,21037.41,3988198.59,1690.46,1706.55,1682.56,1690.72
20220802,600519.SH,1880.0,1887.98,1858.01,1879.98,1890.3,-10.319999999999936,-0.55,28220.88,5284516.568,1681.5,1688.64,1661.83,1681.49
20220803,600519.SH,1889.99,1904.0,1877.0,1885.0,1879.98,5.019999999999982,0.27,24598.42,4642442.196,1690.44,1702.97,1678.82,1685.98
20220804,600519.SH,1890.0,1923.1,1880.13,1916.01,1885.0,31.00999999999999,1.65,30357.14,5797110.733,1690.45,1720.05,1681.62,1713.71
20220805,600519.SH,1927.8,1935.0,1904.9,1923.96,1916.01,7.9500000000000455,0.41,20085.84,3857406.327,1724.26,1730.7,1703.77,1720.82
20220808,600519.SH,1915.15,1932.88,1907.51,1911.53,1923.96,-12.430000000000064,-0.65,16799.01,3220702.892,1712.94,1728.8,1706.11,1709.7
20220809,600519.SH,1911.53,1918.99,1905.0,1910.0,1911.53,-1.5299999999999727,-0.08,13874.61,2651800.008,1709.7,1716.38,1703.86,1708.34
20220810,600519.SH,1909.98,1918.0,1864.58,1876.0,1910.0,-34.0,-1.78,27926.62,5259452.686,1708.32,1715.49,1667.71,1677.93
20220811,600519.SH,1886.0,1907.0,1878.01,1906.9,1876.0,30.90000000000009,1.65,26061.49,4940834.195,1686.87,1705.65,1679.72,1705.56
20220812,600519.SH,1906.9,1930.0,1900.0,1928.0,1906.9,21.09999999999991,1.11,20259.83,3882570.566,1705.56,1726.22,1699.39,1724.44
20220815,600519.SH,1920.46,1939.5,1915.55,1919.89,1928.0,-8.1099999999999,-0.42,19323.14,3717178.491,1717.69,1734.72,1713.3,1717.18
20220816,600519.SH,1923.94,1933.79,1916.0,1917.84,1919.89,-2.050000000000182,-0.11,14835.84,2854189.586,1720.8,1729.61,1713.7,1715.35
20220817,600519.SH,1930.0,1930.0,1895.0,1918.0,1917.84,0.16000000000008185,0.01,18360.63,3508295.541,1726.22,1726.22,1694.92,1715.49
20220818,600519.SH,1908.0,1913.08,1881.07,1895.5,1918.0,-22.5,-1.17,23167.77,4384060.205,1706.55,1711.09,1682.46,1695.37
20220819,600519.SH,1898.0,1908.35,1888.0,1895.01,1895.5,-0.4900000000000091,-0.03,13544.17,2572000.762,1697.6,1706.86,1688.66,1694.93
20220822,600519.SH,1885.01,1907.0,1881.38,1893.98,1895.01,-1.0299999999999727,-0.05,15426.67,2925285.473,1685.98,1705.65,1682.74,1694.01
20220823,600519.SH,1898.6,1898.6,1867.0,1870.01,1893.98,-23.970000000000027,-1.27,23756.36,4452538.978,1698.14,1698.14,1669.88,1672.57
20220824,600519.SH,1869.99,1875.23,1851.0,1854.2,1870.01,-15.809999999999945,-0.85,18727.61,3486382.969,1672.55,1677.24,1655.57,1658.43
20220825,600519.SH,1859.0,1888.0,1854.2,1885.0,1854.2,30.799999999999955,1.66,21925.34,4107597.895,1662.72,1688.66,1658.43,1685.98
20220826,600519.SH,1900.0,1912.0,1886.0,1898.0,1885.0,13.0,0.69,23141.95,4397161.135,1699.39,1710.12,1686.87,1697.6
20220829,600519.SH,1883.0,1899.97,1874.0,1878.82,1898.0,-19.180000000000064,-1.01,13569.62,2555981.192,1684.19,1699.36,1676.14,1680.45
20220830,600519.SH,1882.35,1885.0,1854.2,1870.0,1878.82,-8.819999999999936,-0.47,18235.39,3400091.358,1683.61,1685.98,1658.43,1672.56
20220831,600519.SH,1860.1,1925.56,1860.01,1924.0,1870.0,54.0,2.89,44691.51,8518225.337,1663.7,1722.25,1663.62,1720.86
20220901,600519.SH,1912.15,1916.0,1880.89,1880.89,1924.0,-43.1099999999999,-2.24,26845.08,5088658.955,1710.26,1713.7,1682.3,1682.3
20220902,600519.SH,1889.94,1892.96,1866.17,1875.0,1880.89,-5.8900000000001,-0.31,19391.32,3635162.804,1690.39,1693.09,1669.13,1677.03
20220905,600519.SH,1862.64,1869.0,1820.0,1835.0,1875.0,-40.0,-2.13,36821.87,6764549.173,1665.98,1671.66,1627.84,1641.25
20220906,600519.SH,1835.36,1848.2,1825.0,1845.0,1835.0,10.0,0.54,20830.04,3832086.313,1641.58,1653.06,1632.31,1650.2
20220907,600519.SH,1835.03,1837.66,1811.01,1818.01,1845.0,-26.99000000000001,-1.46,28306.16,5151537.33,1641.28,1643.63,1619.8,1626.06
20220908,600519.SH,1820.0,1832.0,1815.0,1815.0,1818.01,-3.009999999999991,-0.17,16590.57,3026766.448,1627.84,1638.57,1623.37,1623.37
20220909,600519.SH,1825.0,1852.0,1816.0,1844.79,1815.0,29.789999999999964,1.64,27089.86,4991679.523,1632.31,1656.46,1624.26,1650.01
20220913,600519.SH,1880.0,1888.38,1858.23,1879.0,1844.79,34.210000000000036,1.85,28693.09,5387987.148,1681.5,1689.0,1662.03,1680.61
20220914,600519.SH,1864.01,1880.0,1863.0,1869.0,1879.0,-10.0,-0.53,16041.57,3002693.247,1667.2,1681.5,1666.3,1671.66
20220915,600519.SH,1870.0,1893.12,1869.96,1880.0,1869.0,11.0,0.59,20810.21,3917954.256,1672.56,1693.24,1672.52,1681.5
20220916,600519.SH,1871.8,1885.6,1855.11,1859.0,1880.0,-21.0,-1.12,24121.27,4501527.357,1674.17,1686.51,1659.24,1662.72
20220919,600519.SH,1855.0,1888.59,1852.88,1871.64,1859.0,12.6400000000001,0.68,18583.51,3479680.771,1659.14,1689.19,1657.25,1674.03
20220920,600519.SH,1869.98,1884.6,1858.55,1878.0,1871.64,6.3599999999999,0.34,14116.3,2645281.859,1672.54,1685.62,1662.32,1679.71
20220921,600519.SH,1876.67,1883.0,1848.0,1848.0,1878.0,-30.0,-1.6,20994.54,3904096.421,1678.52,1684.19,1652.88,1652.88
20220922,600519.SH,1840.0,1841.02,1816.85,1820.81,1848.0,-27.190000000000055,-1.47,22704.29,4147900.996,1645.73,1646.64,1625.02,1628.56
20220923,600519.SH,1820.81,1855.0,1820.81,1834.43,1820.81,13.620000000000118,0.75,28287.69,5191904.76,1628.56,1659.14,1628.56,1640.74
20220926,600519.SH,1820.0,1888.0,1819.98,1863.0,1834.43,28.569999999999936,1.56,35134.92,6566771.227,1627.84,1688.66,1627.82,1666.3
20220927,600519.SH,1868.86,1897.0,1851.11,1888.0,1863.0,25.0,1.34,28820.19,5422668.135,1671.54,1696.71,1655.66,1688.66
20220928,600519.SH,1880.5,1899.4,1874.01,1883.0,1888.0,-5.0,-0.26,21445.97,4042506.33,1681.95,1698.85,1676.15,1684.19
20220929,600519.SH,1897.98,1902.18,1871.13,1880.35,1883.0,-2.650000000000091,-0.14,21589.66,4075515.187,1697.58,1701.34,1673.57,1681.82
20220930,600519.SH,1898.62,1901.99,1866.0,1872.5,1880.35,-7.849999999999909,-0.42,21289.08,4000917.951,1698.16,1701.17,1668.98,1674.8
20221010,600519.SH,1890.0,1891.0,1780.2,1786.0,1872.5,-86.5,-4.62,48584.13,8865386.496,1690.45,1691.34,1592.24,1597.43
20221011,600519.SH,1789.0,1806.0,1760.0,1779.99,1786.0,-6.009999999999991,-0.34,32047.19,5712249.507,1600.11,1615.32,1574.17,1592.05
20221012,600519.SH,1773.66,1779.0,1708.0,1760.0,1779.99,-19.99000000000001,-1.12,48195.0,8372252.823,1586.39,1591.17,1527.66,1574.17
20221013,600519.SH,1720.46,1735.0,1697.0,1699.99,1760.0,-60.00999999999999,-3.41,63969.27,10919727.537,1538.81,1551.81,1517.82,1520.5
20221014,600519.SH,1710.0,1755.0,1701.94,1737.61,1699.99,37.61999999999989,2.21,46519.7,8045032.623,1529.45,1569.7,1522.24,1554.15
20221017,600519.SH,1726.0,1727.99,1697.8,1718.5,1737.61,-19.1099999999999,-1.1,33549.51,5740146.639,1543.76,1545.54,1518.54,1537.05
20221018,600519.SH,1725.0,1730.0,1701.0,1705.83,1718.5,-12.670000000000073,-0.74,28082.77,4800689.502,1542.87,1547.34,1521.4,1525.72
20221019,600519.SH,1701.98,1701.98,1648.0,1648.0,1705.83,-57.82999999999993,-3.39,60120.93,9997656.284,1522.28,1522.28,1474.0,1474.0
20221020,600519.SH,1621.0,1668.43,1611.0,1643.5,1648.0,-4.5,-0.27,42778.07,7020555.512,1449.85,1492.27,1440.91,1469.97
20221021,600519.SH,1640.0,1647.8,1610.0,1624.0,1643.5,-19.5,-1.19,38907.4,6317945.876,1466.84,1473.82,1440.01,1452.53
20221024,600519.SH,1570.0,1589.0,1488.01,1501.28,1624.0,-122.72000000000003,-7.56,132098.04,20217576.174,1404.23,1421.23,1330.9,1342.77
20221025,600519.SH,1479.42,1515.0,1472.0,1479.75,1501.28,-21.529999999999973,-1.43,81361.56,12136909.034,1323.22,1355.04,1316.58,1323.51
20221026,600519.SH,1488.8,1514.99,1460.0,1464.08,1479.75,-15.670000000000073,-1.06,81780.83,12120993.864,1331.61,1355.03,1305.85,1309.5
20221027,600519.SH,1480.0,1487.98,1383.85,1401.0,1464.08,-63.07999999999993,-4.31,107105.9,15258551.283,1323.74,1330.87,1237.74,1253.08
20221028,600519.SH,1390.77,1406.0,1358.71,1360.0,1401.0,-41.0,-2.93,93142.75,12823821.843,1243.93,1257.55,1215.25,1216.41
20221031,600519.SH,1350.0,1382.01,1333.0,1350.0,1360.0,-10.0,-0.74,71846.65,9758303.071,1207.46,1236.09,1192.26,1207.46
20221101,600519.SH,1359.0,1469.4,1359.0,1462.01,1350.0,112.00999999999999,8.3,118766.48,16859775.304,1215.51,1314.26,1215.51,1307.65
20221102,600519.SH,1460.0,1506.0,1436.0,1471.96,1462.01,9.950000000000045,0.68,79777.15,11717204.099,1305.85,1346.99,1284.38,1316.55
20221103,600519.SH,1443.57,1462.5,1428.1,1439.5,1471.96,-32.460000000000036,-2.21,45159.7,6509550.787,1291.15,1308.08,1277.32,1287.51
20221104,600519.SH,1437.96,1527.77,1437.96,1516.57,1439.5,77.06999999999994,5.35,80007.95,11996968.945,1286.14,1366.46,1286.14,1356.45
20221107,600519.SH,1494.05,1518.48,1486.59,1507.11,1516.57,-9.460000000000036,-0.62,42698.35,6414049.133,1336.3,1358.15,1329.63,1347.98
20221108,600519.SH,1508.0,1517.99,1468.96,1484.88,1507.11,-22.22999999999979,-1.48,39324.91,5842320.995,1348.78,1357.72,1313.86,1328.1
20221109,600519.SH,1483.95,1488.88,1450.0,1459.9,1484.88,-24.980000000000018,-1.68,36090.16,5276777.53,1327.27,1331.68,1296.9,1305.76
20221110,600519.SH,1444.0,1485.0,1435.15,1475.0,1459.9,15.099999999999909,1.03,37719.67,5518325.849,1291.54,1328.21,1283.62,1319.26
20221111,600519.SH,1528.0,1544.45,1494.98,1528.15,1475.0,53.15000000000009,3.6,73947.15,11252112.275,1366.67,1381.38,1337.13,1366.8
20221114,600519.SH,1543.5,1563.53,1528.0,1533.0,1528.15,4.849999999999909,0.32,57370.15,8858049.581,1380.53,1398.45,1366.67,1371.14
20221115,600519.SH,1532.0,1598.97,1521.0,1588.0,1533.0,55.0,3.59,56317.6,8858377.894,1370.25,1430.15,1360.41,1420.33
20221116,600519.SH,1581.0,1598.0,1568.0,1585.25,1588.0,-2.75,-0.17,26847.76,4250886.805,1414.07,1429.28,1402.45,1417.87
20221117,600519.SH,1590.5,1596.3,1552.88,1567.0,1585.25,-18.25,-1.15,30579.88,4793001.162,1422.57,1427.76,1388.92,1401.55
20221118,600519.SH,1576.0,1584.0,1556.0,1567.13,1567.0,0.13000000000010914,0.01,23608.71,3703793.426,1409.6,1416.76,1391.71,1401.67
20221121,600519.SH,1541.35,1541.35,1498.53,1519.98,1567.13,-47.15000000000009,-3.01,39096.0,5917086.07,1378.61,1378.61,1340.31,1359.5
20221122,600519.SH,1517.44,1559.74,1516.11,1539.95,1519.98,19.970000000000027,1.31,29900.62,4582790.131,1357.22,1395.06,1356.03,1377.36
20221123,600519.SH,1528.0,1557.0,1521.04,1549.0,1539.95,9.049999999999955,0.59,22177.46,3428793.052,1366.67,1392.61,1360.44,1385.45
20221124,600519.SH,1559.0,1568.88,1513.98,1519.99,1549.0,-29.00999999999999,-1.87,27687.38,4241974.248,1394.4,1403.23,1354.13,1359.5
20221125,600519.SH,1520.51,1532.0,1510.0,1522.01,1519.99,2.019999999999982,0.13,18621.04,2833988.373,1359.97,1370.25,1350.57,1361.31
20221128,600519.SH,1484.78,1515.0,1451.0,1509.88,1522.01,-12.129999999999882,-0.8,47723.21,7040991.068,1328.01,1355.04,1297.8,1350.46
20221129,600519.SH,1569.56,1600.0,1551.0,1599.0,1509.88,89.11999999999989,5.9,73420.13,11587859.176,1403.84,1431.07,1387.24,1430.17
20221130,600519.SH,1587.12,1604.0,1585.0,1599.0,1599.0,0.0,0.0,31497.3,5019450.678,1419.55,1434.64,1417.65,1430.17
20221201,600519.SH,1660.0,1680.0,1630.79,1630.8,1599.0,31.799999999999955,1.99,51357.68,8480772.923,1484.73,1502.62,1458.61,1458.61
20221202,600519.SH,1635.0,1652.99,1621.2,1633.88,1630.8,3.0800000000001546,0.19,23883.9,3910860.618,1462.37,1478.46,1450.03,1461.37
20221205,600519.SH,1668.0,1679.0,1649.0,1664.9,1633.88,31.019999999999982,1.9,36127.46,6018521.304,1491.89,1501.73,1474.89,1489.11
20221206,600519.SH,1655.0,1726.9,1652.0,1688.0,1664.9,23.09999999999991,1.39,44147.48,7477917.194,1480.26,1544.57,1477.58,1509.78
20221207,600519.SH,1677.81,1720.0,1670.03,1684.0,1688.0,-4.0,-0.24,35526.26,6012253.045,1500.66,1538.4,1493.7,1506.2
20221208,600519.SH,1682.0,1695.0,1665.0,1687.02,1684.0,3.019999999999982,0.18,19729.56,3323420.877,1504.41,1516.04,1489.2,1508.9
20221209,600519.SH,1692.0,1730.0,1682.0,1730.0,1687.02,42.98000000000002,2.55,39215.26,6716944.493,1513.35,1547.34,1504.41,1547.34
20221212,600519.SH,1715.86,1766.0,1715.0,1739.02,1730.0,9.019999999999982,0.52,34755.17,6063957.619,1534.69,1579.54,1533.92,1555.41
20221213,600519.SH,1737.0,1760.69,1730.0,1750.0,1739.02,10.980000000000018,0.63,21385.46,3735089.152,1553.6,1574.79,1547.34,1565.23
20221214,600519.SH,1743.0,1780.8,1743.0,1770.87,1750.0,20.86999999999989,1.19,29098.4,5141262.368,1558.97,1592.78,1558.97,1583.9
20221215,600519.SH,1805.0,1816.0,1780.0,1786.99,1770.87,16.12000000000012,0.91,30634.44,5497063.39,1614.42,1624.26,1592.06,1598.31
20221216,600519.SH,1773.25,1791.0,1743.0,1786.87,1786.99,-0.12000000000011823,-0.01,33302.66,5901587.128,1586.02,1601.9,1558.97,1598.21
20221219,600519.SH,1798.8,1798.8,1760.17,1773.0,1786.87,-13.86999999999989,-0.78,24987.1,4447236.356,1608.88,1608.88,1574.33,1585.8
20221220,600519.SH,1765.33,1765.33,1682.45,1715.0,1773.0,-58.0,-3.27,46198.4,7944120.661,1578.94,1578.94,1504.81,1533.92
20221221,600519.SH,1724.0,1739.0,1717.65,1739.0,1715.0,24.0,1.4,22816.14,3948926.227,1541.97,1555.39,1536.29,1555.39
20221222,600519.SH,1756.7,1783.0,1745.0,1768.0,1739.0,29.0,1.67,23175.34,4093861.57,1571.22,1594.74,1560.76,1581.33
20221223,600519.SH,1752.4,1782.0,1745.0,1771.0,1768.0,3.0,0.17,17319.21,3063608.409,1567.38,1593.85,1560.76,1584.01
20221226,600519.SH,1771.0,1771.0,1735.02,1742.06,1771.0,-28.940000000000055,-1.63,21383.8,3749121.03,1584.01,1584.01,1551.83,1558.13
20221227,600519.SH,1738.0,1747.15,1725.5,1733.0,1742.06,-9.059999999999945,-0.52,17905.05,3109270.166,1574.29,1582.58,1562.97,1569.76
20221228,600519.SH,1745.88,1747.0,1708.01,1733.0,1733.0,0.0,0.0,21437.9,3699948.995,1581.43,1582.44,1547.13,1569.76
20221229,600519.SH,1717.0,1726.99,1701.05,1719.0,1733.0,-14.0,-0.81,22417.8,3844499.655,1555.27,1564.32,1540.82,1557.08
20221230,600519.SH,1736.0,1752.99,1727.0,1727.0,1719.0,8.0,0.47,25333.12,4409544.297,1572.48,1587.87,1564.33,1564.33
20230103,600519.SH,1731.2,1738.43,1706.01,1730.01,1727.0,3.009999999999991,0.17,26033.8,4487760.231,1568.13,1574.68,1545.31,1567.05
20230104,600519.SH,1730.0,1738.7,1716.0,1725.01,1730.01,-5.0,-0.29,20415.75,3523582.306,1567.04,1574.92,1554.36,1562.52
20230105,600519.SH,1737.0,1801.0,1733.0,1801.0,1725.01,75.99000000000001,4.41,47942.85,8541587.089,1573.39,1631.36,1569.76,1631.36
20230106,600519.SH,1806.12,1811.9,1787.0,1803.77,1801.0,2.769999999999982,0.15,24903.75,4480838.898,1635.99,1641.23,1618.68,1633.87
20230109,600519.SH,1835.0,1849.98,1807.82,1841.2,1803.77,37.430000000000064,2.08,30977.23,5684181.147,1662.15,1675.72,1637.53,1667.77
20230110,600519.SH,1839.06,1864.5,1830.5,1854.45,1841.2,13.25,0.72,22731.73,4204783.734,1665.83,1688.88,1658.08,1679.77
20230111,600519.SH,1856.0,1860.0,1836.84,1844.95,1854.45,-9.5,-0.51,22720.31,4201487.773,1681.18,1684.8,1663.82,1671.17
20230112,600519.SH,1848.0,1856.0,1833.0,1834.0,1844.95,-10.950000000000045,-0.59,17193.17,3162637.136,1673.93,1681.18,1660.34,1661.25
20230113,600519.SH,1844.18,1888.0,1840.0,1887.0,1834.0,53.0,2.89,31939.65,5969876.222,1670.47,1710.16,1666.68,1709.26
20230116,600519.SH,1886.0,1935.0,1881.0,1912.9,1887.0,25.90000000000009,1.37,36848.26,7059982.64,1708.35,1752.73,1703.82,1732.72
20230117,600519.SH,1913.16,1923.0,1895.0,1908.0,1912.9,-4.900000000000091,-0.26,21299.23,4068321.409,1732.95,1741.86,1716.5,1728.28
20230118,600519.SH,1914.0,1925.3,1890.0,1893.0,1908.0,-15.0,-0.79,21062.93,4008665.438,1733.71,1743.95,1711.97,1714.69
20230119,600519.SH,1892.5,1892.52,1866.0,1880.21,1893.0,-12.789999999999964,-0.68,23438.89,4401994.437,1714.24,1714.26,1690.23,1703.11
20230120,600519.SH,1889.19,1898.25,1858.0,1860.01,1880.21,-20.200000000000045,-1.07,25608.75,4807356.071,1711.24,1719.45,1682.99,1684.81
20230130,600519.SH,1909.0,1909.0,1880.0,1888.0,1860.01,27.99000000000001,1.5,35922.55,6799756.571,1729.18,1729.18,1702.92,1710.16
20230131,600519.SH,1896.5,1899.95,1833.07,1845.76,1888.0,-42.24000000000001,-2.24,32990.68,6128311.548,1717.86,1720.99,1660.41,1671.9
20230201,600519.SH,1854.98,1859.0,1811.4,1844.97,1845.76,-0.7899999999999636,-0.04,33973.89,6244678.925,1680.25,1683.89,1640.78,1671.18
20230202,600519.SH,1848.38,1859.0,1826.0,1836.11,1844.97,-8.860000000000127,-0.48,29758.86,5465509.51,1674.27,1683.89,1654.0,1663.16
20230203,600519.SH,1820.0,1826.0,1795.68,1818.0,1836.11,-18.1099999999999,-0.99,34944.9,6324635.031,1648.57,1654.0,1626.54,1646.76
20230206,600519.SH,1780.0,1795.0,1760.0,1795.0,1818.0,-23.0,-1.27,42660.95,7595739.044,1612.33,1625.92,1594.22,1625.92
20230207,600519.SH,1808.08,1808.8,1787.73,1797.0,1795.0,2.0,0.11,24321.71,4373671.735,1637.77,1638.42,1619.34,1627.73
20230208,600519.SH,1800.01,1805.97,1775.0,1784.0,1797.0,-13.0,-0.72,16675.77,2980574.806,1630.46,1635.86,1607.81,1615.96
20230209,600519.SH,1778.0,1829.75,1775.01,1818.0,1784.0,34.0,1.91,29753.66,5401399.088,1610.52,1657.4,1607.81,1646.76
20230210,600519.SH,1810.1,1818.49,1801.05,1810.0,1818.0,-8.0,-0.44,17984.51,3253859.317,1639.6,1647.2,1631.4,1639.51
20230213,600519.SH,1810.0,1874.5,1810.0,1856.35,1810.0,46.34999999999991,2.56,38146.7,7058382.498,1639.51,1697.93,1639.51,1681.49
20230214,600519.SH,1856.46,1857.4,1835.0,1843.79,1856.35,-12.559999999999945,-0.68,19565.76,3601769.574,1681.59,1682.44,1662.15,1670.12
20230215,600519.SH,1843.78,1855.3,1835.81,1841.0,1843.79,-2.7899999999999636,-0.15,18176.91,3351422.211,1670.11,1680.54,1662.89,1667.59
20230216,600519.SH,1841.34,1887.0,1828.0,1861.82,1841.0,20.819999999999936,1.13,33245.95,6196915.13,1667.9,1709.26,1655.81,1686.45
20230217,600519.SH,1850.16,1873.0,1820.05,1820.78,1861.82,-41.039999999999964,-2.2,26442.83,4880328.952,1675.89,1696.57,1648.61,1649.27
20230220,600519.SH,1821.0,1878.8,1817.2,1875.0,1820.78,54.22000000000003,2.98,29668.69,5488800.056,1649.47,1701.83,1646.03,1698.39
20230221,600519.SH,1874.0,1874.0,1851.0,1867.0,1875.0,-8.0,-0.43,18750.52,3491633.51,1697.48,1697.48,1676.65,1691.14
20230222,600519.SH,1855.01,1863.9,1831.8,1836.0,1867.0,-31.0,-1.66,21869.16,4031016.045,1680.28,1688.33,1659.26,1663.06
20230223,600519.SH,1840.0,1848.8,1805.25,1818.0,1836.0,-18.0,-0.98,21880.97,3983991.208,1666.68,1674.65,1635.21,1646.76
20230224,600519.SH,1810.11,1810.19,1782.18,1788.0,1818.0,-30.0,-1.65,24634.61,4415621.498,1639.61,1639.68,1614.31,1619.58
20230227,600519.SH,1778.5,1815.0,1775.02,1810.41,1788.0,22.410000000000082,1.25,22064.89,3978128.676,1610.98,1644.04,1607.82,1639.88
20230228,600519.SH,1819.0,1822.01,1783.3,1813.74,1810.41,3.3299999999999272,0.18,23951.81,4314877.096,1647.66,1650.39,1615.32,1642.9
20230301,600519.SH,1813.0,1848.0,1803.23,1838.53,1813.74,24.789999999999964,1.37,24458.1,4475592.195,1642.23,1673.93,1633.38,1665.35
20230302,600519.SH,1829.0,1838.99,1821.1,1828.0,1838.53,-10.529999999999973,-0.57,13144.19,2405292.304,1656.72,1665.77,1649.56,1655.81
20230303,600519.SH,1839.77,1841.61,1802.48,1818.04,1828.0,-9.960000000000036,-0.54,16198.06,2946842.659,1666.47,1668.14,1632.7,1646.79
20230306,600519.SH,1818.18,1818.5,1796.77,1807.14,1818.04,-10.899999999999864,-0.6,20645.86,3730079.522,1646.92,1647.21,1627.53,1636.92
20230307,600519.SH,1805.98,1816.6,1788.0,1788.3,1807.14,-18.840000000000146,-1.04,22785.39,4101302.456,1635.87,1645.49,1619.58,1619.85
20230308,600519.SH,1780.02,1785.94,1761.12,1770.42,1788.3,-17.87999999999988,-1.0,22763.7,4035787.172,1612.35,1617.72,1595.23,1603.66
20230309,600519.SH,1768.0,1785.0,1740.0,1770.02,1770.42,-0.40000000000009095,-0.02,27611.5,4881442.71,1601.47,1616.86,1576.1,1603.29
20230310,600519.SH,1751.57,1781.0,1750.0,1750.0,1770.02,-20.019999999999982,-1.13,21160.82,3725139.075,1586.58,1613.24,1585.16,1585.16
20230313,600519.SH,1751.0,1775.0,1749.0,1762.0,1750.0,12.0,0.69,20560.43,3626476.291,1586.07,1607.81,1584.25,1596.03
20230314,600519.SH,1763.78,1779.88,1738.5,1766.0,1762.0,4.0,0.23,23704.92,4177289.027,1597.64,1612.23,1574.74,1599.65
20230315,600519.SH,1778.37,1784.88,1750.12,1750.92,1766.0,-15.079999999999927,-0.85,19212.53,3392698.49,1610.86,1616.76,1585.27,1585.99
20230316,600519.SH,1740.0,1770.0,1739.01,1751.99,1750.92,1.0699999999999363,0.06,17646.24,3096791.142,1576.1,1603.28,1575.21,1586.96
20230317,600519.SH,1770.0,1775.89,1736.0,1742.0,1751.99,-9.990000000000009,-0.57,27022.91,4744249.369,1603.28,1608.61,1572.48,1577.91
20230320,600519.SH,1751.0,1755.0,1728.0,1729.6,1742.0,-12.400000000000091,-0.71,20490.93,3557872.017,1586.07,1589.69,1565.23,1566.68
20230321,600519.SH,1735.0,1785.85,1723.97,1775.0,1729.6,45.40000000000009,2.62,31141.82,5491052.284,1571.57,1617.63,1561.58,1607.81
20230322,600519.SH,1780.0,1793.0,1765.55,1773.35,1775.0,-1.650000000000091,-0.09,15330.26,2727648.674,1612.33,1624.11,1599.25,1606.31
20230323,600519.SH,1766.0,1791.11,1765.01,1774.86,1773.35,1.509999999999991,0.09,17355.66,3082821.551,1599.65,1622.4,1598.76,1607.68
20230324,600519.SH,1769.08,1783.6,1766.0,1778.62,1774.86,3.759999999999991,0.21,12769.96,2269649.179,1602.44,1615.6,1599.65,1611.08
20230327,600519.SH,1778.6,1778.6,1756.0,1767.79,1778.62,-10.829999999999927,-0.61,15295.55,2700755.933,1611.07,1611.07,1590.6,1601.27
20230328,600519.SH,1770.0,1790.0,1765.02,1781.8,1767.79,14.009999999999991,0.79,17261.35,3073113.077,1603.28,1621.39,1598.77,1613.97
20230329,600519.SH,1799.0,1800.0,1785.07,1790.0,1781.8,8.200000000000045,0.46,15392.99,2761909.333,1629.55,1630.45,1616.93,1621.39
20230330,600519.SH,1793.0,1805.0,1779.0,1800.0,1790.0,10.0,0.56,19257.01,3453573.052,1624.11,1634.98,1611.43,1630.45
20230331,600519.SH,1825.0,1848.0,1819.0,1820.0,1800.0,20.0,1.11,27446.33,5024790.356,1653.1,1673.93,1647.66,1648.57
20230403,600519.SH,1825.0,1827.77,1800.08,1802.07,1820.0,-17.930000000000064,-0.99,21417.43,3875811.673,1653.1,1655.61,1630.52,1632.33
20230404,600519.SH,1812.0,1815.17,1787.0,1814.59,1802.07,12.519999999999982,0.69,20066.26,3614275.263,1641.32,1644.19,1618.68,1643.67
20230406,600519.SH,1805.0,1815.9,1788.22,1796.96,1814.59,-17.62999999999988,-0.97,14874.22,2676251.956,1634.98,1644.85,1619.78,1627.7
20230407,600519.SH,1795.0,1806.01,1788.34,1790.99,1796.96,-5.970000000000027,-0.33,13524.68,2428160.574,1625.92,1635.89,1619.89,1622.29
20230410,600519.SH,1790.88,1790.88,1744.0,1771.7,1790.99,-19.289999999999964,-1.08,29418.22,5171150.567,1622.19,1622.19,1579.73,1604.82
20230411,600519.SH,1793.0,1793.0,1744.0,1745.5,1771.7,-26.200000000000045,-1.48,29209.19,5138854.627,1624.11,1624.11,1579.73,1581.08
20230412,600519.SH,1747.26,1750.0,1692.82,1694.1,1745.5,-51.40000000000009,-2.94,51104.92,8732657.376,1582.68,1585.16,1533.37,1534.53
20230413,600519.SH,1690.0,1723.59,1684.01,1723.0,1694.1,28.90000000000009,1.71,29542.68,5049310.126,1530.81,1561.24,1525.39,1560.7
20230414,600519.SH,1726.0,1733.0,1704.8,1713.42,1723.0,-9.579999999999927,-0.56,21231.62,3646526.766,1563.42,1569.76,1544.22,1552.03
20230417,600519.SH,1740.0,1753.0,1728.0,1753.0,1713.42,39.57999999999993,2.31,30467.23,5303401.395,1576.1,1587.88,1565.23,1587.88
20230418,600519.SH,1753.0,1769.0,1746.02,1758.0,1753.0,5.0,0.29,18313.89,3220107.647,1587.88,1602.37,1581.56,1592.41
20230419,600519.SH,1762.0,1765.5,1750.0,1759.0,1758.0,1.0,0.06,14600.56,2568632.845,1596.03,1599.2,1585.16,1593.31
20230420,600519.SH,1760.11,1765.0,1729.0,1741.88,1759.0,-17.11999999999989,-0.97,19885.37,3468366.835,1594.32,1598.75,1566.14,1577.81
20230421,600519.SH,1746.0,1748.08,1721.28,1725.47,1741.88,-16.410000000000082,-0.94,18517.87,3210937.222,1581.54,1583.42,1559.15,1562.94
20230424,600519.SH,1721.0,1722.0,1701.0,1705.0,1725.47,-20.470000000000027,-1.19,20230.91,3456728.718,1558.89,1559.8,1540.78,1544.4
20230425,600519.SH,1706.0,1735.98,1702.0,1730.38,1705.0,25.38000000000011,1.49,20582.51,3534989.917,1545.31,1572.46,1541.68,1567.39
20230426,600519.SH,1744.0,1761.0,1720.0,1743.91,1730.38,13.529999999999973,0.78,27891.6,4861477.657,1579.73,1595.12,1557.99,1579.64
20230427,600519.SH,1748.0,1770.0,1730.0,1757.92,1743.91,14.009999999999991,0.8,25605.04,4489906.864,1583.35,1603.28,1567.04,1592.33
20230428,600519.SH,1763.01,1782.77,1753.97,1760.52,1757.92,2.599999999999909,0.15,26224.64,4636084.177,1596.95,1614.84,1588.76,1594.69
20230504,600519.SH,1769.0,1777.67,1736.0,1749.9,1760.52,-10.61999999999989,-0.6,27466.42,4818999.65,1602.37,1610.22,1572.48,1585.07
20230505,600519.SH,1766.0,1766.0,1736.39,1750.0,1749.9,0.09999999999990905,0.01,20714.21,3621305.973,1599.65,1599.65,1572.83,1585.16
20230508,600519.SH,1768.32,1769.0,1717.17,1720.52,1750.0,-29.480000000000018,-1.68,33171.26,5742915.994,1601.75,1602.37,1555.42,1558.46
20230509,600519.SH,1715.0,1739.98,1707.07,1722.0,1720.52,1.4800000000000182,0.09,29377.96,5057346.564,1553.46,1576.08,1546.27,1559.8
20230510,600519.SH,1715.19,1736.0,1715.0,1725.0,1722.0,3.0,0.17,20772.6,3588550.877,1553.63,1572.48,1553.46,1562.52
20230511,600519.SH,1731.0,1735.0,1715.0,1717.07,1725.0,-7.930000000000064,-0.46,15246.12,2623835.905,1567.95,1571.57,1553.46,1555.33
20230512,600519.SH,1715.0,1729.88,1705.01,1706.4,1717.07,-10.669999999999845,-0.62,19460.45,3335038.59,1553.46,1566.94,1544.41,1545.67
20230515,600519.SH,1702.0,1717.0,1691.2,1716.3,1706.4,9.899999999999864,0.58,25740.18,4384647.977,1541.68,1555.27,1531.9,1554.63
20230516,600519.SH,1713.99,1719.99,1697.0,1703.29,1716.3,-13.009999999999991,-0.76,22223.77,3785811.907,1552.54,1557.98,1537.15,1542.85
20230517,600519.SH,1708.0,1713.0,1699.01,1701.0,1703.29,-2.2899999999999636,-0.13,16776.91,2858697.942,1547.12,1551.65,1538.97,1540.78
20230518,600519.SH,1704.99,1705.4,1690.0,1691.0,1701.0,-10.0,-0.59,19219.28,3260170.684,1544.39,1544.76,1530.81,1531.72
20230519,600519.SH,1671.0,1704.33,1655.55,1699.5,1691.0,8.5,0.5,26741.16,4504022.549,1513.6,1543.79,1499.61,1539.42
20230522,600519.SH,1690.01,1752.0,1690.0,1746.0,1699.5,46.5,2.74,41284.32,7165754.129,1530.82,1586.97,1530.81,1581.54
20230523,600519.SH,1753.99,1754.0,1724.55,1724.55,1746.0,-21.450000000000045,-1.23,16894.21,2934118.394,1588.77,1588.78,1562.11,1562.11
20230524,600519.SH,1732.33,1733.55,1710.11,1710.9,1724.55,-13.649999999999864,-0.79,18479.27,3182416.491,1569.15,1570.26,1549.03,1549.74
20230525,600519.SH,1705.99,1710.0,1690.0,1701.0,1710.9,-9.900000000000091,-0.58,22465.6,3814504.093,1545.3,1548.93,1530.81,1540.78
20230526,600519.SH,1702.0,1705.0,1675.01,1690.56,1701.0,-10.440000000000055,-0.61,18291.1,3090691.546,1541.68,1544.4,1517.23,1531.32
20230529,600519.SH,1697.0,1698.35,1678.0,1689.0,1690.56,-1.5599999999999454,-0.09,17771.41,2998147.159,1537.15,1538.38,1519.94,1529.91
20230530,600519.SH,1689.0,1698.89,1658.56,1668.29,1689.0,-20.710000000000036,-1.23,26453.4,4424706.688,1529.91,1538.86,1502.33,1511.15
20230531,600519.SH,1661.01,1665.72,1626.67,1628.9,1668.29,-39.38999999999987,-2.36,36956.97,6053737.281,1504.55,1508.82,1473.45,1475.47
20230601,600519.SH,1618.0,1674.99,1618.0,1635.92,1628.9,7.019999999999982,0.43,28645.25,4708722.933,1465.63,1517.26,1465.63,1481.86
20230602,600519.SH,1645.0,1673.15,1636.11,1670.6,1635.92,34.679999999999836,2.12,25058.02,4163116.244,1490.09,1515.59,1482.04,1513.28
20230605,600519.SH,1666.16,1682.88,1663.0,1665.0,1670.6,-5.599999999999909,-0.34,16200.5,2704294.313,1509.26,1524.4,1506.39,1508.21
20230606,600519.SH,1670.0,1684.0,1651.55,1666.99,1665.0,1.990000000000009,0.12,19913.92,3326778.183,1512.74,1525.42,1496.02,1510.01
20230607,600519.SH,1672.99,1678.8,1650.0,1650.9,1666.99,-16.089999999999918,-0.97,17889.64,2971782.064,1515.44,1520.71,1494.62,1495.43
20230608,600519.SH,1655.83,1675.0,1650.01,1668.0,1650.9,17.09999999999991,1.04,14702.72,2441569.677,1499.9,1517.26,1494.63,1510.92
20230609,600519.SH,1671.99,1677.97,1666.0,1666.0,1668.0,-2.0,-0.12,17580.41,2938014.322,1514.54,1519.96,1509.11,1509.11
20230612,600519.SH,1666.02,1708.0,1661.52,1696.0,1666.0,30.0,1.8,27029.44,4562308.599,1509.13,1547.16,1505.05,1536.29
20230613,600519.SH,1693.88,1704.61,1685.0,1699.0,1696.0,3.0,0.18,14662.54,2485398.902,1534.37,1544.09,1526.32,1539.0
20230614,600519.SH,1719.0,1734.24,1706.21,1726.88,1699.0,27.88000000000011,1.64,31505.8,5438040.356,1557.12,1570.93,1545.54,1564.26
20230615,600519.SH,1730.34,1755.65,1723.0,1755.0,1726.88,28.11999999999989,1.63,25222.57,4395900.802,1567.39,1590.32,1560.74,1589.73
20230616,600519.SH,1757.0,1800.0,1750.1,1797.69,1755.0,42.690000000000055,2.43,37917.89,6742301.361,1591.54,1630.49,1585.29,1628.4
20230619,600519.SH,1790.0,1797.95,1738.0,1744.0,1797.69,-53.690000000000055,-2.99,31699.92,5584248.725,1621.44,1628.64,1574.33,1579.77
20230620,600519.SH,1740.0,1765.0,1735.0,1743.46,1744.0,-0.5399999999999636,-0.03,20946.74,3659824.529,1576.14,1598.79,1571.61,1579.28
20230621,600519.SH,1740.0,1756.6,1735.0,1735.83,1743.46,-7.630000000000109,-0.44,17720.61,3088635.934,1576.14,1591.18,1571.61,1572.37
20230626,600519.SH,1720.11,1730.0,1695.0,1709.0,1735.83,-26.829999999999927,-1.55,23992.68,4098619.51,1558.13,1567.09,1535.38,1548.06
20230627,600519.SH,1709.99,1719.7,1700.09,1711.05,1709.0,2.0499999999999545,0.12,15174.46,2598138.744,1548.96,1557.76,1539.99,1549.92
20230628,600519.SH,1713.18,1734.0,1711.0,1728.38,1711.05,17.330000000000155,1.01,18573.56,3199294.221,1551.85,1570.71,1549.87,1565.62
20230629,600519.SH,1731.0,1734.99,1713.01,1713.71,1728.38,-14.670000000000073,-0.85,14231.16,2446524.134,1567.99,1571.61,1551.7,1552.33
20230630,600519.SH,1700.0,1708.99,1686.48,1691.0,1713.71,-22.710000000000036,-1.33,20458.69,3472586.73,1563.46,1571.73,1551.02,1555.18
20230703,600519.SH,1699.0,1725.28,1692.0,1724.1,1691.0,33.09999999999991,1.96,19139.09,3286737.792,1562.54,1586.71,1556.1,1585.62
20230704,600519.SH,1724.2,1734.44,1718.08,1730.6,1724.1,6.5,0.38,12472.38,2155553.635,1585.72,1595.13,1580.09,1591.6
20230705,600519.SH,1730.0,1731.97,1700.0,1715.38,1730.6,-15.2199999999998,-0.88,14745.39,2523960.725,1591.05,1592.86,1563.46,1577.6
20230706,600519.SH,1709.16,1733.0,1700.0,1702.98,1715.38,-12.400000000000091,-0.72,15140.62,2589459.002,1571.88,1593.81,1563.46,1566.2
20230707,600519.SH,1701.0,1708.99,1690.0,1690.03,1702.98,-12.950000000000045,-0.76,15167.42,2571458.553,1564.38,1571.73,1554.26,1554.29
20230710,600519.SH,1705.0,1714.96,1700.0,1700.9,1690.03,10.870000000000118,0.64,13477.41,2298241.728,1568.06,1577.22,1563.46,1564.29
20230711,600519.SH,1710.0,1715.17,1702.1,1710.0,1700.9,9.099999999999909,0.54,12582.7,2151079.27,1572.66,1577.41,1565.39,1572.66
20230712,600519.SH,1713.04,1723.0,1711.33,1713.8,1710.0,3.7999999999999545,0.22,13284.67,2280785.351,1575.45,1584.61,1573.88,1576.15
20230713,600519.SH,1721.99,1745.41,1719.01,1738.4,1713.8,24.600000000000136,1.44,25806.54,4479772.5,1583.68,1605.22,1580.94,1598.77
20230714,600519.SH,1756.0,1758.5,1741.2,1753.0,1738.4,14.599999999999909,0.84,18550.3,3245530.255,1614.96,1617.26,1601.35,1612.2
20230717,600519.SH,1751.0,1751.0,1726.6,1729.97,1753.0,-23.029999999999973,-1.31,14336.48,2482069.846,1610.36,1610.36,1587.92,1591.02
20230718,600519.SH,1733.58,1734.51,1721.0,1722.8,1729.97,-7.170000000000073,-0.41,14737.65,2544005.063,1594.34,1595.2,1582.77,1584.43
20230719,600519.SH,1715.01,1728.0,1713.8,1723.0,1722.8,0.20000000000004547,0.01,12483.22,2147704.435,1577.26,1589.21,1576.15,1584.61
20230720,600519.SH,1727.99,1748.98,1722.0,1724.0,1723.0,1.0,0.06,16692.65,2897176.49,1589.2,1608.51,1583.69,1585.53
20230721,600519.SH,1731.88,1772.5,1726.0,1771.3,1724.0,47.299999999999955,2.74,39377.4,6931535.726,1592.78,1630.14,1587.37,1629.03
20230724,600519.SH,1750.52,1771.15,1750.52,1771.15,1771.3,-0.14999999999986358,-0.01,19713.37,3476648.177,1609.92,1628.89,1609.92,1628.89
20230725,600519.SH,1800.0,1828.88,1799.99,1828.55,1771.15,57.399999999999864,3.24,43086.46,7837450.019,1655.43,1681.99,1655.42,1681.68
20230726,600519.SH,1828.55,1835.99,1815.08,1828.55,1828.55,0.0,0.0,19611.45,3580171.484,1681.68,1688.53,1669.3,1681.68
20230727,600519.SH,1836.0,1854.79,1828.7,1838.03,1828.55,9.480000000000018,0.52,20340.43,3749635.29,1688.54,1705.82,1681.82,1690.4
20230728,600519.SH,1832.0,1900.0,1828.01,1897.0,1838.03,58.97000000000003,3.21,39017.92,7330314.112,1684.86,1747.4,1681.19,1744.64
20230731,600519.SH,1908.0,1935.0,1874.0,1880.58,1897.0,-16.420000000000073,-0.87,45378.61,8615279.839,1754.75,1779.58,1723.48,1729.54
20230801,600519.SH,1878.01,1906.95,1877.89,1889.0,1880.58,8.420000000000073,0.45,19230.62,3635857.283,1727.17,1753.79,1727.06,1737.28
20230802,600519.SH,1883.4,1890.0,1866.8,1880.0,1889.0,-9.0,-0.48,18508.72,3478674.239,1732.13,1738.2,1716.86,1729.0
20230803,600519.SH,1870.0,1890.0,1850.5,1878.47,1880.0,-1.5299999999999727,-0.08,21543.47,4031087.705,1719.8,1738.2,1701.87,1727.59
20230804,600519.SH,1887.82,1906.52,1882.0,1893.47,1878.47,15.0,0.8,24573.64,4655813.751,1736.19,1753.39,1730.84,1741.39
20230807,600519.SH,1880.95,1898.0,1871.03,1887.93,1893.47,-5.539999999999964,-0.29,23892.45,4491893.14,1729.88,1745.56,1720.75,1736.29
20230808,600519.SH,1880.03,1893.71,1864.08,1890.0,1887.93,2.0699999999999363,0.11,17736.18,3333559.505,1729.03,1741.61,1714.36,1738.2
20230809,600519.SH,1890.0,1905.0,1882.96,1890.28,1890.0,0.2799999999999727,0.01,18523.46,3506306.394,1738.2,1751.99,1731.72,1738.46
20230810,600519.SH,1882.0,1889.0,1862.3,1875.0,1890.28,-15.279999999999973,-0.81,18436.19,3454219.14,1730.84,1737.28,1712.72,1724.4
20230811,600519.SH,1885.0,1885.4,1833.88,1834.0,1875.0,-41.0,-2.19,26786.49,4959166.751,1733.6,1733.97,1686.59,1686.7
20230814,600519.SH,1810.0,1824.98,1796.0,1803.0,1834.0,-31.0,-1.69,23731.19,4285362.053,1664.62,1678.4,1651.75,1658.19
20230815,600519.SH,1809.0,1818.0,1801.01,1812.98,1803.0,9.980000000000018,0.55,14817.99,2682125.119,1663.7,1671.98,1656.36,1667.36
20230816,600519.SH,1807.58,1823.35,1806.0,1820.0,1812.98,7.019999999999982,0.39,13184.31,2396261.791,1662.4,1676.9,1660.95,1673.82
20230817,600519.SH,1806.08,1834.0,1801.55,1828.05,1820.0,8.049999999999955,0.44,17290.37,3141408.018,1661.02,1686.7,1656.85,1681.22
20230818,600519.SH,1831.99,1834.99,1802.59,1802.59,1828.05,-25.460000000000036,-1.39,17023.34,3084761.577,1684.85,1687.61,1657.81,1657.81
20230821,600519.SH,1793.0,1813.99,1790.07,1791.0,1802.59,-11.589999999999918,-0.64,18911.81,3405415.645,1648.99,1668.29,1646.29,1647.15
20230822,600519.SH,1800.99,1802.56,1771.02,1788.0,1791.0,-3.0,-0.17,26650.36,4763131.152,1656.34,1657.78,1628.77,1644.39
20230823,600519.SH,1797.0,1800.0,1770.08,1774.0,1788.0,-14.0,-0.78,19912.22,3556178.584,1652.67,1655.43,1627.91,1631.52
20230824,600519.SH,1779.62,1828.0,1775.0,1816.3,1774.0,42.299999999999955,2.38,26055.09,4703417.6,1636.68,1681.18,1632.44,1670.42
20230825,600519.SH,1808.79,1837.77,1806.01,1824.98,1816.3,8.680000000000064,0.48,18830.86,3433296.756,1663.51,1690.16,1660.95,1678.4
20230828,600519.SH,1898.58,1898.58,1831.88,1834.97,1824.98,9.990000000000009,0.55,41052.13,7633221.012,1746.09,1746.09,1684.75,1687.59
20230829,600519.SH,1828.0,1869.08,1828.0,1851.33,1834.97,16.3599999999999,0.89,28950.28,5371260.173,1681.18,1718.96,1681.18,1702.63
20230830,600519.SH,1867.9,1868.0,1843.66,1856.0,1851.33,4.670000000000073,0.25,19811.81,3672570.26,1717.87,1717.97,1695.58,1706.93
20230831,600519.SH,1860.0,1860.0,1841.01,1847.0,1856.0,-9.0,-0.48,14820.22,2738445.519,1710.61,1710.61,1693.14,1698.65
20230901,600519.SH,1852.83,1865.47,1846.03,1851.05,1847.0,4.0499999999999545,0.22,13145.19,2438622.738,1704.01,1715.64,1697.76,1702.38
20230904,600519.SH,1862.6,1879.94,1853.53,1866.0,1851.05,14.950000000000045,0.81,23871.0,4453823.216,1713.0,1728.95,1704.66,1716.13
20230905,600519.SH,1868.0,1868.0,1856.8,1858.7,1866.0,-7.2999999999999545,-0.39,15658.74,2915625.961,1717.97,1717.97,1707.67,1709.41
20230906,600519.SH,1858.0,1866.66,1849.01,1861.0,1858.7,2.2999999999999545,0.12,11121.43,2067605.99,1708.77,1716.73,1700.5,1711.53
20230907,600519.SH,1852.6,1856.89,1831.19,1838.0,1861.0,-23.0,-1.24,16981.57,3128587.116,1703.8,1707.75,1684.11,1690.38
20230908,600519.SH,1834.94,1834.94,1814.95,1818.5,1838.0,-19.5,-1.06,12211.78,2224338.144,1687.56,1687.56,1669.18,1672.44
20230911,600519.SH,1808.0,1840.0,1808.0,1822.17,1818.5,3.6700000000000728,0.2,15926.0,2902617.736,1662.78,1692.21,1662.78,1675.82
20230912,600519.SH,1826.6,1826.98,1816.02,1819.96,1822.17,-2.2100000000000364,-0.12,12168.01,2214514.112,1679.89,1680.24,1670.16,1673.78
20230913,600519.SH,1829.92,1829.92,1800.05,1819.91,1819.96,-0.049999999999954525,-0.0,19501.43,3540583.633,1682.94,1682.94,1655.47,1673.74
20230914,600519.SH,1822.53,1826.98,1806.0,1818.69,1819.91,-1.2200000000000273,-0.07,17504.59,3180447.848,1676.15,1680.24,1660.95,1672.62
20230915,600519.SH,1819.0,1819.78,1781.3,1781.99,1818.69,-36.700000000000045,-2.02,28431.46,5105749.077,1672.9,1673.62,1638.23,1638.86
20230918,600519.SH,1776.31,1829.5,1773.0,1829.2,1781.99,47.210000000000036,2.65,32558.92,5905121.0,1633.64,1682.56,1630.6,1682.28
20230919,600519.SH,1822.2,1829.0,1808.0,1826.94,1829.2,-2.259999999999991,-0.12,14989.5,2727858.953,1675.84,1682.1,1662.78,1680.2
20230920,600519.SH,1822.0,1830.0,1818.05,1824.0,1826.94,-2.9400000000000546,-0.16,12501.78,2281583.949,1675.66,1683.02,1672.03,1677.5
20230921,600519.SH,1818.01,1822.0,1798.39,1798.39,1824.0,-25.6099999999999,-1.4,19489.19,3521486.755,1671.99,1675.66,1653.95,1653.95
20230922,600519.SH,1805.63,1849.96,1792.41,1849.0,1798.39,50.6099999999999,2.81,34390.46,6287832.575,1660.6,1701.37,1648.45,1700.49
20230925,600519.SH,1847.5,1848.0,1826.59,1832.38,1849.0,-16.61999999999989,-0.9,13979.13,2565773.541,1699.11,1699.57,1679.88,1685.21
20230926,600519.SH,1828.0,1834.88,1813.1,1816.0,1832.38,-16.38000000000011,-0.89,15761.96,2870852.363,1681.18,1687.51,1667.47,1670.14
20230927,600519.SH,1815.0,1833.5,1802.8,1814.0,1816.0,-2.0,-0.11,20879.94,3791876.119,1669.22,1686.24,1658.0,1668.3
20230928,600519.SH,1824.98,1824.98,1797.8,1798.55,1814.0,-15.450000000000045,-0.85,20537.84,3704812.96,1678.4,1678.4,1653.4,1654.09
20231009,600519.SH,1796.94,1796.94,1764.9,1777.0,1798.55,-21.549999999999955,-1.2,29762.68,5279950.406,1652.61,1652.61,1623.15,1634.27
20231010,600519.SH,1782.89,1798.98,1768.0,1770.0,1777.0,-7.0,-0.39,20283.92,3615557.182,1639.69,1654.49,1626.0,1627.84
20231011,600519.SH,1784.65,1784.65,1768.0,1778.5,1770.0,8.5,0.48,21944.86,3896568.648,1641.31,1641.31,1626.0,1635.65
20231012,600519.SH,1797.9,1798.23,1777.2,1786.0,1778.5,7.5,0.42,14865.07,2657095.942,1653.5,1653.8,1634.46,1642.55
20231013,600519.SH,1770.88,1778.01,1738.19,1751.0,1786.0,-35.0,-1.96,25027.88,4387687.934,1628.65,1635.2,1598.58,1610.36
20231016,600519.SH,1750.98,1756.0,1722.45,1729.9,1751.0,-21.09999999999991,-1.21,20789.65,3603604.61,1610.34,1614.96,1584.11,1590.96
20231017,600519.SH,1739.0,1739.44,1716.0,1726.0,1729.9,-3.900000000000091,-0.23,14945.23,2577312.288,1599.33,1599.73,1578.17,1587.37
20231018,600519.SH,1718.8,1742.0,1717.18,1728.0,1726.0,2.0,0.12,20317.5,3511987.514,1580.75,1602.09,1579.26,1589.21
20231019,600519.SH,1700.0,1700.03,1626.03,1630.0,1728.0,-98.0,-5.67,73492.37,12146921.769,1563.46,1563.49,1495.43,1499.08
20231020,600519.SH,1630.0,1655.0,1616.25,1645.0,1630.0,15.0,0.92,45376.01,7421390.806,1499.08,1522.07,1486.44,1512.88
20231023,600519.SH,1629.97,1660.0,1621.6,1643.98,1645.0,-1.0199999999999818,-0.06,25234.23,4138279.588,1499.05,1526.67,1491.36,1511.94
20231024,600519.SH,1648.0,1653.36,1621.21,1642.95,1643.98,-1.0299999999999727,-0.06,29861.46,4894807.617,1515.64,1520.57,1491.0,1510.99
20231025,600519.SH,1670.11,1698.0,1667.02,1677.5,1642.95,34.549999999999955,2.1,36178.98,6075417.064,1535.97,1561.62,1533.13,1542.77
20231026,600519.SH,1667.0,1688.0,1662.01,1672.23,1677.5,-5.269999999999982,-0.31,22386.35,3741418.874,1533.11,1552.42,1528.52,1537.92
20231027,600519.SH,1664.0,1691.88,1660.6,1676.71,1672.23,4.480000000000018,0.27,34262.39,5754795.486,1530.35,1555.99,1527.22,1542.04
20231030,600519.SH,1669.0,1688.88,1669.0,1681.0,1676.71,4.289999999999964,0.26,24086.42,4050573.178,1534.95,1553.23,1534.95,1545.99
20231031,600519.SH,1680.0,1690.0,1667.85,1684.58,1681.0,3.5799999999999272,0.21,19858.77,3335804.699,1545.07,1554.26,1533.89,1549.28
20231101,600519.SH,1850.0,1850.0,1773.79,1780.99,1684.58,96.41000000000008,5.72,93143.08,16747292.689,1701.41,1701.41,1631.32,1637.94
20231102,600519.SH,1795.0,1795.0,1776.06,1779.5,1780.99,-1.490000000000009,-0.08,27907.64,4982090.753,1650.83,1650.83,1633.41,1636.57
20231103,600519.SH,1780.0,1814.89,1774.0,1811.24,1779.5,31.74000000000001,1.78,30176.0,5433116.881,1637.03,1669.12,1631.52,1665.76
20231106,600519.SH,1820.0,1823.79,1801.12,1812.0,1811.24,0.7599999999999909,0.04,25523.92,4624102.375,1673.82,1677.31,1656.46,1666.46
20231107,600519.SH,1805.0,1810.0,1784.08,1791.17,1812.0,-20.829999999999927,-1.15,19581.59,3511590.028,1660.03,1664.62,1640.79,1647.31
20231108,600519.SH,1784.05,1803.8,1782.87,1798.34,1791.17,7.169999999999845,0.4,14545.67,2610041.959,1640.76,1658.92,1639.67,1653.9
20231109,600519.SH,1790.11,1799.0,1783.0,1794.11,1798.34,-4.230000000000018,-0.24,12800.48,2291996.819,1646.33,1654.51,1639.79,1650.01
20231110,600519.SH,1780.55,1788.0,1773.1,1775.84,1794.11,-18.269999999999982,-1.02,16465.57,2928380.668,1637.54,1644.39,1630.69,1633.21
20231113,600519.SH,1772.28,1784.88,1756.98,1764.0,1775.84,-11.839999999999918,-0.67,18369.95,3244573.621,1629.93,1641.52,1615.86,1622.32
20231114,600519.SH,1764.0,1774.99,1760.01,1765.27,1764.0,1.2699999999999818,0.07,12816.75,2263963.957,1622.32,1632.43,1618.65,1623.49
20231115,600519.SH,1779.0,1782.89,1767.0,1772.93,1765.27,7.660000000000082,0.43,18434.86,3271230.275,1636.11,1639.69,1625.08,1630.53
20231116,600519.SH,1774.0,1776.0,1760.05,1760.05,1772.93,-12.88000000000011,-0.73,12557.57,2215937.273,1631.52,1633.35,1618.69,1618.69
20231117,600519.SH,1752.0,1759.0,1737.9,1753.42,1760.05,-6.629999999999882,-0.38,21713.63,3793781.119,1611.28,1617.72,1598.31,1612.59
20231120,600519.SH,1755.0,1769.5,1736.66,1762.5,1753.42,9.079999999999927,0.52,18608.04,3265514.01,1614.04,1627.38,1597.17,1620.94
20231121,600519.SH,1783.42,1798.0,1770.1,1790.0,1762.5,27.5,1.56,30098.45,5383107.81,1640.18,1653.59,1627.93,1646.23
20231122,600519.SH,1783.3,1794.35,1780.54,1781.51,1790.0,-8.490000000000009,-0.47,12664.57,2263460.167,1640.07,1650.23,1637.53,1638.42
20231123,600519.SH,1778.3,1788.0,1771.0,1786.0,1781.51,4.490000000000009,0.25,11549.64,2055272.193,1635.47,1644.39,1628.76,1642.55
20231124,600519.SH,1789.0,1789.0,1775.0,1777.0,1786.0,-9.0,-0.5,13085.4,2329345.658,1645.31,1645.31,1632.44,1634.27
20231127,600519.SH,1773.3,1773.3,1755.0,1763.0,1777.0,-14.0,-0.79,16260.74,2865075.217,1630.87,1630.87,1614.04,1621.4
20231128,600519.SH,1761.0,1773.88,1758.0,1769.04,1763.0,6.039999999999964,0.34,14519.76,2562905.659,1619.56,1631.41,1616.8,1626.95
20231129,600519.SH,1768.0,1776.0,1758.0,1774.71,1769.04,5.670000000000073,0.32,17149.33,3034175.614,1626.0,1633.35,1616.8,1632.17
20231130,600519.SH,1776.72,1794.76,1771.08,1791.5,1774.71,16.789999999999964,0.95,21353.42,3817513.545,1634.02,1650.61,1628.83,1647.61
20231201,600519.SH,1789.31,1789.7,1748.0,1760.28,1791.5,-31.220000000000027,-1.74,33051.31,5830850.111,1645.6,1645.95,1607.6,1618.9
20231204,600519.SH,1760.28,1761.83,1745.28,1750.71,1760.28,-9.569999999999936,-0.54,18440.47,3233102.118,1618.9,1620.32,1605.1,1610.1
20231205,600519.SH,1748.78,1748.88,1708.02,1709.0,1750.71,-41.710000000000036,-2.38,29903.01,5168983.317,1608.32,1608.41,1570.83,1571.74
20231206,600519.SH,1702.63,1719.47,1701.13,1703.0,1709.0,-6.0,-0.35,23851.29,4078003.022,1565.88,1581.37,1564.5,1566.22
20231207,600519.SH,1704.0,1709.08,1687.3,1700.0,1703.0,-3.0,-0.18,25041.5,4249170.906,1567.14,1571.81,1551.78,1563.46
20231208,600519.SH,1700.0,1708.84,1692.22,1704.92,1700.0,4.920000000000073,0.29,26288.01,4474160.126,1563.46,1571.59,1556.3,1567.98
20231211,600519.SH,1690.0,1704.0,1657.0,1698.0,1704.92,-6.920000000000073,-0.41,36830.98,6172810.248,1554.26,1567.14,1523.91,1561.62
20231212,600519.SH,1687.6,1709.99,1684.0,1709.99,1698.0,11.990000000000009,0.71,21010.66,3564305.866,1552.05,1572.65,1548.74,1572.65
20231213,600519.SH,1705.22,1705.72,1657.08,1660.0,1709.99,-49.99000000000001,-2.92,38788.7,6480807.5,1568.26,1568.72,1523.99,1526.67
20231214,600519.SH,1665.96,1669.87,1635.02,1635.9,1660.0,-24.09999999999991,-1.45,40672.15,6703240.107,1532.15,1535.75,1503.7,1504.51
20231215,600519.SH,1648.23,1677.77,1644.01,1645.0,1635.9,9.099999999999909,0.56,37092.51,6140791.726,1515.85,1543.01,1511.97,1512.88
20231218,600519.SH,1640.0,1663.33,1635.0,1662.0,1645.0,17.0,1.03,19897.34,3292194.757,1508.28,1529.73,1503.68,1528.51
20231219,600519.SH,1665.0,1679.87,1645.09,1675.0,1662.0,13.0,0.78,22206.76,3706057.587,1531.27,1544.95,1512.96,1540.47
20231220,600519.SH,1658.0,1660.0,1643.0,1649.79,1675.0,-25.210000000000036,-1.51,23092.03,3816133.219,1542.42,1544.28,1528.47,1534.78
20231221,600519.SH,1640.01,1672.32,1640.01,1670.0,1649.79,20.210000000000036,1.23,29011.68,4827827.888,1525.68,1555.74,1525.68,1553.58
20231222,600519.SH,1669.7,1679.1,1658.01,1670.65,1670.0,0.650000000000091,0.04,21666.84,3613238.325,1553.3,1562.05,1542.43,1554.19
20231225,600519.SH,1671.0,1678.6,1668.0,1672.0,1670.65,1.349999999999909,0.08,12471.06,2086014.39,1554.51,1561.58,1551.72,1555.44
20231226,600519.SH,1672.5,1674.9,1657.5,1670.0,1672.0,-2.0,-0.12,14771.26,2457177.339,1555.91,1558.14,1541.96,1553.58
20231227,600519.SH,1668.0,1677.15,1661.0,1667.06,1670.0,-2.9400000000000546,-0.18,16055.5,2679221.365,1551.72,1560.24,1545.21,1550.85
20231228,600519.SH,1670.99,1727.99,1667.06,1724.99,1667.06,57.930000000000064,3.47,38338.06,6537401.38,1554.5,1607.53,1550.85,1604.74
20231229,600519.SH,1720.0,1749.58,1720.0,1726.0,1724.99,1.009999999999991,0.06,27538.68,4768857.531,1600.1,1627.62,1600.1,1605.68
20240102,600519.SH,1715.0,1718.19,1678.1,1685.01,1726.0,-40.99000000000001,-2.37,32156.44,5440082.548,1595.45,1598.41,1561.12,1567.55
20240103,600519.SH,1681.11,1695.22,1676.33,1694.0,1685.01,8.990000000000009,0.53,20229.29,3411400.667,1563.92,1577.05,1559.47,1575.91
20240104,600519.SH,1693.0,1693.0,1662.93,1669.0,1694.0,-25.0,-1.48,21551.07,3603970.147,1574.98,1574.98,1547.01,1552.65
20240105,600519.SH,1661.33,1678.66,1652.11,1663.36,1669.0,-5.6400000000001,-0.34,20242.86,3373155.627,1545.52,1561.64,1536.94,1547.41
20240108,600519.SH,1661.0,1662.0,1640.01,1643.99,1663.36,-19.36999999999989,-1.16,25586.2,4211918.629,1545.21,1546.14,1525.68,1529.39
20240109,600519.SH,1641.01,1652.32,1635.07,1641.0,1643.99,-2.990000000000009,-0.18,24412.04,4009826.496,1526.61,1537.14,1521.09,1526.61
20240110,600519.SH,1641.1,1659.46,1638.0,1641.5,1641.0,0.5,0.03,17350.67,2856120.718,1526.7,1543.78,1523.81,1527.07
20240111,600519.SH,1640.1,1657.94,1638.06,1646.57,1641.5,5.069999999999936,0.31,16440.55,2708764.5,1525.77,1542.36,1523.87,1531.79
20240112,600519.SH,1639.97,1651.26,1639.4,1643.06,1646.57,-3.509999999999991,-0.21,11603.24,1908084.612,1525.65,1536.15,1525.12,1528.52
20240115,600519.SH,1635.0,1654.97,1634.45,1640.0,1643.06,-3.0599999999999454,-0.19,17854.03,2931202.343,1521.02,1539.6,1520.51,1525.68
20240116,600519.SH,1638.5,1647.0,1624.94,1639.43,1640.0,-0.5699999999999363,-0.03,25903.14,4236042.96,1524.28,1532.19,1511.67,1525.15
20240117,600519.SH,1630.0,1635.48,1577.0,1577.0,1639.43,-62.430000000000064,-3.81,51632.76,8251735.591,1516.37,1521.47,1467.07,1467.07
20240118,600519.SH,1574.0,1612.8,1555.55,1610.87,1577.0,33.86999999999989,2.15,60439.81,9566349.514,1464.28,1500.37,1447.11,1498.58
20240119,600519.SH,1608.87,1638.01,1600.88,1635.0,1610.87,24.13000000000011,1.5,46378.43,7550144.389,1496.72,1523.82,1489.28,1521.02
20240122,600519.SH,1629.0,1643.0,1618.88,1642.0,1635.0,7.0,0.43,46945.89,7678297.836,1515.44,1528.47,1506.03,1527.54
20240123,600519.SH,1632.01,1639.95,1609.0,1619.0,1642.0,-23.0,-1.4,34834.9,5659457.115,1518.24,1525.63,1496.84,1506.14
20240124,600519.SH,1629.0,1633.84,1603.56,1626.0,1619.0,7.0,0.43,33216.35,5373603.703,1515.44,1519.94,1491.78,1512.65
20240125,600519.SH,1626.82,1641.0,1622.0,1638.0,1626.0,12.0,0.74,31205.8,5094508.165,1513.41,1526.61,1508.93,1523.81
20240126,600519.SH,1630.36,1644.1,1623.0,1637.32,1638.0,-0.6800000000000637,-0.04,26954.75,4402111.882,1516.71,1529.49,1509.86,1523.18
20240129,600519.SH,1640.3,1660.58,1640.29,1650.0,1637.32,12.680000000000064,0.77,31420.68,5189014.946,1525.95,1544.82,1525.95,1534.98
20240130,600519.SH,1649.98,1649.98,1610.0,1613.0,1650.0,-37.0,-2.24,30866.33,5010784.454,1534.96,1534.96,1497.77,1500.56
20240131,600519.SH,1613.0,1619.97,1598.13,1604.91,1613.0,-8.089999999999918,-0.5,29649.12,4770104.891,1500.56,1507.04,1486.72,1493.03
20240201,600519.SH,1605.5,1623.89,1601.0,1610.03,1604.91,5.119999999999891,0.32,26485.15,4272298.576,1493.58,1510.69,1489.39,1497.79
20240202,600519.SH,1615.0,1627.78,1581.0,1596.0,1610.03,-14.029999999999973,-0.87,39382.02,6336691.194,1502.42,1514.31,1470.79,1484.74
20240205,600519.SH,1596.0,1637.44,1595.25,1630.01,1596.0,34.00999999999999,2.13,53130.36,8590683.071,1484.74,1523.29,1484.04,1516.38
20240206,600519.SH,1630.01,1685.48,1626.1,1676.0,1630.01,45.99000000000001,2.82,52472.04,8740646.588,1516.38,1567.98,1512.74,1559.17
20240207,600519.SH,1681.03,1714.59,1661.61,1710.99,1676.0,34.99000000000001,2.09,52601.07,8899606.867,1563.85,1595.07,1545.78,1591.72
20240208,600519.SH,1720.01,1725.0,1685.0,1706.0,1710.99,-4.990000000000009,-0.29,46756.54,7953438.044,1600.11,1604.75,1567.54,1587.07
20240219,600519.SH,1737.87,1737.93,1688.0,1695.43,1706.0,-10.569999999999936,-0.62,36977.44,6288277.98,1616.72,1616.78,1570.33,1577.24
20240220,600519.SH,1697.36,1697.36,1656.56,1670.0,1695.43,-25.430000000000064,-1.5,34470.07,5755266.893,1579.04,1579.04,1541.08,1553.58
20240221,600519.SH,1666.02,1731.0,1662.0,1717.66,1670.0,47.66000000000008,2.85,46154.07,7868784.082,1549.88,1610.33,1546.14,1597.92
20240222,600519.SH,1707.5,1723.01,1700.53,1718.38,1717.66,0.7200000000000273,0.04,22793.61,3905984.695,1588.47,1602.9,1581.99,1598.59
20240223,600519.SH,1711.11,1724.38,1700.02,1714.09,1718.38,-4.290000000000191,-0.25,27305.89,4670706.95,1591.83,1604.17,1581.51,1594.6
20240226,600519.SH,1708.0,1708.74,1685.02,1694.98,1714.09,-19.1099999999999,-1.11,27318.32,4625594.409,1588.94,1589.62,1567.56,1576.82
20240227,600519.SH,1683.0,1692.92,1678.0,1689.5,1694.98,-5.480000000000018,-0.32,22079.85,3718478.358,1565.68,1574.91,1561.03,1571.72
20240228,600519.SH,1688.92,1696.57,1674.01,1681.55,1689.5,-7.9500000000000455,-0.47,31867.31,5371312.847,1571.19,1578.3,1557.31,1564.33
20240229,600519.SH,1681.55,1696.5,1679.2,1695.0,1681.55,13.450000000000045,0.8,24758.33,4184917.973,1564.33,1578.24,1562.14,1576.84
20240301,600519.SH,1690.0,1694.97,1676.68,1685.06,1695.0,-9.940000000000055,-0.59,26867.96,4526845.398,1572.19,1576.81,1559.8,1567.59
20240304,600519.SH,1679.0,1680.99,1670.05,1676.3,1685.06,-8.759999999999991,-0.52,26484.77,4434401.015,1561.96,1563.81,1553.63,1559.44
20240305,600519.SH,1670.81,1697.0,1666.68,1695.1,1676.3,18.799999999999955,1.12,36238.37,6102136.582,1554.34,1578.7,1550.5,1576.93
20240306,600519.SH,1691.0,1695.0,1678.02,1680.55,1695.1,-14.549999999999955,-0.86,22142.48,3725582.802,1573.12,1576.84,1561.04,1563.4
20240307,600519.SH,1680.0,1689.8,1678.0,1683.63,1680.55,3.0800000000001546,0.18,21599.12,3633934.774,1562.89,1572.0,1561.03,1566.26
20240308,600519.SH,1680.56,1686.68,1670.05,1671.43,1683.63,-12.200000000000045,-0.72,22156.23,3710678.522,1563.41,1569.1,1553.63,1554.91
20240311,600519.SH,1675.0,1698.88,1673.18,1694.49,1671.43,23.059999999999945,1.38,29895.09,5048394.347,1558.24,1580.45,1556.54,1576.37
20240312,600519.SH,1693.94,1749.1,1690.5,1745.0,1694.49,50.50999999999999,2.98,54226.54,9393309.052,1575.86,1627.17,1572.65,1623.36
20240313,600519.SH,1739.97,1748.0,1720.1,1727.45,1745.0,-17.549999999999955,-1.01,26499.54,4588879.42,1618.68,1626.15,1600.19,1607.03
20240314,600519.SH,1719.0,1734.84,1711.5,1716.63,1727.45,-10.819999999999936,-0.63,19404.79,3338768.308,1599.17,1613.9,1592.19,1596.96
20240315,600519.SH,1712.5,1732.4,1712.0,1717.49,1716.63,0.8599999999999,0.05,17833.58,3066692.399,1593.12,1611.63,1592.66,1597.76
20240318,600519.SH,1715.0,1719.85,1699.0,1708.26,1717.49,-9.230000000000018,-0.54,26055.01,4446059.13,1595.45,1599.96,1580.56,1589.18
20240319,600519.SH,1703.0,1719.94,1693.11,1708.02,1708.26,-0.2400000000000091,-0.01,23947.53,4093701.261,1584.28,1600.04,1575.08,1588.95
20240320,600519.SH,1703.36,1713.68,1700.23,1709.6,1708.02,1.5799999999999272,0.09,15249.25,2604543.856,1584.62,1594.22,1581.71,1590.42
20240321,600519.SH,1708.1,1719.0,1704.5,1709.0,1709.6,-0.599999999999909,-0.04,16595.97,2839332.631,1589.03,1599.17,1585.68,1589.87
20240322,600519.SH,1705.03,1708.99,1688.0,1701.35,1709.0,-7.650000000000091,-0.45,25456.14,4318592.818,1586.17,1589.86,1570.33,1582.75
20240325,600519.SH,1698.54,1698.77,1680.58,1689.01,1701.35,-12.339999999999918,-0.73,24472.85,4131446.237,1580.13,1580.35,1563.43,1571.27
20240326,600519.SH,1687.46,1712.8,1687.46,1709.29,1689.01,20.279999999999973,1.2,28069.07,4782899.074,1569.83,1593.4,1569.83,1590.14
20240327,600519.SH,1705.0,1712.0,1699.0,1701.0,1709.29,-8.289999999999964,-0.48,18112.58,3087792.98,1586.14,1592.66,1580.56,1582.42
20240328,600519.SH,1695.0,1718.0,1693.2,1701.64,1701.0,0.6400000000001,0.04,24642.18,4201857.059,1576.84,1598.24,1575.17,1583.02
20240329,600519.SH,1701.64,1710.99,1698.1,1702.9,1701.64,1.259999999999991,0.07,13456.55,2290584.417,1583.02,1591.72,1579.73,1584.19
20240401,600519.SH,1709.99,1734.0,1708.7,1721.33,1702.9,18.429999999999836,1.08,27131.37,4679371.035,1590.79,1613.12,1589.59,1601.34
20240402,600519.SH,1722.0,1724.99,1705.05,1713.99,1721.33,-7.339999999999918,-0.43,25449.25,4360973.684,1601.96,1604.74,1586.19,1594.51
20240403,600519.SH,1734.0,1739.44,1710.02,1715.11,1713.99,1.1199999999998909,0.07,29045.8,5002390.042,1613.12,1618.18,1590.81,1595.55
20240408,600519.SH,1695.0,1696.0,1662.6,1666.66,1715.11,-48.44999999999982,-2.82,59166.59,9907355.766,1576.84,1577.77,1546.7,1550.48
20240409,600519.SH,1660.67,1673.0,1658.45,1662.22,1666.66,-4.440000000000055,-0.27,25589.82,4256226.333,1544.9,1556.37,1542.84,1546.35
20240410,600519.SH,1662.27,1664.99,1645.0,1647.98,1662.22,-14.240000000000009,-0.86,27630.5,4562853.88,1546.39,1548.92,1530.33,1533.1
20240411,600519.SH,1640.11,1650.0,1634.69,1648.0,1647.98,0.01999999999998181,0.0,22766.24,3736417.595,1525.78,1534.98,1520.74,1533.12
20240412,600519.SH,1651.0,1664.0,1634.03,1634.03,1648.0,-13.970000000000027,-0.85,26744.33,4403968.129,1535.91,1548.0,1520.12,1520.12
20240415,600519.SH,1635.01,1675.61,1634.98,1672.98,1634.03,38.950000000000045,2.38,35817.71,5960815.532,1521.03,1558.8,1521.01,1556.36
20240416,600519.SH,1665.49,1679.56,1659.0,1670.0,1672.98,-2.980000000000018,-0.18,26266.23,4382796.962,1549.39,1562.48,1543.35,1553.58
20240417,600519.SH,1668.0,1675.2,1658.0,1667.0,1670.0,-3.0,-0.18,24819.11,4130322.018,1551.72,1558.42,1542.42,1550.79
20240418,600519.SH,1659.01,1682.98,1658.18,1670.78,1667.0,3.7799999999999727,0.23,26568.41,4445487.745,1543.36,1565.66,1542.59,1554.31
20240419,600519.SH,1660.78,1668.5,1641.28,1646.64,1670.78,-24.139999999999873,-1.44,23499.92,3879233.242,1545.01,1552.19,1526.87,1531.85
20240422,600519.SH,1654.0,1678.88,1645.0,1675.06,1646.64,28.419999999999845,1.73,29951.39,5001684.635,1538.7,1561.84,1530.33,1558.29
20240423,600519.SH,1675.0,1695.0,1675.0,1692.28,1675.06,17.220000000000027,1.03,24979.95,4217855.279,1558.24,1576.84,1558.24,1574.31
20240424,600519.SH,1696.98,1699.91,1683.33,1693.6,1692.28,1.3199999999999363,0.08,17086.43,2893555.635,1578.68,1581.41,1565.98,1575.54
20240425,600519.SH,1690.33,1695.6,1682.25,1693.04,1693.6,-0.5599999999999454,-0.03,14476.48,2447183.879,1572.5,1577.4,1564.98,1575.02
20240426,600519.SH,1694.0,1714.0,1693.98,1709.43,1693.04,16.3900000000001,0.97,30995.92,5290248.521,1575.91,1594.52,1575.89,1590.27
20240429,600519.SH,1696.95,1728.0,1693.82,1704.0,1709.43,-5.430000000000064,-0.32,41332.23,7072096.59,1578.66,1607.54,1575.74,1585.21
20240430,600519.SH,1705.01,1729.88,1705.0,1705.0,1704.0,1.0,0.06,30759.89,5273902.374,1586.15,1609.29,1586.14,1586.14
20240506,600519.SH,1733.97,1765.0,1727.0,1760.2,1705.0,55.200000000000045,3.24,59909.49,10504351.712,1613.09,1641.96,1606.61,1637.5
20240507,600519.SH,1765.79,1777.8,1756.68,1770.0,1760.2,9.799999999999955,0.56,24924.52,4413196.426,1642.7,1653.87,1634.22,1646.61
20240508,600519.SH,1769.69,1769.97,1755.67,1763.97,1770.0,-6.029999999999973,-0.34,14769.09,2603293.863,1646.32,1646.59,1633.28,1641.0
20240509,600519.SH,1758.0,1764.98,1750.0,1756.0,1763.97,-7.970000000000027,-0.45,22387.34,3929804.849,1635.45,1641.94,1628.01,1633.59
20240510,600519.SH,1761.1,1767.88,1733.99,1738.98,1756.0,-17.019999999999982,-0.97,26206.61,4571398.242,1638.33,1644.64,1613.11,1617.76
20240513,600519.SH,1732.02,1732.66,1701.22,1706.0,1738.98,-32.98000000000002,-1.9,37662.12,6435415.674,1611.28,1611.88,1582.63,1587.07
20240514,600519.SH,1705.99,1713.27,1700.01,1701.98,1706.0,-4.019999999999982,-0.24,21274.17,3623282.672,1587.07,1593.84,1581.5,1583.33
20240515,600519.SH,1702.58,1708.0,1698.59,1700.0,1701.98,-1.9800000000000182,-0.12,15738.76,2677203.002,1583.89,1588.94,1580.18,1581.49
20240516,600519.SH,1705.0,1709.88,1690.0,1704.5,1700.0,4.5,0.26,29679.54,5048754.769,1586.14,1590.68,1572.19,1585.68
20240517,600519.SH,1700.01,1716.58,1700.0,1715.0,1704.5,10.5,0.62,28923.88,4936920.634,1581.5,1596.92,1581.49,1595.45
20240520,600519.SH,1717.99,1732.99,1708.11,1709.0,1715.0,-6.0,-0.35,31425.72,5401389.335,1598.23,1612.18,1589.04,1589.87
20240521,600519.SH,1708.0,1709.73,1698.16,1705.0,1709.0,-4.0,-0.23,16293.39,2776847.499,1588.94,1590.54,1579.78,1586.14
20240522,600519.SH,1703.0,1709.96,1691.0,1697.71,1705.0,-7.289999999999964,-0.43,20285.68,3443977.767,1584.28,1590.76,1573.12,1579.36
20240523,600519.SH,1700.0,1706.38,1690.08,1692.01,1697.71,-5.7000000000000455,-0.34,18884.97,3199923.32,1581.49,1587.43,1572.26,1574.06
20240524,600519.SH,1693.0,1695.0,1677.0,1677.08,1692.01,-14.930000000000064,-0.88,20216.63,3401323.915,1574.98,1576.84,1560.1,1560.17
20240527,600519.SH,1678.0,1687.45,1668.01,1670.12,1677.08,-6.960000000000036,-0.42,25097.91,4199001.866,1561.03,1569.82,1551.73,1553.7
20240528,600519.SH,1670.4,1675.17,1663.0,1664.64,1670.12,-5.479999999999791,-0.33,23520.87,3923020.375,1553.96,1558.39,1547.07,1548.6
20240529,600519.SH,1666.0,1680.0,1665.0,1674.0,1664.64,9.3599999999999,0.56,19651.28,3289173.345,1549.86,1562.89,1548.93,1557.31
20240530,600519.SH,1675.0,1675.38,1649.0,1649.0,1674.0,-25.0,-1.49,32207.92,5333306.808,1558.24,1558.59,1534.05,1534.05
20240531,600519.SH,1650.5,1663.5,1648.45,1648.45,1649.0,-0.5499999999999545,-0.03,21856.65,3617654.788,1535.44,1547.54,1533.54,1533.54
20240603,600519.SH,1650.0,1650.92,1635.11,1639.39,1648.45,-9.059999999999945,-0.55,30261.05,4966041.477,1534.98,1535.83,1521.13,1525.11
20240604,600519.SH,1640.5,1656.0,1636.55,1653.2,1639.39,13.809999999999945,0.84,20841.08,3432497.303,1526.14,1540.56,1522.47,1537.96
20240605,600519.SH,1652.0,1658.68,1643.03,1644.0,1653.2,-9.200000000000045,-0.56,19055.57,3140824.328,1536.84,1543.05,1528.49,1529.4
20240606,600519.SH,1643.66,1651.99,1635.91,1639.81,1644.0,-4.190000000000055,-0.25,25610.05,4205700.983,1529.08,1536.83,1521.87,1525.5
20240607,600519.SH,1646.13,1646.18,1619.01,1619.18,1639.81,-20.62999999999988,-1.26,33524.55,5453120.695,1531.38,1531.42,1506.15,1506.31
20240611,600519.SH,1602.99,1605.0,1567.0,1569.0,1619.18,-50.180000000000064,-3.1,70246.76,11090577.61,1491.25,1493.12,1457.76,1459.62
20240612,600519.SH,1570.0,1590.0,1570.0,1571.68,1569.0,2.6800000000000637,0.17,33170.5,5230086.503,1460.56,1479.16,1460.56,1462.12
20240613,600519.SH,1576.77,1576.89,1553.15,1555.01,1571.68,-16.670000000000073,-1.06,36185.97,5654938.942,1466.85,1466.96,1444.88,1446.61
20240614,600519.SH,1555.0,1563.96,1520.46,1555.0,1555.01,-0.009999999999990905,-0.0,59514.16,9177637.168,1446.6,1454.94,1414.47,1446.6
20240617,600519.SH,1532.29,1548.77,1511.01,1541.5,1555.0,-13.5,-0.87,48318.16,7400883.243,1425.47,1440.8,1405.68,1434.04
20240618,600519.SH,1530.89,1554.54,1516.68,1521.5,1541.5,-20.0,-1.3,41258.25,6317590.943,1424.17,1446.17,1410.95,1415.44
20240619,600519.SH,1497.99,1504.0,1482.1,1501.0,1521.5,-20.5,-1.35,41261.53,6167728.416,1422.44,1428.14,1407.35,1425.3
20240620,600519.SH,1500.0,1516.01,1498.0,1500.1,1501.0,-0.900000000000091,-0.06,24710.68,3715924.984,1424.35,1439.55,1422.45,1424.44
20240621,600519.SH,1500.5,1504.98,1470.22,1471.0,1500.1,-29.09999999999991,-1.94,43319.97,6418543.742,1424.82,1429.08,1396.07,1396.81
20240624,600519.SH,1423.0,1488.99,1414.01,1476.55,1471.0,5.5499999999999545,0.38,63839.93,9319362.39,1351.23,1413.89,1342.69,1402.08
20240625,600519.SH,1477.0,1502.99,1477.0,1486.65,1476.55,10.100000000000136,0.68,42097.95,6273919.386,1402.52,1427.2,1402.52,1411.69
20240626,600519.SH,1480.0,1501.07,1477.8,1489.22,1486.65,2.5699999999999363,0.17,29569.77,4414601.922,1405.29,1425.29,1403.2,1414.04
20240627,600519.SH,1492.0,1493.97,1468.0,1490.49,1489.22,1.2699999999999818,0.09,32821.78,4857959.457,1416.68,1418.55,1393.89,1415.25
20240628,600519.SH,1480.0,1494.49,1464.0,1467.39,1490.49,-23.09999999999991,-1.55,38582.02,5699649.047,1405.29,1419.04,1390.09,1393.31
20240701,600519.SH,1468.88,1472.99,1428.0,1440.38,1467.39,-27.00999999999999,-1.84,32161.38,4636689.118,1394.73,1398.63,1355.91,1367.67
20240702,600519.SH,1433.0,1498.0,1433.0,1490.7,1440.38,50.319999999999936,3.49,51852.98,7659166.816,1360.66,1422.38,1360.66,1415.44
20240703,600519.SH,1499.0,1513.01,1488.02,1500.0,1490.7,9.299999999999955,0.62,31573.26,4740808.13,1423.33,1436.63,1412.9,1424.28
20240704,600519.SH,1505.0,1512.0,1481.13,1485.74,1500.0,-14.259999999999991,-0.95,24379.73,3637968.895,1429.02,1435.67,1406.36,1410.74
20240705,600519.SH,1479.0,1493.18,1450.0,1453.0,1485.74,-32.74000000000001,-2.2,38829.38,5664477.336,1404.34,1417.8,1376.8,1379.65
20240708,600519.SH,1443.0,1457.77,1419.14,1420.0,1453.0,-33.0,-2.27,39527.05,5657951.348,1370.15,1384.18,1347.5,1348.31
20240709,600519.SH,1420.0,1454.89,1410.1,1438.03,1420.0,18.029999999999973,1.27,33620.71,4807957.927,1348.31,1381.44,1338.91,1365.43
20240710,600519.SH,1439.25,1465.88,1435.0,1437.59,1438.03,-0.44000000000005457,-0.03,23763.22,3436693.365,1366.59,1391.88,1362.56,1365.02
20240711,600519.SH,1449.97,1469.0,1440.21,1462.09,1437.59,24.5,1.7,29020.14,4236960.596,1376.77,1394.84,1367.5,1388.28
20240712,600519.SH,1473.01,1486.4,1465.45,1478.82,1462.09,16.730000000000018,1.14,23386.34,3451132.648,1398.65,1411.36,1391.47,1404.16
20240715,600519.SH,1470.0,1488.0,1470.0,1474.9,1478.82,-3.9199999999998454,-0.27,19176.26,2835374.73,1395.79,1412.88,1395.79,1400.44
20240716,600519.SH,1476.0,1482.0,1465.05,1476.0,1474.9,1.099999999999909,0.07,20316.44,2998367.128,1401.49,1407.18,1391.09,1401.49
20240717,600519.SH,1476.1,1503.0,1470.02,1501.4,1476.0,25.40000000000009,1.72,34311.01,5115680.654,1401.58,1427.12,1395.81,1425.6
20240718,600519.SH,1499.5,1515.0,1492.53,1497.51,1501.4,-3.8900000000001,-0.26,28870.39,4337214.601,1423.8,1438.52,1417.18,1421.91
20240719,600519.SH,1490.81,1529.18,1484.01,1525.62,1497.51,28.1099999999999,1.88,38942.91,5888615.145,1415.55,1451.98,1409.09,1448.6
20240722,600519.SH,1525.03,1529.98,1491.65,1499.0,1525.62,-26.61999999999989,-1.74,28543.21,4300813.31,1448.04,1452.74,1416.35,1423.33
20240723,600519.SH,1499.0,1501.0,1455.0,1455.0,1499.0,-44.0,-2.94,30943.96,4555460.198,1423.33,1425.22,1381.55,1381.55
20240724,600519.SH,1450.2,1463.7,1435.0,1440.02,1455.0,-14.980000000000018,-1.03,24122.55,3490200.973,1376.99,1389.81,1362.56,1367.32
20240725,600519.SH,1440.02,1448.0,1420.01,1430.49,1440.02,-9.529999999999973,-0.66,28346.56,4054086.714,1367.32,1374.9,1348.32,1358.27
20240726,600519.SH,1430.49,1437.72,1410.9,1422.19,1430.49,-8.299999999999955,-0.58,32353.79,4594928.574,1358.27,1365.14,1339.67,1350.39
20240729,600519.SH,1415.0,1421.99,1398.0,1398.02,1422.19,-24.170000000000073,-1.7,30869.07,4342610.1,1343.57,1350.2,1327.42,1327.44
20240730,600519.SH,1385.98,1390.27,1361.3,1379.99,1398.02,-18.029999999999973,-1.29,51779.04,7103491.566,1316.01,1320.08,1292.58,1310.32
20240731,600519.SH,1373.1,1427.27,1373.1,1421.28,1379.99,41.289999999999964,2.99,43272.32,6098149.721,1303.78,1355.22,1303.78,1349.53
20240801,600519.SH,1418.0,1420.0,1384.7,1386.16,1421.28,-35.11999999999989,-2.47,32038.1,4470988.088,1346.42,1348.31,1314.8,1316.18
20240802,600519.SH,1373.6,1396.97,1373.6,1385.45,1386.16,-0.7100000000000364,-0.05,21927.69,3041726.372,1304.26,1326.45,1304.26,1315.51
20240805,600519.SH,1388.88,1426.0,1385.52,1410.01,1385.45,24.559999999999945,1.77,37736.07,5327127.147,1318.77,1354.01,1315.57,1338.83
20240806,600519.SH,1422.0,1424.0,1394.01,1404.7,1410.01,-5.309999999999945,-0.38,27444.33,3860735.014,1350.21,1352.11,1323.64,1333.79
20240807,600519.SH,1405.5,1421.99,1398.3,1415.5,1404.7,10.799999999999955,0.77,20622.21,2910580.747,1334.55,1350.2,1327.71,1344.04
20240808,600519.SH,1411.0,1448.18,1409.0,1430.69,1415.5,15.190000000000055,1.07,25130.82,3592705.43,1339.77,1375.07,1337.87,1358.46
20240809,600519.SH,1460.03,1469.0,1436.8,1436.8,1430.69,6.1099999999999,0.43,30138.49,4368705.515,1386.32,1394.84,1364.27,1364.27
20240812,600519.SH,1430.0,1443.0,1426.58,1436.1,1436.8,-0.7000000000000455,-0.05,13632.03,1956573.438,1357.81,1370.15,1354.56,1363.6
20240813,600519.SH,1433.0,1435.0,1412.01,1423.01,1436.1,-13.089999999999918,-0.91,16308.43,2317037.756,1360.66,1362.56,1340.73,1351.17
20240814,600519.SH,1423.01,1424.9,1412.02,1413.3,1423.01,-9.710000000000036,-0.68,13414.31,1898377.426,1351.17,1352.97,1340.74,1341.95
20240815,600519.SH,1405.03,1435.99,1403.95,1426.89,1413.3,13.590000000000146,0.96,23038.97,3275699.572,1334.1,1363.5,1333.07,1354.86
20240816,600519.SH,1426.79,1435.92,1417.01,1431.2,1426.89,4.309999999999945,0.3,16454.7,2349825.846,1354.76,1363.43,1345.48,1358.95
20240819,600519.SH,1432.0,1458.88,1425.0,1425.44,1431.2,-5.759999999999991,-0.4,20432.79,2942106.435,1359.71,1385.23,1353.06,1353.48
20240820,600519.SH,1429.9,1429.93,1414.0,1422.72,1425.44,-2.7200000000000273,-0.19,18591.38,2644814.344,1357.71,1357.74,1342.62,1350.9
20240821,600519.SH,1420.0,1427.98,1415.69,1417.58,1422.72,-5.1400000000001,-0.36,15091.65,2144746.551,1348.31,1355.89,1344.22,1346.02
20240822,600519.SH,1416.0,1420.0,1400.01,1410.05,1417.58,-7.529999999999973,-0.53,19527.29,2750868.073,1344.52,1348.31,1329.33,1338.87
20240823,600519.SH,1408.0,1423.5,1406.12,1414.99,1410.05,4.940000000000055,0.35,15320.46,2166499.202,1336.92,1351.64,1335.13,1343.56
20240826,600519.SH,1417.0,1423.86,1403.15,1412.0,1414.99,-2.990000000000009,-0.21,15628.41,2207595.461,1345.47,1351.98,1332.31,1340.72
20240827,600519.SH,1412.0,1413.0,1401.11,1404.07,1412.0,-7.930000000000064,-0.56,13657.4,1920770.57,1340.72,1341.67,1330.38,1333.19
20240828,600519.SH,1404.07,1406.0,1375.0,1389.0,1404.07,-15.069999999999936,-1.07,31663.51,4388025.875,1333.19,1335.02,1305.59,1318.88
20240829,600519.SH,1380.0,1418.0,1380.0,1413.3,1389.0,24.299999999999955,1.75,27471.61,3864270.621,1310.33,1346.42,1310.33,1341.95
20240830,600519.SH,1413.0,1458.07,1405.0,1443.19,1413.3,29.8900000000001,2.11,38739.23,5576118.649,1341.67,1384.46,1334.07,1370.33
20240902,600519.SH,1430.0,1438.0,1395.0,1395.0,1443.19,-48.190000000000055,-3.34,34134.59,4801049.927,1357.81,1365.41,1324.58,1324.58
20240903,600519.SH,1398.0,1414.98,1393.02,1410.0,1395.0,15.0,1.08,17887.6,2516125.842,1327.42,1343.55,1322.7,1338.82
20240904,600519.SH,1402.0,1419.19,1399.74,1400.0,1410.0,-10.0,-0.71,14211.09,1995221.417,1331.22,1347.54,1329.08,1329.32
20240905,600519.SH,1400.5,1407.0,1397.0,1404.88,1400.0,4.880000000000109,0.35,14502.95,2033680.839,1329.8,1335.97,1326.48,1333.96
20240906,600519.SH,1405.0,1406.0,1398.0,1398.0,1404.88,-6.880000000000109,-0.49,10321.04,1445537.257,1334.07,1335.02,1327.42,1327.42
20240909,600519.SH,1380.01,1393.71,1370.08,1375.0,1398.0,-23.0,-1.65,28637.55,3950086.825,1310.34,1323.35,1300.91,1305.59
20240910,600519.SH,1370.02,1393.0,1370.02,1378.0,1375.0,3.0,0.22,19802.84,2737295.644,1300.86,1322.68,1300.86,1308.43
20240911,600519.SH,1375.6,1385.88,1365.0,1380.0,1378.0,2.0,0.15,20995.77,2892932.794,1306.16,1315.92,1296.09,1310.33
20240912,600519.SH,1380.0,1385.0,1334.91,1335.06,1380.0,-44.940000000000055,-3.26,47948.31,6482445.0,1310.33,1315.08,1267.52,1267.66
20240913,600519.SH,1331.0,1332.0,1297.3,1304.13,1335.06,-30.929999999999836,-2.32,56005.11,7329376.917,1263.81,1264.76,1231.81,1238.29
20240918,600519.SH,1300.0,1300.01,1266.66,1266.9,1304.13,-37.23000000000002,-2.85,46185.31,5895948.011,1234.37,1234.38,1202.72,1202.94
20240919,600519.SH,1262.0,1292.88,1245.83,1261.0,1266.9,-5.900000000000091,-0.47,59988.21,7623739.997,1198.29,1227.61,1182.94,1197.34
20240920,600519.SH,1261.5,1273.9,1250.03,1263.92,1261.0,2.9200000000000728,0.23,39981.84,5038507.835,1197.82,1209.59,1186.92,1200.11
20240923,600519.SH,1268.0,1293.5,1260.66,1261.54,1263.92,-2.380000000000109,-0.19,45549.69,5809791.682,1203.99,1228.2,1197.02,1197.85
20240924,600519.SH,1285.09,1373.0,1265.09,1372.6,1261.54,111.05999999999995,8.8,100412.81,13297277.523,1220.21,1303.69,1201.22,1303.31
20240925,600519.SH,1400.05,1427.0,1396.71,1399.0,1372.6,26.40000000000009,1.92,73953.8,10420109.655,1329.37,1354.96,1326.2,1328.37
20240926,600519.SH,1399.96,1529.87,1396.0,1529.0,1399.0,130.0,9.29,97278.06,14269262.657,1329.29,1452.64,1325.53,1451.81
20240927,600519.SH,1600.0,1629.2,1565.36,1629.2,1529.0,100.20000000000005,6.55,87921.67,14050260.569,1519.23,1546.95,1486.34,1546.95
20240930,600519.SH,1692.0,1759.88,1652.0,1748.0,1629.2,118.79999999999995,7.29,157293.41,26982747.037,1606.58,1671.04,1568.6,1659.76
20241008,600519.SH,1910.0,1910.0,1680.18,1723.0,1748.0,-25.0,-1.43,194709.47,35114075.007,1813.58,1813.58,1595.36,1636.02
20241009,600519.SH,1700.0,1700.0,1590.0,1595.15,1723.0,-127.84999999999991,-7.42,120196.84,19708432.734,1614.18,1614.18,1509.73,1514.62
20241010,600519.SH,1622.26,1668.08,1591.0,1640.0,1595.15,44.84999999999991,2.81,74603.42,12198964.035,1540.36,1583.87,1510.68,1557.21
20241011,600519.SH,1615.4,1639.96,1590.0,1604.99,1640.0,-35.00999999999999,-2.13,41914.71,6764982.707,1533.85,1557.17,1509.73,1523.97
20241014,600519.SH,1613.0,1620.63,1581.17,1601.99,1604.99,-3.0,-0.19,44812.02,7181350.822,1531.57,1538.82,1501.35,1521.12
20241015,600519.SH,1599.0,1600.99,1553.01,1554.25,1601.99,-47.74000000000001,-2.98,43571.43,6884141.869,1518.28,1520.17,1474.61,1475.79
20241016,600519.SH,1540.88,1549.8,1510.0,1522.5,1554.25,-31.75,-2.04,46664.4,7140169.692,1463.09,1471.56,1433.77,1445.64
20241017,600519.SH,1537.0,1537.66,1493.41,1494.6,1522.5,-27.90000000000009,-1.83,39459.55,5964778.958,1459.41,1460.03,1418.02,1419.15
20241018,600519.SH,1493.0,1567.84,1478.96,1541.0,1494.6,46.40000000000009,3.1,68619.3,10418043.492,1417.63,1488.69,1404.3,1463.21
20241021,600519.SH,1541.21,1549.97,1521.21,1528.8,1541.0,-12.200000000000045,-0.79,42007.9,6433918.335,1463.41,1471.72,1444.41,1451.62
20241022,600519.SH,1526.56,1560.18,1524.2,1543.0,1528.8,14.200000000000045,0.93,36269.13,5607826.492,1449.49,1481.42,1447.25,1465.1
20241023,600519.SH,1544.11,1576.95,1532.0,1567.5,1543.0,24.5,1.59,40088.46,6259600.035,1466.16,1497.34,1454.66,1488.37
20241024,600519.SH,1561.0,1575.0,1545.01,1552.2,1567.5,-15.299999999999955,-0.98,23922.8,3723973.209,1482.2,1495.49,1467.01,1473.84
20241025,600519.SH,1547.0,1574.79,1546.01,1558.85,1552.2,6.649999999999864,0.43,27745.08,4328271.351,1468.9,1495.29,1467.96,1480.15
20241028,600519.SH,1560.0,1565.0,1522.23,1565.0,1558.85,6.150000000000091,0.39,39121.4,6064453.668,1481.25,1485.99,1445.38,1485.99
20241029,600519.SH,1560.0,1580.0,1530.0,1531.62,1565.0,-33.38000000000011,-2.13,41165.78,6368105.233,1481.25,1500.24,1452.76,1454.3
20241030,600519.SH,1525.0,1551.19,1523.41,1532.0,1531.62,0.38000000000010914,0.02,32005.74,4913175.983,1448.01,1472.88,1446.5,1454.66
20241031,600519.SH,1532.15,1540.0,1520.0,1527.79,1532.0,-4.210000000000036,-0.27,29957.35,4575545.18,1454.8,1462.26,1443.27,1450.66
20241101,600519.SH,1521.0,1545.13,1520.8,1533.75,1527.79,5.960000000000036,0.39,32283.92,4954302.212,1444.22,1467.13,1444.03,1456.32
20241104,600519.SH,1544.93,1550.0,1528.06,1548.2,1533.75,14.450000000000045,0.94,29092.92,4481761.764,1466.94,1471.75,1450.92,1470.04
20241105,600519.SH,1540.0,1577.7,1536.01,1576.99,1548.2,28.789999999999964,1.86,45640.47,7134443.464,1462.26,1498.05,1458.47,1497.38
20241106,600519.SH,1575.0,1588.99,1561.22,1571.0,1576.99,-5.990000000000009,-0.38,37631.43,5916917.616,1495.49,1508.77,1482.4,1491.69
20241107,600519.SH,1562.46,1653.5,1562.3,1649.14,1571.0,78.1400000000001,4.97,74738.72,12074951.757,1483.58,1570.03,1483.43,1565.89
20241108,600519.SH,1660.89,1667.11,1601.01,1609.97,1649.14,-39.17000000000007,-2.38,60771.2,9885645.907,1577.04,1582.95,1520.19,1528.69
20241111,600519.SH,1590.0,1609.95,1567.19,1598.01,1609.97,-11.960000000000036,-0.74,43853.65,6957095.385,1509.73,1528.67,1488.07,1517.34
20241112,600519.SH,1589.0,1623.0,1573.95,1577.2,1598.01,-20.809999999999945,-1.3,49222.66,7844798.676,1508.78,1541.07,1494.49,1497.58
20241113,600519.SH,1568.0,1586.66,1561.28,1578.5,1577.2,1.2999999999999545,0.08,29125.26,4594445.032,1488.84,1506.56,1482.46,1498.81
20241114,600519.SH,1570.0,1594.45,1565.65,1573.8,1578.5,-4.7000000000000455,-0.3,29248.14,4617144.097,1490.74,1513.96,1486.61,1494.35
20241115,600519.SH,1569.0,1583.8,1553.0,1559.0,1573.8,-14.799999999999955,-0.94,33761.12,5295326.892,1489.79,1503.84,1474.6,1480.3
20241118,600519.SH,1562.0,1575.99,1555.0,1559.0,1559.0,0.0,0.0,27092.19,4237197.499,1483.15,1496.43,1476.5,1480.3
20241119,600519.SH,1565.0,1569.37,1525.0,1541.92,1559.0,-17.079999999999927,-1.1,33266.43,5138831.155,1485.99,1490.14,1448.01,1464.08
20241120,600519.SH,1543.0,1553.97,1531.3,1544.81,1541.92,2.8899999999998727,0.19,21344.55,3292675.257,1465.1,1475.52,1454.0,1466.82
20241121,600519.SH,1543.87,1548.99,1532.0,1545.13,1544.81,0.3200000000001637,0.02,18261.79,2810933.515,1465.93,1470.79,1454.66,1467.13
20241122,600519.SH,1541.15,1547.77,1507.82,1507.82,1545.13,-37.31000000000017,-2.41,33436.11,5107288.992,1463.35,1469.63,1431.7,1431.7
20241125,600519.SH,1511.0,1532.0,1496.67,1498.57,1507.82,-9.25,-0.61,33185.56,5011136.234,1434.72,1454.66,1421.11,1422.92
20241126,600519.SH,1498.57,1518.88,1488.88,1509.0,1498.57,10.430000000000064,0.7,25744.79,3876885.984,1422.92,1442.2,1413.72,1432.82
20241127,600519.SH,1509.0,1522.15,1505.0,1519.05,1509.0,10.049999999999955,0.67,25934.17,3927607.772,1432.82,1445.31,1429.02,1442.36
20241128,600519.SH,1522.0,1524.99,1502.0,1518.0,1519.05,-1.0499999999999545,-0.07,23952.03,3627662.382,1445.16,1448.0,1426.17,1441.37
20241129,600519.SH,1517.0,1555.0,1513.21,1525.74,1518.0,7.740000000000009,0.51,36088.1,5534035.503,1440.42,1476.5,1436.82,1448.72
20241202,600519.SH,1526.0,1529.99,1515.1,1525.0,1525.74,-0.7400000000000091,-0.05,26819.54,4086609.952,1448.96,1452.75,1438.61,1448.01
20241203,600519.SH,1524.0,1528.9,1516.08,1526.74,1525.0,1.740000000000009,0.11,24806.62,3777197.199,1447.06,1451.72,1439.54,1449.67
20241204,600519.SH,1520.07,1523.66,1510.0,1520.0,1526.74,-6.740000000000009,-0.44,23923.89,3626565.544,1443.33,1446.74,1433.77,1443.27
20241205,600519.SH,1510.86,1517.86,1510.0,1511.0,1520.0,-9.0,-0.59,16141.47,2441318.387,1434.59,1441.23,1433.77,1434.72
20241206,600519.SH,1513.0,1538.9,1508.07,1521.01,1511.0,10.009999999999991,0.66,32039.69,4883148.6,1436.62,1461.21,1431.94,1444.22
20241209,600519.SH,1522.02,1529.72,1513.2,1518.8,1521.01,-2.2100000000000364,-0.15,19799.86,3008173.586,1445.18,1452.5,1436.81,1442.13
20241210,600519.SH,1570.0,1579.73,1545.18,1546.59,1518.8,27.789999999999964,1.83,60312.1,9421340.719,1490.74,1499.98,1467.17,1468.51
20241211,600519.SH,1540.0,1555.0,1530.98,1535.6,1546.59,-10.990000000000009,-0.71,29671.12,4569662.604,1462.26,1476.5,1453.69,1458.08
20241212,600519.SH,1532.02,1566.0,1529.0,1565.8,1535.6,30.200000000000045,1.97,41936.52,6510547.81,1454.68,1486.94,1451.81,1486.75
20241213,600519.SH,1550.01,1554.99,1518.88,1519.0,1565.8,-46.799999999999955,-2.99,49511.97,7580908.315,1471.76,1476.49,1442.2,1442.32
20241216,600519.SH,1521.0,1529.0,1510.71,1527.2,1519.0,8.200000000000045,0.54,32537.1,4945298.799,1444.22,1451.81,1434.44,1450.1
20241217,600519.SH,1525.99,1569.0,1521.01,1558.0,1527.2,30.799999999999955,2.02,54171.63,8398945.449,1448.95,1489.79,1444.22,1479.35
20241218,600519.SH,1557.97,1577.0,1547.1,1571.5,1558.0,13.5,0.87,41162.26,6440801.971,1479.32,1497.39,1469.0,1492.17
20241219,600519.SH,1565.14,1567.93,1550.33,1551.01,1571.5,-20.49000000000001,-1.3,24809.32,3862602.665,1486.13,1488.78,1472.06,1472.71
20241220,600519.SH,1531.13,1541.8,1520.02,1522.0,1551.01,-29.00999999999999,-1.87,28157.74,4307425.535,1476.57,1486.86,1465.85,1467.76
20241223,600519.SH,1523.0,1538.0,1517.0,1526.45,1522.0,4.4500000000000455,0.29,21602.69,3300971.424,1468.73,1483.19,1462.94,1472.05
20241224,600519.SH,1525.0,1544.0,1521.59,1538.82,1526.45,12.36999999999989,0.81,22104.92,3394160.299,1470.65,1488.98,1467.37,1483.98
20241225,600519.SH,1538.8,1538.8,1526.1,1530.0,1538.82,-8.819999999999936,-0.57,17123.39,2621061.878,1483.96,1483.96,1471.72,1475.48
20241226,600519.SH,1534.0,1538.78,1523.0,1527.79,1530.0,-2.2100000000000364,-0.14,18286.51,2798840.003,1479.33,1483.94,1468.73,1473.34
20241227,600519.SH,1528.9,1536.0,1519.5,1528.97,1527.79,1.1800000000000637,0.08,20759.32,3170191.445,1474.42,1481.26,1465.35,1474.48
20241230,600519.SH,1533.97,1543.96,1525.0,1525.0,1528.97,-3.9700000000000273,-0.26,25129.82,3849542.646,1479.3,1488.94,1470.65,1470.65
20241231,600519.SH,1525.4,1545.0,1522.01,1524.0,1525.0,-1.0,-0.07,39354.45,6033540.366,1471.04,1489.94,1467.77,1469.69
20250102,600519.SH,1524.0,1524.49,1480.0,1488.0,1524.0,-36.0,-2.36,50028.7,7490883.773,1469.69,1470.16,1427.26,1434.97
20250103,600519.SH,1494.5,1494.99,1467.01,1475.0,1488.0,-13.0,-0.87,32628.36,4836610.288,1441.24,1441.71,1414.73,1422.44
20250106,600519.SH,1453.0,1462.66,1432.8,1440.0,1475.0,-35.0,-2.37,44255.12,6392479.712,1401.22,1410.54,1381.74,1388.68
20250107,600519.SH,1444.66,1451.89,1439.0,1440.2,1440.0,0.20000000000004547,0.01,24221.18,3494634.227,1393.18,1400.15,1387.72,1388.88
20250108,600519.SH,1440.0,1451.82,1426.66,1442.5,1440.2,2.2999999999999545,0.16,35258.21,5071821.246,1388.68,1400.08,1375.82,1391.09
20250109,600519.SH,1448.99,1464.58,1432.98,1444.0,1442.5,1.5,0.1,29705.65,4295852.736,1397.35,1412.39,1381.91,1392.54
20250110,600519.SH,1447.1,1451.95,1436.0,1436.0,1444.0,-8.0,-0.55,21871.95,3154677.598,1395.53,1400.21,1384.83,1384.83
20250113,600519.SH,1425.0,1444.44,1422.01,1443.98,1436.0,7.980000000000018,0.56,21082.51,3030806.87,1374.22,1392.97,1371.33,1392.52
20250114,600519.SH,1444.95,1478.68,1442.0,1472.5,1443.98,28.519999999999982,1.98,30956.57,4535651.504,1393.46,1425.99,1390.61,1420.03
20250115,600519.SH,1467.0,1474.6,1460.01,1471.27,1472.5,-1.2300000000000182,-0.08,18399.34,2701518.712,1414.72,1422.05,1407.98,1418.84
20250116,600519.SH,1474.0,1482.66,1442.0,1446.38,1471.27,-24.889999999999873,-1.69,26342.13,3840411.437,1421.47,1429.82,1390.61,1394.84
20250117,600519.SH,1446.39,1461.0,1446.38,1454.75,1446.38,8.36999999999989,0.58,18308.94,2663227.309,1394.85,1408.94,1394.84,1402.91
20250120,600519.SH,1461.0,1489.79,1460.0,1474.8,1454.75,20.049999999999955,1.38,31409.75,4647626.351,1408.94,1436.7,1407.97,1422.24
20250121,600519.SH,1481.0,1482.0,1465.0,1468.15,1474.8,-6.649999999999864,-0.45,16856.04,2481821.229,1428.22,1429.19,1412.79,1415.83
20250122,600519.SH,1463.27,1467.95,1438.0,1441.0,1468.15,-27.15000000000009,-1.85,28293.84,4088101.682,1411.12,1415.64,1386.75,1389.65
20250123,600519.SH,1449.97,1468.0,1438.0,1443.0,1441.0,2.0,0.14,27125.04,3932700.85,1398.3,1415.69,1386.75,1391.58
20250124,600519.SH,1442.0,1447.79,1430.31,1436.0,1443.0,-7.0,-0.49,31360.34,4515322.685,1390.61,1396.2,1379.34,1384.83
20250127,600519.SH,1437.0,1443.97,1427.02,1434.99,1436.0,-1.009999999999991,-0.07,29356.46,4213534.543,1385.79,1392.51,1376.17,1383.85
20250205,600519.SH,1440.0,1443.0,1402.21,1403.8,1434.99,-31.190000000000055,-2.17,40756.52,5753730.034,1388.68,1391.58,1352.24,1353.77
20250206,600519.SH,1400.01,1421.99,1400.01,1412.84,1403.8,9.039999999999964,0.64,27355.82,3859568.163,1350.12,1371.32,1350.12,1362.49
20250207,600519.SH,1413.68,1442.68,1403.41,1436.0,1412.84,23.160000000000082,1.64,37242.07,5310850.624,1363.3,1391.27,1353.4,1384.83
20250210,600519.SH,1438.0,1440.0,1427.09,1431.51,1436.0,-4.490000000000009,-0.31,20839.79,2988101.756,1386.75,1388.68,1376.23,1380.5
20250211,600519.SH,1434.95,1435.96,1415.9,1418.0,1431.51,-13.509999999999991,-0.94,23572.83,3348668.867,1383.81,1384.79,1365.44,1367.47
20250212,600519.SH,1418.0,1445.0,1416.88,1443.0,1418.0,25.0,1.76,25475.79,3644170.477,1367.47,1393.51,1366.39,1391.58
20250213,600519.SH,1443.02,1475.25,1434.51,1465.06,1443.0,22.059999999999945,1.53,43385.36,6335985.851,1391.6,1422.68,1383.39,1412.85
20250214,600519.SH,1465.06,1477.0,1458.22,1475.0,1465.06,9.940000000000055,0.68,27099.92,3978694.098,1412.85,1424.36,1406.25,1422.44
20250217,600519.SH,1481.0,1494.98,1467.1,1471.62,1475.0,-3.380000000000109,-0.23,32470.59,4804663.813,1428.22,1441.7,1414.82,1419.18
20250218,600519.SH,1470.0,1492.99,1462.08,1475.0,1471.62,3.380000000000109,0.23,27799.92,4113845.397,1417.61,1439.79,1409.98,1422.44
20250219,600519.SH,1475.05,1494.44,1464.9,1491.0,1475.0,16.0,1.08,32393.31,4803378.441,1422.48,1441.18,1412.7,1437.87
20250220,600519.SH,1483.0,1491.97,1473.39,1474.0,1491.0,-17.0,-1.14,23749.73,3513552.984,1430.15,1438.8,1420.88,1421.47
20250221,600519.SH,1480.0,1496.73,1473.01,1488.21,1474.0,14.210000000000036,0.96,36417.83,5418169.587,1427.26,1443.39,1420.52,1435.18
20250224,600519.SH,1488.0,1499.52,1474.0,1479.07,1488.21,-9.1400000000001,-0.61,34743.73,5157907.322,1434.97,1446.08,1421.47,1426.36
20250225,600519.SH,1470.01,1473.39,1452.0,1454.0,1479.07,-25.069999999999936,-1.69,28387.43,4142814.459,1417.62,1420.88,1400.26,1402.18
20250226,600519.SH,1455.45,1464.96,1445.0,1460.01,1454.0,6.009999999999991,0.41,26366.09,3835949.041,1403.58,1412.75,1393.51,1407.98
20250227,600519.SH,1460.02,1489.9,1454.0,1485.56,1460.01,25.549999999999955,1.75,49762.17,7368002.361,1407.99,1436.81,1402.18,1432.62
20250228,600519.SH,1485.5,1528.38,1482.0,1500.79,1485.56,15.230000000000018,1.03,56128.95,8475738.166,1432.56,1473.91,1429.19,1447.31
20250303,600519.SH,1502.6,1520.99,1481.5,1487.02,1500.79,-13.769999999999982,-0.92,31595.66,4736679.903,1449.05,1466.79,1428.7,1434.03
20250304,600519.SH,1485.0,1486.0,1465.21,1470.11,1487.02,-16.910000000000082,-1.14,25211.21,3710675.863,1432.08,1433.04,1413.0,1417.72
20250305,600519.SH,1472.0,1474.0,1460.1,1466.37,1470.11,-3.740000000000009,-0.25,24605.22,3606932.152,1419.54,1421.47,1408.07,1414.11
20250306,600519.SH,1474.0,1510.2,1472.08,1505.98,1466.37,39.61000000000013,2.7,42167.64,6297117.4,1421.47,1456.38,1419.62,1452.31
20250307,600519.SH,1503.0,1528.36,1503.0,1521.0,1505.98,15.019999999999982,1.0,37991.35,5760608.729,1449.44,1473.89,1449.44,1466.8
20250310,600519.SH,1519.81,1526.88,1506.14,1522.9,1521.0,1.900000000000091,0.12,31369.07,4758789.26,1465.65,1472.47,1452.47,1468.63
20250311,600519.SH,1517.0,1548.68,1512.0,1548.68,1522.9,25.779999999999973,1.69,39775.6,6094007.854,1462.94,1493.49,1458.12,1493.49
20250312,600519.SH,1546.96,1549.68,1526.35,1542.58,1548.68,-6.100000000000136,-0.39,29603.96,4552923.644,1491.83,1494.45,1471.96,1487.61
20250313,600519.SH,1544.0,1555.5,1530.88,1537.77,1542.58,-4.809999999999945,-0.31,25724.39,3966369.271,1488.98,1500.07,1476.32,1482.97
20250314,600519.SH,1547.66,1628.01,1541.0,1628.01,1537.77,90.24000000000001,5.87,92913.15,14882842.708,1492.51,1569.99,1486.08,1569.99
20250317,600519.SH,1657.0,1657.99,1626.88,1637.86,1628.01,9.849999999999909,0.61,54689.13,8985138.902,1597.95,1598.91,1568.9,1579.49
20250318,600519.SH,1645.04,1652.0,1621.7,1624.0,1637.86,-13.8599999999999,-0.85,31613.45,5153210.436,1586.42,1593.13,1563.91,1566.13
20250319,600519.SH,1624.29,1648.0,1623.0,1635.71,1624.0,11.710000000000036,0.72,27389.55,4477128.77,1566.41,1589.27,1565.16,1577.42
20250320,600519.SH,1635.71,1637.6,1595.07,1604.0,1635.71,-31.710000000000036,-1.94,36736.77,5903879.207,1577.42,1579.24,1538.23,1546.84
20250321,600519.SH,1599.0,1612.2,1568.83,1573.75,1604.0,-30.25,-1.89,33614.3,5324973.19,1542.02,1554.75,1512.92,1517.67
20250324,600519.SH,1570.0,1589.66,1562.38,1583.0,1573.75,9.25,0.59,25565.85,4032223.482,1514.05,1533.01,1506.7,1526.59
20250325,600519.SH,1588.0,1592.8,1566.66,1575.5,1583.0,-7.5,-0.47,17674.38,2783286.813,1531.41,1536.04,1510.83,1519.35
20250326,600519.SH,1572.77,1582.58,1571.0,1576.0,1575.5,0.5,0.03,14323.56,2257639.75,1516.72,1526.18,1515.02,1519.84
20250327,600519.SH,1576.0,1598.25,1573.38,1589.0,1576.0,13.0,0.82,17955.63,2848889.21,1519.84,1541.29,1517.31,1532.37
20250328,600519.SH,1590.93,1593.0,1576.0,1585.21,1589.0,-3.7899999999999636,-0.24,16227.89,2569470.015,1534.23,1536.23,1519.84,1528.72
20250331,600519.SH,1580.98,1586.96,1560.06,1561.0,1585.21,-24.210000000000036,-1.53,21084.94,3311857.714,1524.64,1530.41,1504.46,1505.37
20250401,600519.SH,1564.0,1569.89,1552.21,1556.02,1561.0,-4.980000000000018,-0.32,18556.44,2893739.955,1508.26,1513.94,1496.89,1500.57
20250402,600519.SH,1558.0,1567.8,1545.5,1549.02,1556.02,-7.0,-0.45,21674.01,3371883.024,1502.48,1511.93,1490.42,1493.82
20250403,600519.SH,1530.0,1586.0,1529.01,1568.88,1549.02,19.860000000000127,1.28,35480.5,5557442.052,1475.48,1529.48,1474.52,1512.97
20250407,600519.SH,1520.01,1536.85,1462.0,1500.0,1568.88,-68.88000000000011,-4.39,101952.67,15314738.235,1465.84,1482.08,1409.9,1446.55
20250408,600519.SH,1513.0,1545.0,1495.0,1545.0,1500.0,45.0,3.0,73876.49,11226977.557,1459.08,1489.94,1441.72,1489.94
20250409,600519.SH,1525.02,1556.8,1520.55,1541.04,1545.0,-3.9600000000000364,-0.26,55630.04,8562928.225,1470.67,1501.32,1466.36,1486.12
20250410,600519.SH,1550.99,1555.0,1528.0,1549.0,1541.04,7.960000000000036,0.52,38620.21,5963650.791,1495.72,1499.59,1473.55,1493.8
20250411,600519.SH,1579.97,1579.97,1545.0,1568.98,1549.0,19.980000000000018,1.29,32634.23,5087359.924,1523.67,1523.67,1489.94,1513.07
20250414,600519.SH,1560.97,1566.0,1551.53,1551.99,1568.98,-16.99000000000001,-1.08,21711.44,3379425.64,1505.34,1510.19,1496.24,1496.68
20250415,600519.SH,1552.0,1565.0,1545.0,1558.0,1551.99,6.009999999999991,0.39,21489.28,3339942.729,1496.69,1509.23,1489.94,1502.48
20250416,600519.SH,1552.0,1576.0,1537.0,1559.17,1558.0,1.1700000000000728,0.08,31156.05,4834880.596,1496.69,1519.84,1482.23,1503.61
20250417,600519.SH,1554.0,1576.5,1549.99,1570.0,1559.17,10.829999999999927,0.69,23846.05,3733924.973,1498.62,1520.32,1494.75,1514.05
20250418,600519.SH,1566.0,1575.0,1556.0,1565.94,1570.0,-4.059999999999945,-0.26,20298.48,3179974.34,1510.19,1518.87,1500.55,1510.14
20250421,600519.SH,1565.5,1565.5,1551.0,1551.0,1565.94,-14.940000000000055,-0.95,18057.03,2808158.177,1509.71,1509.71,1495.73,1495.73
20250422,600519.SH,1550.0,1556.3,1543.21,1548.8,1551.0,-2.2000000000000455,-0.14,18432.14,2857525.967,1494.76,1500.84,1488.22,1493.61
20250423,600519.SH,1559.0,1559.22,1545.0,1552.0,1548.8,3.2000000000000455,0.21,18668.76,2895468.892,1503.44,1503.65,1489.94,1496.69
20250424,600519.SH,1552.0,1560.68,1548.98,1552.25,1552.0,0.25,0.02,14871.81,2313372.072,1496.69,1505.06,1493.78,1496.93
20250425,600519.SH,1557.1,1561.2,1550.0,1550.0,1552.25,-2.25,-0.14,14764.9,2295029.705,1501.61,1505.56,1494.76,1494.76
20250428,600519.SH,1552.0,1555.0,1546.6,1550.0,1550.0,0.0,0.0,14659.72,2274252.465,1496.69,1499.59,1491.48,1494.76
20250429,600519.SH,1550.0,1552.54,1532.02,1544.0,1550.0,-6.0,-0.39,18921.8,2917422.938,1494.76,1497.21,1477.42,1488.98
20250430,600519.SH,1549.99,1566.66,1546.3,1547.0,1544.0,3.0,0.19,25754.25,4005439.429,1494.75,1510.83,1491.2,1491.87
20250506,600519.SH,1559.0,1559.0,1544.33,1550.2,1547.0,3.2000000000000455,0.21,18300.26,2838614.215,1503.44,1503.44,1489.3,1494.96
20250507,600519.SH,1570.0,1570.0,1550.2,1555.0,1550.2,4.7999999999999545,0.31,27462.21,4275142.569,1514.05,1514.05,1494.96,1499.59
20250508,600519.SH,1553.0,1592.78,1549.83,1578.19,1555.0,23.190000000000055,1.49,33481.06,5265446.444,1497.66,1536.02,1494.6,1521.95
20250509,600519.SH,1578.99,1597.45,1575.05,1591.18,1578.19,12.990000000000009,0.82,23671.9,3757574.546,1522.72,1540.52,1518.92,1534.48
20250512,600519.SH,1598.0,1618.93,1596.61,1604.5,1591.18,13.319999999999936,0.84,24735.33,3967785.8,1541.05,1561.24,1539.71,1547.32
20250513,600519.SH,1608.92,1608.92,1585.11,1590.3,1604.5,-14.200000000000045,-0.89,21258.29,3386617.848,1551.58,1551.58,1528.62,1533.63
20250514,600519.SH,1590.0,1645.0,1588.18,1634.99,1590.3,44.690000000000055,2.81,39460.12,6394735.058,1533.34,1586.38,1531.58,1576.72
20250515,600519.SH,1634.8,1643.59,1624.13,1632.01,1634.99,-2.980000000000018,-0.18,24732.85,4043402.636,1576.54,1585.02,1566.25,1573.85
20250516,600519.SH,1633.99,1636.99,1614.13,1614.13,1632.01,-17.87999999999988,-1.1,22935.22,3714508.659,1575.76,1578.65,1556.61,1556.61
20250519,600519.SH,1596.0,1600.0,1573.88,1578.98,1614.13,-35.15000000000009,-2.18,38062.83,6021950.01,1539.12,1542.98,1517.79,1522.71
20250520,600519.SH,1580.0,1594.8,1575.1,1586.0,1578.98,7.019999999999982,0.44,19521.53,3095742.637,1523.69,1537.97,1518.97,1529.48
20250521,600519.SH,1585.0,1595.94,1580.97,1580.97,1586.0,-5.029999999999973,-0.32,19794.64,3143941.416,1528.52,1539.07,1524.63,1524.63
20250522,600519.SH,1580.99,1584.99,1570.1,1580.0,1580.97,-0.9700000000000273,-0.06,15090.24,2381236.586,1524.65,1528.51,1514.15,1523.69
20250523,600519.SH,1575.2,1587.9,1571.66,1572.6,1580.0,-7.400000000000091,-0.47,21537.0,3399424.961,1519.07,1531.31,1515.65,1516.56
20250526,600519.SH,1570.0,1574.63,1545.0,1550.5,1572.6,-22.09999999999991,-1.41,27086.53,4212944.43,1514.05,1518.52,1489.94,1495.25
20250527,600519.SH,1551.0,1558.6,1543.51,1543.9,1550.5,-6.599999999999909,-0.43,17752.13,2748945.675,1495.73,1503.06,1488.5,1488.88
20250528,600519.SH,1543.99,1546.46,1533.0,1537.0,1543.9,-6.900000000000091,-0.45,16265.68,2504624.605,1488.97,1491.35,1478.37,1482.23
20250529,600519.SH,1540.0,1555.0,1532.0,1540.0,1537.0,3.0,0.2,21859.58,3375465.796,1485.12,1499.59,1477.4,1485.12
20250530,600519.SH,1540.15,1545.0,1515.24,1522.0,1540.0,-18.0,-1.17,31239.18,4764875.947,1485.26,1489.94,1461.24,1467.76
20250603,600519.SH,1508.01,1519.0,1505.02,1509.0,1522.0,-13.0,-0.85,28979.18,4377892.799,1454.27,1464.87,1451.39,1455.22
20250604,600519.SH,1510.5,1523.0,1509.22,1509.96,1509.0,0.9600000000000364,0.06,23008.09,3480363.797,1456.67,1468.73,1455.44,1456.15
20250605,600519.SH,1514.0,1516.0,1502.2,1514.0,1509.96,4.039999999999964,0.27,23213.66,3504925.524,1460.05,1461.98,1448.67,1460.05
20250606,600519.SH,1513.8,1518.97,1503.0,1506.39,1514.0,-7.6099999999999,-0.5,25023.07,3777727.616,1459.85,1464.84,1449.44,1452.71
20250609,600519.SH,1505.02,1508.7,1485.68,1486.11,1506.39,-20.2800000000002,-1.35,44958.67,6723839.138,1451.39,1454.94,1432.74,1433.15
20250610,600519.SH,1486.0,1492.0,1474.8,1475.01,1486.11,-11.099999999999909,-0.75,30492.2,4511934.584,1433.04,1438.83,1422.24,1422.45
20250611,600519.SH,1476.8,1494.0,1476.1,1480.0,1475.01,4.990000000000009,0.34,30892.82,4585522.755,1424.17,1440.76,1423.5,1427.26
20250612,600519.SH,1480.0,1483.87,1454.1,1459.0,1480.0,-21.0,-1.42,49903.61,7306800.8,1427.26,1430.99,1402.28,1407.01
20250613,600519.SH,1444.41,1449.97,1425.06,1426.95,1459.0,-32.049999999999955,-2.2,59113.25,8466515.559,1392.94,1398.3,1374.28,1376.1
20250616,600519.SH,1401.2,1425.04,1401.18,1422.29,1426.95,-4.660000000000082,-0.33,42887.87,6060448.438,1351.27,1374.26,1351.25,1371.6
20250617,600519.SH,1420.0,1427.0,1412.18,1427.0,1422.29,4.710000000000036,0.33,27231.51,3868364.671,1369.4,1376.15,1361.85,1376.15
20250618,600519.SH,1440.0,1443.44,1421.01,1425.0,1427.0,-2.0,-0.14,30760.99,4404131.364,1388.68,1392.0,1370.37,1374.22
20250619,600519.SH,1426.0,1433.67,1417.18,1426.0,1425.0,1.0,0.07,24500.72,3490268.568,1375.18,1382.58,1366.68,1375.18
20250620,600519.SH,1423.58,1441.14,1420.2,1428.66,1426.0,2.660000000000082,0.19,34815.81,4990683.314,1372.85,1389.78,1369.59,1377.75
20250623,600519.SH,1420.0,1433.0,1405.18,1420.0,1428.66,-8.660000000000082,-0.61,26723.31,3794012.343,1369.4,1381.93,1355.1,1369.4
20250624,600519.SH,1423.35,1451.68,1423.35,1437.2,1420.0,17.200000000000045,1.21,36311.51,5229183.514,1372.63,1399.95,1372.63,1385.98
20250625,600519.SH,1439.11,1449.2,1420.51,1435.86,1437.2,-1.3400000000001455,-0.09,41050.07,5869292.227,1387.83,1397.56,1369.89,1384.69
20250626,600519.SH,1415.0,1428.0,1410.08,1420.0,1435.86,-15.8599999999999,-1.1,34860.25,4955829.982,1391.31,1404.09,1386.47,1396.23
20250627,600519.SH,1420.01,1423.0,1403.09,1403.09,1420.0,-16.910000000000082,-1.19,38249.73,5404312.675,1396.24,1399.18,1379.6,1379.6
20250630,600519.SH,1403.5,1413.23,1402.0,1409.52,1403.09,6.430000000000064,0.46,30457.3,4287373.691,1380.0,1389.57,1378.53,1385.92
20250701,600519.SH,1409.0,1411.94,1403.31,1405.1,1409.52,-4.420000000000073,-0.31,19878.19,2794423.203,1385.41,1388.3,1379.82,1381.58
20250702,600519.SH,1409.5,1414.8,1400.0,1409.6,1405.1,4.5,0.32,26218.25,3689246.316,1385.9,1391.12,1376.56,1386.0
20250703,600519.SH,1412.0,1422.69,1408.0,1415.6,1409.6,6.0,0.43,24412.67,3456733.002,1388.36,1398.87,1384.43,1391.9
20250704,600519.SH,1415.7,1431.89,1410.01,1422.22,1415.6,6.620000000000118,0.47,28766.91,4086547.268,1392.0,1407.92,1386.41,1398.41
20250707,600519.SH,1422.28,1423.5,1410.01,1410.7,1422.22,-11.519999999999982,-0.81,23854.67,3370562.659,1398.47,1399.67,1386.41,1387.08
20250708,600519.SH,1410.71,1420.0,1410.7,1416.11,1410.7,5.4099999999998545,0.38,18673.7,2643302.691,1387.09,1396.23,1387.08,1392.4
20250709,600519.SH,1415.0,1429.97,1414.17,1418.88,1416.11,2.770000000000209,0.2,27745.32,3950810.723,1391.31,1406.03,1390.5,1395.13
20250710,600519.SH,1418.97,1436.18,1410.4,1426.5,1418.88,7.619999999999891,0.54,38725.03,5503329.754,1395.22,1412.14,1386.79,1402.62
20250711,600519.SH,1423.16,1458.0,1423.16,1427.0,1426.5,0.5,0.04,57243.35,8239010.39,1399.34,1433.59,1399.34,1403.11
20250714,600519.SH,1430.0,1434.98,1421.6,1423.6,1427.0,-3.400000000000091,-0.24,27780.94,3961736.006,1406.06,1410.96,1397.8,1399.77
20250715,600519.SH,1420.98,1422.93,1408.32,1411.0,1423.6,-12.599999999999909,-0.89,35405.78,5005150.165,1397.19,1399.11,1384.74,1387.38
20250716,600519.SH,1410.01,1417.49,1409.95,1411.03,1411.0,0.029999999999972715,0.0,21286.05,3006882.579,1386.41,1393.76,1386.35,1387.41
20250717,600519.SH,1413.98,1423.01,1412.88,1416.35,1411.03,5.319999999999936,0.38,23105.54,3273100.406,1390.31,1399.19,1389.23,1392.64
20250718,600519.SH,1420.0,1437.81,1416.38,1437.0,1416.35,20.65000000000009,1.46,41823.41,5984949.774,1396.23,1413.74,1392.67,1412.94
20250721,600519.SH,1436.99,1446.8,1435.0,1443.0,1437.0,6.0,0.42,26203.31,3779891.829,1412.93,1422.58,1410.98,1418.84
20250722,600519.SH,1444.0,1466.6,1440.68,1464.98,1443.0,21.980000000000018,1.52,42118.98,6127636.851,1419.83,1442.05,1416.56,1440.45
20250723,600519.SH,1469.0,1495.0,1468.95,1475.5,1464.98,10.519999999999982,0.72,45044.84,6676301.462,1444.41,1469.97,1444.36,1450.8
20250724,600519.SH,1476.0,1499.0,1475.0,1491.5,1475.5,16.0,1.08,38803.64,5786337.377,1451.29,1473.91,1450.31,1466.53
20250725,600519.SH,1491.4,1491.4,1453.0,1455.0,1491.5,-36.5,-2.45,41911.26,6140078.741,1466.43,1466.43,1428.68,1430.64
20250728,600519.SH,1453.0,1454.99,1436.3,1438.66,1455.0,-16.339999999999918,-1.12,38586.32,5560966.386,1428.68,1430.63,1412.26,1414.58
20250729,600519.SH,1439.6,1448.79,1435.01,1439.0,1438.66,0.33999999999991815,0.02,26304.08,3785848.102,1415.5,1424.54,1410.99,1414.91
20250730,600519.SH,1444.0,1457.16,1437.0,1449.44,1439.0,10.440000000000055,0.73,31867.71,4612883.04,1419.83,1432.77,1412.94,1425.18
20250731,600519.SH,1443.0,1444.87,1418.0,1421.67,1449.44,-27.769999999999982,-1.92,51797.51,7386302.758,1418.84,1420.68,1394.26,1397.87
20250801,600519.SH,1421.87,1425.96,1414.0,1417.0,1421.67,-4.670000000000073,-0.33,29635.59,4200850.79,1398.07,1402.09,1390.33,1393.28
20250804,600519.SH,1415.0,1419.8,1414.0,1419.0,1417.0,2.0,0.14,18687.95,2647105.74,1391.31,1396.03,1390.33,1395.24
20250805,600519.SH,1421.0,1429.94,1417.11,1427.74,1419.0,8.740000000000009,0.62,25342.27,3607931.488,1397.21,1406.0,1393.39,1403.84
20250806,600519.SH,1429.0,1429.0,1419.3,1423.88,1427.74,-3.8599999999999,-0.27,23699.28,3372334.94,1405.08,1405.08,1395.54,1400.04
20250807,600519.SH,1423.88,1427.7,1420.06,1422.35,1423.88,-1.5300000000002,-0.11,28001.34,3988765.795,1400.04,1403.8,1396.29,1398.54
20250808,600519.SH,1423.05,1426.5,1418.0,1420.97,1422.35,-1.3799999999998818,-0.1,18655.28,2651478.118,1399.23,1402.62,1394.26,1397.18
20250811,600519.SH,1423.5,1451.99,1423.0,1445.0,1420.97,24.029999999999973,1.69,47159.07,6794034.09,1399.67,1427.68,1399.18,1420.81
20250812,600519.SH,1449.0,1465.07,1436.0,1437.04,1445.0,-7.960000000000036,-0.55,42019.23,6095342.036,1424.74,1440.54,1411.96,1412.98
20250813,600519.SH,1425.0,1433.68,1420.0,1420.05,1437.04,-16.99000000000001,-1.18,65527.54,9325460.101,1401.14,1409.68,1396.23,1396.28
20250814,600519.SH,1420.94,1447.51,1420.94,1426.99,1420.05,6.940000000000055,0.49,48129.3,6897535.33,1397.15,1423.28,1397.15,1403.1
20250815,600519.SH,1426.01,1428.66,1420.22,1422.08,1426.99,-4.910000000000082,-0.34,47581.65,6772436.997,1402.14,1404.74,1396.44,1398.27
20250818,600519.SH,1426.99,1436.64,1423.1,1428.5,1422.08,6.420000000000073,0.45,47377.98,6773477.871,1403.1,1412.59,1399.28,1404.59
20250819,600519.SH,1433.5,1446.66,1432.0,1438.0,1428.5,9.5,0.67,46371.86,6678541.001,1409.5,1422.44,1408.03,1413.93
20250820,600519.SH,1438.0,1452.8,1430.02,1450.0,1438.0,12.0,0.83,45804.66,6623095.725,1413.93,1428.48,1406.08,1425.73
20250821,600519.SH,1453.45,1454.99,1443.65,1448.25,1450.0,-1.75,-0.12,30890.57,4470441.662,1429.12,1430.63,1419.48,1424.01
20250822,600519.SH,1448.88,1464.0,1444.77,1463.95,1448.25,15.700000000000045,1.08,44970.58,6544867.368,1424.62,1439.49,1420.58,1439.44
20250825,600519.SH,1470.01,1496.0,1466.0,1490.33,1463.95,26.37999999999988,1.8,65324.55,9676719.498,1445.4,1470.96,1441.46,1465.38
20250826,600519.SH,1490.32,1494.23,1480.01,1481.61,1490.33,-8.720000000000027,-0.59,39602.13,5883917.0,1465.37,1469.22,1455.23,1456.81
20250827,600519.SH,1481.88,1484.93,1448.0,1448.0,1481.61,-33.6099999999999,-2.27,56006.09,8184169.113,1457.07,1460.07,1423.76,1423.76
20250828,600519.SH,1447.97,1456.1,1438.77,1446.1,1448.0,-1.900000000000091,-0.13,39281.77,5683673.273,1423.73,1431.72,1414.68,1421.89
20250829,600519.SH,1453.0,1482.58,1452.0,1480.0,1446.1,33.90000000000009,2.34,62256.48,9159701.454,1428.68,1457.76,1427.69,1455.22
20250901,600519.SH,1482.2,1488.0,1465.7,1476.1,1480.0,-3.900000000000091,-0.26,45123.38,6658918.555,1457.39,1463.09,1441.16,1451.39
20250902,600519.SH,1478.66,1509.0,1478.0,1491.3,1476.1,15.200000000000045,1.03,56688.37,8470012.816,1453.91,1483.74,1453.26,1466.33
20250903,600519.SH,1491.0,1503.5,1466.0,1480.55,1491.3,-10.75,-0.72,45045.03,6656011.145,1466.04,1478.33,1441.46,1455.76
20250904,600519.SH,1472.0,1479.3,1460.47,1472.66,1480.55,-7.889999999999873,-0.53,47746.76,7017084.75,1447.36,1454.54,1436.02,1448.01
20250905,600519.SH,1471.0,1486.97,1464.0,1483.0,1472.66,10.339999999999918,0.7,37388.48,5519312.163,1446.37,1462.08,1439.49,1458.17
20250908,600519.SH,1483.0,1506.44,1477.5,1501.23,1483.0,18.230000000000018,1.23,51382.98,7682065.696,1458.17,1481.22,1452.77,1476.1
20250909,600519.SH,1505.0,1509.95,1493.42,1505.0,1501.23,3.769999999999982,0.25,35742.77,5366650.005,1479.81,1484.67,1468.42,1479.81
20250910,600519.SH,1506.66,1529.95,1496.0,1522.01,1505.0,17.00999999999999,1.13,49663.31,7541460.049,1481.44,1504.34,1470.96,1496.53
20250911,600519.SH,1522.01,1526.02,1508.5,1523.5,1522.01,1.490000000000009,0.1,37238.96,5642778.456,1496.53,1500.47,1483.25,1498.0
20250912,600519.SH,1526.0,1538.02,1510.53,1516.0,1523.5,-7.5,-0.49,33722.09,5132184.935,1500.45,1512.27,1485.24,1490.62
20250915,600519.SH,1515.87,1517.48,1501.5,1515.1,1516.0,-0.900000000000091,-0.06,25827.03,3901929.718,1490.49,1492.08,1476.36,1489.74
20250916,600519.SH,1515.1,1520.99,1496.21,1499.98,1515.1,-15.11999999999989,-1.0,32717.89,4928374.478,1489.74,1495.53,1471.16,1474.87
20250917,600519.SH,1499.99,1510.28,1490.01,1493.0,1499.98,-6.980000000000018,-0.47,30330.54,4534770.634,1474.88,1485.0,1465.07,1468.01
20250918,600519.SH,1492.0,1497.8,1463.5,1467.96,1493.0,-25.039999999999964,-1.68,49721.25,7347477.479,1467.02,1472.73,1439.0,1443.39
20250919,600519.SH,1467.99,1475.5,1457.01,1467.97,1467.96,0.009999999999990905,0.0,32636.62,4784528.851,1443.41,1450.8,1432.62,1443.39
20250922,600519.SH,1465.09,1467.97,1450.01,1453.35,1467.97,-14.620000000000118,-1.0,34947.08,5085057.536,1440.56,1443.39,1425.74,1429.02
20250923,600519.SH,1450.5,1457.5,1440.0,1447.42,1453.35,-5.929999999999836,-0.41,38663.0,5588384.388,1426.22,1433.1,1415.89,1423.19
20250924,600519.SH,1434.07,1456.78,1434.07,1442.0,1447.42,-5.420000000000073,-0.37,30743.5,4443052.872,1410.06,1432.39,1410.06,1417.86
20250925,600519.SH,1442.83,1445.21,1436.0,1439.0,1442.0,-3.0,-0.21,33869.73,4873274.661,1418.68,1421.02,1411.96,1414.91
20250926,600519.SH,1441.18,1447.11,1428.01,1435.0,1439.0,-4.0,-0.28,45120.71,6480889.597,1417.05,1422.88,1404.1,1410.98
20250929,600519.SH,1439.38,1469.99,1435.0,1460.86,1435.0,25.8599999999999,1.8,53684.03,7798434.586,1415.28,1445.38,1410.98,1436.4
20250930,600519.SH,1460.0,1460.76,1440.0,1443.99,1460.86,-16.86999999999989,-1.15,39363.62,5687474.876,1435.56,1436.31,1415.89,1419.82
20251009,600519.SH,1436.0,1439.38,1420.0,1436.78,1443.99,-7.210000000000036,-0.5,54918.12,7845448.947,1411.96,1415.28,1396.23,1412.73
20251010,600519.SH,1437.6,1439.94,1427.5,1430.0,1436.78,-6.779999999999973,-0.47,36001.44,5157459.262,1413.53,1415.83,1403.6,1406.06
20251013,600519.SH,1415.7,1422.85,1415.12,1419.2,1430.0,-10.799999999999955,-0.76,46068.8,6533147.458,1392.0,1399.03,1391.43,1395.44
20251014,600519.SH,1429.99,1464.0,1429.99,1451.02,1419.2,31.819999999999936,2.24,66672.33,9639484.605,1406.05,1439.49,1406.05,1426.73
20251015,600519.SH,1450.98,1463.0,1445.08,1462.0,1451.02,10.980000000000018,0.76,42785.4,6233407.482,1426.69,1438.51,1420.89,1437.52
20251016,600519.SH,1461.92,1484.95,1458.88,1484.91,1462.0,22.910000000000082,1.57,45730.15,6749162.949,1437.45,1460.09,1434.46,1460.05
20251017,600519.SH,1483.1,1488.0,1454.03,1455.0,1484.91,-29.910000000000082,-2.01,38085.89,5594724.9,1458.27,1463.09,1429.69,1430.64
20251020,600519.SH,1455.0,1469.5,1454.88,1457.93,1455.0,2.9300000000000637,0.2,25949.88,3793283.759,1430.64,1444.9,1430.52,1433.52
20251021,600519.SH,1459.0,1469.94,1455.5,1462.26,1457.93,4.329999999999927,0.3,25442.67,3727984.13,1434.58,1445.33,1431.13,1437.78
20251022,600519.SH,1462.08,1465.73,1456.0,1458.7,1462.26,-3.5599999999999454,-0.24,18194.92,2657486.636,1437.6,1441.19,1431.63,1434.28
20251023,600519.SH,1455.0,1468.8,1447.2,1467.98,1458.7,9.279999999999973,0.64,29322.35,4274652.09,1430.64,1444.21,1422.97,1443.4
20251024,600519.SH,1467.95,1478.88,1449.34,1450.0,1467.98,-17.980000000000018,-1.22,38225.83,5578603.148,1443.38,1454.12,1425.08,1425.73
20251027,600519.SH,1440.0,1452.49,1435.99,1440.41,1450.0,-9.589999999999918,-0.66,37102.39,5352667.152,1415.89,1428.17,1411.95,1416.3
20251028,600519.SH,1442.0,1451.2,1441.1,1445.0,1440.41,4.589999999999918,0.32,27124.33,3923817.14,1417.86,1426.91,1416.97,1420.81
20251029,600519.SH,1440.02,1446.55,1430.04,1431.9,1445.0,-13.099999999999909,-0.91,33937.11,4868780.319,1415.91,1422.33,1406.1,1407.93
20251030,600519.SH,1421.81,1436.63,1421.81,1426.74,1431.9,-5.160000000000082,-0.36,47456.1,6768821.311,1398.01,1412.58,1398.01,1402.86
20251031,600519.SH,1422.0,1435.98,1420.11,1430.01,1426.74,3.269999999999982,0.23,35693.77,5109623.861,1398.19,1411.94,1396.34,1406.07
20251103,600519.SH,1431.0,1448.0,1420.1,1435.0,1430.01,4.990000000000009,0.35,34547.66,4945310.83,1407.04,1423.76,1396.33,1410.98
20251104,600519.SH,1435.1,1435.78,1423.78,1429.0,1435.0,-6.0,-0.42,26565.72,3793892.903,1411.08,1411.74,1399.94,1405.08
20251105,600519.SH,1425.89,1430.99,1420.01,1420.08,1429.0,-8.920000000000073,-0.62,34475.27,4908475.373,1402.02,1407.03,1396.24,1396.31
20251106,600519.SH,1430.0,1441.45,1429.99,1435.13,1420.08,15.050000000000182,1.06,38347.82,5505960.415,1406.06,1417.32,1406.05,1411.1
20251107,600519.SH,1435.11,1439.78,1431.11,1433.33,1435.13,-1.800000000000182,-0.13,18861.39,2704995.856,1411.09,1415.68,1407.15,1409.33
20251110,600519.SH,1435.0,1463.69,1434.98,1462.3,1433.33,28.970000000000027,2.02,49451.54,7181246.441,1410.98,1439.19,1410.96,1437.82
20251111,600519.SH,1462.0,1462.18,1447.0,1458.99,1462.3,-3.3099999999999454,-0.23,26691.56,3882776.772,1437.52,1437.7,1422.78,1434.57
20251112,600519.SH,1459.98,1478.36,1459.21,1465.15,1458.99,6.160000000000082,0.42,32992.1,4849073.051,1435.54,1453.61,1434.78,1440.62
20251113,600519.SH,1462.12,1473.58,1458.0,1470.38,1465.15,5.230000000000018,0.36,31179.23,4569178.269,1437.64,1448.91,1433.59,1445.76
20251114,600519.SH,1470.0,1478.95,1456.3,1456.6,1470.38,-13.7800000000002,-0.94,27473.06,4031007.106,1445.39,1454.19,1431.92,1432.22
20251117,600519.SH,1454.0,1473.0,1445.79,1471.0,1456.6,14.400000000000091,0.99,34462.21,5035780.027,1429.66,1448.34,1421.59,1446.37
20251118,600519.SH,1470.7,1486.07,1469.0,1476.0,1471.0,5.0,0.34,34204.78,5055675.474,1446.08,1461.19,1444.41,1451.29
20251119,600519.SH,1474.0,1479.53,1469.96,1471.01,1476.0,-4.990000000000009,-0.34,22045.37,3249449.214,1449.32,1454.76,1445.35,1446.38
20251120,600519.SH,1472.0,1479.9,1465.03,1467.11,1471.01,-3.900000000000091,-0.27,24002.32,3531653.943,1447.36,1455.13,1440.5,1442.55
20251121,600519.SH,1470.5,1480.0,1456.0,1466.6,1467.11,-0.5099999999999909,-0.03,42607.2,6259873.433,1445.88,1455.22,1431.63,1442.05
20251124,600519.SH,1467.0,1471.0,1451.13,1452.0,1466.6,-14.599999999999909,-1.0,33607.44,4901903.705,1442.44,1446.37,1426.84,1427.69
20251125,600519.SH,1458.0,1458.0,1444.5,1444.65,1452.0,-7.349999999999909,-0.51,28440.69,4119930.011,1433.59,1433.59,1420.32,1420.47
20251126,600519.SH,1448.88,1453.49,1443.58,1449.15,1444.65,4.5,0.31,20306.16,2938818.095,1424.62,1429.16,1419.41,1424.89
20251127,600519.SH,1449.5,1450.0,1439.04,1447.3,1449.15,-1.8500000000001364,-0.13,22286.89,3216797.187,1425.23,1425.73,1414.95,1423.07
20251128,600519.SH,1446.5,1455.5,1443.0,1450.5,1447.3,3.2000000000000455,0.22,23211.21,3366696.622,1422.28,1431.13,1418.84,1426.22
20251201,600519.SH,1451.0,1462.27,1442.0,1448.0,1450.5,-2.5,-0.17,27333.42,3961994.999,1426.71,1437.79,1417.86,1423.76
20251202,600519.SH,1448.0,1451.92,1435.02,1436.03,1448.0,-11.970000000000027,-0.83,25047.26,3607543.825,1423.76,1427.61,1411.0,1411.99
20251203,600519.SH,1435.81,1435.97,1428.0,1429.1,1436.03,-6.930000000000064,-0.48,23572.79,3370080.066,1411.77,1411.93,1404.09,1405.18
20251204,600519.SH,1429.1,1432.5,1418.38,1423.98,1429.1,-5.119999999999891,-0.36,29075.39,4134921.902,1405.18,1408.52,1394.64,1400.14
20251205,600519.SH,1423.98,1433.09,1419.5,1430.01,1423.98,6.029999999999973,0.42,25401.66,3622681.597,1400.14,1409.1,1395.74,1406.07
20251208,600519.SH,1429.2,1436.67,1418.0,1418.22,1430.01,-11.789999999999964,-0.82,33602.8,4789155.77,1405.27,1412.62,1394.26,1394.48
20251209,600519.SH,1418.23,1421.0,1400.05,1401.01,1418.22,-17.210000000000036,-1.21,42634.43,5995722.121,1394.49,1397.21,1376.61,1377.56
20251210,600519.SH,1400.0,1402.8,1383.18,1402.8,1401.01,1.7899999999999636,0.13,33133.47,4625906.139,1376.56,1379.32,1360.02,1379.32
20251211,600519.SH,1406.66,1411.99,1401.55,1411.99,1402.8,9.190000000000055,0.66,22385.01,3149974.074,1383.11,1388.35,1378.09,1388.35
20251212,600519.SH,1418.0,1425.0,1413.57,1420.65,1411.99,8.660000000000082,0.61,37159.19,5273563.274,1394.26,1401.14,1389.91,1396.87
20251215,600519.SH,1439.59,1439.99,1425.57,1426.0,1420.65,5.349999999999909,0.38,33358.79,4774362.06,1415.49,1415.88,1401.7,1402.13
20251216,600519.SH,1426.2,1428.78,1415.0,1422.0,1426.0,-4.0,-0.28,23963.67,3403139.194,1402.32,1404.86,1391.31,1398.19
20251217,600519.SH,1425.0,1439.94,1417.68,1433.1,1422.0,11.099999999999909,0.78,31382.49,4489482.138,1401.14,1415.83,1393.95,1409.11
20251218,600519.SH,1433.5,1438.88,1426.11,1431.0,1433.1,-2.099999999999909,-0.15,17829.95,2551177.659,1409.5,1414.79,1402.24,1407.04
20251219,600519.SH,1410.0,1412.45,1401.01,1410.0,1431.0,-21.0,-1.47,26508.68,3733028.357,1410.0,1412.45,1401.01,1410.0
20251222,600519.SH,1410.0,1414.14,1406.58,1408.26,1410.0,-1.740000000000009,-0.12,20425.65,2881636.856,1410.0,1414.14,1406.58,1408.26
20251223,600519.SH,1408.26,1412.93,1397.19,1407.86,1408.26,-0.40000000000009095,-0.03,24506.81,3445377.032,1408.26,1412.93,1397.19,1407.86
20251224,600519.SH,1404.99,1406.36,1400.0,1400.9,1407.86,-6.959999999999809,-0.49,25186.69,3533253.565,1404.99,1406.36,1400.0,1400.9
20251225,600519.SH,1405.0,1419.48,1401.38,1414.17,1400.9,13.269999999999982,0.95,23386.21,3299572.096,1405.0,1419.48,1401.38,1414.17
20251226,600519.SH,1414.17,1419.14,1410.0,1414.13,1414.17,-0.03999999999996362,-0.0,17802.99,2520605.635,1414.17,1419.14,1410.0,1414.13
20251229,600519.SH,1414.13,1414.13,1401.0,1402.0,1414.13,-12.13000000000011,-0.86,26308.1,3694660.107,1414.13,1414.13,1401.0,1402.0
20251230,600519.SH,1401.0,1401.9,1386.0,1389.72,1402.0,-12.279999999999973,-0.88,33791.94,4702489.813,1401.0,1401.9,1386.0,1389.72
20251231,600519.SH,1390.0,1394.0,1377.17,1377.18,1389.72,-12.539999999999964,-0.9,34765.63,4799456.452,1390.0,1394.0,1377.17,1377.18
20260105,600519.SH,1385.0,1431.88,1385.0,1426.0,1377.18,48.819999999999936,3.54,70949.42,10018086.372,1385.0,1431.88,1385.0,1426.0
20260106,600519.SH,1432.55,1436.97,1416.53,1428.01,1426.0,2.009999999999991,0.14,39586.18,5649710.153,1432.55,1436.97,1416.53,1428.01
20260107,600519.SH,1432.88,1435.0,1420.2,1423.36,1428.01,-4.650000000000091,-0.33,29683.8,4234255.286,1432.88,1435.0,1420.2,1423.36
20260108,600519.SH,1423.33,1423.36,1408.14,1412.3,1423.36,-11.059999999999945,-0.78,29134.54,4117925.041,1423.33,1423.36,1408.14,1412.3
20260109,600519.SH,1417.0,1428.6,1416.01,1419.1,1412.3,6.7999999999999545,0.48,29847.74,4243865.418,1417.0,1428.6,1416.01,1419.1
20260112,600519.SH,1419.1,1431.0,1417.1,1423.23,1419.1,4.130000000000109,0.29,36082.66,5135636.033,1419.1,1431.0,1417.1,1423.23
20260113,600519.SH,1426.79,1429.52,1408.99,1411.0,1423.23,-12.230000000000018,-0.86,39168.66,5555633.779,1426.79,1429.52,1408.99,1411.0
20260114,600519.SH,1411.0,1422.25,1396.18,1398.01,1411.0,-12.990000000000009,-0.92,51757.97,7285041.159,1411.0,1422.25,1396.18,1398.01
20260115,600519.SH,1396.02,1402.83,1388.58,1388.89,1398.01,-9.11999999999989,-0.65,40907.14,5698739.671,1396.02,1402.83,1388.58,1388.89
20260116,600519.SH,1395.0,1397.5,1380.0,1382.0,1388.89,-6.8900000000001,-0.5,55120.68,7643061.998,1395.0,1397.5,1380.0,1382.0
20260119,600519.SH,1381.9,1387.49,1375.0,1376.0,1382.0,-6.0,-0.43,42286.4,5833745.442,1381.9,1387.49,1375.0,1376.0
20260120,600519.SH,1379.5,1381.58,1372.05,1373.55,1376.0,-2.4500000000000455,-0.18,36484.43,5021900.765,1379.5,1381.58,1372.05,1373.55
20260121,600519.SH,1373.56,1374.4,1350.0,1351.06,1373.55,-22.49000000000001,-1.64,64516.25,8775880.803,1373.56,1374.4,1350.0,1351.06
20260122,600519.SH,1352.01,1361.76,1337.48,1340.06,1351.06,-11.0,-0.81,59010.89,7962441.434,1352.01,1361.76,1337.48,1340.06
20260123,600519.SH,1340.1,1348.0,1332.47,1337.0,1340.06,-3.0599999999999454,-0.23,61948.9,8301311.489,1340.1,1348.0,1332.47,1337.0
20260126,600519.SH,1340.51,1355.0,1325.12,1342.0,1337.0,5.0,0.37,80166.06,10751225.525,1340.51,1355.0,1325.12,1342.0
20260127,600519.SH,1344.98,1353.7,1338.0,1343.01,1342.0,1.009999999999991,0.08,48415.96,6514513.216,1344.98,1353.7,1338.0,1343.01
20260128,600519.SH,1343.04,1346.71,1322.01,1323.69,1343.01,-19.319999999999936,-1.44,76218.01,10135019.524,1343.04,1346.71,1322.01,1323.69
20260129,600519.SH,1335.0,1445.0,1329.06,1437.72,1323.69,114.02999999999997,8.61,189534.4,26305591.086,1335.0,1445.0,1329.06,1437.72
20260130,600519.SH,1435.0,1435.0,1401.0,1401.0,1437.72,-36.72000000000003,-2.55,94479.74,13366329.414,1435.0,1435.0,1401.0,1401.0
20260202,600519.SH,1425.0,1458.58,1411.62,1427.0,1401.0,26.0,1.86,85724.27,12312646.443,1425.0,1458.58,1411.62,1427.0
20260203,600519.SH,1445.0,1476.81,1443.03,1474.92,1427.0,47.92000000000007,3.36,86320.66,12628439.703,1445.0,1476.81,1443.03,1474.92
20260204,600519.SH,1485.0,1533.27,1474.0,1525.0,1474.92,50.07999999999993,3.4,109122.93,16444345.98,1485.0,1533.27,1474.0,1525.0
20260205,600519.SH,1520.0,1565.0,1515.0,1555.0,1525.0,30.0,1.97,91622.74,14183456.476,1520.0,1565.0,1515.0,1555.0
20260206,600519.SH,1555.0,1568.0,1505.88,1515.01,1555.0,-39.99000000000001,-2.57,78965.38,12019878.669,1555.0,1568.0,1505.88,1515.01
20260209,600519.SH,1518.0,1542.88,1513.49,1524.96,1515.01,9.950000000000045,0.66,51168.46,7809067.705,1518.0,1542.88,1513.49,1524.96
20260210,600519.SH,1524.97,1524.97,1496.5,1504.8,1524.96,-20.160000000000082,-1.32,39575.96,5953269.321,1524.97,1524.97,1496.5,1504.8
20260211,600519.SH,1504.8,1514.0,1496.0,1504.33,1504.8,-0.4700000000000273,-0.03,30928.46,4648360.03,1504.8,1514.0,1496.0,1504.33
20260212,600519.SH,1500.2,1502.82,1473.36,1486.6,1504.33,-17.730000000000018,-1.18,46245.82,6874370.113,1500.2,1502.82,1473.36,1486.6
20260213,600519.SH,1486.6,1507.8,1470.58,1485.3,1486.6,-1.2999999999999545,-0.09,41679.01,6216379.203,1486.6,1507.8,1470.58,1485.3
20260224,600519.SH,1521.0,1524.4,1463.6,1466.8,1485.3,-18.5,-1.25,41912.53,6198840.572,1521.0,1524.4,1463.6,1466.8
20260225,600519.SH,1470.0,1509.66,1467.88,1491.66,1466.8,24.860000000000127,1.69,36880.67,5490316.149,1470.0,1509.66,1467.88,1491.66
20260226,600519.SH,1486.6,1489.49,1464.67,1466.21,1491.66,-25.450000000000045,-1.71,32958.01,4855471.43,1486.6,1489.49,1464.67,1466.21
20260227,600519.SH,1466.99,1476.21,1455.02,1455.02,1466.21,-11.190000000000055,-0.76,32160.16,4697692.477,1466.99,1476.21,1455.02,1455.02
20260302,600519.SH,1450.0,1457.0,1436.66,1440.11,1455.02,-14.910000000000082,-1.02,35453.86,5115063.511,1450.0,1457.0,1436.66,1440.11
20260303,600519.SH,1440.1,1452.87,1422.13,1426.19,1440.11,-13.919999999999845,-0.97,45890.86,6565381.648,1440.1,1452.87,1422.13,1426.19
20260304,600519.SH,1415.0,1423.0,1392.09,1401.18,1426.19,-25.00999999999999,-1.75,48014.43,6743267.103,1415.0,1423.0,1392.09,1401.18
20260305,600519.SH,1406.0,1412.96,1395.0,1399.04,1401.18,-2.1400000000001,-0.15,30505.24,4276226.062,1406.0,1412.96,1395.0,1399.04
20260306,600519.SH,1395.0,1407.5,1388.0,1402.0,1399.04,2.9600000000000364,0.21,29154.15,4072328.833,1395.0,1407.5,1388.0,1402.0
20260309,600519.SH,1390.0,1404.9,1383.2,1397.0,1402.0,-5.0,-0.36,37441.62,5220095.639,1390.0,1404.9,1383.2,1397.0
20260310,600519.SH,1404.9,1409.49,1398.0,1401.88,1397.0,4.880000000000109,0.35,24625.92,3457808.916,1404.9,1409.49,1398.0,1401.88
20260311,600519.SH,1402.99,1405.99,1398.02,1400.0,1401.88,-1.8800000000001091,-0.13,24456.73,3425363.892,1402.99,1405.99,1398.02,1400.0
20260312,600519.SH,1395.0,1403.95,1391.01,1392.0,1400.0,-8.0,-0.57,27586.46,3850521.717,1395.0,1403.95,1391.01,1392.0
20260313,600519.SH,1392.48,1417.62,1392.0,1413.64,1392.0,21.6400000000001,1.55,33607.83,4738808.558,1392.48,1417.62,1392.0,1413.64
20260316,600519.SH,1420.0,1466.0,1420.0,1460.18,1413.64,46.539999999999964,3.29,60086.35,8711525.836,1420.0,1466.0,1420.0,1460.18
20260317,600519.SH,1468.0,1498.07,1461.19,1485.0,1460.18,24.819999999999936,1.7,49453.61,7347310.632,1468.0,1498.07,1461.19,1485.0
20260318,600519.SH,1489.0,1496.5,1463.15,1468.8,1485.0,-16.200000000000045,-1.09,35551.0,5239992.522,1489.0,1496.5,1463.15,1468.8
20260319,600519.SH,1472.96,1473.0,1446.0,1452.87,1468.8,-15.930000000000064,-1.08,30318.59,4404953.481,1472.96,1473.0,1446.0,1452.87
20260320,600519.SH,1452.96,1462.5,1439.0,1445.0,1452.87,-7.869999999999891,-0.54,26132.34,3782818.26,1452.96,1462.5,1439.0,1445.0
20260323,600519.SH,1433.33,1435.0,1400.03,1408.07,1445.0,-36.930000000000064,-2.56,47255.89,6669708.665,1433.33,1435.0,1400.03,1408.07
20260324,600519.SH,1416.0,1417.59,1400.18,1407.33,1408.07,-0.7400000000000091,-0.05,28561.79,4017694.387,1416.0,1417.59,1400.18,1407.33
20260325,600519.SH,1410.11,1417.87,1401.01,1410.27,1407.33,2.9400000000000546,0.21,26093.46,3677905.549,1410.11,1417.87,1401.01,1410.27
20260326,600519.SH,1409.0,1413.9,1400.3,1401.18,1410.27,-9.089999999999918,-0.64,23092.89,3243387.502,1409.0,1413.9,1400.3,1401.18
20260327,600519.SH,1400.0,1426.0,1396.66,1416.02,1401.18,14.839999999999918,1.06,30087.11,4257499.781,1400.0,1426.0,1396.66,1416.02
20260330,600519.SH,1407.0,1431.0,1402.52,1420.0,1416.02,3.980000000000018,0.28,28684.59,4060684.934,1407.0,1431.0,1402.52,1420.0
20260331,600519.SH,1468.0,1479.93,1448.41,1450.0,1420.0,30.0,2.11,61690.66,9015486.797,1468.0,1479.93,1448.41,1450.0
20260401,600519.SH,1464.49,1469.99,1452.88,1459.44,1450.0,9.440000000000055,0.65,29125.14,4256185.472,1464.49,1469.99,1452.88,1459.44
20260402,600519.SH,1459.44,1464.88,1452.1,1459.88,1459.44,0.44000000000005457,0.03,21064.37,3071809.846,1459.44,1464.88,1452.1,1459.88
20260403,600519.SH,1459.54,1469.96,1455.0,1460.0,1459.88,0.11999999999989086,0.01,20193.73,2953993.081,1459.54,1469.96,1455.0,1460.0
20260407,600519.SH,1460.05,1470.0,1435.05,1440.02,1460.0,-19.980000000000018,-1.37,24152.18,3507471.653,1460.05,1470.0,1435.05,1440.02
20260408,600519.SH,1460.0,1469.08,1452.13,1465.02,1440.02,25.0,1.74,33836.1,4947937.007,1460.0,1469.08,1452.13,1465.02
20260409,600519.SH,1465.02,1465.02,1447.5,1460.49,1465.02,-4.529999999999973,-0.31,20704.76,3012278.579,1465.02,1465.02,1447.5,1460.49
20260410,600519.SH,1459.14,1459.71,1441.1,1453.96,1460.49,-6.529999999999973,-0.45,28865.56,4187181.529,1459.14,1459.71,1441.1,1453.96
20260413,600519.SH,1444.0,1446.5,1433.0,1443.31,1453.96,-10.650000000000091,-0.73,25213.64,3629675.49,1444.0,1446.5,1433.0,1443.31
20260414,600519.SH,1442.6,1448.6,1435.0,1446.9,1443.31,3.5900000000001455,0.25,24232.61,3492544.23,1442.6,1448.6,1435.0,1446.9
20260415,600519.SH,1444.98,1470.79,1442.0,1467.5,1446.9,20.59999999999991,1.42,34553.48,5049317.187,1444.98,1470.79,1442.0,1467.5
20260416,600519.SH,1467.45,1477.41,1460.0,1462.84,1467.5,-4.660000000000082,-0.32,24512.84,3597294.838,1467.45,1477.41,1460.0,1462.84
20260417,600519.SH,1400.0,1421.0,1399.87,1407.24,1462.84,-55.59999999999991,-3.8,96824.99,13631929.446,1400.0,1421.0,1399.87,1407.24
