trade_date,ts_code,pre_close,open,high,low,close,change,pct_chg,vol,amount,adj_open,adj_high,adj_low,adj_close
20060518,510180.SH,3.045,2.99,3.05,2.952,3.008,-0.037,-1.2151,829090.07,247482.675,2.99,3.05,2.952,3.008
20060519,510180.SH,3.008,2.991,3.185,2.991,3.097,0.089,2.9588,505585.93,155558.157,2.991,3.185,2.991,3.097
20060522,510180.SH,3.097,3.1,3.16,3.07,3.121,0.024,0.7749,337416.88,105562.327,3.1,3.16,3.07,3.121
20060523,510180.SH,3.121,3.05,3.155,2.98,2.997,-0.124,-3.9731,288740.39,87670.805,3.05,3.155,2.98,2.997
20060524,510180.SH,2.997,3.005,3.051,2.928,2.957,-0.04,-1.3347,227894.99,68255.865,3.005,3.051,2.928,2.957
20060525,510180.SH,2.957,2.958,3.01,2.951,2.976,0.019,0.6425,48851.03,14495.469,2.958,3.01,2.951,2.976
20060526,510180.SH,2.976,2.976,3.045,2.976,3.033,0.057,1.9153,149146.23,45042.955,2.976,3.045,2.976,3.033
20060529,510180.SH,3.033,3.033,3.129,3.033,3.128,0.095,3.1322,141337.23,43639.32,3.033,3.129,3.033,3.128
20060530,510180.SH,3.128,3.13,3.162,3.122,3.148,0.02,0.6394,65591.21,20618.14,3.13,3.162,3.122,3.148
20060531,510180.SH,3.148,3.14,3.172,3.1,3.12,-0.028,-0.8895,140222.72,44132.756,3.14,3.172,3.1,3.12
20060601,510180.SH,3.12,3.12,3.225,3.115,3.222,0.102,3.2692,47601.66,15212.181,3.12,3.225,3.115,3.222
20060602,510180.SH,3.222,3.25,3.258,3.18,3.2,-0.022,-0.6828,31852.03,10245.594,3.25,3.258,3.18,3.2
20060605,510180.SH,3.2,3.2,3.2,3.13,3.194,-0.006,-0.1875,46303.86,14685.23,3.2,3.2,3.13,3.194
20060606,510180.SH,3.194,3.189,3.22,3.16,3.192,-0.002,-0.0626,13335.1,4261.924,3.189,3.22,3.16,3.192
20060607,510180.SH,3.192,3.192,3.192,3.0,3.032,-0.16,-5.0125,61443.94,19013.235,3.192,3.192,3.0,3.032
20060608,510180.SH,3.032,3.0,3.05,2.98,3.03,-0.002,-0.066,22794.52,6833.891,3.0,3.05,2.98,3.03
20060609,510180.SH,3.03,3.015,3.09,2.982,2.984,-0.046,-1.5182,59367.13,17866.353,3.015,3.09,2.982,2.984
20060612,510180.SH,2.984,2.98,3.003,2.946,2.98,-0.004,-0.134,46517.9,13775.735,2.98,3.003,2.946,2.98
20060613,510180.SH,2.98,2.981,3.011,2.97,2.985,0.005,0.1678,7595.28,2277.868,2.981,3.011,2.97,2.985
20060614,510180.SH,2.985,2.98,2.98,2.938,2.953,-0.032,-1.072,46302.77,13634.662,2.98,2.98,2.938,2.953
20060615,510180.SH,2.953,2.956,2.985,2.95,2.951,-0.002,-0.0677,171748.31,50935.922,2.956,2.985,2.95,2.951
20060616,510180.SH,2.951,2.963,3.05,2.963,3.018,0.067,2.2704,92972.01,28057.03,2.963,3.05,2.963,3.018
20060619,510180.SH,3.018,3.01,3.07,2.979,3.053,0.035,1.1597,39110.62,11861.704,3.01,3.07,2.979,3.053
20060620,510180.SH,3.053,3.06,3.1,3.03,3.065,0.012,0.3931,21648.18,6611.164,3.06,3.1,3.03,3.065
20060621,510180.SH,3.065,3.065,3.085,3.042,3.06,-0.005,-0.1631,9714.69,2972.84,3.065,3.085,3.042,3.06
20060622,510180.SH,3.06,3.047,3.07,3.047,3.055,-0.005,-0.1634,21286.27,6521.245,3.047,3.07,3.047,3.055
20060623,510180.SH,3.055,3.052,3.069,3.021,3.067,0.012,0.3928,7516.17,2299.817,3.052,3.069,3.021,3.067
20060626,510180.SH,3.067,3.038,3.125,3.038,3.123,0.056,1.8259,11558.5,3586.939,3.038,3.125,3.038,3.123
20060627,510180.SH,3.123,3.148,3.148,3.109,3.123,0.0,0.0,4016.77,1254.613,3.148,3.148,3.109,3.123
20060628,510180.SH,3.123,3.12,3.13,3.1,3.121,-0.002,-0.064,8264.2,2585.151,3.12,3.13,3.1,3.121
20060629,510180.SH,3.121,3.121,3.198,3.121,3.194,0.073,2.339,19560.43,6204.07,3.121,3.198,3.121,3.194
20060630,510180.SH,3.194,3.19,3.221,3.19,3.198,0.004,0.1252,11461.22,3673.153,3.19,3.221,3.19,3.198
20060703,510180.SH,3.198,3.181,3.255,3.181,3.255,0.057,1.7824,22225.58,7190.178,3.181,3.255,3.181,3.255
20060704,510180.SH,3.255,3.262,3.268,3.206,3.242,-0.013,-0.3994,58397.82,18854.219,3.262,3.268,3.206,3.242
20060705,510180.SH,3.242,3.242,3.242,3.155,3.201,-0.041,-1.2647,19117.22,6093.317,3.242,3.242,3.155,3.201
20060706,510180.SH,3.201,3.2,3.242,3.2,3.242,0.041,1.2808,10413.43,3362.677,3.2,3.242,3.2,3.242
20060707,510180.SH,3.242,3.26,3.26,3.22,3.227,-0.015,-0.4627,5912.75,1914.056,3.26,3.26,3.22,3.227
20060710,510180.SH,3.227,3.224,3.227,3.18,3.227,0.0,0.0,4646.04,1493.465,3.224,3.227,3.18,3.227
20060711,510180.SH,3.227,3.182,3.233,3.182,3.232,0.005,0.1549,6575.64,2118.476,3.182,3.233,3.182,3.232
20060712,510180.SH,3.232,3.21,3.258,3.21,3.242,0.01,0.3094,10608.17,3447.261,3.21,3.258,3.21,3.242
20060713,510180.SH,3.242,3.237,3.237,3.107,3.107,-0.135,-4.1641,19442.16,6088.569,3.237,3.237,3.107,3.107
20060714,510180.SH,3.107,3.1,3.13,3.09,3.11,0.003,0.0966,7628.14,2369.976,3.1,3.13,3.09,3.11
20060717,510180.SH,3.11,3.106,3.134,3.06,3.13,0.02,0.6431,2035.0,635.16,3.106,3.134,3.06,3.13
20060718,510180.SH,3.13,3.1,3.143,3.1,3.119,-0.011,-0.3514,3725.06,1161.147,3.1,3.143,3.1,3.119
20060719,510180.SH,3.119,3.1,3.129,3.05,3.114,-0.005,-0.1603,35108.96,10837.347,3.1,3.129,3.05,3.114
20060720,510180.SH,3.114,3.114,3.114,3.06,3.09,-0.024,-0.7707,882.65,270.992,3.114,3.114,3.06,3.09
20060721,510180.SH,3.09,3.08,3.1,3.08,3.087,-0.003,-0.0971,2303.25,711.062,3.08,3.1,3.08,3.087
20060724,510180.SH,3.087,3.07,3.1,3.03,3.095,0.008,0.2592,5482.38,1694.895,3.07,3.1,3.03,3.095
20060725,510180.SH,3.095,3.1,3.147,3.1,3.134,0.039,1.2601,10908.69,3407.996,3.1,3.147,3.1,3.134
20060726,510180.SH,3.134,3.134,3.134,3.13,3.13,-0.004,-0.1276,1253.0,392.406,3.134,3.134,3.13,3.13
20060727,510180.SH,3.13,3.145,3.145,3.096,3.11,-0.02,-0.639,2958.01,922.013,3.145,3.145,3.096,3.11
20060728,510180.SH,3.11,3.115,3.115,3.05,3.075,-0.035,-1.1254,1031.64,316.746,3.115,3.115,3.05,3.075
20060731,510180.SH,3.075,3.03,3.075,3.004,3.013,-0.062,-2.0163,2653.94,803.284,3.03,3.075,3.004,3.013
20060801,510180.SH,3.013,3.014,3.014,2.97,2.976,-0.037,-1.228,2714.7,812.964,3.014,3.014,2.97,2.976
20060802,510180.SH,2.976,2.976,2.986,2.9,2.925,-0.051,-1.7137,10466.85,3098.63,2.976,2.986,2.9,2.925
20060803,510180.SH,2.925,2.91,2.956,2.91,2.933,0.008,0.2735,1428.75,419.302,2.91,2.956,2.91,2.933
20060804,510180.SH,2.933,2.94,2.94,2.891,2.892,-0.041,-1.3979,7113.42,2075.946,2.94,2.94,2.891,2.892
20060807,510180.SH,2.892,2.905,2.905,2.839,2.839,-0.053,-1.8326,54295.27,15528.417,2.905,2.905,2.839,2.839
20060808,510180.SH,2.839,2.85,2.889,2.838,2.886,0.047,1.6555,3667.52,1047.874,2.85,2.889,2.838,2.886
20060809,510180.SH,2.886,2.889,2.9,2.87,2.892,0.006,0.2079,1704.61,491.111,2.889,2.9,2.87,2.892
20060810,510180.SH,2.892,2.887,2.938,2.887,2.92,0.028,0.9682,2299.09,668.839,2.887,2.938,2.887,2.92
20060811,510180.SH,2.92,2.923,2.93,2.88,2.914,-0.006,-0.2055,1446.25,420.141,2.923,2.93,2.88,2.914
20060814,510180.SH,2.914,2.915,2.95,2.841,2.871,-0.043,-1.4756,4135.43,1207.978,2.915,2.95,2.841,2.871
20060815,510180.SH,2.871,2.872,2.939,2.86,2.915,0.044,1.5326,3388.39,979.327,2.872,2.939,2.86,2.915
20060816,510180.SH,2.915,2.942,2.96,2.915,2.957,0.042,1.4408,9266.92,2730.125,2.942,2.96,2.915,2.957
20060817,510180.SH,2.957,2.92,2.949,2.92,2.924,-0.033,-1.116,3753.0,1097.152,2.92,2.949,2.92,2.924
20060818,510180.SH,2.924,2.925,2.925,2.92,2.921,-0.003,-0.1026,1132.0,330.877,2.925,2.925,2.92,2.921
20060821,510180.SH,2.921,2.88,2.911,2.85,2.911,-0.01,-0.3423,2108.6,608.841,2.88,2.911,2.85,2.911
20060822,510180.SH,2.911,2.92,2.932,2.913,2.931,0.02,0.687,1839.5,538.591,2.92,2.932,2.913,2.931
20060823,510180.SH,2.931,2.931,2.972,2.931,2.95,0.019,0.6482,3597.57,1063.201,2.931,2.972,2.931,2.95
20060824,510180.SH,2.95,2.92,2.97,2.91,2.968,0.018,0.6102,2313.22,681.938,2.92,2.97,2.91,2.968
20060825,510180.SH,2.968,2.96,2.999,2.96,2.971,0.003,0.1011,5434.41,1624.089,2.96,2.999,2.96,2.971
20060828,510180.SH,2.971,2.958,3.1,2.958,3.06,0.089,2.9956,21114.49,6406.403,2.958,3.1,2.958,3.06
20060829,510180.SH,3.06,3.084,3.087,3.05,3.07,0.01,0.3268,7883.89,2420.965,3.084,3.087,3.05,3.07
20060830,510180.SH,3.07,2.985,3.06,2.985,3.06,-0.01,-0.3257,2226.82,676.619,2.985,3.06,2.985,3.06
20060831,510180.SH,3.06,3.033,3.055,3.033,3.055,-0.005,-0.1634,444.7,135.691,3.033,3.055,3.033,3.055
20060901,510180.SH,3.055,3.012,3.088,2.978,3.032,-0.023,-0.7529,5130.95,1550.106,3.012,3.088,2.978,3.032
20060904,510180.SH,3.032,3.0,3.05,3.0,3.038,0.006,0.1979,2539.79,769.41,3.0,3.05,3.0,3.038
20060905,510180.SH,3.038,3.038,3.089,3.038,3.051,0.013,0.4279,2547.15,783.724,3.038,3.089,3.038,3.051
20060906,510180.SH,3.051,3.04,3.07,3.04,3.07,0.019,0.6227,912.56,279.105,3.04,3.07,3.04,3.07
20060907,510180.SH,3.07,3.07,3.071,3.04,3.067,-0.003,-0.0977,2871.42,876.286,3.07,3.071,3.04,3.067
20060908,510180.SH,3.067,3.066,3.066,3.006,3.037,-0.03,-0.9782,243.08,73.587,3.066,3.066,3.006,3.037
20060911,510180.SH,3.037,3.041,3.066,3.033,3.044,0.007,0.2305,1259.35,384.722,3.041,3.066,3.033,3.044
20060912,510180.SH,3.044,3.07,3.1,3.062,3.099,0.055,1.8068,19675.19,6081.709,3.07,3.1,3.062,3.099
20060913,510180.SH,3.099,3.105,3.13,3.081,3.081,-0.018,-0.5808,13240.06,4121.876,3.105,3.13,3.081,3.081
20060914,510180.SH,3.081,3.071,3.1,3.041,3.085,0.004,0.1298,3209.36,989.142,3.071,3.1,3.041,3.085
20060915,510180.SH,3.085,3.091,3.15,3.09,3.12,0.035,1.1345,6193.54,1940.979,3.091,3.15,3.09,3.12
20060918,510180.SH,3.12,3.121,3.18,3.121,3.178,0.058,1.859,5215.39,1656.264,3.121,3.18,3.121,3.178
20060919,510180.SH,3.178,3.17,3.205,3.102,3.188,0.01,0.3147,18010.34,5752.212,3.17,3.205,3.102,3.188
20060920,510180.SH,3.188,3.188,3.188,3.156,3.185,-0.003,-0.0941,2450.9,778.912,3.188,3.188,3.156,3.185
20060921,510180.SH,3.185,3.105,3.229,3.105,3.208,0.023,0.7221,14207.14,4536.609,3.105,3.229,3.105,3.208
20060922,510180.SH,3.208,3.21,3.22,3.18,3.191,-0.017,-0.5299,2880.5,925.051,3.21,3.22,3.18,3.191
20060925,510180.SH,3.191,3.198,3.198,3.163,3.174,-0.017,-0.5327,3534.27,1128.711,3.198,3.198,3.163,3.174
20060926,510180.SH,3.174,3.198,3.198,3.122,3.152,-0.022,-0.6931,822.45,260.353,3.198,3.198,3.122,3.152
20060927,510180.SH,3.152,3.108,3.196,3.108,3.17,0.018,0.5711,955.17,302.137,3.108,3.196,3.108,3.17
20060928,510180.SH,3.17,3.199,3.205,3.151,3.2,0.03,0.9464,10689.06,3418.711,3.199,3.205,3.151,3.2
20060929,510180.SH,3.2,3.215,3.25,3.215,3.238,0.038,1.1875,27364.11,8844.765,3.215,3.25,3.215,3.238
20061009,510180.SH,3.238,3.238,3.35,3.238,3.31,0.072,2.2236,16314.27,5380.921,3.238,3.35,3.238,3.31
20061010,510180.SH,3.31,3.31,3.33,3.05,3.328,0.018,0.5438,12610.89,4104.117,3.31,3.33,3.05,3.328
20061011,510180.SH,3.328,3.33,3.33,3.25,3.33,0.002,0.0601,2691.62,891.039,3.33,3.33,3.25,3.33
20061012,510180.SH,3.33,3.325,3.33,3.296,3.302,-0.028,-0.8408,1472.06,487.073,3.325,3.33,3.296,3.302
20061013,510180.SH,3.302,3.246,3.318,3.246,3.309,0.007,0.212,1785.66,589.97,3.246,3.318,3.246,3.309
20061016,510180.SH,3.309,3.286,3.305,3.26,3.282,-0.027,-0.816,1259.57,412.868,3.286,3.305,3.26,3.282
20061017,510180.SH,3.282,3.268,3.282,3.261,3.28,-0.002,-0.0609,3851.53,1259.829,3.268,3.282,3.261,3.28
20061018,510180.SH,3.28,3.28,3.31,3.28,3.31,0.03,0.9146,1825.0,601.729,3.28,3.31,3.28,3.31
20061019,510180.SH,3.31,3.25,3.33,3.25,3.31,0.0,0.0,7177.03,2358.38,3.25,3.33,3.25,3.31
20061020,510180.SH,3.31,3.32,3.35,3.14,3.324,0.014,0.423,9857.13,3225.014,3.32,3.35,3.14,3.324
20061023,510180.SH,3.324,3.263,3.323,3.263,3.27,-0.054,-1.6245,5634.54,1868.284,3.263,3.323,3.263,3.27
20061024,510180.SH,3.27,3.27,3.33,3.261,3.33,0.06,1.8349,9782.77,3236.098,3.27,3.33,3.261,3.33
20061025,510180.SH,3.33,3.33,3.375,3.326,3.346,0.016,0.4805,21427.98,7191.262,3.33,3.375,3.326,3.346
20061026,510180.SH,3.346,3.31,3.386,3.31,3.38,0.034,1.0161,9290.44,3123.177,3.31,3.386,3.31,3.38
20061027,510180.SH,3.38,3.372,3.372,3.33,3.34,-0.04,-1.1834,2119.31,708.924,3.372,3.372,3.33,3.34
20061030,510180.SH,3.34,3.341,3.36,3.3,3.36,0.02,0.5988,2909.63,967.358,3.341,3.36,3.3,3.36
20061031,510180.SH,3.36,3.377,3.405,3.37,3.405,0.045,1.3393,16310.73,5537.411,3.377,3.405,3.37,3.405
20061101,510180.SH,3.405,3.41,3.5,3.4,3.46,0.055,1.6153,8532.52,2925.207,3.41,3.5,3.4,3.46
20061102,510180.SH,3.46,3.411,3.45,3.41,3.448,-0.012,-0.3468,1954.68,672.049,3.411,3.45,3.41,3.448
20061103,510180.SH,3.448,3.44,3.5,3.44,3.471,0.023,0.6671,1490.63,518.505,3.44,3.5,3.44,3.471
20061106,510180.SH,3.471,3.472,3.818,3.472,3.52,0.049,1.4117,14922.55,5317.286,3.472,3.818,3.472,3.52
20061107,510180.SH,3.52,3.55,3.56,3.483,3.554,0.034,0.9659,15492.78,5455.514,3.55,3.56,3.483,3.554
20061108,510180.SH,3.554,3.535,3.554,3.517,3.53,-0.024,-0.6753,5370.33,1890.36,3.535,3.554,3.517,3.53
20061109,510180.SH,3.53,3.529,3.585,3.501,3.56,0.03,0.8499,31656.01,11156.841,3.529,3.585,3.501,3.56
20061110,510180.SH,3.56,3.59,3.61,3.58,3.59,0.03,0.8427,3395.6,1222.759,3.59,3.61,3.58,3.59
20061113,510180.SH,3.59,3.59,3.6,3.48,3.484,-0.106,-2.9526,1854.94,655.503,3.59,3.6,3.48,3.484
20061114,510180.SH,3.484,3.484,3.53,3.47,3.53,0.046,1.3203,2125.83,742.8,3.484,3.53,3.47,3.53
20061115,510180.SH,3.53,3.536,3.62,3.53,3.617,0.087,2.4646,4848.98,1721.268,3.536,3.62,3.53,3.617
20061116,510180.SH,3.617,3.61,3.69,3.6,3.616,-0.001,-0.0276,2442.9,895.458,3.61,3.69,3.6,3.616
20061117,510180.SH,3.616,3.51,3.68,3.51,3.68,0.064,1.7699,3796.88,1386.821,3.51,3.68,3.51,3.68
20061120,510180.SH,3.68,3.677,3.8,3.677,3.79,0.11,2.9891,12616.42,4725.56,3.677,3.8,3.677,3.79
20061121,510180.SH,3.79,3.824,3.825,3.75,3.807,0.017,0.4485,12104.34,4577.629,3.824,3.825,3.75,3.807
20061122,510180.SH,3.807,3.81,3.99,3.808,3.921,0.114,2.9945,8366.57,3256.218,3.81,3.99,3.808,3.921
20061123,510180.SH,3.876,3.9,3.92,3.85,3.88,0.004,0.1032,8631.67,3353.258,3.9,3.92,3.85,3.88
20061124,510180.SH,3.88,3.88,3.88,3.8,3.835,-0.045,-1.1598,7646.57,2930.059,3.88,3.88,3.8,3.835
20061127,510180.SH,3.835,3.83,3.878,3.816,3.87,0.035,0.9126,4649.38,1782.22,3.83,3.878,3.816,3.87
20061128,510180.SH,3.87,3.86,3.878,3.84,3.84,-0.03,-0.7752,1459.0,562.045,3.86,3.878,3.84,3.84
20061129,510180.SH,3.84,3.818,3.899,3.785,3.883,0.043,1.1198,6941.02,2664.109,3.818,3.899,3.785,3.883
20061130,510180.SH,3.883,3.886,3.976,3.88,3.976,0.093,2.3951,16022.24,6266.369,3.886,3.976,3.88,3.976
20061201,510180.SH,3.976,3.999,4.014,3.965,4.009,0.033,0.83,5512.6,2201.592,3.999,4.014,3.965,4.009
20061204,510180.SH,4.009,4.02,4.4,3.92,4.269,0.26,6.4854,7145.95,2961.639,4.02,4.4,3.92,4.269
20061205,510180.SH,4.269,4.3,4.31,4.2,4.239,-0.03,-0.7027,9660.16,4097.142,4.3,4.31,4.2,4.239
20061206,510180.SH,4.239,4.28,4.28,3.9,4.181,-0.058,-1.3682,5191.5,2134.557,4.28,4.28,3.9,4.181
20061207,510180.SH,4.181,4.12,4.25,4.1,4.182,0.001,0.0239,6344.71,2655.37,4.12,4.25,4.1,4.182
20061208,510180.SH,4.182,4.0,4.171,4.0,4.004,-0.178,-4.2563,14891.53,6015.561,4.0,4.171,4.0,4.004
20061211,510180.SH,4.004,3.965,4.17,3.965,4.166,0.162,4.046,5030.24,2060.96,3.965,4.17,3.965,4.166
20061212,510180.SH,4.166,4.182,4.224,4.151,4.18,0.014,0.3361,14539.35,6066.085,4.182,4.224,4.151,4.18
20061213,510180.SH,4.18,4.18,4.218,4.145,4.19,0.01,0.2392,4476.44,1873.085,4.18,4.218,4.145,4.19
20061214,510180.SH,4.19,4.218,4.28,4.191,4.273,0.083,1.9809,4180.25,1769.28,4.218,4.28,4.191,4.273
20061215,510180.SH,4.273,4.28,4.7,4.28,4.41,0.137,3.2062,9387.77,4141.959,4.28,4.7,4.28,4.41
20061218,510180.SH,4.41,4.41,4.53,4.36,4.463,0.053,1.2018,8023.04,3557.843,4.41,4.53,4.36,4.463
20061219,510180.SH,4.463,4.536,4.536,4.43,4.466,0.003,0.0672,17171.0,7667.464,4.536,4.536,4.43,4.466
20061220,510180.SH,4.466,4.38,4.5,4.38,4.48,0.014,0.3135,7609.11,3384.794,4.38,4.5,4.38,4.48
20061221,510180.SH,4.48,4.48,4.52,4.475,4.475,-0.005,-0.1116,33004.38,14824.307,4.48,4.52,4.475,4.475
20061222,510180.SH,4.475,4.456,4.456,4.36,4.406,-0.069,-1.5419,7015.61,3100.819,4.456,4.456,4.36,4.406
20061225,510180.SH,4.406,4.404,4.599,4.404,4.5,0.094,2.1335,15556.87,6985.672,4.404,4.599,4.404,4.5
20061226,510180.SH,4.5,4.52,4.568,4.465,4.5,0.0,0.0,15774.93,7151.132,4.52,4.568,4.465,4.5
20061227,510180.SH,4.5,4.5,4.648,4.497,4.64,0.14,3.1111,10694.01,4886.062,4.5,4.648,4.497,4.64
20061228,510180.SH,4.64,4.699,4.8,4.65,4.728,0.088,1.8966,7773.44,3669.43,4.699,4.8,4.65,4.728
20061229,510180.SH,4.728,4.718,4.92,4.718,4.92,0.192,4.0609,10376.74,5024.866,4.718,4.92,4.718,4.92
20070104,510180.SH,4.92,5.07,5.4,4.918,4.941,0.021,0.4268,23486.53,11982.331,5.07,5.4,4.918,4.941
20070105,510180.SH,4.941,4.918,5.01,4.84,4.949,0.008,0.1619,33776.11,16647.532,4.918,5.01,4.84,4.949
20070108,510180.SH,4.949,4.934,5.12,4.901,5.08,0.131,2.647,21372.43,10730.9,4.934,5.12,4.901,5.08
20070109,510180.SH,5.08,5.07,5.23,5.009,5.181,0.101,1.9882,24904.15,12803.32,5.07,5.23,5.009,5.181
20070110,510180.SH,5.181,5.188,5.3,5.187,5.297,0.116,2.239,14805.39,7739.114,5.188,5.3,5.187,5.297
20070111,510180.SH,5.297,5.295,5.33,5.25,5.278,-0.019,-0.3587,11449.96,6056.417,5.295,5.33,5.25,5.278
20070112,510180.SH,5.278,5.251,5.251,5.078,5.08,-0.198,-3.7514,10478.34,5389.593,5.251,5.251,5.078,5.08
20070115,510180.SH,5.08,5.02,5.27,5.02,5.262,0.182,3.5827,8771.76,4539.843,5.02,5.27,5.02,5.262
20070116,510180.SH,5.262,5.26,5.37,5.26,5.361,0.099,1.8814,11657.64,6208.452,5.26,5.37,5.26,5.361
20070117,510180.SH,5.361,5.37,5.509,5.31,5.403,0.042,0.7834,7428.98,4005.913,5.37,5.509,5.31,5.403
20070118,510180.SH,5.403,5.349,5.36,5.133,5.319,-0.084,-1.5547,12227.94,6419.252,5.349,5.36,5.133,5.319
20070119,510180.SH,5.319,5.309,5.44,5.309,5.439,0.12,2.2561,9670.45,5207.885,5.309,5.44,5.309,5.439
20070122,510180.SH,5.439,5.52,5.7,5.5,5.7,0.261,4.7987,9600.26,5382.556,5.52,5.7,5.5,5.7
20070123,510180.SH,5.7,5.708,5.818,5.55,5.79,0.09,1.5789,11429.25,6504.169,5.708,5.818,5.55,5.79
20070124,510180.SH,5.79,5.791,5.86,5.648,5.857,0.067,1.1572,7870.06,4588.11,5.791,5.86,5.648,5.857
20070125,510180.SH,5.857,5.744,5.86,5.439,5.722,-0.135,-2.3049,7273.29,4182.583,5.744,5.86,5.439,5.722
20070126,510180.SH,5.722,5.677,5.992,5.5,5.866,0.144,2.5166,13145.07,7389.302,5.677,5.992,5.5,5.866
20070129,510180.SH,5.866,5.88,5.997,5.879,5.989,0.123,2.0968,14164.02,8438.99,5.88,5.997,5.879,5.989
20070130,510180.SH,5.989,5.99,6.04,5.96,5.993,0.004,0.0668,8412.61,5042.276,5.99,6.04,5.96,5.993
20070131,510180.SH,5.993,5.978,5.99,5.63,5.671,-0.322,-5.3729,14473.32,8384.842,5.978,5.99,5.63,5.671
20070201,510180.SH,5.671,5.669,5.669,5.5,5.59,-0.081,-1.4283,18747.67,10447.092,5.669,5.669,5.5,5.59
20070202,510180.SH,5.59,5.619,5.619,5.3,5.304,-0.286,-5.1163,15366.32,8362.407,5.619,5.619,5.3,5.304
20070205,510180.SH,5.304,5.388,5.388,5.111,5.238,-0.066,-1.2443,14617.01,7606.897,5.388,5.388,5.111,5.238
20070206,510180.SH,5.238,5.23,5.4,5.072,5.379,0.141,2.6919,20623.6,10622.359,5.23,5.4,5.072,5.379
20070207,510180.SH,5.379,5.38,5.5,5.32,5.448,0.069,1.2828,8471.64,4609.331,5.38,5.5,5.32,5.448
20070208,510180.SH,5.448,5.48,5.6,5.403,5.572,0.124,2.2761,13927.35,7699.194,5.48,5.6,5.403,5.572
20070209,510180.SH,5.572,5.565,5.588,5.464,5.552,-0.02,-0.3589,5652.77,3128.161,5.565,5.588,5.464,5.552
20070212,510180.SH,5.552,5.552,5.715,5.41,5.715,0.163,2.9359,13560.93,7635.054,5.552,5.715,5.41,5.715
20070213,510180.SH,5.715,5.75,5.83,5.722,5.827,0.112,1.9598,9359.44,5402.816,5.75,5.83,5.722,5.827
20070214,510180.SH,5.827,5.818,6.0,5.761,5.974,0.147,2.5227,10778.66,6370.217,5.818,6.0,5.761,5.974
20070215,510180.SH,5.974,5.969,6.17,5.969,6.138,0.164,2.7452,9252.92,5633.541,5.969,6.17,5.969,6.138
20070216,510180.SH,6.138,6.16,6.26,6.16,6.201,0.063,1.0264,11183.8,6952.32,6.16,6.26,6.16,6.201
20070226,510180.SH,6.201,6.261,6.262,6.14,6.249,0.048,0.7741,11989.25,7448.621,6.261,6.262,6.14,6.249
20070227,510180.SH,6.249,6.24,6.25,5.67,5.671,-0.578,-9.2495,17922.32,10605.635,6.24,6.25,5.67,5.671
20070228,510180.SH,5.671,5.55,5.85,5.472,5.815,0.144,2.5392,28288.2,16222.334,5.55,5.85,5.472,5.815
20070301,510180.SH,5.815,5.825,5.85,5.548,5.643,-0.172,-2.9579,10129.3,5742.891,5.825,5.85,5.548,5.643
20070302,510180.SH,5.643,5.601,5.756,5.601,5.719,0.076,1.3468,7162.42,4068.705,5.601,5.756,5.601,5.719
20070305,510180.SH,5.719,5.652,5.832,5.54,5.623,-0.096,-1.6786,12225.06,6997.087,5.652,5.832,5.54,5.623
20070306,510180.SH,5.623,5.66,5.78,5.6,5.724,0.101,1.7962,15746.61,8900.268,5.66,5.78,5.6,5.724
20070307,510180.SH,5.724,5.77,6.12,5.77,5.932,0.208,3.6338,14594.31,8578.473,5.77,6.12,5.77,5.932
20070308,510180.SH,5.932,5.89,5.99,5.85,5.97,0.038,0.6406,11015.66,6553.885,5.89,5.99,5.85,5.97
20070309,510180.SH,5.97,6.0,6.02,5.85,6.0,0.03,0.5025,11394.74,6816.656,6.0,6.02,5.85,6.0
20070312,510180.SH,6.0,5.999,6.0,5.88,5.998,-0.002,-0.0333,6930.14,4117.339,5.999,6.0,5.88,5.998
20070313,510180.SH,5.998,6.0,6.0,5.952,5.993,-0.005,-0.0834,8398.21,5024.631,6.0,6.0,5.952,5.993
20070314,510180.SH,5.993,5.983,5.983,5.75,5.887,-0.106,-1.7687,6252.26,3663.956,5.983,5.983,5.75,5.887
20070315,510180.SH,5.887,5.86,5.96,5.86,5.941,0.054,0.9173,4777.74,2831.939,5.86,5.96,5.86,5.941
20070316,510180.SH,5.941,5.96,5.986,5.88,5.886,-0.055,-0.9258,8522.0,5077.652,5.96,5.986,5.88,5.886
20070319,510180.SH,5.886,5.761,6.05,5.65,6.042,0.156,2.6504,14064.71,8410.599,5.761,6.05,5.65,6.042
20070320,510180.SH,6.042,6.01,6.09,6.01,6.05,0.008,0.1324,4353.43,2625.854,6.01,6.09,6.01,6.05
20070321,510180.SH,6.05,6.06,6.144,6.042,6.11,0.06,0.9917,3753.41,2287.376,6.06,6.144,6.042,6.11
20070322,510180.SH,6.11,6.156,6.199,6.15,6.186,0.076,1.2439,5633.27,3485.789,6.156,6.199,6.15,6.186
20070323,510180.SH,6.186,6.153,6.2,6.003,6.14,-0.046,-0.7436,5040.36,3075.945,6.153,6.2,6.003,6.14
20070326,510180.SH,6.14,6.14,6.25,6.12,6.23,0.09,1.4658,6572.63,4081.285,6.14,6.25,6.12,6.23
20070327,510180.SH,6.23,6.23,6.28,6.11,6.275,0.045,0.7223,5211.9,3251.122,6.23,6.28,6.11,6.275
20070328,510180.SH,6.275,6.28,6.33,6.1,6.319,0.044,0.7012,12594.17,7900.09,6.28,6.33,6.1,6.319
20070329,510180.SH,6.319,6.312,6.45,6.312,6.384,0.065,1.0286,9396.26,6004.74,6.312,6.45,6.312,6.384
20070330,510180.SH,6.384,6.38,6.41,6.36,6.369,-0.015,-0.235,2395.52,1527.433,6.38,6.41,6.36,6.369
20070402,510180.SH,6.369,6.38,6.498,6.38,6.496,0.127,1.994,6061.75,3912.882,6.38,6.498,6.38,6.496
20070403,510180.SH,6.496,6.55,6.583,6.51,6.56,0.064,0.9852,9436.73,6189.918,6.55,6.583,6.51,6.56
20070404,510180.SH,6.56,6.56,6.666,6.56,6.617,0.057,0.8689,4917.19,3245.446,6.56,6.666,6.56,6.617
20070405,510180.SH,6.617,6.7,6.7,6.6,6.645,0.028,0.4232,6202.06,4113.56,6.7,6.7,6.6,6.645
20070406,510180.SH,6.645,6.635,6.73,6.602,6.727,0.082,1.234,4727.0,3163.203,6.635,6.73,6.602,6.727
20070409,510180.SH,6.727,6.727,6.92,6.727,6.841,0.114,1.6947,9095.47,6241.46,6.727,6.92,6.727,6.841
20070410,510180.SH,6.841,6.841,6.998,6.84,6.915,0.074,1.0817,12759.5,8813.567,6.841,6.998,6.84,6.915
20070411,510180.SH,6.915,6.912,7.06,6.912,7.056,0.141,2.039,13927.24,9733.539,6.912,7.06,6.912,7.056
20070412,510180.SH,7.056,7.059,7.15,7.02,7.147,0.091,1.2897,15795.59,11209.94,7.059,7.15,7.02,7.147
20070413,510180.SH,7.147,7.149,7.173,7.12,7.155,0.008,0.1119,9292.59,6642.215,7.149,7.173,7.12,7.155
20070416,510180.SH,7.155,7.154,7.325,7.005,7.311,0.156,2.1803,10859.76,7815.727,7.154,7.325,7.005,7.311
20070417,510180.SH,7.311,7.3,7.348,7.18,7.294,-0.017,-0.2325,61532.89,44742.796,7.3,7.348,7.18,7.294
20070418,510180.SH,7.294,7.299,7.31,7.19,7.271,-0.023,-0.3153,10624.45,7717.364,7.299,7.31,7.19,7.271
20070419,510180.SH,7.271,7.275,7.3,6.83,6.983,-0.288,-3.9609,24421.68,17421.521,7.275,7.3,6.83,6.983
20070420,510180.SH,6.983,6.983,7.399,6.86,7.284,0.301,4.3105,36105.0,26041.662,6.983,7.399,6.86,7.284
20070423,510180.SH,7.284,7.285,7.588,7.285,7.586,0.302,4.1461,8193.69,6118.897,7.285,7.588,7.285,7.586
20070424,510180.SH,7.586,7.61,7.999,7.596,7.603,0.017,0.2241,15493.1,11855.1,7.61,7.999,7.596,7.603
20070425,510180.SH,7.603,7.595,7.618,7.5,7.609,0.006,0.0789,11354.01,8595.057,7.595,7.618,7.5,7.609
20070426,510180.SH,7.609,7.48,7.7,7.48,7.7,0.091,1.196,50186.02,38170.912,7.48,7.7,7.48,7.7
20070427,510180.SH,7.7,7.702,7.77,7.602,7.7,0.0,0.0,13420.9,10295.195,7.702,7.77,7.602,7.7
20070430,510180.SH,7.7,7.6,8.0,7.59,8.0,0.3,3.8961,11042.75,8626.12,7.6,8.0,7.59,8.0
20070508,510180.SH,8.0,8.121,8.32,8.11,8.196,0.196,2.45,18642.75,15233.598,8.121,8.32,8.11,8.196
20070509,510180.SH,8.196,8.09,8.23,7.85,8.209,0.013,0.1586,23318.43,18785.109,8.09,8.23,7.85,8.209
20070510,510180.SH,8.209,8.198,8.2,8.1,8.152,-0.057,-0.6944,7756.78,6330.911,8.198,8.2,8.1,8.152
20070511,510180.SH,8.152,8.129,8.15,7.85,8.13,-0.022,-0.2699,176615.39,141131.964,8.129,8.15,7.85,8.13
20070514,510180.SH,8.13,8.069,8.25,7.912,8.18,0.05,0.615,15943.28,13007.237,8.069,8.25,7.912,8.18
20070515,510180.SH,8.18,8.18,8.18,7.9,7.912,-0.268,-3.2763,28048.73,22590.74,8.18,8.18,7.9,7.912
20070516,510180.SH,7.912,7.89,8.032,7.821,8.03,0.118,1.4914,16743.47,13269.943,7.89,8.032,7.821,8.03
20070517,510180.SH,8.03,8.035,8.25,8.035,8.236,0.206,2.5654,15980.27,13093.867,8.035,8.25,8.035,8.236
20070518,510180.SH,8.236,8.23,8.25,8.161,8.211,-0.025,-0.3035,8400.55,6896.163,8.23,8.25,8.161,8.211
20070521,510180.SH,8.211,8.045,8.26,8.022,8.25,0.039,0.475,12063.42,9855.777,8.045,8.26,8.022,8.25
20070522,510180.SH,8.25,8.233,8.425,8.233,8.292,0.042,0.5091,9284.46,7717.561,8.233,8.425,8.233,8.292
20070523,510180.SH,8.292,8.27,8.421,8.252,8.421,0.129,1.5557,16451.53,13750.585,8.27,8.421,8.252,8.421
20070524,510180.SH,8.421,8.425,8.499,8.21,8.383,-0.038,-0.4513,9252.13,7782.73,8.425,8.499,8.21,8.383
20070525,510180.SH,8.383,8.381,8.695,8.291,8.6,0.217,2.5886,10154.52,8590.646,8.381,8.695,8.291,8.6
20070528,510180.SH,8.6,8.55,8.85,8.55,8.729,0.129,1.5,8077.26,7036.173,8.55,8.85,8.55,8.729
20070529,510180.SH,8.729,8.729,8.928,8.729,8.925,0.196,2.2454,13580.46,11997.018,8.729,8.928,8.729,8.925
20070530,510180.SH,8.925,8.35,9.125,8.28,8.316,-0.609,-6.8235,42019.09,36528.07,8.35,9.125,8.28,8.316
20070531,510180.SH,8.316,8.299,8.8,7.888,8.57,0.254,3.0544,19990.48,16623.352,8.299,8.8,7.888,8.57
20070601,510180.SH,8.57,8.519,8.69,8.3,8.388,-0.182,-2.1237,13389.02,11450.84,8.519,8.69,8.3,8.388
20070604,510180.SH,8.388,8.39,8.495,7.63,7.642,-0.746,-8.8937,28827.14,22780.919,8.39,8.495,7.63,7.642
20070605,510180.SH,7.642,7.566,8.15,7.2,8.101,0.459,6.0063,33286.95,25226.088,7.566,8.15,7.2,8.101
20070606,510180.SH,8.101,8.101,8.125,7.78,8.02,-0.081,-0.9999,27173.12,21829.954,8.101,8.125,7.78,8.02
20070607,510180.SH,8.02,8.025,8.22,8.02,8.204,0.184,2.2943,28357.17,23032.716,8.025,8.22,8.02,8.204
20070608,510180.SH,8.204,8.252,8.388,8.014,8.3,0.096,1.1702,23922.25,19662.6,8.252,8.388,8.014,8.3
20070611,510180.SH,8.3,8.309,8.482,8.301,8.442,0.142,1.7108,18608.8,15625.793,8.309,8.482,8.301,8.442
20070612,510180.SH,8.442,8.47,8.79,8.423,8.772,0.33,3.909,15357.76,13170.22,8.47,8.79,8.423,8.772
20070613,510180.SH,8.772,8.769,9.05,8.72,8.947,0.175,1.995,25497.64,22720.379,8.769,9.05,8.72,8.947
20070614,510180.SH,8.947,8.938,8.94,8.7,8.805,-0.142,-1.5871,10770.07,9494.966,8.938,8.94,8.7,8.805
20070615,510180.SH,8.805,8.76,8.89,8.597,8.879,0.074,0.8404,23460.29,20530.838,8.76,8.89,8.597,8.879
20070618,510180.SH,8.879,8.88,9.15,8.88,9.102,0.223,2.5115,15316.92,13854.867,8.88,9.15,8.88,9.102
20070619,510180.SH,9.102,9.096,9.155,9.012,9.147,0.045,0.4944,13979.09,12724.476,9.096,9.155,9.012,9.147
20070620,510180.SH,9.147,9.111,9.169,8.998,9.05,-0.097,-1.0605,8721.1,7945.657,9.111,9.169,8.998,9.05
20070621,510180.SH,9.05,9.039,9.097,8.78,9.016,-0.034,-0.3757,14060.63,12632.962,9.039,9.097,8.78,9.016
20070622,510180.SH,9.016,8.98,9.12,8.78,8.895,-0.121,-1.3421,14240.29,12725.14,8.98,9.12,8.78,8.895
20070625,510180.SH,8.895,8.85,8.948,8.48,8.484,-0.411,-4.6206,29718.53,25923.242,8.85,8.948,8.48,8.484
20070626,510180.SH,8.484,8.3,8.58,8.26,8.5,0.016,0.1886,14380.29,12077.963,8.3,8.58,8.26,8.5
20070627,510180.SH,8.5,8.502,8.88,8.502,8.875,0.375,4.4118,7308.13,6340.494,8.502,8.88,8.502,8.875
20070628,510180.SH,8.875,8.89,8.995,8.6,8.637,-0.238,-2.6817,14294.5,12661.349,8.89,8.995,8.6,8.637
20070629,510180.SH,8.637,8.528,8.53,8.303,8.369,-0.268,-3.1029,17604.88,14865.396,8.528,8.53,8.303,8.369
20070702,510180.SH,8.369,8.359,8.419,8.052,8.309,-0.06,-0.7169,7357.33,6049.227,8.359,8.419,8.052,8.309
20070703,510180.SH,8.309,8.311,8.404,8.3,8.403,0.094,1.1313,6932.0,5800.194,8.311,8.404,8.3,8.403
20070704,510180.SH,8.403,8.4,8.499,8.3,8.311,-0.092,-1.0948,5061.27,4235.584,8.4,8.499,8.3,8.311
20070705,510180.SH,8.311,8.25,8.286,7.92,7.921,-0.39,-4.6926,9594.27,7705.019,8.25,8.286,7.92,7.921
20070706,510180.SH,7.921,7.851,8.18,7.771,8.171,0.25,3.1562,18308.36,14571.714,7.851,8.18,7.771,8.171
20070709,510180.SH,8.171,8.174,8.424,8.053,8.399,0.228,2.7904,12303.75,10227.694,8.174,8.424,8.053,8.399
20070710,510180.SH,8.399,8.3,8.48,8.3,8.351,-0.048,-0.5715,7740.9,6497.66,8.3,8.48,8.3,8.351
20070711,510180.SH,8.351,8.251,8.482,8.25,8.35,-0.001,-0.012,20550.62,17258.0,8.251,8.482,8.25,8.35
20070712,510180.SH,8.35,8.359,8.479,8.325,8.443,0.093,1.1138,11553.76,9733.31,8.359,8.479,8.325,8.443
20070713,510180.SH,8.443,8.38,8.499,8.325,8.46,0.017,0.2014,5448.92,4601.502,8.38,8.499,8.325,8.46
20070716,510180.SH,8.46,8.459,8.459,8.24,8.323,-0.137,-1.6194,6446.4,5382.857,8.459,8.459,8.24,8.323
20070717,510180.SH,8.323,8.43,8.447,8.2,8.4,0.077,0.9251,21118.1,17641.325,8.43,8.447,8.2,8.4
20070718,510180.SH,8.4,8.34,8.601,8.326,8.535,0.135,1.6071,21760.85,18417.091,8.34,8.601,8.326,8.535
20070719,510180.SH,8.535,8.535,8.535,8.402,8.46,-0.075,-0.8787,5164.4,4378.462,8.535,8.535,8.402,8.46
20070720,510180.SH,8.46,8.404,8.799,8.404,8.77,0.31,3.6643,7596.88,6571.499,8.404,8.799,8.404,8.77
20070723,510180.SH,8.77,8.79,9.25,8.79,9.229,0.459,5.2338,15086.61,13690.216,8.79,9.25,8.79,9.229
20070724,510180.SH,9.229,9.248,9.37,9.189,9.3,0.071,0.7693,9285.49,8631.077,9.248,9.37,9.189,9.3
20070725,510180.SH,9.3,9.288,9.4,9.211,9.398,0.098,1.0538,14707.73,13716.113,9.288,9.4,9.211,9.398
20070726,510180.SH,9.398,9.398,9.5,9.398,9.438,0.04,0.4256,7748.0,7316.362,9.398,9.5,9.398,9.438
20070727,510180.SH,9.438,9.421,9.44,9.241,9.438,0.0,0.0,9486.91,8917.191,9.421,9.44,9.241,9.438
20070730,510180.SH,9.438,9.485,9.93,9.44,9.809,0.371,3.9309,17047.37,16536.609,9.485,9.93,9.44,9.809
20070731,510180.SH,9.809,9.8,9.818,9.6,9.802,-0.007,-0.0714,14251.94,13901.249,9.8,9.818,9.6,9.802
20070801,510180.SH,9.802,9.8,9.895,9.45,9.51,-0.292,-2.979,19292.47,18595.475,9.8,9.895,9.45,9.51
20070802,510180.SH,9.51,9.5,9.724,9.5,9.664,0.154,1.6193,22486.12,21628.852,9.5,9.724,9.5,9.664
20070803,510180.SH,9.664,9.651,10.03,9.65,10.003,0.339,3.5079,21635.9,21248.308,9.651,10.03,9.65,10.003
20070806,510180.SH,10.003,10.031,10.35,10.031,10.35,0.347,3.469,13411.93,13668.953,10.031,10.35,10.031,10.35
20070807,510180.SH,10.35,10.35,10.45,10.2,10.405,0.055,0.5314,17155.48,17736.45,10.35,10.45,10.2,10.405
20070808,510180.SH,10.405,10.35,10.4,10.15,10.345,-0.06,-0.5766,23156.93,23799.213,10.35,10.4,10.15,10.345
20070809,510180.SH,10.345,10.333,10.545,10.241,10.54,0.195,1.885,12198.22,12734.251,10.333,10.545,10.241,10.54
20070810,510180.SH,10.54,10.556,10.56,10.3,10.517,-0.023,-0.2182,15003.84,15667.601,10.556,10.56,10.3,10.517
20070813,510180.SH,10.517,10.517,10.65,10.41,10.47,-0.047,-0.4469,14852.0,15644.126,10.517,10.65,10.41,10.47
20070814,510180.SH,10.47,10.45,10.65,10.4,10.63,0.16,1.5282,10331.07,10876.198,10.45,10.65,10.4,10.63
20070815,510180.SH,10.63,10.59,10.699,10.54,10.663,0.033,0.3104,17569.55,18702.833,10.59,10.699,10.54,10.663
20070816,510180.SH,10.663,10.6,10.658,10.475,10.5,-0.163,-1.5287,16208.2,17058.346,10.6,10.658,10.475,10.5
20070817,510180.SH,10.5,10.42,10.61,10.25,10.349,-0.151,-1.4381,22475.32,23375.289,10.42,10.61,10.25,10.349
20070820,510180.SH,10.349,10.505,11.0,10.505,10.995,0.646,6.2421,15113.73,16219.67,10.505,11.0,10.505,10.995
20070821,510180.SH,10.995,11.0,11.098,10.98,11.065,0.07,0.6367,29801.04,32803.358,11.0,11.098,10.98,11.065
20070822,510180.SH,11.065,10.99,11.278,10.855,11.275,0.21,1.8979,20580.13,22975.71,10.99,11.278,10.855,11.275
20070823,510180.SH,11.275,11.26,11.387,11.201,11.347,0.072,0.6386,23258.78,26300.727,11.26,11.387,11.201,11.347
20070824,510180.SH,11.347,11.36,11.699,11.36,11.595,0.248,2.1856,41391.24,47611.725,11.36,11.699,11.36,11.595
20070827,510180.SH,11.595,11.678,11.876,11.55,11.674,0.079,0.6813,40553.24,47459.006,11.678,11.876,11.55,11.674
20070828,510180.SH,11.674,11.643,11.7,11.4,11.652,-0.022,-0.1885,19189.03,22218.048,11.643,11.7,11.4,11.652
20070829,510180.SH,11.652,11.61,11.637,11.421,11.545,-0.107,-0.9183,25004.16,28867.458,11.61,11.637,11.421,11.545
20070830,510180.SH,11.545,11.548,11.685,11.548,11.654,0.109,0.9441,32164.42,37329.361,11.548,11.685,11.548,11.654
20070831,510180.SH,11.654,11.688,11.8,11.58,11.797,0.143,1.227,17481.04,20481.63,11.688,11.8,11.58,11.797
20070903,510180.SH,11.797,11.89,12.148,11.89,12.089,0.292,2.4752,27275.58,32773.87,11.89,12.148,11.89,12.089
20070904,510180.SH,12.089,12.11,12.15,11.89,11.899,-0.19,-1.5717,43033.46,51606.173,12.11,12.15,11.89,11.899
20070905,510180.SH,11.899,11.89,11.997,11.69,11.841,-0.058,-0.4874,19794.43,23437.732,11.89,11.997,11.69,11.841
20070906,510180.SH,11.841,11.9,12.088,11.88,11.951,0.11,0.929,18089.48,21624.677,11.9,12.088,11.88,11.951
20070907,510180.SH,11.951,11.932,11.932,11.738,11.805,-0.146,-1.2217,24197.18,28609.083,11.932,11.932,11.738,11.805
20070910,510180.SH,11.805,11.731,11.931,11.5,11.914,0.109,0.9233,21273.36,24928.016,11.731,11.931,11.5,11.914
20070911,510180.SH,11.914,11.92,11.93,11.5,11.52,-0.394,-3.307,21474.1,25208.227,11.92,11.93,11.5,11.52
20070912,510180.SH,11.52,11.64,11.64,11.35,11.534,0.014,0.1215,24544.59,28101.085,11.64,11.64,11.35,11.534
20070913,510180.SH,11.534,11.539,11.824,11.44,11.798,0.264,2.2889,26121.45,30459.994,11.539,11.824,11.44,11.798
20070914,510180.SH,11.798,11.8,11.87,11.696,11.851,0.053,0.4492,18517.05,21826.601,11.8,11.87,11.696,11.851
20070917,510180.SH,11.851,11.83,12.128,11.76,12.088,0.237,1.9998,32158.47,38610.346,11.83,12.128,11.76,12.088
20070918,510180.SH,12.088,12.07,12.21,11.958,12.067,-0.021,-0.1737,13121.35,15852.288,12.07,12.21,11.958,12.067
20070919,510180.SH,12.067,12.138,12.138,11.901,11.941,-0.126,-1.0442,11087.5,13325.617,12.138,12.138,11.901,11.941
20070920,510180.SH,11.941,11.941,12.17,11.941,12.1,0.159,1.3315,56383.12,67919.579,11.941,12.17,11.941,12.1
20070921,510180.SH,12.1,12.1,12.121,11.91,12.05,-0.05,-0.4132,12065.95,14484.669,12.1,12.121,11.91,12.05
20070924,510180.SH,12.05,12.001,12.18,11.902,12.115,0.065,0.5394,15469.81,18674.209,12.001,12.18,11.902,12.115
20070925,510180.SH,12.115,12.1,12.15,12.005,12.08,-0.035,-0.2889,9337.61,11275.632,12.1,12.15,12.005,12.08
20070926,510180.SH,12.08,12.08,12.08,11.95,11.97,-0.11,-0.9106,6598.41,7927.48,12.08,12.08,11.95,11.97
20070927,510180.SH,11.97,11.92,11.971,11.875,11.97,0.0,0.0,6311.85,7524.084,11.92,11.971,11.875,11.97
20070928,510180.SH,11.97,11.983,12.318,11.983,12.297,0.327,2.7318,19108.48,23330.98,11.983,12.318,11.983,12.297
20071008,510180.SH,12.297,12.528,12.646,12.42,12.524,0.227,1.846,20295.43,25432.046,12.528,12.646,12.42,12.524
20071009,510180.SH,12.524,12.53,12.6,12.402,12.588,0.064,0.511,10986.65,13708.581,12.53,12.6,12.402,12.588
20071010,510180.SH,12.588,12.588,12.8,12.506,12.604,0.016,0.1271,10420.0,13220.629,12.588,12.8,12.506,12.604
20071011,510180.SH,12.604,12.604,12.78,12.521,12.775,0.171,1.3567,11075.06,14027.776,12.604,12.78,12.521,12.775
20071012,510180.SH,12.775,12.777,12.948,12.496,12.8,0.025,0.1957,32020.04,40914.485,12.777,12.948,12.496,12.8
20071015,510180.SH,12.8,12.855,13.25,12.701,13.06,0.26,2.0313,18071.2,23378.852,12.855,13.25,12.701,13.06
20071016,510180.SH,13.06,13.06,13.43,13.06,13.242,0.182,1.3936,34791.99,46134.616,13.06,13.43,13.06,13.242
20071017,510180.SH,13.242,13.28,13.285,13.076,13.14,-0.102,-0.7703,28144.54,37045.908,13.28,13.285,13.076,13.14
20071018,510180.SH,13.14,13.118,13.118,12.58,12.85,-0.29,-2.207,55571.44,70783.393,13.118,13.118,12.58,12.85
20071019,510180.SH,12.85,12.819,13.999,12.499,12.733,-0.117,-0.9105,50715.71,64502.739,12.819,13.999,12.499,12.733
20071022,510180.SH,12.733,12.55,12.649,12.26,12.295,-0.438,-3.4399,30404.58,37697.829,12.55,12.649,12.26,12.295
20071023,510180.SH,12.295,12.275,12.55,12.18,12.485,0.19,1.5453,79050.07,97529.94,12.275,12.55,12.18,12.485
20071024,510180.SH,12.485,12.58,12.686,12.474,12.646,0.161,1.2895,44493.63,56183.917,12.58,12.686,12.474,12.646
20071025,510180.SH,12.646,12.59,12.591,12.05,12.127,-0.519,-4.1041,63878.69,78140.289,12.59,12.591,12.05,12.127
20071026,510180.SH,12.127,11.99,12.22,11.943,12.182,0.055,0.4535,23323.76,28195.63,11.99,12.22,11.943,12.182
20071029,510180.SH,12.182,12.19,12.35,12.183,12.347,0.165,1.3545,15427.19,18974.375,12.19,12.35,12.183,12.347
20071030,510180.SH,12.347,12.353,12.56,12.3,12.56,0.213,1.7251,14883.03,18521.381,12.353,12.56,12.3,12.56
20071031,510180.SH,12.56,12.8,12.8,12.59,12.698,0.138,1.0987,22761.21,28873.411,12.8,12.8,12.59,12.698
20071101,510180.SH,12.698,12.698,12.776,12.601,12.62,-0.078,-0.6143,17629.73,22394.664,12.698,12.776,12.601,12.62
20071102,510180.SH,12.62,12.451,12.568,12.33,12.378,-0.242,-1.9176,21732.73,26972.642,12.451,12.568,12.33,12.378
20071105,510180.SH,12.378,12.378,12.43,12.05,12.18,-0.198,-1.5996,29442.64,35902.158,12.378,12.43,12.05,12.18
20071106,510180.SH,12.18,12.08,12.24,11.9,11.998,-0.182,-1.4943,31088.66,37424.3,12.08,12.24,11.9,11.998
20071107,510180.SH,11.998,12.048,12.184,11.79,12.031,0.033,0.275,40475.34,48552.068,12.048,12.184,11.79,12.031
20071108,510180.SH,12.031,11.968,11.968,11.4,11.426,-0.605,-5.0287,37191.2,43431.9,11.968,11.968,11.4,11.426
20071109,510180.SH,11.426,11.4,11.52,11.101,11.33,-0.096,-0.8402,42382.25,48099.842,11.4,11.52,11.101,11.33
20071112,510180.SH,11.33,11.1,11.3,10.701,11.196,-0.134,-1.1827,36552.44,40284.742,11.1,11.3,10.701,11.196
20071113,510180.SH,11.196,11.33,11.472,11.0,11.2,0.004,0.0357,34328.31,38687.56,11.33,11.472,11.0,11.2
20071114,510180.SH,11.2,11.352,11.6,11.11,11.598,0.398,3.5536,48557.69,55204.878,11.352,11.6,11.11,11.598
20071115,510180.SH,11.598,11.45,11.607,11.38,11.441,-0.157,-1.3537,22668.79,26063.668,11.45,11.607,11.38,11.441
20071116,510180.SH,11.441,11.34,11.348,11.14,11.321,-0.12,-1.0489,14558.19,16357.108,11.34,11.348,11.14,11.321
20071119,510180.SH,11.321,11.33,11.38,11.2,11.221,-0.1,-0.8833,8774.1,9893.634,11.33,11.38,11.2,11.221
20071120,510180.SH,11.221,11.16,11.439,11.002,11.366,0.145,1.2922,35323.83,39342.467,11.16,11.439,11.002,11.366
20071121,510180.SH,11.366,11.45,11.495,11.231,11.24,-0.126,-1.1086,22409.52,25455.547,11.45,11.495,11.231,11.24
20071122,510180.SH,11.24,11.09,11.09,10.7,10.789,-0.451,-4.0125,25015.17,27340.435,11.09,11.09,10.7,10.789
20071123,510180.SH,10.789,10.65,10.88,10.56,10.856,0.067,0.621,14697.41,15763.378,10.65,10.88,10.56,10.856
20071126,510180.SH,10.856,10.97,11.072,10.779,10.783,-0.073,-0.6724,36318.78,39875.582,10.97,11.072,10.779,10.783
20071127,510180.SH,10.783,10.702,10.81,10.611,10.617,-0.166,-1.5395,13533.35,14457.717,10.702,10.81,10.611,10.617
20071128,510180.SH,10.617,10.631,10.799,10.48,10.56,-0.057,-0.5369,17535.89,18539.119,10.631,10.799,10.48,10.56
20071129,510180.SH,10.56,10.585,10.945,10.5,10.909,0.349,3.3049,25963.66,27866.07,10.585,10.945,10.5,10.909
20071130,510180.SH,10.909,10.9,10.9,10.63,10.676,-0.233,-2.1359,19451.58,20889.289,10.9,10.9,10.63,10.676
20071203,510180.SH,10.676,10.55,10.818,10.55,10.771,0.095,0.8898,9213.18,9871.022,10.55,10.818,10.55,10.771
20071204,510180.SH,10.771,10.8,10.986,10.8,10.899,0.128,1.1884,13147.61,14336.765,10.8,10.986,10.8,10.899
20071205,510180.SH,10.899,10.851,11.226,10.8,11.194,0.295,2.7067,18503.56,20508.1,10.851,11.226,10.8,11.194
20071206,510180.SH,11.194,11.26,11.266,11.13,11.212,0.018,0.1608,13217.41,14815.498,11.26,11.266,11.13,11.212
20071207,510180.SH,11.212,11.219,11.4,11.219,11.4,0.188,1.6768,10483.4,11889.704,11.219,11.4,11.219,11.4
20071210,510180.SH,11.4,11.25,11.61,11.21,11.595,0.195,1.7105,49826.71,57077.078,11.25,11.61,11.21,11.595
20071211,510180.SH,11.595,11.6,11.639,11.44,11.596,0.001,0.0086,34753.33,40190.973,11.6,11.639,11.44,11.596
20071212,510180.SH,11.596,11.428,11.548,11.3,11.384,-0.212,-1.8282,33261.06,37872.066,11.428,11.548,11.3,11.384
20071213,510180.SH,11.384,11.301,11.376,10.958,10.988,-0.396,-3.4786,27402.1,30634.77,11.301,11.376,10.958,10.988
20071214,510180.SH,10.988,10.89,11.194,10.816,11.185,0.197,1.7929,39711.31,43320.339,10.89,11.194,10.816,11.185
20071217,510180.SH,11.185,11.2,11.264,10.88,10.9,-0.285,-2.5481,24621.91,27001.785,11.2,11.264,10.88,10.9
20071218,510180.SH,10.9,10.8,10.96,10.723,10.781,-0.119,-1.0917,36279.5,39160.686,10.8,10.96,10.723,10.781
20071219,510180.SH,10.781,10.869,11.08,10.855,11.029,0.248,2.3003,22485.95,24729.891,10.869,11.08,10.855,11.029
20071220,510180.SH,11.029,11.048,11.35,10.901,11.273,0.244,2.2123,40447.95,45497.83,11.048,11.35,10.901,11.273
20071221,510180.SH,11.273,11.19,11.468,11.19,11.414,0.141,1.2508,21552.82,24538.362,11.19,11.468,11.19,11.414
20071224,510180.SH,11.414,11.468,11.754,11.467,11.711,0.297,2.6021,47365.88,55261.107,11.468,11.754,11.467,11.711
20071225,510180.SH,11.711,11.76,11.78,11.59,11.692,-0.019,-0.1622,56317.32,65830.593,11.76,11.78,11.59,11.692
20071226,510180.SH,11.692,11.666,11.78,11.62,11.72,0.028,0.2395,28277.69,33048.302,11.666,11.78,11.62,11.72
20071227,510180.SH,11.72,11.725,11.922,11.685,11.919,0.199,1.698,63484.79,75033.259,11.725,11.922,11.685,11.919
20071228,510180.SH,11.919,11.92,12.009,11.891,11.91,-0.009,-0.0755,38750.52,46338.827,11.92,12.009,11.891,11.91
20080102,510180.SH,11.91,11.978,11.978,11.778,11.868,-0.042,-0.3526,44637.6,52978.74,11.978,11.978,11.778,11.868
20080103,510180.SH,11.868,11.7,11.92,11.641,11.917,0.049,0.4129,30340.08,35668.961,11.7,11.92,11.641,11.917
20080104,510180.SH,11.917,11.912,12.15,11.91,12.105,0.188,1.5776,28998.4,34879.591,11.912,12.15,11.91,12.105
20080107,510180.SH,12.105,12.07,12.25,12.0,12.215,0.11,0.9087,36612.0,44531.366,12.07,12.25,12.0,12.215
20080108,510180.SH,12.215,12.3,12.428,12.032,12.179,-0.036,-0.2947,39268.03,48306.59,12.3,12.428,12.032,12.179
20080109,510180.SH,12.179,12.143,12.397,12.101,12.379,0.2,1.6422,17974.65,22052.945,12.143,12.397,12.101,12.379
20080110,510180.SH,12.379,12.378,12.542,12.377,12.485,0.106,0.8563,18066.22,22492.922,12.378,12.542,12.377,12.485
20080111,510180.SH,12.485,12.49,12.6,12.401,12.566,0.081,0.6488,22080.35,27644.107,12.49,12.6,12.401,12.566
20080114,510180.SH,12.566,12.605,12.715,12.551,12.68,0.114,0.9072,19200.47,24271.058,12.605,12.715,12.551,12.68
20080115,510180.SH,12.68,12.7,12.748,12.51,12.581,-0.099,-0.7808,39839.92,50407.529,12.7,12.748,12.51,12.581
20080116,510180.SH,12.581,12.4,12.57,12.135,12.206,-0.375,-2.9807,51620.4,63428.767,12.4,12.57,12.135,12.206
20080117,510180.SH,12.206,12.022,12.206,11.62,11.969,-0.237,-1.9417,53951.33,64150.719,12.022,12.206,11.62,11.969
20080118,510180.SH,11.969,11.8,11.999,11.7,11.935,-0.034,-0.2841,16338.44,19400.113,11.8,11.999,11.7,11.935
20080121,510180.SH,11.935,11.88,11.95,11.37,11.385,-0.55,-4.6083,46743.37,54162.16,11.88,11.95,11.37,11.385
20080122,510180.SH,11.385,11.056,11.15,10.4,10.514,-0.871,-7.6504,129152.36,139885.363,11.056,11.15,10.4,10.514
20080123,510180.SH,10.514,10.63,10.98,10.503,10.928,0.414,3.9376,56577.63,60865.557,10.63,10.98,10.503,10.928
20080124,510180.SH,10.928,10.95,11.074,10.76,10.931,0.003,0.0275,33861.77,37179.148,10.95,11.074,10.76,10.931
20080125,510180.SH,10.931,10.939,11.25,10.8,11.072,0.141,1.2899,24959.43,27497.929,10.939,11.25,10.8,11.072
20080128,510180.SH,11.072,11.0,11.0,10.43,10.456,-0.616,-5.5636,26794.18,28368.542,11.0,11.0,10.43,10.456
20080129,510180.SH,10.456,10.5,10.687,10.298,10.499,0.043,0.4112,28048.1,29355.013,10.5,10.687,10.298,10.499
20080130,510180.SH,10.499,10.566,10.62,10.0,10.291,-0.208,-1.9811,23198.81,24154.621,10.566,10.62,10.0,10.291
20080131,510180.SH,10.291,10.3,10.379,10.1,10.159,-0.132,-1.2827,16091.67,16419.71,10.3,10.379,10.1,10.159
20080201,510180.SH,10.159,10.16,10.19,9.81,10.041,-0.118,-1.1615,35625.22,35682.273,10.16,10.19,9.81,10.041
20080204,510180.SH,10.041,10.25,11.045,10.25,11.045,1.004,9.999,26782.09,28529.744,10.25,11.045,10.25,11.045
20080205,510180.SH,11.045,10.98,10.98,10.7,10.759,-0.286,-2.5894,43795.86,47479.165,10.98,10.98,10.7,10.759
20080213,510180.SH,10.759,10.51,10.699,10.412,10.53,-0.229,-2.1285,13369.27,14100.322,10.51,10.699,10.412,10.53
20080214,510180.SH,10.53,10.601,10.74,10.6,10.641,0.111,1.0541,10033.64,10680.715,10.601,10.74,10.6,10.641
20080215,510180.SH,10.641,10.598,10.598,10.38,10.505,-0.136,-1.2781,7884.06,8240.987,10.598,10.598,10.38,10.505
20080218,510180.SH,10.505,10.718,10.765,10.6,10.729,0.224,2.1323,11892.43,12723.784,10.718,10.765,10.6,10.729
20080219,510180.SH,10.729,10.73,10.92,10.65,10.915,0.186,1.7336,17470.02,18858.728,10.73,10.92,10.65,10.915
20080220,510180.SH,10.915,10.95,11.002,10.701,10.71,-0.205,-1.8781,28598.8,30925.448,10.95,11.002,10.701,10.71
20080221,510180.SH,10.71,10.59,10.659,10.411,10.585,-0.125,-1.1671,10788.79,11393.015,10.59,10.659,10.411,10.585
20080222,510180.SH,10.585,10.504,10.504,10.15,10.189,-0.396,-3.7411,20609.71,21158.996,10.504,10.504,10.15,10.189
20080225,510180.SH,10.189,10.189,10.268,9.842,9.875,-0.314,-3.0818,28074.77,27972.163,10.189,10.268,9.842,9.875
20080226,510180.SH,9.875,10.2,10.254,9.668,9.836,-0.039,-0.3949,39922.2,39562.74,10.2,10.254,9.668,9.836
20080227,510180.SH,9.836,9.849,10.179,9.836,10.129,0.293,2.9789,22043.0,22202.567,9.849,10.179,9.836,10.129
20080228,510180.SH,10.129,10.15,10.2,9.9,10.088,-0.041,-0.4048,12372.53,12483.552,10.15,10.2,9.9,10.088
20080229,510180.SH,10.088,10.06,10.19,9.988,10.164,0.076,0.7534,11394.37,11570.595,10.06,10.19,9.988,10.164
20080303,510180.SH,10.164,10.1,10.455,10.05,10.451,0.287,2.8237,21052.67,21736.107,10.1,10.455,10.05,10.451
20080304,510180.SH,10.451,10.461,10.55,10.151,10.223,-0.228,-2.1816,26758.79,27717.543,10.461,10.55,10.151,10.223
20080305,510180.SH,10.223,10.151,10.224,9.929,10.106,-0.117,-1.1445,17277.57,17369.671,10.151,10.224,9.929,10.106
20080306,510180.SH,10.106,10.2,10.35,10.03,10.183,0.077,0.7619,12050.98,12323.775,10.2,10.35,10.03,10.183
20080307,510180.SH,10.183,10.095,10.18,9.999,10.065,-0.118,-1.1588,8840.31,8901.6,10.095,10.18,9.999,10.065
20080310,510180.SH,10.065,9.97,10.0,9.66,9.715,-0.35,-3.4774,28384.37,27847.738,9.97,10.0,9.66,9.715
20080311,510180.SH,9.715,9.69,9.716,9.501,9.712,-0.003,-0.0309,19066.25,18362.993,9.69,9.716,9.501,9.712
20080312,510180.SH,9.712,9.879,9.99,9.46,9.475,-0.237,-2.4403,25452.9,24825.058,9.879,9.99,9.46,9.475
20080313,510180.SH,9.475,9.417,9.417,9.118,9.187,-0.288,-3.0396,40330.51,37307.958,9.417,9.417,9.118,9.187
20080314,510180.SH,9.187,9.14,9.25,9.0,9.114,-0.073,-0.7946,19857.52,18036.089,9.14,9.25,9.0,9.114
20080317,510180.SH,9.114,9.078,9.087,8.7,8.774,-0.34,-3.7305,19627.69,17478.412,9.078,9.087,8.7,8.774
20080318,510180.SH,8.774,8.742,8.94,8.24,8.331,-0.443,-5.049,44547.01,37593.886,8.742,8.94,8.24,8.331
20080319,510180.SH,8.331,8.5,8.79,8.37,8.552,0.221,2.6527,26509.97,22639.891,8.5,8.79,8.37,8.552
20080320,510180.SH,8.552,8.339,8.875,8.15,8.801,0.249,2.9116,31066.85,26351.219,8.339,8.875,8.15,8.801
20080321,510180.SH,8.801,8.761,8.899,8.711,8.835,0.034,0.3863,30414.61,26843.846,8.761,8.899,8.711,8.835
20080324,510180.SH,8.835,8.91,8.97,8.55,8.552,-0.283,-3.2032,29250.61,25674.091,8.91,8.97,8.55,8.552
20080325,510180.SH,8.552,8.5,8.681,8.3,8.575,0.023,0.2689,53782.99,45767.91,8.5,8.681,8.3,8.575
20080326,510180.SH,8.575,8.649,8.718,8.488,8.55,-0.025,-0.2915,13030.62,11221.478,8.649,8.718,8.488,8.55
20080327,510180.SH,8.55,8.448,8.48,8.23,8.256,-0.294,-3.4386,28679.31,23869.072,8.448,8.48,8.23,8.256
20080328,510180.SH,8.256,8.18,8.629,8.058,8.593,0.337,4.0819,45302.92,37892.001,8.18,8.629,8.058,8.593
20080331,510180.SH,8.593,8.301,8.489,8.28,8.331,-0.262,-3.049,20399.79,17126.476,8.301,8.489,8.28,8.331
20080401,510180.SH,8.331,8.27,8.398,7.88,7.925,-0.406,-4.8734,39621.17,31834.471,8.27,8.398,7.88,7.925
20080402,510180.SH,7.925,8.12,8.189,7.7,7.86,-0.065,-0.8202,39783.39,31758.79,8.12,8.189,7.7,7.86
20080403,510180.SH,7.86,7.8,8.1,7.7,8.016,0.156,1.9847,23724.66,18814.229,7.8,8.1,7.7,8.016
20080407,510180.SH,8.016,8.013,8.528,7.86,8.519,0.503,6.275,32417.28,27066.579,8.013,8.528,7.86,8.519
20080408,510180.SH,8.519,8.521,8.63,8.436,8.567,0.048,0.5634,33155.67,28370.068,8.521,8.63,8.436,8.567
20080409,510180.SH,8.567,8.525,8.55,8.188,8.206,-0.361,-4.2138,32089.32,26742.254,8.525,8.55,8.188,8.206
20080410,510180.SH,8.206,8.1,8.26,7.95,8.228,0.022,0.2681,34927.03,28281.386,8.1,8.26,7.95,8.228
20080411,510180.SH,8.228,8.252,8.35,8.251,8.283,0.055,0.6684,16469.72,13654.169,8.252,8.35,8.251,8.283
20080414,510180.SH,8.283,8.111,8.15,7.76,7.872,-0.411,-4.962,28577.51,22617.906,8.111,8.15,7.76,7.872
20080415,510180.SH,7.872,7.772,7.89,7.568,7.884,0.012,0.1524,24167.53,18658.445,7.772,7.89,7.568,7.884
20080416,510180.SH,7.884,7.88,7.886,7.7,7.719,-0.165,-2.0928,9871.85,7677.911,7.88,7.886,7.7,7.719
20080417,510180.SH,7.719,7.75,7.849,7.45,7.493,-0.226,-2.9278,19284.73,14689.398,7.75,7.849,7.45,7.493
20080418,510180.SH,7.493,7.5,7.503,7.2,7.282,-0.211,-2.816,33944.63,24848.948,7.5,7.503,7.2,7.282
20080421,510180.SH,7.282,7.9,7.972,7.234,7.289,0.007,0.0961,244230.07,186989.273,7.9,7.972,7.234,7.289
20080422,510180.SH,7.289,7.222,7.348,7.008,7.332,0.043,0.5899,33629.24,23918.225,7.222,7.348,7.008,7.332
20080423,510180.SH,7.332,7.28,7.75,7.11,7.727,0.395,5.3873,42879.68,32310.196,7.28,7.75,7.11,7.727
20080424,510180.SH,7.727,8.5,8.5,8.28,8.5,0.773,10.0039,181462.97,153110.12,8.5,8.5,8.28,8.5
20080425,510180.SH,8.5,8.65,8.7,8.4,8.5,0.0,0.0,135304.67,115674.514,8.65,8.7,8.4,8.5
20080428,510180.SH,8.5,8.32,8.42,8.217,8.29,-0.21,-2.4706,49826.17,41420.86,8.32,8.42,8.217,8.29
20080429,510180.SH,8.29,8.23,8.39,8.12,8.38,0.09,1.0856,40160.84,33440.457,8.23,8.39,8.12,8.38
20080430,510180.SH,8.38,8.453,8.826,8.391,8.815,0.435,5.1909,93232.06,80648.879,8.453,8.826,8.391,8.815
20080505,510180.SH,8.815,8.94,8.96,8.83,8.95,0.135,1.5315,46032.66,40930.151,8.94,8.96,8.83,8.95
20080506,510180.SH,8.95,8.913,8.99,8.71,8.863,-0.087,-0.9721,48330.71,42871.87,8.913,8.99,8.71,8.863
20080507,510180.SH,8.863,8.78,8.932,8.5,8.501,-0.362,-4.0844,59002.96,51536.749,8.78,8.932,8.5,8.501
20080508,510180.SH,8.501,8.445,8.7,8.373,8.697,0.196,2.3056,42485.33,36243.8,8.445,8.7,8.373,8.697
20080509,510180.SH,8.697,8.7,8.789,8.46,8.574,-0.123,-1.4143,30801.72,26545.408,8.7,8.789,8.46,8.574
20080512,510180.SH,8.574,8.403,8.72,8.38,8.621,0.047,0.5482,23001.98,19671.573,8.403,8.72,8.38,8.621
20080513,510180.SH,8.621,8.404,8.61,8.38,8.472,-0.149,-1.7283,27783.82,23599.875,8.404,8.61,8.38,8.472
20080514,510180.SH,8.472,8.47,8.86,8.47,8.817,0.345,4.0722,51775.91,45100.092,8.47,8.86,8.47,8.817
20080515,510180.SH,8.817,8.86,8.879,8.701,8.702,-0.115,-1.3043,69229.8,61090.228,8.86,8.879,8.701,8.702
20080516,510180.SH,8.702,8.702,8.788,8.6,8.646,-0.056,-0.6435,44124.3,38219.677,8.702,8.788,8.6,8.646
20080519,510180.SH,8.646,8.6,8.68,8.52,8.588,-0.058,-0.6708,35134.41,30206.59,8.6,8.68,8.52,8.588
20080520,510180.SH,8.588,8.588,8.7,8.158,8.197,-0.391,-4.5529,58379.59,49472.778,8.588,8.7,8.158,8.197
20080521,510180.SH,8.197,8.17,8.4,7.98,8.367,0.17,2.0739,66624.9,54015.075,8.17,8.4,7.98,8.367
20080522,510180.SH,8.367,8.185,8.4,8.0,8.22,-0.147,-1.7569,55222.88,45533.586,8.185,8.4,8.0,8.22
20080523,510180.SH,8.22,8.17,8.3,8.105,8.179,-0.041,-0.4988,46809.29,38359.152,8.17,8.3,8.105,8.179
20080526,510180.SH,8.179,8.12,8.161,7.95,7.96,-0.219,-2.6776,21733.54,17397.269,8.12,8.161,7.95,7.96
20080527,510180.SH,7.96,7.94,8.0,7.893,7.97,0.01,0.1256,20409.5,16254.623,7.94,8.0,7.893,7.97
20080528,510180.SH,7.97,7.972,8.25,7.901,8.166,0.196,2.4592,33002.54,26639.076,7.972,8.25,7.901,8.166
20080529,510180.SH,8.166,8.155,8.199,7.95,7.965,-0.201,-2.4614,18519.6,14983.227,8.155,8.199,7.95,7.965
20080530,510180.SH,7.965,8.0,8.071,7.941,8.041,0.076,0.9542,9669.64,7766.721,8.0,8.071,7.941,8.041
20080602,510180.SH,8.041,8.04,8.19,7.973,8.06,0.019,0.2363,30850.61,24903.681,8.04,8.19,7.973,8.06
20080603,510180.SH,8.06,8.073,8.14,8.031,8.072,0.012,0.1489,28705.14,23199.02,8.073,8.14,8.031,8.072
20080604,510180.SH,8.072,8.062,8.062,7.86,7.902,-0.17,-2.106,62594.18,49533.465,8.062,8.062,7.86,7.902
20080605,510180.SH,7.902,7.9,7.9,7.8,7.809,-0.093,-1.1769,9437.83,7395.04,7.9,7.9,7.8,7.809
20080606,510180.SH,7.809,7.83,7.878,7.788,7.792,-0.017,-0.2177,14456.37,11301.443,7.83,7.878,7.788,7.792
20080610,510180.SH,7.792,7.5,7.5,7.111,7.136,-0.656,-8.4189,29194.94,21439.447,7.5,7.5,7.111,7.136
20080611,510180.SH,7.136,7.149,7.18,6.95,7.017,-0.119,-1.6676,25600.46,18057.447,7.149,7.18,6.95,7.017
20080612,510180.SH,7.017,7.0,7.047,6.82,6.902,-0.115,-1.6389,20453.42,14130.758,7.0,7.047,6.82,6.902
20080613,510180.SH,6.902,6.93,6.978,6.725,6.732,-0.17,-2.4631,22617.61,15382.789,6.93,6.978,6.725,6.732
20080616,510180.SH,6.732,6.733,6.8,6.565,6.697,-0.035,-0.5199,29355.0,19668.033,6.733,6.8,6.565,6.697
20080617,510180.SH,6.697,6.69,6.721,6.428,6.491,-0.206,-3.076,32590.98,21310.112,6.69,6.721,6.428,6.491
20080618,510180.SH,6.491,6.499,6.85,6.271,6.791,0.3,4.6218,57247.21,37636.78,6.499,6.85,6.271,6.791
20080619,510180.SH,6.791,6.698,6.788,6.25,6.274,-0.517,-7.613,41292.09,27040.046,6.698,6.788,6.25,6.274
20080620,510180.SH,6.274,6.35,6.67,6.18,6.499,0.225,3.5862,50877.39,33080.174,6.35,6.67,6.18,6.499
20080623,510180.SH,6.499,6.487,6.487,6.299,6.38,-0.119,-1.8311,21360.1,13648.423,6.487,6.487,6.299,6.38
20080624,510180.SH,6.38,6.37,6.479,6.3,6.472,0.092,1.442,35727.93,22917.902,6.37,6.479,6.3,6.472
20080625,510180.SH,6.472,6.473,6.716,6.451,6.688,0.216,3.3375,16822.61,11148.602,6.473,6.716,6.451,6.688
20080626,510180.SH,6.688,6.7,6.774,6.587,6.729,0.041,0.613,34256.19,22905.942,6.7,6.774,6.587,6.729
20080627,510180.SH,6.729,6.498,6.55,6.275,6.388,-0.341,-5.0676,31344.2,20085.242,6.498,6.55,6.275,6.388
20080630,510180.SH,6.388,6.351,6.405,6.235,6.342,-0.046,-0.7201,13265.48,8376.961,6.351,6.405,6.235,6.342
20080701,510180.SH,6.342,6.377,6.396,6.1,6.127,-0.215,-3.3901,14744.61,9098.494,6.377,6.396,6.1,6.127
20080702,510180.SH,6.127,6.12,6.22,6.05,6.08,-0.047,-0.7671,19284.01,11793.969,6.12,6.22,6.05,6.08
20080703,510180.SH,6.08,6.034,6.395,5.93,6.268,0.188,3.0921,34955.68,21774.453,6.034,6.395,5.93,6.268
20080704,510180.SH,6.268,6.26,6.319,6.201,6.221,-0.047,-0.7498,12056.73,7522.302,6.26,6.319,6.201,6.221
20080707,510180.SH,6.221,6.23,6.567,6.23,6.548,0.327,5.2564,27656.45,17882.291,6.23,6.567,6.23,6.548
20080708,510180.SH,6.548,6.55,6.67,6.449,6.595,0.047,0.7178,34887.49,22969.952,6.55,6.67,6.449,6.595
20080709,510180.SH,6.595,6.652,6.84,6.614,6.812,0.217,3.2904,44512.63,30094.722,6.652,6.84,6.614,6.812
20080710,510180.SH,6.812,6.783,6.908,6.701,6.743,-0.069,-1.0129,56801.81,38711.37,6.783,6.908,6.701,6.743
20080711,510180.SH,6.743,6.739,6.795,6.61,6.671,-0.072,-1.0678,18362.46,12233.673,6.739,6.795,6.61,6.671
20080714,510180.SH,6.671,6.62,6.797,6.6,6.731,0.06,0.8994,16244.88,10901.571,6.62,6.797,6.6,6.731
20080715,510180.SH,6.731,6.748,6.818,6.463,6.478,-0.253,-3.7587,40683.2,26686.281,6.748,6.818,6.463,6.478
20080716,510180.SH,6.478,6.43,6.43,6.175,6.262,-0.216,-3.3344,31001.11,19486.625,6.43,6.43,6.175,6.262
20080717,510180.SH,6.262,6.323,6.398,6.183,6.215,-0.047,-0.7506,35413.49,22180.684,6.323,6.398,6.183,6.215
20080718,510180.SH,6.215,6.299,6.398,6.15,6.393,0.178,2.864,22063.13,13890.166,6.299,6.398,6.15,6.393
20080721,510180.SH,6.393,6.389,6.624,6.3,6.619,0.226,3.5351,24792.69,16117.302,6.389,6.624,6.3,6.619
20080722,510180.SH,6.619,6.53,6.665,6.53,6.594,-0.025,-0.3777,26535.65,17538.82,6.53,6.665,6.53,6.594
20080723,510180.SH,6.594,6.66,6.681,6.537,6.565,-0.029,-0.4398,24571.48,16278.272,6.66,6.681,6.537,6.565
20080724,510180.SH,6.565,6.592,6.785,6.592,6.776,0.211,3.214,42239.84,28263.473,6.592,6.785,6.592,6.776
20080725,510180.SH,6.776,6.7,6.766,6.62,6.678,-0.098,-1.4463,35143.17,23465.665,6.7,6.766,6.62,6.678
20080728,510180.SH,6.678,6.71,6.828,6.71,6.751,0.073,1.0931,52726.4,35737.822,6.71,6.828,6.71,6.751
20080729,510180.SH,6.751,6.685,6.685,6.588,6.603,-0.148,-2.1923,49998.12,33147.865,6.685,6.685,6.588,6.603
20080730,510180.SH,6.603,6.738,6.738,6.549,6.574,-0.029,-0.4392,76686.91,50752.28,6.738,6.738,6.549,6.574
20080731,510180.SH,6.574,6.598,6.63,6.41,6.422,-0.152,-2.3121,20002.08,12931.698,6.598,6.63,6.41,6.422
20080801,510180.SH,6.422,6.36,6.56,6.276,6.493,0.071,1.1056,61310.43,39619.545,6.36,6.56,6.276,6.493
20080804,510180.SH,6.493,6.485,6.485,6.275,6.329,-0.164,-2.5258,64672.09,41631.665,6.485,6.485,6.275,6.329
20080805,510180.SH,6.329,6.354,6.38,6.152,6.238,-0.091,-1.4378,66042.4,41693.731,6.354,6.38,6.152,6.238
20080806,510180.SH,6.238,6.241,6.338,6.199,6.28,0.042,0.6733,58436.37,36573.068,6.241,6.338,6.199,6.28
20080807,510180.SH,6.28,6.273,6.365,6.173,6.264,-0.016,-0.2548,54158.91,33929.11,6.273,6.365,6.173,6.264
20080808,510180.SH,6.264,6.263,6.274,5.953,5.981,-0.283,-4.5179,123843.75,76386.878,6.263,6.274,5.953,5.981
20080811,510180.SH,5.981,5.978,5.984,5.64,5.644,-0.337,-5.6345,79021.86,46090.439,5.978,5.984,5.64,5.644
20080812,510180.SH,5.644,5.64,5.698,5.573,5.635,-0.009,-0.1595,27156.95,15313.4,5.64,5.698,5.573,5.635
20080813,510180.SH,5.635,5.63,5.69,5.44,5.607,-0.028,-0.4969,63746.21,35089.473,5.63,5.69,5.44,5.607
20080814,510180.SH,5.607,5.604,5.66,5.527,5.593,-0.014,-0.2497,31113.94,17432.113,5.604,5.66,5.527,5.593
20080815,510180.SH,5.593,5.593,5.85,5.551,5.637,0.044,0.7867,84688.79,47690.811,5.593,5.85,5.551,5.637
20080818,510180.SH,5.637,5.637,5.65,5.357,5.377,-0.26,-4.6124,28615.96,15808.717,5.637,5.65,5.357,5.377
20080819,510180.SH,5.377,5.35,5.485,5.321,5.428,0.051,0.9485,53829.96,29161.715,5.35,5.485,5.321,5.428
20080820,510180.SH,5.428,5.415,5.862,5.326,5.86,0.432,7.9587,118405.79,66690.206,5.415,5.862,5.326,5.86
20080821,510180.SH,5.86,5.715,5.83,5.611,5.631,-0.229,-3.9078,89654.31,51355.521,5.715,5.83,5.611,5.631
20080822,510180.SH,5.631,5.581,5.632,5.48,5.533,-0.098,-1.7404,35301.36,19547.087,5.581,5.632,5.48,5.533
20080825,510180.SH,5.533,5.533,5.65,5.452,5.577,0.044,0.7952,18539.12,10357.123,5.533,5.65,5.452,5.577
20080826,510180.SH,5.577,5.532,5.533,5.349,5.371,-0.206,-3.6937,32589.0,17843.198,5.532,5.533,5.349,5.371
20080827,510180.SH,5.371,5.4,5.46,5.33,5.408,0.037,0.6889,22190.68,11997.951,5.4,5.46,5.33,5.408
20080828,510180.SH,5.408,5.408,5.48,5.37,5.449,0.041,0.7581,75591.7,40972.059,5.408,5.48,5.37,5.449
20080829,510180.SH,5.449,5.465,5.65,5.465,5.562,0.113,2.0738,9607.59,5330.648,5.465,5.65,5.465,5.562
20080901,510180.SH,5.562,5.53,5.54,5.34,5.402,-0.16,-2.8767,14213.61,7735.872,5.53,5.54,5.34,5.402
20080902,510180.SH,5.402,5.393,5.393,5.289,5.301,-0.101,-1.8697,11220.4,5964.308,5.393,5.393,5.289,5.301
20080903,510180.SH,5.301,5.322,5.36,5.203,5.227,-0.074,-1.396,14416.28,7578.154,5.322,5.36,5.203,5.227
20080904,510180.SH,5.227,5.227,5.29,5.179,5.23,0.003,0.0574,13680.4,7141.907,5.227,5.29,5.179,5.23
20080905,510180.SH,5.23,5.11,5.178,5.08,5.139,-0.091,-1.74,58540.47,29999.35,5.11,5.178,5.08,5.139
20080908,510180.SH,5.139,5.12,5.124,4.97,4.991,-0.148,-2.8799,16842.38,8515.734,5.12,5.124,4.97,4.991
20080909,510180.SH,4.991,5.001,5.05,4.962,5.0,0.009,0.1803,9299.63,4636.239,5.001,5.05,4.962,5.0
20080910,510180.SH,5.0,4.989,5.109,4.922,5.03,0.03,0.6,63674.13,32062.392,4.989,5.109,4.922,5.03
20080911,510180.SH,5.03,5.03,5.03,4.86,4.873,-0.157,-3.1213,43962.99,21624.803,5.03,5.03,4.86,4.873
20080912,510180.SH,4.873,4.885,4.928,4.87,4.875,0.002,0.041,30019.84,14715.124,4.885,4.928,4.87,4.875
20080916,510180.SH,4.875,4.86,4.86,4.65,4.669,-0.206,-4.2256,54804.65,25785.121,4.86,4.86,4.65,4.669
20080917,510180.SH,4.669,4.68,4.698,4.462,4.471,-0.198,-4.2407,25234.09,11482.288,4.68,4.698,4.462,4.471
20080918,510180.SH,4.471,4.38,4.52,4.2,4.397,-0.074,-1.6551,43514.89,18816.876,4.38,4.52,4.2,4.397
20080919,510180.SH,4.397,4.837,4.837,4.837,4.837,0.44,10.0068,22807.03,11031.76,4.837,4.837,4.837,4.837
20080922,510180.SH,4.837,5.32,5.321,4.97,5.321,0.484,10.0062,199089.84,104546.791,5.32,5.321,4.97,5.321
20080923,510180.SH,5.321,5.05,5.088,4.905,4.945,-0.376,-7.0663,107543.19,53846.077,5.05,5.088,4.905,4.945
20080924,510180.SH,4.945,4.869,5.015,4.796,5.008,0.063,1.274,87016.77,42435.8,4.869,5.015,4.796,5.008
20080925,510180.SH,5.008,4.99,5.299,4.968,5.197,0.189,3.774,93942.76,48830.856,4.99,5.299,4.968,5.197
20080926,510180.SH,5.197,5.211,5.269,5.116,5.24,0.043,0.8274,102485.71,53212.416,5.211,5.269,5.116,5.24
20081006,510180.SH,5.24,5.39,5.39,4.96,4.966,-0.274,-5.229,44591.16,22614.687,5.39,5.39,4.96,4.966
20081007,510180.SH,4.966,4.752,4.955,4.7,4.846,-0.12,-2.4164,65864.32,31611.337,4.752,4.955,4.7,4.846
20081008,510180.SH,4.846,4.749,4.816,4.643,4.673,-0.173,-3.57,28810.63,13530.484,4.749,4.816,4.643,4.673
20081009,510180.SH,4.673,4.705,4.779,4.601,4.605,-0.068,-1.4552,35118.99,16406.699,4.705,4.779,4.601,4.605
20081010,510180.SH,4.605,4.48,4.488,4.34,4.414,-0.191,-4.1477,33348.46,14728.094,4.48,4.488,4.34,4.414
20081013,510180.SH,4.414,4.416,4.643,4.33,4.633,0.219,4.9615,77271.56,34260.917,4.416,4.643,4.33,4.633
20081014,510180.SH,4.633,4.8,4.85,4.51,4.513,-0.12,-2.5901,38774.38,18321.225,4.8,4.85,4.51,4.513
20081015,510180.SH,4.513,4.5,4.509,4.398,4.47,-0.043,-0.9528,42516.89,18806.611,4.5,4.509,4.398,4.47
20081016,510180.SH,4.47,4.325,4.325,4.195,4.2,-0.27,-6.0403,45176.39,19268.876,4.325,4.325,4.195,4.2
20081017,510180.SH,4.2,4.212,4.271,4.191,4.26,0.06,1.4286,16423.58,6966.016,4.212,4.271,4.191,4.26
20081020,510180.SH,4.26,4.26,4.38,4.188,4.377,0.117,2.7465,39643.15,16980.111,4.26,4.38,4.188,4.377
20081021,510180.SH,4.377,4.39,4.43,4.32,4.321,-0.056,-1.2794,34577.52,15144.04,4.39,4.43,4.32,4.321
20081022,510180.SH,4.321,4.275,4.33,4.216,4.223,-0.098,-2.268,13128.64,5573.283,4.275,4.33,4.216,4.223
20081023,510180.SH,4.223,4.15,4.2,4.07,4.187,-0.036,-0.8525,20183.78,8317.75,4.15,4.2,4.07,4.187
20081024,510180.SH,4.187,4.213,4.213,4.055,4.071,-0.116,-2.7705,30799.5,12640.501,4.213,4.213,4.055,4.071
20081027,510180.SH,4.071,4.0,4.0,3.8,3.807,-0.264,-6.4849,42928.54,16771.62,4.0,4.0,3.8,3.807
20081028,510180.SH,3.807,3.749,3.95,3.7,3.916,0.109,2.8631,40461.47,15463.614,3.749,3.95,3.7,3.916
20081029,510180.SH,3.916,3.945,3.963,3.765,3.79,-0.126,-3.2176,53627.42,20902.165,3.945,3.963,3.765,3.79
20081030,510180.SH,3.79,3.799,3.933,3.762,3.862,0.072,1.8997,52428.49,20205.715,3.799,3.933,3.762,3.862
20081031,510180.SH,3.862,3.862,3.87,3.794,3.803,-0.059,-1.5277,20988.54,8014.232,3.862,3.87,3.794,3.803
20081103,510180.SH,3.803,3.778,3.836,3.723,3.776,-0.027,-0.71,33399.99,12667.905,3.778,3.836,3.723,3.776
20081104,510180.SH,3.776,3.741,3.786,3.7,3.777,0.001,0.0265,31174.74,11705.542,3.741,3.786,3.7,3.777
20081105,510180.SH,3.777,3.789,3.962,3.788,3.907,0.13,3.4419,30594.41,11954.072,3.789,3.962,3.788,3.907
20081106,510180.SH,3.907,3.82,3.828,3.764,3.802,-0.105,-2.6875,36327.87,13820.251,3.82,3.828,3.764,3.802
20081107,510180.SH,3.802,3.744,3.886,3.701,3.854,0.052,1.3677,54944.91,20839.135,3.744,3.886,3.701,3.854
20081110,510180.SH,3.854,3.959,4.219,3.95,4.215,0.361,9.3669,60252.3,24609.077,3.959,4.219,3.95,4.215
20081111,510180.SH,4.215,4.218,4.223,4.081,4.111,-0.104,-2.4674,47849.28,19963.988,4.218,4.223,4.081,4.111
20081112,510180.SH,4.111,4.05,4.188,4.011,4.168,0.057,1.3865,20782.18,8579.698,4.05,4.188,4.011,4.168
20081113,510180.SH,4.168,4.1,4.37,4.051,4.346,0.178,4.2706,52337.06,22208.624,4.1,4.37,4.051,4.346
20081114,510180.SH,4.346,4.398,4.48,4.302,4.479,0.133,3.0603,62247.45,27421.058,4.398,4.48,4.302,4.479
20081117,510180.SH,4.479,4.49,4.565,4.42,4.549,0.07,1.5628,49964.34,22480.196,4.49,4.565,4.42,4.549
20081118,510180.SH,4.549,4.525,4.577,4.213,4.264,-0.285,-6.2651,66269.4,29273.065,4.525,4.577,4.213,4.264
20081119,510180.SH,4.264,4.227,4.57,4.227,4.563,0.299,7.0122,53503.16,23427.455,4.227,4.57,4.227,4.563
20081120,510180.SH,4.563,4.477,4.569,4.4,4.443,-0.12,-2.6298,71725.57,31988.191,4.477,4.569,4.4,4.443
20081121,510180.SH,4.443,4.3,4.539,4.213,4.426,-0.017,-0.3826,85112.39,37357.162,4.3,4.539,4.213,4.426
20081124,510180.SH,4.426,4.4,4.418,4.2,4.208,-0.218,-4.9254,51316.31,22064.822,4.4,4.418,4.2,4.208
20081125,510180.SH,4.208,4.3,4.319,4.147,4.228,0.02,0.4753,36328.75,15313.348,4.3,4.319,4.147,4.228
20081126,510180.SH,4.228,4.23,4.306,4.15,4.238,0.01,0.2365,17009.9,7196.314,4.23,4.306,4.15,4.238
20081127,510180.SH,4.238,4.6,4.625,4.33,4.34,0.102,2.4068,88363.01,39404.691,4.6,4.625,4.33,4.34
20081128,510180.SH,4.34,4.3,4.301,4.165,4.199,-0.141,-3.2488,60416.22,25553.533,4.3,4.301,4.165,4.199
20081201,510180.SH,4.199,4.168,4.26,4.138,4.255,0.056,1.3337,22741.17,9532.136,4.168,4.26,4.138,4.255
20081202,510180.SH,4.255,4.15,4.288,4.138,4.235,-0.02,-0.47,17655.0,7429.351,4.15,4.288,4.138,4.235
20081203,510180.SH,4.235,4.262,4.44,4.25,4.438,0.203,4.7934,42685.17,18597.213,4.262,4.44,4.25,4.438
20081204,510180.SH,4.438,4.488,4.65,4.488,4.534,0.096,2.1631,64800.14,29639.126,4.488,4.65,4.488,4.534
20081205,510180.SH,4.534,4.524,4.578,4.488,4.568,0.034,0.7499,35663.29,16140.639,4.524,4.578,4.488,4.568
20081208,510180.SH,4.568,4.63,4.77,4.605,4.768,0.2,4.3783,51780.01,24373.068,4.63,4.77,4.605,4.768
20081209,510180.SH,4.768,4.793,4.794,4.65,4.669,-0.099,-2.0763,48278.69,22801.933,4.793,4.794,4.65,4.669
20081210,510180.SH,4.669,4.634,4.794,4.6,4.792,0.123,2.6344,34803.62,16374.876,4.634,4.794,4.6,4.792
20081211,510180.SH,4.792,4.77,4.78,4.641,4.648,-0.144,-3.005,31462.54,14833.216,4.77,4.78,4.641,4.648
20081212,510180.SH,4.648,4.6,4.63,4.426,4.47,-0.178,-3.8296,42469.88,19210.286,4.6,4.63,4.426,4.47
20081215,510180.SH,4.47,4.501,4.58,4.445,4.482,0.012,0.2685,27033.49,12200.024,4.501,4.58,4.445,4.482
20081216,510180.SH,4.482,4.458,4.555,4.365,4.548,0.066,1.4726,29171.41,12928.533,4.458,4.555,4.365,4.548
20081217,510180.SH,4.548,4.554,4.598,4.511,4.52,-0.028,-0.6157,27999.34,12769.712,4.554,4.598,4.511,4.52
20081218,510180.SH,4.52,4.556,4.633,4.48,4.622,0.102,2.2566,34299.64,15627.854,4.556,4.633,4.48,4.622
20081219,510180.SH,4.622,4.622,4.692,4.591,4.639,0.017,0.3678,67717.64,31511.13,4.622,4.692,4.591,4.639
20081222,510180.SH,4.639,4.636,4.675,4.525,4.552,-0.087,-1.8754,27584.25,12667.989,4.636,4.675,4.525,4.552
20081223,510180.SH,4.552,4.555,4.561,4.331,4.343,-0.209,-4.5914,41331.61,18252.241,4.555,4.561,4.331,4.343
20081224,510180.SH,4.343,4.31,4.35,4.25,4.276,-0.067,-1.5427,32393.08,13923.646,4.31,4.35,4.25,4.276
20081225,510180.SH,4.276,4.26,4.33,4.21,4.255,-0.021,-0.4911,18735.01,7978.966,4.26,4.33,4.21,4.255
20081226,510180.SH,4.255,4.288,4.29,4.23,4.25,-0.005,-0.1175,8647.14,3683.686,4.288,4.29,4.23,4.25
20081229,510180.SH,4.25,4.237,4.244,4.15,4.238,-0.012,-0.2824,9129.17,3829.94,4.237,4.244,4.15,4.238
20081230,510180.SH,4.238,4.259,4.262,4.18,4.191,-0.047,-1.109,12583.36,5312.521,4.259,4.262,4.18,4.191
20081231,510180.SH,4.191,4.192,4.24,4.14,4.151,-0.04,-0.9544,13218.38,5523.412,4.192,4.24,4.14,4.151
20090105,510180.SH,4.151,4.202,4.315,4.202,4.3,0.149,3.5895,18743.7,7969.609,4.202,4.315,4.202,4.3
20090106,510180.SH,4.3,4.29,4.459,4.29,4.447,0.147,3.4186,44611.24,19609.096,4.29,4.459,4.29,4.447
20090107,510180.SH,4.447,4.447,4.51,4.436,4.44,-0.007,-0.1574,39981.21,17826.571,4.447,4.51,4.436,4.44
20090108,510180.SH,4.44,4.381,4.388,4.295,4.33,-0.11,-2.4775,16679.67,7223.09,4.381,4.388,4.295,4.33
20090109,510180.SH,4.33,4.315,4.4,4.315,4.39,0.06,1.3857,7699.39,3371.501,4.315,4.4,4.315,4.39
20090112,510180.SH,4.39,4.395,4.451,4.36,4.393,0.003,0.0683,11106.41,4891.625,4.395,4.451,4.36,4.393
20090113,510180.SH,4.393,4.347,4.37,4.301,4.304,-0.089,-2.026,23736.7,10281.882,4.347,4.37,4.301,4.304
20090114,510180.SH,4.304,4.33,4.485,4.302,4.484,0.18,4.1822,29882.69,13165.667,4.33,4.485,4.302,4.484
20090115,510180.SH,4.484,4.448,4.549,4.426,4.472,-0.012,-0.2676,53349.41,23867.268,4.448,4.549,4.426,4.472
20090116,510180.SH,4.472,4.5,4.635,4.5,4.58,0.108,2.415,55724.95,25626.683,4.5,4.635,4.5,4.58
20090119,510180.SH,4.58,4.642,4.714,4.56,4.624,0.044,0.9607,73923.2,34320.571,4.642,4.714,4.56,4.624
20090120,510180.SH,4.624,4.605,4.65,4.56,4.632,0.008,0.173,56256.55,25975.482,4.605,4.65,4.56,4.632
20090121,510180.SH,4.632,4.575,4.68,4.562,4.608,-0.024,-0.5181,18319.7,8489.457,4.575,4.68,4.562,4.608
20090122,510180.SH,4.608,4.64,4.7,4.609,4.698,0.09,1.9531,67932.41,31601.886,4.64,4.7,4.609,4.698
20090123,510180.SH,4.698,4.688,4.698,4.63,4.658,-0.04,-0.8514,47285.22,22076.125,4.688,4.698,4.63,4.658
20090202,510180.SH,4.658,4.665,4.71,4.65,4.689,0.031,0.6655,17855.03,8360.527,4.665,4.71,4.65,4.689
20090203,510180.SH,4.689,4.689,4.85,4.662,4.826,0.137,2.9217,37803.06,18091.708,4.689,4.85,4.662,4.826
20090204,510180.SH,4.826,4.864,4.949,4.85,4.948,0.122,2.528,45749.51,22429.952,4.864,4.949,4.85,4.948
20090205,510180.SH,4.948,4.935,5.04,4.86,4.894,-0.054,-1.0914,38125.35,18933.421,4.935,5.04,4.86,4.894
20090206,510180.SH,4.894,4.903,5.14,4.903,5.131,0.237,4.8427,275658.64,138487.194,4.903,5.14,4.903,5.131
20090209,510180.SH,5.131,5.165,5.25,5.16,5.216,0.085,1.6566,143159.54,74465.784,5.165,5.25,5.16,5.216
20090210,510180.SH,5.216,5.2,5.258,5.13,5.258,0.042,0.8052,74891.41,38819.773,5.2,5.258,5.13,5.258
20090211,510180.SH,5.258,5.19,5.36,5.131,5.27,0.012,0.2282,68523.36,35889.216,5.19,5.36,5.131,5.27
20090212,510180.SH,5.27,5.222,5.298,5.095,5.201,-0.069,-1.3093,71371.92,36803.143,5.222,5.298,5.095,5.201
20090213,510180.SH,5.201,5.2,5.465,5.2,5.459,0.258,4.9606,49820.81,26389.726,5.2,5.465,5.2,5.459
20090216,510180.SH,5.459,5.495,5.557,5.401,5.555,0.096,1.7586,151321.07,83348.421,5.495,5.557,5.401,5.555
20090217,510180.SH,5.555,5.555,5.56,5.4,5.413,-0.142,-2.5563,70173.92,38609.439,5.555,5.56,5.4,5.413
20090218,510180.SH,5.413,5.338,5.345,5.165,5.177,-0.236,-4.3599,144494.21,76034.58,5.338,5.345,5.165,5.177
20090219,510180.SH,5.177,5.182,5.25,5.139,5.208,0.031,0.5988,133048.45,69034.4,5.182,5.25,5.139,5.208
20090220,510180.SH,5.208,5.197,5.3,5.145,5.299,0.091,1.7473,70747.25,36970.97,5.197,5.3,5.145,5.299
20090223,510180.SH,5.299,5.29,5.469,5.15,5.44,0.141,2.6609,55498.2,29523.581,5.29,5.469,5.15,5.44
20090224,510180.SH,5.44,5.38,5.425,5.18,5.195,-0.245,-4.5037,246706.43,131302.002,5.38,5.425,5.18,5.195
20090225,510180.SH,5.195,5.21,5.259,5.025,5.18,-0.015,-0.2887,179602.21,92557.033,5.21,5.259,5.025,5.18
20090226,510180.SH,5.18,5.17,5.235,4.93,4.998,-0.182,-3.5135,57419.94,29514.54,5.17,5.235,4.93,4.998
20090227,510180.SH,4.998,4.938,4.959,4.828,4.83,-0.168,-3.3613,134064.4,65676.045,4.938,4.959,4.828,4.83
20090302,510180.SH,4.83,4.827,4.94,4.772,4.897,0.067,1.3872,26742.84,12958.3,4.827,4.94,4.772,4.897
20090303,510180.SH,4.897,4.8,4.897,4.76,4.845,-0.052,-1.0619,32218.81,15557.312,4.8,4.897,4.76,4.845
20090304,510180.SH,4.845,4.843,5.19,4.843,5.18,0.335,6.9143,44580.78,22414.072,4.843,5.19,4.843,5.18
20090305,510180.SH,5.18,5.2,5.295,5.11,5.208,0.028,0.5405,112382.11,58650.895,5.2,5.295,5.11,5.208
20090306,510180.SH,5.208,5.112,5.196,5.09,5.158,-0.05,-0.9601,35820.59,18475.197,5.112,5.196,5.09,5.158
20090309,510180.SH,5.158,5.16,5.26,4.985,5.004,-0.154,-2.9857,51129.19,26289.079,5.16,5.26,4.985,5.004
20090310,510180.SH,5.004,4.95,5.077,4.915,5.074,0.07,1.3989,59041.74,29259.541,4.95,5.077,4.915,5.074
20090311,510180.SH,5.074,5.19,5.199,5.0,5.048,-0.026,-0.5124,25576.76,13037.712,5.19,5.199,5.0,5.048
20090312,510180.SH,5.048,5.0,5.025,4.915,5.004,-0.044,-0.8716,78784.27,39120.817,5.0,5.025,4.915,5.004
20090313,510180.SH,5.004,5.049,5.12,4.96,4.972,-0.032,-0.6395,31163.21,15639.663,5.049,5.12,4.96,4.972
20090316,510180.SH,4.972,4.971,5.119,4.93,5.095,0.123,2.4739,57739.6,28653.207,4.971,5.119,4.93,5.095
20090317,510180.SH,5.095,5.074,5.289,5.074,5.276,0.181,3.5525,39002.88,20284.525,5.074,5.289,5.074,5.276
20090318,510180.SH,5.276,5.299,5.359,5.24,5.272,-0.004,-0.0758,104210.16,55291.029,5.299,5.359,5.24,5.272
20090319,510180.SH,5.272,5.27,5.39,5.263,5.38,0.108,2.0486,25872.71,13807.75,5.27,5.39,5.263,5.38
20090320,510180.SH,5.38,5.38,5.43,5.3,5.376,-0.004,-0.0743,88000.46,47259.003,5.38,5.43,5.3,5.376
20090323,510180.SH,5.376,5.38,5.53,5.36,5.499,0.123,2.2879,46055.01,25192.367,5.38,5.53,5.36,5.499
20090324,510180.SH,5.499,5.56,5.608,5.502,5.528,0.029,0.5274,118482.79,65782.498,5.56,5.608,5.502,5.528
20090325,510180.SH,5.528,5.48,5.58,5.4,5.423,-0.105,-1.8994,76599.13,42188.363,5.48,5.58,5.4,5.423
20090326,510180.SH,5.423,5.441,5.64,5.393,5.639,0.216,3.983,59332.63,32591.222,5.441,5.64,5.393,5.639
20090327,510180.SH,5.639,5.65,5.702,5.618,5.66,0.021,0.3724,116032.51,65791.865,5.65,5.702,5.618,5.66
20090330,510180.SH,5.66,5.636,5.69,5.6,5.633,-0.027,-0.477,84660.72,47776.005,5.636,5.69,5.6,5.633
20090331,510180.SH,5.633,5.548,5.72,5.5,5.684,0.051,0.9054,61748.39,34533.017,5.548,5.72,5.5,5.684
20090401,510180.SH,5.684,5.684,5.83,5.684,5.779,0.095,1.6714,127970.68,73778.883,5.684,5.83,5.684,5.779
20090402,510180.SH,5.779,5.786,5.894,5.786,5.838,0.059,1.0209,140508.63,82132.874,5.786,5.894,5.786,5.838
20090403,510180.SH,5.838,5.86,5.918,5.8,5.82,-0.018,-0.3083,93355.84,54760.306,5.86,5.918,5.8,5.82
20090407,510180.SH,5.82,5.81,5.9,5.78,5.847,0.027,0.4639,91109.3,53178.827,5.81,5.9,5.78,5.847
20090408,510180.SH,5.847,5.825,5.835,5.64,5.653,-0.194,-3.3179,85083.67,48811.554,5.825,5.835,5.64,5.653
20090409,510180.SH,5.653,5.64,5.715,5.58,5.712,0.059,1.0437,111507.62,63024.56,5.64,5.715,5.58,5.712
20090410,510180.SH,5.712,5.725,5.9,5.725,5.897,0.185,3.2388,82055.13,47782.451,5.725,5.9,5.725,5.897
20090413,510180.SH,5.748,5.885,6.02,5.884,5.989,0.241,4.1928,444232.53,264449.068,5.885,6.02,5.884,5.989
20090414,510180.SH,5.989,5.85,5.989,5.836,5.968,-0.021,-0.3506,68031.92,39994.054,5.85,5.989,5.836,5.968
20090415,510180.SH,5.968,5.886,5.93,5.789,5.911,-0.057,-0.9551,71900.82,42128.109,5.886,5.93,5.789,5.911
20090416,510180.SH,5.911,5.895,5.95,5.802,5.907,-0.004,-0.0677,122139.87,72088.077,5.895,5.95,5.802,5.907
20090417,510180.SH,5.907,5.861,5.918,5.761,5.842,-0.065,-1.1004,148910.37,87382.023,5.861,5.918,5.761,5.842
20090420,510180.SH,5.842,5.8,5.97,5.768,5.958,0.116,1.9856,88507.12,52212.031,5.8,5.97,5.768,5.958
20090421,510180.SH,5.958,5.9,5.928,5.79,5.88,-0.078,-1.3092,118811.67,69818.358,5.9,5.928,5.79,5.88
20090422,510180.SH,5.88,5.9,5.958,5.6,5.674,-0.206,-3.5034,103471.55,59849.28,5.9,5.958,5.6,5.674
20090423,510180.SH,5.674,5.63,5.719,5.61,5.697,0.023,0.4054,57514.9,32503.124,5.63,5.719,5.61,5.697
20090424,510180.SH,5.697,5.706,5.747,5.63,5.655,-0.042,-0.7372,56492.37,32190.031,5.706,5.747,5.63,5.655
20090427,510180.SH,5.655,5.629,5.649,5.505,5.538,-0.117,-2.069,58671.45,32607.958,5.629,5.649,5.505,5.538
20090428,510180.SH,5.538,5.515,5.578,5.471,5.558,0.02,0.3611,41299.57,22804.241,5.515,5.578,5.471,5.558
20090429,510180.SH,5.558,6.0,6.0,5.502,5.751,0.193,3.4725,92005.06,52244.453,6.0,6.0,5.502,5.751
20090430,510180.SH,5.751,5.769,5.809,5.722,5.777,0.026,0.4521,59933.9,34599.406,5.769,5.809,5.722,5.777
20090504,510180.SH,5.777,5.799,5.982,5.78,5.979,0.202,3.4966,115009.59,67906.557,5.799,5.982,5.78,5.979
20090505,510180.SH,5.979,5.985,6.058,5.95,5.986,0.007,0.1171,104214.94,62514.797,5.985,6.058,5.95,5.986
20090506,510180.SH,5.986,5.984,6.097,5.955,6.065,0.079,1.3197,83202.01,50279.414,5.984,6.097,5.955,6.065
20090507,510180.SH,6.065,6.089,6.14,6.0,6.086,0.021,0.3462,181899.25,110745.876,6.089,6.14,6.0,6.086
20090508,510180.SH,6.086,6.065,6.159,6.005,6.13,0.044,0.723,86995.79,53040.595,6.065,6.159,6.005,6.13
20090511,510180.SH,6.13,6.141,6.253,6.012,6.023,-0.107,-1.7455,82031.55,50519.458,6.141,6.253,6.012,6.023
20090512,510180.SH,6.023,5.97,6.138,5.961,6.133,0.11,1.8263,68553.63,41431.063,5.97,6.138,5.961,6.133
20090513,510180.SH,6.133,6.14,6.22,6.113,6.201,0.068,1.1088,79977.82,49324.121,6.14,6.22,6.113,6.201
20090514,510180.SH,6.201,6.16,6.168,6.06,6.124,-0.077,-1.2417,100251.85,61437.524,6.16,6.168,6.06,6.124
20090515,510180.SH,6.124,6.147,6.2,6.1,6.15,0.026,0.4246,42611.2,26213.234,6.147,6.2,6.1,6.15
20090518,510180.SH,6.15,6.15,6.189,6.031,6.18,0.03,0.4878,69171.92,42223.768,6.15,6.189,6.031,6.18
20090521,510180.SH,0.618,0.612,0.619,0.601,0.604,-0.014,-2.2654,2277858.13,138842.851,0.612,0.619,0.601,0.604
20090522,510180.SH,0.604,0.601,0.608,0.598,0.6,-0.004,-0.6623,1651093.17,99309.981,0.601,0.608,0.598,0.6
20090525,510180.SH,0.6,0.591,0.611,0.588,0.606,0.006,1.0,888432.11,53301.82,0.591,0.611,0.588,0.606
20090526,510180.SH,0.606,0.606,0.608,0.597,0.598,-0.008,-1.3201,650414.96,39256.112,0.606,0.608,0.597,0.598
20090527,510180.SH,0.598,0.6,0.611,0.598,0.608,0.01,1.6722,872682.04,52776.45,0.6,0.611,0.598,0.608
20090601,510180.SH,0.608,0.614,0.64,0.614,0.637,0.029,4.7697,1067765.49,66983.319,0.614,0.64,0.614,0.637
20090602,510180.SH,0.637,0.64,0.642,0.631,0.634,-0.003,-0.471,2986433.02,190506.119,0.64,0.642,0.631,0.634
20090603,510180.SH,0.634,0.631,0.652,0.631,0.651,0.017,2.6814,1246957.21,80212.647,0.631,0.652,0.631,0.651
20090604,510180.SH,0.651,0.648,0.659,0.641,0.654,0.003,0.4608,1420913.88,92527.874,0.648,0.659,0.641,0.654
20090605,510180.SH,0.654,0.656,0.661,0.651,0.652,-0.002,-0.3058,1716917.63,112636.721,0.656,0.661,0.651,0.652
20090608,510180.SH,0.652,0.654,0.664,0.645,0.654,0.002,0.3067,1307981.67,85776.505,0.654,0.664,0.645,0.654
20090609,510180.SH,0.654,0.655,0.658,0.642,0.656,0.002,0.3058,1417510.03,92254.718,0.655,0.658,0.642,0.656
20090610,510180.SH,0.656,0.659,0.666,0.654,0.664,0.008,1.2195,1244125.05,82351.068,0.659,0.666,0.654,0.664
20090611,510180.SH,0.664,0.665,0.669,0.655,0.659,-0.005,-0.753,799291.24,52979.632,0.665,0.669,0.655,0.659
20090612,510180.SH,0.659,0.658,0.664,0.643,0.648,-0.011,-1.6692,963650.77,62922.142,0.658,0.664,0.643,0.648
20090615,510180.SH,0.648,0.65,0.659,0.644,0.658,0.01,1.5432,2617229.18,170176.58,0.65,0.659,0.644,0.658
20090616,510180.SH,0.658,0.655,0.662,0.651,0.657,-0.001,-0.152,1048121.12,68817.483,0.655,0.662,0.651,0.657
20090617,510180.SH,0.657,0.656,0.669,0.649,0.665,0.008,1.2177,1203412.39,79298.522,0.656,0.669,0.649,0.665
20090618,510180.SH,0.665,0.666,0.68,0.666,0.678,0.013,1.9549,1305484.39,88247.376,0.666,0.68,0.666,0.678
20090619,510180.SH,0.678,0.683,0.691,0.678,0.686,0.008,1.1799,3480203.73,238105.162,0.683,0.691,0.678,0.686
20090622,510180.SH,0.686,0.69,0.696,0.683,0.687,0.001,0.1458,2053025.48,141706.078,0.69,0.696,0.683,0.687
20090623,510180.SH,0.687,0.68,0.696,0.674,0.686,-0.001,-0.1456,2364578.06,161488.802,0.68,0.696,0.674,0.686
20090624,510180.SH,0.686,0.683,0.693,0.681,0.692,0.006,0.8746,952543.18,65462.06,0.683,0.693,0.681,0.692
20090625,510180.SH,0.692,0.691,0.697,0.687,0.691,-0.001,-0.1445,873651.96,60539.048,0.691,0.697,0.687,0.691
20090626,510180.SH,0.691,0.691,0.696,0.69,0.692,0.001,0.1447,478991.06,33161.408,0.691,0.696,0.69,0.692
20090629,510180.SH,0.692,0.692,0.707,0.692,0.706,0.014,2.0231,1111444.93,77914.082,0.692,0.707,0.692,0.706
20090630,510180.SH,0.706,0.709,0.711,0.703,0.705,-0.001,-0.1416,1726944.39,121955.149,0.709,0.711,0.703,0.705
20090701,510180.SH,0.705,0.704,0.722,0.701,0.72,0.015,2.1277,1332085.99,95010.59,0.704,0.722,0.701,0.72
20090702,510180.SH,0.72,0.722,0.732,0.722,0.732,0.012,1.6667,1572579.5,114520.602,0.722,0.732,0.722,0.732
20090703,510180.SH,0.732,0.729,0.739,0.724,0.739,0.007,0.9563,2536320.07,185814.764,0.729,0.739,0.724,0.739
20090706,510180.SH,0.739,0.739,0.751,0.739,0.749,0.01,1.3532,2741453.95,204620.423,0.739,0.751,0.739,0.749
20090707,510180.SH,0.749,0.749,0.751,0.738,0.739,-0.01,-1.3351,1858315.21,138337.883,0.749,0.751,0.738,0.739
20090708,510180.SH,0.739,0.735,0.744,0.721,0.74,0.001,0.1353,3429248.59,250581.551,0.735,0.744,0.721,0.74
20090709,510180.SH,0.74,0.74,0.75,0.736,0.75,0.01,1.3514,1471728.8,109284.843,0.74,0.75,0.736,0.75
20090710,510180.SH,0.75,0.752,0.758,0.744,0.748,-0.002,-0.2667,2853448.84,214382.646,0.752,0.758,0.744,0.748
20090713,510180.SH,0.748,0.745,0.749,0.737,0.738,-0.01,-1.3369,1970383.73,146496.548,0.745,0.749,0.737,0.738
20090714,510180.SH,0.738,0.738,0.76,0.738,0.759,0.021,2.8455,3457100.98,260968.874,0.738,0.76,0.738,0.759
20090715,510180.SH,0.759,0.761,0.77,0.76,0.768,0.009,1.1858,1668984.19,128043.14,0.761,0.77,0.76,0.768
20090716,510180.SH,0.768,0.775,0.783,0.768,0.774,0.006,0.7813,2331573.67,180745.186,0.775,0.783,0.768,0.774
20090717,510180.SH,0.774,0.771,0.784,0.767,0.776,0.002,0.2584,3081735.42,238633.469,0.771,0.784,0.767,0.776
20090720,510180.SH,0.776,0.778,0.795,0.775,0.794,0.018,2.3196,1954033.75,153333.188,0.778,0.795,0.775,0.794
20090721,510180.SH,0.794,0.798,0.8,0.779,0.781,-0.013,-1.6373,2990448.14,235898.392,0.798,0.8,0.779,0.781
20090722,510180.SH,0.781,0.781,0.796,0.781,0.796,0.015,1.9206,4124675.24,325881.475,0.781,0.796,0.781,0.796
20090723,510180.SH,0.796,0.799,0.807,0.793,0.806,0.01,1.2563,4439586.54,355883.356,0.799,0.807,0.793,0.806
20090724,510180.SH,0.806,0.813,0.818,0.795,0.81,0.004,0.4963,2513637.0,203278.127,0.813,0.818,0.795,0.81
20090727,510180.SH,0.81,0.811,0.832,0.811,0.831,0.021,2.5926,2823090.75,231838.542,0.811,0.832,0.811,0.831
20090728,510180.SH,0.831,0.833,0.833,0.82,0.832,0.001,0.1203,2386037.68,197183.496,0.833,0.833,0.82,0.832
20090729,510180.SH,0.832,0.835,0.835,0.755,0.789,-0.043,-5.1683,5058868.34,409014.597,0.835,0.835,0.755,0.789
20090730,510180.SH,0.789,0.792,0.813,0.78,0.804,0.015,1.9011,5962687.3,475689.625,0.792,0.813,0.78,0.804
20090731,510180.SH,0.804,0.814,0.829,0.804,0.827,0.023,2.8607,2726155.73,222749.242,0.814,0.829,0.804,0.827
20090803,510180.SH,0.827,0.83,0.842,0.82,0.84,0.013,1.5719,3488504.23,290933.906,0.83,0.842,0.82,0.84
20090804,510180.SH,0.84,0.84,0.84,0.82,0.835,-0.005,-0.5952,3424387.32,284071.042,0.84,0.84,0.82,0.835
20090805,510180.SH,0.835,0.831,0.834,0.811,0.825,-0.01,-1.1976,4806134.88,395281.596,0.831,0.834,0.811,0.825
20090806,510180.SH,0.825,0.812,0.821,0.791,0.806,-0.019,-2.303,3274082.99,263691.626,0.812,0.821,0.791,0.806
20090807,510180.SH,0.806,0.803,0.81,0.776,0.781,-0.025,-3.1017,4470078.22,354772.357,0.803,0.81,0.776,0.781
20090810,510180.SH,0.781,0.789,0.799,0.765,0.781,0.0,0.0,3248092.65,253605.205,0.789,0.799,0.765,0.781
20090811,510180.SH,0.781,0.784,0.785,0.768,0.782,0.001,0.128,2880805.55,224134.161,0.784,0.785,0.768,0.782
20090812,510180.SH,0.782,0.779,0.78,0.741,0.745,-0.037,-4.7315,5514243.82,418564.82,0.779,0.78,0.741,0.745
20090813,510180.SH,0.745,0.742,0.762,0.731,0.755,0.01,1.3423,4922750.72,367357.95,0.742,0.762,0.731,0.755
20090814,510180.SH,0.755,0.754,0.759,0.732,0.735,-0.02,-2.649,4027091.12,298732.547,0.754,0.759,0.732,0.735
20090817,510180.SH,0.735,0.724,0.731,0.69,0.691,-0.044,-5.9864,5492950.73,388436.942,0.724,0.731,0.69,0.691
20090818,510180.SH,0.691,0.691,0.702,0.677,0.699,0.008,1.1577,5292530.42,364892.244,0.691,0.702,0.677,0.699
20090819,510180.SH,0.699,0.7,0.701,0.653,0.662,-0.037,-5.2933,3944686.1,268206.471,0.7,0.701,0.653,0.662
20090820,510180.SH,0.662,0.664,0.694,0.664,0.693,0.031,4.6828,4026327.43,272232.592,0.664,0.694,0.664,0.693
20090821,510180.SH,0.693,0.692,0.708,0.683,0.704,0.011,1.5873,5566248.85,388118.267,0.692,0.708,0.683,0.704
20090824,510180.SH,0.704,0.708,0.71,0.697,0.707,0.003,0.4261,2392830.63,168635.972,0.708,0.71,0.697,0.707
20090825,510180.SH,0.707,0.704,0.704,0.66,0.68,-0.027,-3.819,5493815.27,373027.778,0.704,0.704,0.66,0.68
20090826,510180.SH,0.68,0.67,0.7,0.668,0.697,0.017,2.5,2779300.14,191587.0,0.67,0.7,0.668,0.697
20090827,510180.SH,0.697,0.69,0.699,0.678,0.688,-0.009,-1.2912,1873609.76,129136.898,0.69,0.699,0.678,0.688
20090828,510180.SH,0.688,0.685,0.691,0.66,0.666,-0.022,-3.1977,2908397.46,194491.164,0.685,0.691,0.66,0.666
20090831,510180.SH,0.666,0.652,0.655,0.616,0.618,-0.048,-7.2072,3030844.06,191094.517,0.652,0.655,0.616,0.618
20090901,510180.SH,0.618,0.618,0.635,0.613,0.624,0.006,0.9709,3016279.87,188336.168,0.618,0.635,0.613,0.624
20090902,510180.SH,0.624,0.616,0.64,0.616,0.632,0.008,1.2821,3196098.04,200947.033,0.616,0.64,0.616,0.632
20090903,510180.SH,0.632,0.633,0.672,0.633,0.671,0.039,6.1709,2949351.12,193608.82,0.633,0.672,0.633,0.671
20090904,510180.SH,0.671,0.671,0.68,0.665,0.675,0.004,0.5961,2469690.32,166326.084,0.671,0.68,0.665,0.675
20090907,510180.SH,0.675,0.678,0.691,0.673,0.679,0.004,0.5926,3144975.93,215064.898,0.678,0.691,0.673,0.679
20090908,510180.SH,0.679,0.674,0.696,0.664,0.694,0.015,2.2091,4025516.95,276128.426,0.674,0.696,0.664,0.694
20090909,510180.SH,0.694,0.694,0.705,0.686,0.7,0.006,0.8646,4452120.56,309738.615,0.694,0.705,0.686,0.7
20090910,510180.SH,0.7,0.698,0.7,0.688,0.691,-0.009,-1.2857,1889042.54,131182.578,0.698,0.7,0.688,0.691
20090911,510180.SH,0.691,0.689,0.712,0.689,0.708,0.017,2.4602,3527516.69,247579.763,0.689,0.712,0.689,0.708
20090914,510180.SH,0.708,0.712,0.721,0.709,0.72,0.012,1.6949,2505909.86,179063.239,0.712,0.721,0.709,0.72
20090915,510180.SH,0.72,0.72,0.726,0.712,0.722,0.002,0.2778,1844818.26,132782.155,0.72,0.726,0.712,0.722
20090916,510180.SH,0.722,0.716,0.72,0.7,0.712,-0.01,-1.385,2747536.25,195028.289,0.716,0.72,0.7,0.712
20090917,510180.SH,0.712,0.712,0.727,0.712,0.724,0.012,1.6854,2268068.34,163629.073,0.712,0.727,0.712,0.724
20090918,510180.SH,0.724,0.724,0.731,0.693,0.699,-0.025,-3.453,2828707.5,201494.574,0.724,0.731,0.693,0.699
20090921,510180.SH,0.699,0.69,0.7,0.675,0.699,0.0,0.0,5970452.13,409377.131,0.69,0.7,0.675,0.699
20090922,510180.SH,0.699,0.695,0.705,0.675,0.678,-0.021,-3.0043,4811037.01,333676.643,0.695,0.705,0.675,0.678
20090923,510180.SH,0.678,0.675,0.688,0.664,0.665,-0.013,-1.9174,1717911.55,116191.449,0.675,0.688,0.664,0.665
20090924,510180.SH,0.665,0.661,0.681,0.653,0.675,0.01,1.5038,2404743.39,160333.149,0.661,0.681,0.653,0.675
20090925,510180.SH,0.675,0.672,0.676,0.662,0.669,-0.006,-0.8889,1780034.25,119100.709,0.672,0.676,0.662,0.669
20090928,510180.SH,0.669,0.67,0.675,0.647,0.649,-0.02,-2.9895,1343214.66,88946.555,0.67,0.675,0.647,0.649
20090929,510180.SH,0.649,0.65,0.657,0.64,0.65,0.001,0.1541,2404162.9,155851.116,0.65,0.657,0.64,0.65
20090930,510180.SH,0.65,0.653,0.665,0.653,0.657,0.007,1.0769,1552011.65,102445.778,0.653,0.665,0.653,0.657
20091009,510180.SH,0.657,0.67,0.696,0.67,0.694,0.037,5.6317,1886997.66,129188.964,0.67,0.696,0.67,0.694
20091012,510180.SH,0.694,0.697,0.702,0.687,0.688,-0.006,-0.8646,2374240.5,164951.024,0.697,0.702,0.687,0.688
20091013,510180.SH,0.688,0.689,0.702,0.685,0.701,0.013,1.8895,2203184.7,153207.77,0.689,0.702,0.685,0.701
20091014,510180.SH,0.701,0.701,0.72,0.7,0.707,0.006,0.8559,3630406.72,258007.032,0.701,0.72,0.7,0.707
20091015,510180.SH,0.707,0.711,0.722,0.706,0.71,0.003,0.4243,2732269.85,194868.514,0.711,0.722,0.706,0.71
20091016,510180.SH,0.71,0.712,0.715,0.697,0.709,-0.001,-0.1408,2294952.01,161709.013,0.712,0.715,0.697,0.709
20091019,510180.SH,0.709,0.707,0.728,0.704,0.728,0.019,2.6798,2338081.05,168343.532,0.707,0.728,0.704,0.728
20091020,510180.SH,0.728,0.732,0.739,0.73,0.737,0.009,1.2363,2442396.37,179573.099,0.732,0.739,0.73,0.737
20091021,510180.SH,0.737,0.737,0.746,0.733,0.736,-0.001,-0.1357,3232513.94,238897.907,0.737,0.746,0.733,0.736
20091022,510180.SH,0.736,0.736,0.74,0.728,0.732,-0.004,-0.5435,2172338.3,159456.578,0.736,0.74,0.728,0.732
20091023,510180.SH,0.732,0.733,0.751,0.733,0.745,0.013,1.776,2566871.12,191030.739,0.733,0.751,0.733,0.745
20091026,510180.SH,0.745,0.745,0.75,0.739,0.746,0.001,0.1342,1409014.01,104864.867,0.745,0.75,0.739,0.746
20091027,510180.SH,0.746,0.74,0.74,0.724,0.725,-0.021,-2.815,3731627.99,273604.519,0.74,0.74,0.724,0.725
20091028,510180.SH,0.725,0.724,0.728,0.71,0.725,0.0,0.0,3113643.84,224630.267,0.724,0.728,0.71,0.725
20091029,510180.SH,0.725,0.71,0.717,0.704,0.708,-0.017,-2.3448,3340289.51,237471.105,0.71,0.717,0.704,0.708
20091030,510180.SH,0.708,0.716,0.726,0.713,0.714,0.006,0.8475,2661323.84,191548.647,0.716,0.726,0.713,0.714
20091102,510180.SH,0.714,0.699,0.741,0.695,0.74,0.026,3.6415,2947970.95,213159.546,0.699,0.741,0.695,0.74
20091103,510180.SH,0.74,0.742,0.752,0.74,0.749,0.009,1.2162,1973964.25,147698.812,0.742,0.752,0.74,0.749
20091104,510180.SH,0.749,0.749,0.758,0.745,0.752,0.003,0.4005,2075543.55,156036.827,0.749,0.758,0.745,0.752
20091105,510180.SH,0.752,0.752,0.758,0.748,0.754,0.002,0.266,1823211.8,137341.386,0.752,0.758,0.748,0.754
20091106,510180.SH,0.754,0.76,0.764,0.757,0.759,0.005,0.6631,1527285.88,116167.799,0.76,0.764,0.757,0.759
20091109,510180.SH,0.759,0.762,0.762,0.751,0.76,0.001,0.1318,2150706.74,162797.386,0.762,0.762,0.751,0.76
20091110,510180.SH,0.76,0.765,0.769,0.762,0.764,0.004,0.5263,1260567.15,96546.053,0.765,0.769,0.762,0.764
20091111,510180.SH,0.764,0.762,0.764,0.755,0.759,-0.005,-0.6545,1951475.8,148104.418,0.762,0.764,0.755,0.759
20091112,510180.SH,0.759,0.76,0.767,0.756,0.758,-0.001,-0.1318,2160961.38,164542.971,0.76,0.767,0.756,0.758
20091113,510180.SH,0.758,0.756,0.766,0.747,0.765,0.007,0.9235,2777514.14,209486.931,0.756,0.766,0.747,0.765
20091116,510180.SH,0.765,0.77,0.79,0.769,0.789,0.024,3.1373,2349166.76,183300.887,0.77,0.79,0.769,0.789
20091117,510180.SH,0.789,0.793,0.795,0.788,0.789,0.0,0.0,1831082.45,144836.579,0.793,0.795,0.788,0.789
20091118,510180.SH,0.789,0.791,0.794,0.785,0.788,-0.001,-0.1267,1739348.09,137252.14,0.791,0.794,0.785,0.788
20091119,510180.SH,0.788,0.789,0.795,0.783,0.79,0.002,0.2538,3829504.96,301232.395,0.789,0.795,0.783,0.79
20091120,510180.SH,0.79,0.787,0.793,0.781,0.788,-0.002,-0.2532,1465046.88,115263.003,0.787,0.793,0.781,0.788
20091123,510180.SH,0.788,0.786,0.793,0.786,0.792,0.004,0.5076,1342461.39,105960.688,0.786,0.793,0.786,0.792
20091124,510180.SH,0.792,0.795,0.801,0.767,0.77,-0.022,-2.7778,3264205.88,256146.888,0.795,0.801,0.767,0.77
20091125,510180.SH,0.77,0.77,0.786,0.76,0.785,0.015,1.9481,2897182.35,223614.969,0.77,0.786,0.76,0.785
20091126,510180.SH,0.785,0.785,0.789,0.75,0.751,-0.034,-4.3312,3590072.85,275816.829,0.785,0.789,0.75,0.751
20091127,510180.SH,0.751,0.742,0.752,0.728,0.73,-0.021,-2.7963,4056765.34,299914.883,0.742,0.752,0.728,0.73
20091130,510180.SH,0.73,0.736,0.758,0.736,0.755,0.025,3.4247,2443493.03,183110.025,0.736,0.758,0.736,0.755
20091201,510180.SH,0.755,0.75,0.768,0.749,0.765,0.01,1.3245,3767695.69,285607.321,0.75,0.768,0.749,0.765
20091202,510180.SH,0.765,0.768,0.777,0.768,0.774,0.009,1.1765,1703190.62,131655.866,0.768,0.777,0.768,0.774
20091203,510180.SH,0.774,0.774,0.776,0.764,0.773,-0.001,-0.1292,1523127.0,117298.419,0.774,0.776,0.764,0.773
20091204,510180.SH,0.773,0.77,0.79,0.763,0.789,0.016,2.0699,3972764.21,308306.803,0.77,0.79,0.763,0.789
20091207,510180.SH,0.789,0.79,0.795,0.782,0.792,0.003,0.3802,1488703.64,117641.489,0.79,0.795,0.782,0.792
20091208,510180.SH,0.792,0.792,0.795,0.775,0.779,-0.013,-1.6414,2265186.17,177255.451,0.792,0.795,0.775,0.779
20091209,510180.SH,0.779,0.772,0.777,0.761,0.765,-0.014,-1.7972,2316558.02,178348.449,0.772,0.777,0.761,0.765
20091210,510180.SH,0.765,0.769,0.776,0.762,0.77,0.005,0.6536,1147384.39,88232.232,0.769,0.776,0.762,0.77
20091211,510180.SH,0.77,0.771,0.781,0.767,0.769,-0.001,-0.1299,1735956.46,134102.226,0.771,0.781,0.767,0.769
20091214,510180.SH,0.769,0.767,0.782,0.75,0.78,0.011,1.4304,3113816.87,238589.96,0.767,0.782,0.75,0.78
20091215,510180.SH,0.78,0.777,0.78,0.771,0.772,-0.008,-1.0256,860382.4,66635.317,0.777,0.78,0.771,0.772
20091216,510180.SH,0.772,0.768,0.778,0.766,0.769,-0.003,-0.3886,893538.9,68954.849,0.768,0.778,0.766,0.769
20091217,510180.SH,0.769,0.769,0.773,0.75,0.752,-0.017,-2.2107,1218451.53,92328.316,0.769,0.773,0.75,0.752
20091218,510180.SH,0.752,0.74,0.745,0.731,0.734,-0.018,-2.3936,1234132.13,91097.971,0.74,0.745,0.731,0.734
20091221,510180.SH,0.734,0.733,0.738,0.725,0.733,-0.001,-0.1362,1581906.61,115523.34,0.733,0.738,0.725,0.733
20091222,510180.SH,0.733,0.736,0.736,0.71,0.715,-0.018,-2.4557,2059535.17,148739.169,0.736,0.736,0.71,0.715
20091223,510180.SH,0.715,0.716,0.72,0.709,0.718,0.003,0.4196,1390915.88,99526.283,0.716,0.72,0.709,0.718
20091224,510180.SH,0.718,0.719,0.741,0.717,0.738,0.02,2.7855,3225824.75,236173.96,0.719,0.741,0.717,0.738
20091225,510180.SH,0.738,0.737,0.74,0.732,0.733,-0.005,-0.6775,1594084.15,116997.678,0.737,0.74,0.732,0.733
20091228,510180.SH,0.733,0.736,0.75,0.734,0.747,0.014,1.91,3044918.43,226901.426,0.736,0.75,0.734,0.747
20091229,510180.SH,0.747,0.748,0.752,0.74,0.752,0.005,0.6693,1051781.04,78540.138,0.748,0.752,0.74,0.752
20091230,510180.SH,0.752,0.752,0.77,0.748,0.768,0.016,2.1277,2058714.63,156735.553,0.752,0.77,0.748,0.768
20091231,510180.SH,0.768,0.769,0.774,0.765,0.77,0.002,0.2604,1783170.07,137291.391,0.769,0.774,0.765,0.77
20100104,510180.SH,0.77,0.773,0.776,0.76,0.76,-0.01,-1.2987,1181135.01,90625.605,0.773,0.776,0.76,0.76
20100105,510180.SH,0.76,0.762,0.772,0.752,0.767,0.007,0.9211,1711183.3,130769.185,0.762,0.772,0.752,0.767
20100106,510180.SH,0.767,0.766,0.772,0.76,0.761,-0.006,-0.7823,1129951.99,86717.053,0.766,0.772,0.76,0.761
20100107,510180.SH,0.761,0.76,0.766,0.742,0.746,-0.015,-1.9711,1806378.73,136035.559,0.76,0.766,0.742,0.746
20100108,510180.SH,0.746,0.741,0.75,0.737,0.748,0.002,0.2681,3341536.57,248417.053,0.741,0.75,0.737,0.748
20100111,510180.SH,0.748,0.781,0.812,0.747,0.752,0.004,0.5348,3332197.36,252749.549,0.781,0.812,0.747,0.752
20100112,510180.SH,0.752,0.749,0.762,0.741,0.761,0.009,1.1968,1357103.06,102160.288,0.749,0.762,0.741,0.761
20100113,510180.SH,0.761,0.744,0.751,0.732,0.735,-0.026,-3.4166,5039742.86,373390.087,0.744,0.751,0.732,0.735
20100114,510180.SH,0.735,0.735,0.744,0.732,0.743,0.008,1.0884,1153950.33,85226.465,0.735,0.744,0.732,0.743
20100115,510180.SH,0.743,0.742,0.75,0.738,0.745,0.002,0.2692,835876.12,62224.5,0.742,0.75,0.738,0.745
20100118,510180.SH,0.745,0.742,0.748,0.739,0.747,0.002,0.2685,1671456.95,124204.405,0.742,0.748,0.739,0.747
20100119,510180.SH,0.747,0.747,0.755,0.747,0.749,0.002,0.2677,1379060.34,103541.615,0.747,0.755,0.747,0.749
20100120,510180.SH,0.749,0.75,0.751,0.724,0.726,-0.023,-3.0708,2022602.18,148405.891,0.75,0.751,0.724,0.726
20100121,510180.SH,0.726,0.727,0.737,0.72,0.731,0.005,0.6887,2697669.03,196464.881,0.727,0.737,0.72,0.731
20100122,510180.SH,0.731,0.724,0.731,0.708,0.724,-0.007,-0.9576,2448233.53,176682.929,0.724,0.731,0.708,0.724
20100125,510180.SH,0.724,0.719,0.727,0.714,0.717,-0.007,-0.9669,3407233.54,245542.589,0.719,0.727,0.714,0.717
20100126,510180.SH,0.717,0.717,0.719,0.696,0.699,-0.018,-2.5105,1776455.19,125389.306,0.717,0.719,0.696,0.699
20100127,510180.SH,0.699,0.701,0.701,0.688,0.691,-0.008,-1.1445,2065990.08,143273.004,0.701,0.701,0.688,0.691
20100128,510180.SH,0.691,0.691,0.693,0.683,0.69,-0.001,-0.1447,1407411.87,96700.804,0.691,0.693,0.683,0.69
20100129,510180.SH,0.69,0.687,0.698,0.683,0.688,-0.002,-0.2899,1663222.83,114876.905,0.687,0.698,0.683,0.688
20100201,510180.SH,0.688,0.687,0.689,0.669,0.678,-0.01,-1.4535,1978427.88,133512.24,0.687,0.689,0.669,0.678
20100202,510180.SH,0.678,0.68,0.689,0.675,0.676,-0.002,-0.295,2351713.51,160553.84,0.68,0.689,0.675,0.676
20100203,510180.SH,0.676,0.678,0.695,0.665,0.695,0.019,2.8107,3494001.29,237707.144,0.678,0.695,0.665,0.695
20100204,510180.SH,0.695,0.693,0.698,0.685,0.691,-0.004,-0.5755,1178537.57,81494.912,0.693,0.698,0.685,0.691
20100205,510180.SH,0.691,0.679,0.683,0.673,0.678,-0.013,-1.8813,1433916.1,97019.957,0.679,0.683,0.673,0.678
20100208,510180.SH,0.678,0.676,0.68,0.674,0.678,0.0,0.0,320198.93,21670.197,0.676,0.68,0.674,0.678
20100209,510180.SH,0.678,0.677,0.683,0.674,0.679,0.001,0.1475,991546.43,67283.005,0.677,0.683,0.674,0.679
20100210,510180.SH,0.679,0.683,0.69,0.683,0.69,0.011,1.62,420027.32,28838.631,0.683,0.69,0.683,0.69
20100211,510180.SH,0.69,0.69,0.694,0.687,0.69,0.0,0.0,1059219.11,73195.062,0.69,0.694,0.687,0.69
20100212,510180.SH,0.69,0.691,0.698,0.691,0.697,0.007,1.0145,379313.24,26389.79,0.691,0.698,0.691,0.697
20100222,510180.SH,0.697,0.7,0.7,0.693,0.695,-0.002,-0.2869,740461.78,51618.611,0.7,0.7,0.693,0.695
20100223,510180.SH,0.695,0.691,0.692,0.675,0.685,-0.01,-1.4388,735985.76,50191.094,0.691,0.692,0.675,0.685
20100224,510180.SH,0.685,0.68,0.695,0.676,0.693,0.008,1.1679,672700.31,46249.664,0.68,0.695,0.676,0.693
20100225,510180.SH,0.693,0.694,0.706,0.692,0.704,0.011,1.5873,1657593.71,116449.935,0.694,0.706,0.692,0.704
20100226,510180.SH,0.704,0.703,0.706,0.7,0.702,-0.002,-0.2841,2675648.09,188210.453,0.703,0.706,0.7,0.702
20100301,510180.SH,0.702,0.7,0.714,0.7,0.711,0.009,1.2821,3076644.54,218518.132,0.7,0.714,0.7,0.711
20100302,510180.SH,0.711,0.711,0.715,0.705,0.708,-0.003,-0.4219,1621965.38,115120.223,0.711,0.715,0.705,0.708
20100303,510180.SH,0.708,0.708,0.713,0.704,0.713,0.005,0.7062,755380.51,53551.675,0.708,0.713,0.704,0.713
20100304,510180.SH,0.713,0.712,0.715,0.694,0.695,-0.018,-2.5245,1964559.96,138795.515,0.712,0.715,0.694,0.695
20100305,510180.SH,0.695,0.695,0.7,0.69,0.696,0.001,0.1439,1437276.02,99932.438,0.695,0.7,0.69,0.696
20100308,510180.SH,0.696,0.697,0.703,0.695,0.7,0.004,0.5747,440625.66,30820.729,0.697,0.703,0.695,0.7
20100309,510180.SH,0.7,0.699,0.711,0.695,0.706,0.006,0.8571,708014.52,49850.134,0.699,0.711,0.695,0.706
20100310,510180.SH,0.706,0.706,0.71,0.699,0.702,-0.004,-0.5666,481620.12,33899.646,0.706,0.71,0.699,0.702
20100311,510180.SH,0.702,0.7,0.707,0.695,0.703,0.001,0.1425,544671.64,38128.03,0.7,0.707,0.695,0.703
20100312,510180.SH,0.703,0.701,0.702,0.692,0.692,-0.011,-1.5647,475203.17,33086.286,0.701,0.702,0.692,0.692
20100315,510180.SH,0.692,0.691,0.695,0.68,0.684,-0.008,-1.1561,1072048.07,73495.586,0.691,0.695,0.68,0.684
20100316,510180.SH,0.684,0.683,0.69,0.68,0.689,0.005,0.731,532677.39,36481.989,0.683,0.69,0.68,0.689
20100317,510180.SH,0.689,0.69,0.705,0.689,0.705,0.016,2.3222,1226657.58,85799.838,0.69,0.705,0.689,0.705
20100318,510180.SH,0.705,0.705,0.709,0.701,0.702,-0.003,-0.4255,668514.97,47129.794,0.705,0.709,0.701,0.702
20100319,510180.SH,0.702,0.702,0.71,0.698,0.709,0.007,0.9972,1220241.0,86002.975,0.702,0.71,0.698,0.709
20100322,510180.SH,0.709,0.707,0.713,0.705,0.71,0.001,0.141,688904.75,48842.15,0.707,0.713,0.705,0.71
20100323,510180.SH,0.71,0.711,0.711,0.702,0.704,-0.006,-0.8451,512896.42,36236.058,0.711,0.711,0.702,0.704
20100324,510180.SH,0.704,0.705,0.708,0.701,0.703,-0.001,-0.142,390534.66,27529.825,0.705,0.708,0.701,0.703
20100325,510180.SH,0.703,0.701,0.701,0.692,0.693,-0.01,-1.4225,494284.69,34379.911,0.701,0.701,0.692,0.693
20100326,510180.SH,0.693,0.691,0.708,0.691,0.704,0.011,1.5873,1183569.96,83385.256,0.691,0.708,0.691,0.704
20100329,510180.SH,0.704,0.708,0.726,0.707,0.724,0.02,2.8409,1855347.76,133575.837,0.708,0.726,0.707,0.724
20100330,510180.SH,0.724,0.724,0.726,0.719,0.725,0.001,0.1381,459244.0,33213.581,0.724,0.726,0.719,0.725
20100331,510180.SH,0.725,0.724,0.728,0.718,0.72,-0.005,-0.6897,1540649.32,111188.209,0.724,0.728,0.718,0.72
20100401,510180.SH,0.72,0.72,0.73,0.719,0.729,0.009,1.25,1665354.19,121158.385,0.72,0.73,0.719,0.729
20100402,510180.SH,0.729,0.73,0.734,0.729,0.731,0.002,0.2743,1063613.06,77757.795,0.73,0.734,0.729,0.731
20100406,510180.SH,0.731,0.732,0.739,0.727,0.732,0.001,0.1368,1057654.43,77458.518,0.732,0.739,0.727,0.732
20100407,510180.SH,0.732,0.73,0.731,0.723,0.725,-0.007,-0.9563,546523.65,39677.989,0.73,0.731,0.723,0.725
20100408,510180.SH,0.725,0.724,0.725,0.715,0.718,-0.007,-0.9655,777248.99,56018.739,0.724,0.725,0.715,0.718
20100409,510180.SH,0.718,0.718,0.725,0.717,0.724,0.006,0.8357,451999.33,32596.028,0.718,0.725,0.717,0.724
20100412,510180.SH,0.724,0.726,0.727,0.713,0.718,-0.006,-0.8287,1091133.17,78412.077,0.726,0.727,0.713,0.718
20100413,510180.SH,0.718,0.717,0.729,0.715,0.728,0.01,1.3928,1668204.67,120704.995,0.717,0.729,0.715,0.728
20100414,510180.SH,0.728,0.727,0.73,0.725,0.729,0.001,0.1374,891168.95,64809.002,0.727,0.73,0.725,0.729
20100415,510180.SH,0.729,0.729,0.733,0.723,0.729,0.0,0.0,1045809.27,76234.292,0.729,0.733,0.723,0.729
20100416,510180.SH,0.729,0.729,0.736,0.718,0.72,-0.009,-1.2346,5112059.28,368948.534,0.729,0.736,0.718,0.72
20100419,510180.SH,0.72,0.712,0.712,0.68,0.683,-0.037,-5.1389,4510295.74,313925.676,0.712,0.712,0.68,0.683
20100420,510180.SH,0.683,0.683,0.686,0.672,0.68,-0.003,-0.4392,3229448.41,218831.275,0.683,0.686,0.672,0.68
20100421,510180.SH,0.68,0.68,0.693,0.676,0.692,0.012,1.7647,3129768.6,213744.623,0.68,0.693,0.676,0.692
20100422,510180.SH,0.692,0.687,0.691,0.678,0.682,-0.01,-1.4451,2797315.14,190886.743,0.687,0.691,0.678,0.682
20100423,510180.SH,0.682,0.683,0.688,0.674,0.679,-0.003,-0.4399,2415793.36,164457.566,0.683,0.688,0.674,0.679
20100426,510180.SH,0.679,0.681,0.683,0.673,0.674,-0.005,-0.7364,2053208.4,139469.053,0.681,0.683,0.673,0.674
20100427,510180.SH,0.674,0.671,0.671,0.651,0.659,-0.015,-2.2255,3164954.79,209204.901,0.671,0.671,0.651,0.659
20100428,510180.SH,0.659,0.654,0.662,0.649,0.656,-0.003,-0.4552,3118302.62,204632.315,0.654,0.662,0.649,0.656
20100429,510180.SH,0.656,0.659,0.665,0.651,0.652,-0.004,-0.6098,1174600.03,77332.609,0.659,0.665,0.651,0.652
20100430,510180.SH,0.652,0.654,0.658,0.644,0.658,0.006,0.9202,3533273.42,229542.319,0.654,0.658,0.644,0.658
20100504,510180.SH,0.658,0.65,0.656,0.644,0.649,-0.009,-1.3678,3979693.32,258655.908,0.65,0.656,0.644,0.649
20100505,510180.SH,0.649,0.644,0.652,0.632,0.652,0.003,0.4622,6597880.75,422998.606,0.644,0.652,0.632,0.652
20100506,510180.SH,0.652,0.648,0.648,0.62,0.623,-0.029,-4.4479,7236076.28,461040.454,0.648,0.648,0.62,0.623
20100507,510180.SH,0.623,0.61,0.623,0.606,0.614,-0.009,-1.4446,7312991.0,449039.097,0.61,0.623,0.606,0.614
20100510,510180.SH,0.614,0.615,0.621,0.605,0.615,0.001,0.1629,6288214.1,385512.435,0.615,0.621,0.605,0.615
20100511,510180.SH,0.615,0.628,0.631,0.6,0.604,-0.011,-1.7886,14651845.35,896189.122,0.628,0.631,0.6,0.604
20100512,510180.SH,0.604,0.597,0.612,0.594,0.61,0.006,0.9934,11036926.27,667306.942,0.597,0.612,0.594,0.61
20100513,510180.SH,0.61,0.61,0.624,0.607,0.622,0.012,1.9672,7241170.0,446470.652,0.61,0.624,0.607,0.622
20100514,510180.SH,0.622,0.617,0.623,0.615,0.618,-0.004,-0.6431,6882682.57,425598.899,0.617,0.623,0.615,0.618
20100517,510180.SH,0.618,0.609,0.612,0.585,0.588,-0.03,-4.8544,8471847.64,505378.025,0.609,0.612,0.585,0.588
20100518,510180.SH,0.588,0.59,0.608,0.582,0.599,0.011,1.8707,8806228.86,524477.43,0.59,0.608,0.582,0.599
20100519,510180.SH,0.599,0.595,0.609,0.585,0.596,-0.003,-0.5008,8708859.34,519923.43,0.595,0.609,0.585,0.596
20100520,510180.SH,0.596,0.595,0.603,0.586,0.588,-0.008,-1.3423,7756257.56,461272.773,0.595,0.603,0.586,0.588
20100521,510180.SH,0.588,0.575,0.595,0.571,0.594,0.006,1.0204,8613045.81,501282.132,0.575,0.595,0.571,0.594
20100524,510180.SH,0.594,0.598,0.629,0.597,0.617,0.023,3.8721,8336260.58,512590.096,0.598,0.629,0.597,0.617
20100525,510180.SH,0.617,0.612,0.613,0.6,0.602,-0.015,-2.4311,5368939.99,325482.759,0.612,0.613,0.6,0.602
20100526,510180.SH,0.602,0.604,0.61,0.6,0.604,0.002,0.3322,5945570.59,359061.073,0.604,0.61,0.6,0.604
20100527,510180.SH,0.604,0.604,0.617,0.594,0.615,0.011,1.8212,8809046.5,534003.294,0.604,0.617,0.594,0.615
20100528,510180.SH,0.615,0.621,0.624,0.608,0.611,-0.004,-0.6504,15366441.4,947938.547,0.621,0.624,0.608,0.611
20100531,510180.SH,0.611,0.606,0.613,0.593,0.594,-0.017,-2.7823,9899964.58,597382.208,0.606,0.613,0.593,0.594
20100601,510180.SH,0.594,0.59,0.598,0.581,0.588,-0.006,-1.0101,9672556.9,570877.406,0.59,0.598,0.581,0.588
20100602,510180.SH,0.588,0.586,0.591,0.578,0.59,0.002,0.3401,4967652.85,289922.097,0.586,0.591,0.578,0.59
20100603,510180.SH,0.59,0.594,0.598,0.585,0.587,-0.003,-0.5085,9022147.4,534097.195,0.594,0.598,0.585,0.587
20100604,510180.SH,0.587,0.584,0.59,0.581,0.588,0.001,0.1704,5609239.69,328902.709,0.584,0.59,0.581,0.588
20100607,510180.SH,0.588,0.577,0.581,0.572,0.577,-0.011,-1.8707,5080544.23,293385.066,0.577,0.581,0.572,0.577
20100608,510180.SH,0.577,0.577,0.582,0.572,0.577,0.0,0.0,3759748.21,217176.89,0.577,0.582,0.572,0.577
20100609,510180.SH,0.577,0.58,0.598,0.573,0.595,0.018,3.1196,9089474.0,533040.72,0.58,0.598,0.573,0.595
20100610,510180.SH,0.595,0.589,0.594,0.587,0.589,-0.006,-1.0084,6709133.66,395722.048,0.589,0.594,0.587,0.589
20100611,510180.SH,0.589,0.591,0.596,0.589,0.59,0.001,0.1698,5196335.97,307468.613,0.591,0.596,0.589,0.59
20100617,510180.SH,0.59,0.593,0.595,0.586,0.586,-0.004,-0.678,4985159.25,294844.915,0.593,0.595,0.586,0.586
20100618,510180.SH,0.586,0.586,0.591,0.576,0.578,-0.008,-1.3652,8547919.87,500526.015,0.586,0.591,0.576,0.578
20100621,510180.SH,0.578,0.58,0.6,0.578,0.598,0.02,3.4602,10246316.93,605240.585,0.58,0.6,0.578,0.598
20100622,510180.SH,0.598,0.596,0.601,0.594,0.598,0.0,0.0,4155272.48,248322.206,0.596,0.601,0.594,0.598
20100623,510180.SH,0.598,0.594,0.598,0.585,0.591,-0.007,-1.1706,9426798.62,555532.397,0.594,0.598,0.585,0.591
20100624,510180.SH,0.591,0.589,0.599,0.588,0.594,0.003,0.5076,4691702.37,278321.218,0.589,0.599,0.588,0.594
20100625,510180.SH,0.594,0.59,0.594,0.585,0.589,-0.005,-0.8418,3272063.6,192876.959,0.59,0.594,0.585,0.589
20100628,510180.SH,0.589,0.588,0.593,0.585,0.587,-0.002,-0.3396,3603565.49,212246.587,0.588,0.593,0.585,0.587
20100629,510180.SH,0.587,0.588,0.589,0.561,0.562,-0.025,-4.2589,11119550.75,637538.11,0.588,0.589,0.561,0.562
20100630,510180.SH,0.562,0.558,0.558,0.551,0.554,-0.008,-1.4235,4932666.76,273631.413,0.558,0.558,0.551,0.554
20100701,510180.SH,0.554,0.554,0.557,0.548,0.548,-0.006,-1.083,3746845.2,207457.751,0.554,0.557,0.548,0.548
20100702,510180.SH,0.548,0.549,0.553,0.536,0.55,0.002,0.365,7667888.75,419349.898,0.549,0.553,0.536,0.55
20100705,510180.SH,0.55,0.543,0.55,0.537,0.546,-0.004,-0.7273,11712971.87,636180.824,0.543,0.55,0.537,0.546
20100706,510180.SH,0.546,0.544,0.557,0.543,0.555,0.009,1.6484,10975893.45,606176.759,0.544,0.557,0.543,0.555
20100707,510180.SH,0.555,0.556,0.558,0.551,0.557,0.002,0.3604,5656468.13,313638.255,0.556,0.558,0.551,0.557
20100708,510180.SH,0.557,0.56,0.564,0.555,0.558,0.001,0.1795,1593063.33,89088.331,0.56,0.564,0.555,0.558
20100709,510180.SH,0.558,0.559,0.577,0.554,0.572,0.014,2.509,7175119.13,408134.327,0.559,0.577,0.554,0.572
20100712,510180.SH,0.572,0.571,0.581,0.57,0.576,0.004,0.6993,5366882.17,309272.462,0.571,0.581,0.57,0.576
20100713,510180.SH,0.576,0.571,0.571,0.564,0.567,-0.009,-1.5625,6023814.58,341949.051,0.571,0.571,0.564,0.567
20100714,510180.SH,0.567,0.569,0.579,0.568,0.571,0.004,0.7055,4119211.32,236152.47,0.569,0.579,0.568,0.571
20100715,510180.SH,0.571,0.574,0.579,0.561,0.561,-0.01,-1.7513,6551250.34,374688.225,0.574,0.579,0.561,0.561
20100716,510180.SH,0.561,0.559,0.563,0.554,0.561,0.0,0.0,5573209.25,311483.494,0.559,0.563,0.554,0.561
20100719,510180.SH,0.561,0.558,0.581,0.556,0.576,0.015,2.6738,9813257.04,557138.605,0.558,0.581,0.556,0.576
20100720,510180.SH,0.576,0.578,0.591,0.577,0.589,0.013,2.2569,5264730.78,308436.961,0.578,0.591,0.577,0.589
20100721,510180.SH,0.589,0.589,0.594,0.587,0.59,0.001,0.1698,4247327.72,250515.398,0.589,0.594,0.587,0.59
20100722,510180.SH,0.59,0.588,0.599,0.587,0.599,0.009,1.5254,3713144.32,220358.668,0.588,0.599,0.587,0.599
20100723,510180.SH,0.599,0.599,0.603,0.596,0.6,0.001,0.1669,4037358.57,241924.74,0.599,0.603,0.596,0.6
20100726,510180.SH,0.6,0.601,0.605,0.595,0.603,0.003,0.5,3873894.98,233094.066,0.601,0.605,0.595,0.603
20100727,510180.SH,0.603,0.6,0.604,0.598,0.601,-0.002,-0.3317,7700846.49,463374.602,0.6,0.604,0.598,0.601
20100728,510180.SH,0.601,0.6,0.619,0.598,0.617,0.016,2.6622,7654621.89,467712.916,0.6,0.619,0.598,0.617
20100729,510180.SH,0.617,0.617,0.622,0.615,0.619,0.002,0.3241,10050658.77,622384.546,0.617,0.622,0.615,0.619
20100730,510180.SH,0.619,0.618,0.62,0.613,0.618,-0.001,-0.1616,7443425.9,458518.892,0.618,0.62,0.613,0.618
20100802,510180.SH,0.618,0.619,0.631,0.618,0.627,0.009,1.4563,10196531.05,638154.105,0.619,0.631,0.618,0.627
20100803,510180.SH,0.627,0.627,0.63,0.615,0.616,-0.011,-1.7544,9065238.16,566240.742,0.627,0.63,0.615,0.616
20100804,510180.SH,0.616,0.615,0.62,0.607,0.618,0.002,0.3247,12491355.71,768240.439,0.615,0.62,0.607,0.618
20100805,510180.SH,0.618,0.617,0.618,0.607,0.611,-0.007,-1.1327,8104657.19,497060.331,0.617,0.618,0.607,0.611
20100806,510180.SH,0.611,0.609,0.624,0.606,0.622,0.011,1.8003,6656633.11,410002.842,0.609,0.624,0.606,0.622
20100809,510180.SH,0.622,0.62,0.627,0.619,0.625,0.003,0.4823,7218415.17,449833.944,0.62,0.627,0.619,0.625
20100810,510180.SH,0.625,0.624,0.627,0.607,0.608,-0.017,-2.72,6089608.43,375881.435,0.624,0.627,0.607,0.608
20100811,510180.SH,0.608,0.607,0.614,0.605,0.609,0.001,0.1645,7507983.79,457144.58,0.607,0.614,0.605,0.609
20100812,510180.SH,0.609,0.601,0.612,0.601,0.602,-0.007,-1.1494,8382114.91,507180.133,0.601,0.612,0.601,0.602
20100813,510180.SH,0.602,0.603,0.61,0.599,0.61,0.008,1.3289,4790790.29,289792.893,0.603,0.61,0.599,0.61
20100816,510180.SH,0.61,0.609,0.626,0.606,0.623,0.013,2.1311,6755590.48,416436.435,0.609,0.626,0.606,0.623
20100817,510180.SH,0.623,0.624,0.63,0.623,0.627,0.004,0.6421,4145171.88,259577.671,0.624,0.63,0.623,0.627
20100818,510180.SH,0.627,0.627,0.632,0.622,0.626,-0.001,-0.1595,6308442.25,395738.85,0.627,0.632,0.622,0.626
20100819,510180.SH,0.626,0.625,0.636,0.624,0.631,0.005,0.7987,7204118.44,455002.052,0.625,0.636,0.624,0.631
20100820,510180.SH,0.631,0.629,0.63,0.618,0.62,-0.011,-1.7433,8438232.99,525789.106,0.629,0.63,0.618,0.62
20100823,510180.SH,0.62,0.618,0.623,0.614,0.617,-0.003,-0.4839,4113129.08,254524.827,0.618,0.623,0.614,0.617
20100824,510180.SH,0.617,0.617,0.626,0.61,0.618,0.001,0.1621,9489579.06,587157.037,0.617,0.626,0.61,0.618
20100825,510180.SH,0.618,0.614,0.618,0.602,0.602,-0.016,-2.589,5662175.22,346000.101,0.614,0.618,0.602,0.602
20100826,510180.SH,0.602,0.606,0.61,0.602,0.605,0.003,0.4983,3569798.53,216420.416,0.606,0.61,0.602,0.605
20100827,510180.SH,0.605,0.605,0.608,0.602,0.607,0.002,0.3306,2836487.82,171646.719,0.605,0.608,0.602,0.607
20100830,510180.SH,0.607,0.611,0.62,0.61,0.618,0.011,1.8122,6225114.15,383329.757,0.611,0.62,0.61,0.618
20100831,510180.SH,0.618,0.616,0.616,0.61,0.613,-0.005,-0.8091,3727845.31,228502.666,0.616,0.616,0.61,0.613
20100901,510180.SH,0.613,0.614,0.62,0.605,0.609,-0.004,-0.6525,11784802.24,722914.299,0.614,0.62,0.605,0.609
20100902,510180.SH,0.609,0.617,0.619,0.613,0.617,0.008,1.3136,4734526.44,291583.965,0.617,0.619,0.613,0.617
20100903,510180.SH,0.617,0.618,0.618,0.61,0.615,-0.002,-0.3241,4424415.3,271562.746,0.618,0.618,0.61,0.615
20100906,510180.SH,0.615,0.62,0.63,0.619,0.629,0.014,2.2764,6506473.7,405715.057,0.62,0.63,0.619,0.629
20100907,510180.SH,0.629,0.63,0.631,0.625,0.628,-0.001,-0.159,3422789.84,214946.294,0.63,0.631,0.625,0.628
20100908,510180.SH,0.628,0.626,0.628,0.622,0.628,0.0,0.0,2455698.42,153509.697,0.626,0.628,0.622,0.628
20100909,510180.SH,0.628,0.628,0.628,0.615,0.616,-0.012,-1.9108,4318577.12,267762.517,0.628,0.628,0.615,0.616
20100910,510180.SH,0.616,0.617,0.619,0.608,0.615,-0.001,-0.1623,9063610.67,556118.151,0.617,0.619,0.608,0.615
20100913,510180.SH,0.615,0.615,0.626,0.613,0.62,0.005,0.813,6806907.81,420708.193,0.615,0.626,0.613,0.62
20100914,510180.SH,0.62,0.621,0.626,0.619,0.621,0.001,0.1613,4428109.43,275523.786,0.621,0.626,0.619,0.621
20100915,510180.SH,0.621,0.621,0.621,0.61,0.611,-0.01,-1.6103,3824899.73,235228.824,0.621,0.621,0.61,0.611
20100916,510180.SH,0.611,0.61,0.612,0.594,0.6,-0.011,-1.8003,6673047.44,401656.203,0.61,0.612,0.594,0.6
20100917,510180.SH,0.6,0.602,0.603,0.598,0.599,-0.001,-0.1667,4175771.6,250867.577,0.602,0.603,0.598,0.599
20100920,510180.SH,0.599,0.599,0.603,0.593,0.599,0.0,0.0,3507082.95,210187.693,0.599,0.603,0.593,0.599
20100921,510180.SH,0.599,0.6,0.602,0.597,0.599,0.0,0.0,2059333.84,123451.909,0.6,0.602,0.597,0.599
20100927,510180.SH,0.599,0.601,0.608,0.6,0.607,0.008,1.3356,3703570.22,223656.971,0.601,0.608,0.6,0.607
20100928,510180.SH,0.607,0.606,0.608,0.602,0.603,-0.004,-0.659,5119753.94,310160.436,0.606,0.608,0.602,0.603
20100929,510180.SH,0.603,0.603,0.61,0.602,0.604,0.001,0.1658,1354554.33,82052.152,0.603,0.61,0.602,0.604
20100930,510180.SH,0.604,0.601,0.617,0.6,0.616,0.012,1.9868,3817634.48,233583.186,0.601,0.617,0.6,0.616
20101008,510180.SH,0.616,0.621,0.643,0.621,0.64,0.024,3.8961,5030856.05,320768.052,0.621,0.643,0.621,0.64
20101011,510180.SH,0.64,0.644,0.668,0.644,0.66,0.02,3.125,8921770.05,585713.657,0.644,0.668,0.644,0.66
20101012,510180.SH,0.66,0.66,0.671,0.655,0.669,0.009,1.3636,5312204.01,352469.183,0.66,0.671,0.655,0.669
20101013,510180.SH,0.669,0.671,0.681,0.668,0.679,0.01,1.4948,7324771.63,494466.262,0.671,0.681,0.668,0.679
20101014,510180.SH,0.679,0.686,0.697,0.682,0.684,0.005,0.7364,7348300.49,506109.689,0.686,0.697,0.682,0.684
20101015,510180.SH,0.684,0.681,0.71,0.68,0.709,0.025,3.655,13653728.96,953020.437,0.681,0.71,0.68,0.709
20101018,510180.SH,0.709,0.72,0.725,0.703,0.704,-0.005,-0.7052,20920627.9,1492298.842,0.72,0.725,0.703,0.704
20101019,510180.SH,0.704,0.702,0.72,0.7,0.72,0.016,2.2727,13167478.89,933002.119,0.702,0.72,0.7,0.72
20101020,510180.SH,0.72,0.71,0.732,0.7,0.72,0.0,0.0,18650717.88,1340110.022,0.71,0.732,0.7,0.72
20101021,510180.SH,0.72,0.724,0.726,0.708,0.713,-0.007,-0.9722,9653485.07,691868.681,0.724,0.726,0.708,0.713
20101022,510180.SH,0.713,0.711,0.72,0.706,0.711,-0.002,-0.2805,8861940.17,631854.166,0.711,0.72,0.706,0.711
20101025,510180.SH,0.711,0.714,0.735,0.708,0.733,0.022,3.0942,11845060.39,854683.897,0.714,0.735,0.708,0.733
20101026,510180.SH,0.733,0.738,0.742,0.722,0.728,-0.005,-0.6821,8966065.47,655886.731,0.738,0.742,0.722,0.728
20101027,510180.SH,0.728,0.725,0.734,0.714,0.716,-0.012,-1.6484,11757484.66,850753.705,0.725,0.734,0.714,0.716
20101028,510180.SH,0.716,0.716,0.718,0.708,0.713,-0.003,-0.419,11210515.71,799626.307,0.716,0.718,0.708,0.713
20101029,510180.SH,0.713,0.712,0.715,0.701,0.707,-0.006,-0.8415,6816982.45,482225.018,0.712,0.715,0.701,0.707
20101101,510180.SH,0.707,0.709,0.728,0.709,0.726,0.019,2.6874,8503415.65,613832.425,0.709,0.728,0.709,0.726
20101102,510180.SH,0.726,0.726,0.736,0.72,0.723,-0.003,-0.4132,7269928.97,528342.234,0.726,0.736,0.72,0.723
20101103,510180.SH,0.723,0.723,0.729,0.716,0.719,-0.004,-0.5533,8189293.12,591598.328,0.723,0.729,0.716,0.719
20101104,510180.SH,0.719,0.72,0.731,0.72,0.731,0.012,1.669,7521427.78,546300.855,0.72,0.731,0.72,0.731
20101105,510180.SH,0.731,0.745,0.751,0.734,0.742,0.011,1.5048,6080505.34,450792.176,0.745,0.751,0.734,0.742
20101108,510180.SH,0.742,0.742,0.745,0.736,0.744,0.002,0.2695,7222152.01,535414.511,0.742,0.745,0.736,0.744
20101109,510180.SH,0.744,0.742,0.744,0.734,0.737,-0.007,-0.9409,8010855.55,591036.146,0.742,0.744,0.734,0.737
20101110,510180.SH,0.737,0.734,0.734,0.724,0.729,-0.008,-1.0855,9630163.36,701116.398,0.734,0.734,0.724,0.729
20101111,510180.SH,0.729,0.731,0.745,0.728,0.734,0.005,0.6859,10441861.68,769150.65,0.731,0.745,0.728,0.734
20101112,510180.SH,0.734,0.729,0.732,0.685,0.687,-0.047,-6.4033,25049093.0,1780886.817,0.729,0.732,0.685,0.687
20101115,510180.SH,0.687,0.693,0.697,0.681,0.694,0.007,1.0189,15327241.25,1054993.926,0.693,0.697,0.681,0.694
20101116,510180.SH,0.694,0.692,0.693,0.664,0.668,-0.026,-3.7464,17094324.23,1165151.381,0.692,0.693,0.664,0.668
20101117,510180.SH,0.668,0.658,0.668,0.65,0.654,-0.014,-2.0958,12290619.39,811536.939,0.658,0.668,0.65,0.654
20101118,510180.SH,0.654,0.661,0.665,0.653,0.663,0.009,1.3761,14580005.77,962273.889,0.661,0.665,0.653,0.663
20101119,510180.SH,0.663,0.666,0.668,0.641,0.667,0.004,0.6033,15119614.68,993197.587,0.666,0.668,0.641,0.667
20101122,510180.SH,0.667,0.663,0.67,0.659,0.663,-0.004,-0.5997,11782238.86,782519.851,0.663,0.67,0.659,0.663
20101123,510180.SH,0.663,0.658,0.66,0.64,0.649,-0.014,-2.1116,11012068.56,714361.232,0.658,0.66,0.64,0.649
20101124,510180.SH,0.649,0.647,0.667,0.647,0.662,0.013,2.0031,12121215.43,797992.946,0.647,0.667,0.647,0.662
20101125,510180.SH,0.662,0.664,0.673,0.66,0.671,0.009,1.3595,9271669.19,617029.476,0.664,0.673,0.66,0.671
20101126,510180.SH,0.671,0.669,0.672,0.661,0.665,-0.006,-0.8942,5883739.15,391927.699,0.669,0.672,0.661,0.665
20101129,510180.SH,0.665,0.664,0.667,0.657,0.663,-0.002,-0.3008,5486383.53,363269.484,0.664,0.667,0.657,0.663
20101130,510180.SH,0.663,0.663,0.668,0.638,0.652,-0.011,-1.6591,12521997.84,813710.17,0.663,0.668,0.638,0.652
20101201,510180.SH,0.652,0.65,0.656,0.648,0.654,0.002,0.3067,5325818.17,347598.169,0.65,0.656,0.648,0.654
20101202,510180.SH,0.654,0.663,0.669,0.656,0.656,0.002,0.3058,4415483.45,292521.056,0.663,0.669,0.656,0.656
20101203,510180.SH,0.656,0.657,0.66,0.653,0.657,0.001,0.1524,5629769.71,369999.357,0.657,0.66,0.653,0.657
20101206,510180.SH,0.657,0.66,0.665,0.656,0.661,0.004,0.6088,5792753.75,382806.494,0.66,0.665,0.656,0.661
20101207,510180.SH,0.661,0.661,0.673,0.65,0.669,0.008,1.2103,5989660.83,396711.166,0.661,0.673,0.65,0.669
20101208,510180.SH,0.669,0.668,0.67,0.66,0.66,-0.009,-1.3453,5878356.27,390760.726,0.668,0.67,0.66,0.66
20101209,510180.SH,0.66,0.658,0.662,0.651,0.652,-0.008,-1.2121,4601588.51,302376.995,0.658,0.662,0.651,0.652
20101210,510180.SH,0.652,0.65,0.664,0.648,0.66,0.008,1.227,5813604.06,381706.388,0.65,0.664,0.648,0.66
20101213,510180.SH,0.66,0.666,0.682,0.662,0.681,0.021,3.1818,6509777.39,437103.908,0.666,0.682,0.662,0.681
20101214,510180.SH,0.681,0.683,0.687,0.678,0.68,-0.001,-0.1468,5065807.73,345178.992,0.683,0.687,0.678,0.68
20101215,510180.SH,0.68,0.681,0.683,0.675,0.676,-0.004,-0.5882,5583854.16,379222.564,0.681,0.683,0.675,0.676
20101216,510180.SH,0.676,0.675,0.678,0.67,0.671,-0.005,-0.7396,2339924.9,157903.025,0.675,0.678,0.67,0.671
20101217,510180.SH,0.671,0.67,0.673,0.668,0.671,0.0,0.0,3187207.24,213815.468,0.67,0.673,0.668,0.671
20101220,510180.SH,0.671,0.677,0.677,0.648,0.658,-0.013,-1.9374,11140164.7,734997.443,0.677,0.677,0.648,0.658
20101221,510180.SH,0.658,0.661,0.678,0.659,0.677,0.019,2.8875,9894864.05,663545.996,0.661,0.678,0.659,0.677
20101222,510180.SH,0.677,0.677,0.679,0.665,0.667,-0.01,-1.4771,6186938.5,414657.971,0.677,0.679,0.665,0.667
20101223,510180.SH,0.667,0.667,0.674,0.663,0.665,-0.002,-0.2999,5520234.46,368529.616,0.667,0.674,0.663,0.665
20101224,510180.SH,0.665,0.661,0.665,0.654,0.659,-0.006,-0.9023,6185913.0,408660.777,0.661,0.665,0.654,0.659
20101227,510180.SH,0.659,0.663,0.671,0.646,0.647,-0.012,-1.8209,8534241.87,563550.567,0.663,0.671,0.646,0.647
20101228,510180.SH,0.647,0.644,0.647,0.637,0.638,-0.009,-1.391,7582511.13,487222.281,0.644,0.647,0.637,0.638
20101229,510180.SH,0.638,0.638,0.64,0.633,0.639,0.001,0.1567,4225626.32,269061.249,0.638,0.64,0.633,0.639
20101230,510180.SH,0.639,0.64,0.643,0.632,0.639,0.0,0.0,4719544.67,301100.672,0.64,0.643,0.632,0.639
20101231,510180.SH,0.639,0.64,0.651,0.64,0.65,0.011,1.7214,5707590.53,368449.141,0.64,0.651,0.64,0.65
20110104,510180.SH,0.65,0.657,0.665,0.653,0.664,0.014,2.1538,5814063.0,382715.398,0.657,0.665,0.653,0.664
20110105,510180.SH,0.664,0.659,0.665,0.658,0.66,-0.004,-0.6024,4536801.25,299962.359,0.659,0.665,0.658,0.66
20110106,510180.SH,0.66,0.661,0.666,0.656,0.657,-0.003,-0.4545,2558165.32,168762.159,0.661,0.666,0.656,0.657
20110107,510180.SH,0.657,0.656,0.669,0.653,0.66,0.003,0.4566,7869209.17,521118.56,0.656,0.669,0.653,0.66
20110110,510180.SH,0.66,0.661,0.665,0.648,0.65,-0.01,-1.5152,4543218.71,298479.32,0.661,0.665,0.648,0.65
20110111,510180.SH,0.65,0.648,0.655,0.646,0.653,0.003,0.4615,4639207.57,301118.107,0.648,0.655,0.646,0.653
20110112,510180.SH,0.653,0.656,0.661,0.649,0.659,0.006,0.9188,3436176.02,225134.18,0.656,0.661,0.649,0.659
20110113,510180.SH,0.659,0.662,0.662,0.655,0.658,-0.001,-0.1517,2832928.99,186584.987,0.662,0.662,0.655,0.658
20110114,510180.SH,0.658,0.656,0.656,0.646,0.647,-0.011,-1.6717,3274204.65,212977.859,0.656,0.656,0.646,0.647
20110117,510180.SH,0.647,0.644,0.645,0.622,0.625,-0.022,-3.4003,7591007.6,481109.464,0.644,0.645,0.622,0.625
20110118,510180.SH,0.625,0.622,0.626,0.618,0.624,-0.001,-0.16,4638239.49,288467.017,0.622,0.626,0.618,0.624
20110119,510180.SH,0.624,0.624,0.639,0.622,0.639,0.015,2.4038,4811062.36,302220.236,0.624,0.639,0.622,0.639
20110120,510180.SH,0.639,0.635,0.636,0.616,0.617,-0.022,-3.4429,2954259.02,184654.784,0.635,0.636,0.616,0.617
20110121,510180.SH,0.617,0.616,0.642,0.616,0.625,0.008,1.2966,6881796.15,430789.992,0.616,0.642,0.616,0.625
20110124,510180.SH,0.625,0.627,0.631,0.619,0.62,-0.005,-0.8,4526938.19,282859.327,0.627,0.631,0.619,0.62
20110125,510180.SH,0.62,0.621,0.623,0.614,0.618,-0.002,-0.3226,4898372.43,303022.846,0.621,0.623,0.614,0.618
20110126,510180.SH,0.618,0.618,0.627,0.618,0.625,0.007,1.1327,2434969.86,151599.529,0.618,0.627,0.618,0.625
20110127,510180.SH,0.625,0.62,0.637,0.617,0.636,0.011,1.76,5420743.58,341600.976,0.62,0.637,0.617,0.636
20110128,510180.SH,0.636,0.633,0.638,0.631,0.637,0.001,0.1572,1565897.52,99401.799,0.633,0.638,0.631,0.637
20110131,510180.SH,0.637,0.636,0.644,0.636,0.643,0.006,0.9419,3003316.01,192324.075,0.636,0.644,0.636,0.643
20110201,510180.SH,0.643,0.645,0.646,0.641,0.644,0.001,0.1555,1970478.19,126876.378,0.645,0.646,0.641,0.644
20110209,510180.SH,0.644,0.64,0.647,0.635,0.636,-0.008,-1.2422,3606102.79,231268.814,0.64,0.647,0.635,0.636
20110210,510180.SH,0.636,0.636,0.65,0.633,0.648,0.012,1.8868,3519328.39,225895.073,0.636,0.65,0.633,0.648
20110211,510180.SH,0.648,0.647,0.653,0.646,0.651,0.003,0.463,4507032.04,292537.103,0.647,0.653,0.646,0.651
20110214,510180.SH,0.651,0.651,0.676,0.651,0.672,0.021,3.2258,5942664.71,396212.511,0.651,0.676,0.651,0.672
20110215,510180.SH,0.672,0.673,0.68,0.669,0.672,0.0,0.0,6492612.68,438330.35,0.673,0.68,0.669,0.672
20110216,510180.SH,0.672,0.671,0.675,0.665,0.674,0.002,0.2976,5603100.47,375544.521,0.671,0.675,0.665,0.674
20110217,510180.SH,0.674,0.676,0.678,0.669,0.674,0.0,0.0,4538446.28,305824.161,0.676,0.678,0.669,0.674
20110218,510180.SH,0.674,0.673,0.674,0.666,0.67,-0.004,-0.5935,4669602.71,312707.37,0.673,0.674,0.666,0.67
20110221,510180.SH,0.67,0.666,0.677,0.665,0.675,0.005,0.7463,5317288.26,356741.866,0.666,0.677,0.665,0.675
20110222,510180.SH,0.675,0.676,0.677,0.654,0.655,-0.02,-2.963,7470680.65,496018.053,0.676,0.677,0.654,0.655
20110223,510180.SH,0.655,0.655,0.66,0.653,0.658,0.003,0.458,3355359.01,220380.457,0.655,0.66,0.653,0.658
20110224,510180.SH,0.658,0.656,0.663,0.655,0.662,0.004,0.6079,4682933.35,308739.98,0.656,0.663,0.655,0.662
20110225,510180.SH,0.662,0.663,0.674,0.656,0.664,0.002,0.3021,3709120.89,246050.89,0.663,0.674,0.656,0.664
20110228,510180.SH,0.664,0.663,0.672,0.659,0.67,0.006,0.9036,3155157.69,210041.519,0.663,0.672,0.659,0.67
20110301,510180.SH,0.67,0.67,0.68,0.67,0.674,0.004,0.597,5053616.37,340834.272,0.67,0.68,0.67,0.674
20110302,510180.SH,0.674,0.67,0.677,0.666,0.673,-0.001,-0.1484,3660880.46,245740.381,0.67,0.677,0.666,0.673
20110303,510180.SH,0.673,0.674,0.682,0.671,0.673,0.0,0.0,4572623.75,310200.737,0.674,0.682,0.671,0.673
20110304,510180.SH,0.673,0.673,0.685,0.672,0.683,0.01,1.4859,4631547.63,314388.078,0.673,0.685,0.672,0.683
20110307,510180.SH,0.683,0.686,0.699,0.686,0.697,0.014,2.0498,5468694.94,379081.876,0.686,0.699,0.686,0.697
20110308,510180.SH,0.697,0.695,0.699,0.692,0.697,0.0,0.0,3519936.73,244975.872,0.695,0.699,0.692,0.697
20110309,510180.SH,0.697,0.698,0.702,0.694,0.698,0.001,0.1435,4301326.8,300405.216,0.698,0.702,0.694,0.698
20110310,510180.SH,0.698,0.695,0.695,0.683,0.684,-0.014,-2.0057,4444404.17,305573.149,0.695,0.695,0.683,0.684
20110311,510180.SH,0.684,0.682,0.685,0.673,0.675,-0.009,-1.3158,5578563.89,379388.9,0.682,0.685,0.673,0.675
20110314,510180.SH,0.675,0.677,0.679,0.671,0.678,0.003,0.4444,3128250.77,211329.461,0.677,0.679,0.671,0.678
20110315,510180.SH,0.678,0.675,0.675,0.653,0.665,-0.013,-1.9174,9050843.87,600165.349,0.675,0.675,0.653,0.665
20110316,510180.SH,0.665,0.667,0.677,0.666,0.674,0.009,1.3534,3484665.61,233664.851,0.667,0.677,0.666,0.674
20110317,510180.SH,0.674,0.669,0.674,0.663,0.665,-0.009,-1.3353,4000260.52,267774.914,0.669,0.674,0.663,0.665
20110318,510180.SH,0.665,0.672,0.676,0.668,0.67,0.005,0.7519,3297813.44,221352.686,0.672,0.676,0.668,0.67
20110321,510180.SH,0.67,0.672,0.675,0.666,0.67,0.0,0.0,3369732.35,225803.925,0.672,0.675,0.666,0.67
20110322,510180.SH,0.67,0.672,0.675,0.662,0.673,0.003,0.4478,4579612.61,306709.871,0.672,0.675,0.662,0.673
20110323,510180.SH,0.673,0.672,0.683,0.671,0.681,0.008,1.1887,3968441.59,269054.995,0.672,0.683,0.671,0.681
20110324,510180.SH,0.681,0.681,0.683,0.678,0.678,-0.003,-0.4405,3150031.82,214320.887,0.681,0.683,0.678,0.678
20110325,510180.SH,0.678,0.679,0.691,0.679,0.688,0.01,1.4749,6690696.15,459989.281,0.679,0.691,0.679,0.688
20110328,510180.SH,0.688,0.69,0.696,0.688,0.689,0.001,0.1453,5510219.5,381600.356,0.69,0.696,0.688,0.689
20110329,510180.SH,0.689,0.687,0.694,0.684,0.685,-0.004,-0.5806,3127556.66,215378.667,0.687,0.694,0.684,0.685
20110330,510180.SH,0.685,0.684,0.688,0.68,0.684,-0.001,-0.146,4953177.67,338687.686,0.684,0.688,0.68,0.684
20110331,510180.SH,0.684,0.684,0.686,0.674,0.678,-0.006,-0.8772,2166337.04,147010.322,0.684,0.686,0.674,0.678
20110401,510180.SH,0.678,0.677,0.689,0.677,0.689,0.011,1.6224,3532014.53,240855.166,0.677,0.689,0.677,0.689
20110406,510180.SH,0.689,0.688,0.701,0.687,0.699,0.01,1.4514,4827936.27,336030.15,0.688,0.701,0.687,0.699
20110407,510180.SH,0.699,0.699,0.703,0.696,0.699,0.0,0.0,2451029.28,171462.767,0.699,0.703,0.696,0.699
20110408,510180.SH,0.699,0.698,0.708,0.698,0.707,0.008,1.1445,2980799.08,209922.549,0.698,0.708,0.698,0.707
20110411,510180.SH,0.707,0.708,0.712,0.702,0.703,-0.004,-0.5658,3903954.0,276664.729,0.708,0.712,0.702,0.703
20110412,510180.SH,0.703,0.7,0.705,0.696,0.699,-0.004,-0.569,6158656.48,431540.986,0.7,0.705,0.696,0.699
20110413,510180.SH,0.699,0.697,0.711,0.694,0.71,0.011,1.5737,3321516.61,232694.935,0.697,0.711,0.694,0.71
20110414,510180.SH,0.71,0.71,0.712,0.705,0.706,-0.004,-0.5634,3485537.33,247195.684,0.71,0.712,0.705,0.706
20110415,510180.SH,0.706,0.704,0.712,0.7,0.708,0.002,0.2833,5291914.15,374029.276,0.704,0.712,0.7,0.708
20110418,510180.SH,0.708,0.706,0.711,0.703,0.708,0.0,0.0,5428369.05,384456.57,0.706,0.711,0.703,0.708
20110419,510180.SH,0.708,0.703,0.704,0.694,0.694,-0.014,-1.9774,4009838.33,279743.89,0.703,0.704,0.694,0.694
20110420,510180.SH,0.694,0.696,0.698,0.69,0.693,-0.001,-0.1441,4120967.74,286239.785,0.696,0.698,0.69,0.693
20110421,510180.SH,0.693,0.697,0.702,0.695,0.698,0.005,0.7215,2796208.89,195179.986,0.697,0.702,0.695,0.698
20110422,510180.SH,0.698,0.698,0.701,0.693,0.696,-0.002,-0.2865,2268287.85,157964.236,0.698,0.701,0.693,0.696
20110425,510180.SH,0.696,0.693,0.693,0.684,0.685,-0.011,-1.5805,4586853.96,315670.688,0.693,0.693,0.684,0.685
20110426,510180.SH,0.685,0.684,0.687,0.679,0.681,-0.004,-0.5839,5956221.48,407127.636,0.684,0.687,0.679,0.681
20110427,510180.SH,0.681,0.683,0.686,0.673,0.677,-0.004,-0.5874,5186669.71,352955.74,0.683,0.686,0.673,0.677
20110428,510180.SH,0.677,0.68,0.685,0.669,0.671,-0.006,-0.8863,8302453.95,561871.603,0.68,0.685,0.669,0.671
20110429,510180.SH,0.671,0.672,0.675,0.664,0.674,0.003,0.4471,7395004.04,495159.918,0.672,0.675,0.664,0.674
20110503,510180.SH,0.674,0.673,0.677,0.668,0.676,0.002,0.2967,6687158.44,450114.848,0.673,0.677,0.668,0.676
20110504,510180.SH,0.676,0.671,0.673,0.657,0.658,-0.018,-2.6627,6881497.64,458307.694,0.671,0.673,0.657,0.658
20110505,510180.SH,0.658,0.657,0.661,0.654,0.657,-0.001,-0.152,2763468.6,181529.687,0.657,0.661,0.654,0.657
20110506,510180.SH,0.657,0.651,0.661,0.65,0.656,-0.001,-0.1522,5566226.49,364875.351,0.651,0.661,0.65,0.656
20110509,510180.SH,0.656,0.658,0.662,0.654,0.657,0.001,0.1524,2793389.8,183836.955,0.658,0.662,0.654,0.657
20110510,510180.SH,0.657,0.658,0.663,0.656,0.662,0.005,0.761,2142521.82,141356.762,0.658,0.663,0.656,0.662
20110511,510180.SH,0.662,0.662,0.665,0.658,0.661,-0.001,-0.1511,2275646.69,150552.791,0.662,0.665,0.658,0.661
20110512,510180.SH,0.661,0.657,0.66,0.651,0.651,-0.01,-1.5129,2765681.22,181696.935,0.657,0.66,0.651,0.651
20110513,510180.SH,0.651,0.653,0.66,0.649,0.659,0.008,1.2289,4777580.82,312040.773,0.653,0.66,0.649,0.659
20110516,510180.SH,0.659,0.656,0.66,0.65,0.65,-0.009,-1.3657,2763939.7,181308.075,0.656,0.66,0.65,0.65
20110517,510180.SH,0.65,0.651,0.66,0.648,0.655,0.005,0.7692,3331192.85,218120.388,0.651,0.66,0.648,0.655
20110518,510180.SH,0.655,0.656,0.662,0.653,0.661,0.006,0.916,2830220.9,186344.443,0.656,0.662,0.653,0.661
20110519,510180.SH,0.661,0.662,0.663,0.656,0.658,-0.003,-0.4539,3129155.87,206598.148,0.662,0.663,0.656,0.658
20110520,510180.SH,0.658,0.657,0.659,0.655,0.656,-0.002,-0.304,1640900.89,107860.35,0.657,0.659,0.655,0.656
20110523,510180.SH,0.656,0.656,0.656,0.637,0.638,-0.018,-2.7439,3705533.75,238748.867,0.656,0.656,0.637,0.638
20110524,510180.SH,0.638,0.636,0.639,0.634,0.638,0.0,0.0,3592113.83,228668.568,0.636,0.639,0.634,0.638
20110525,510180.SH,0.638,0.638,0.64,0.63,0.632,-0.006,-0.9404,2820525.9,179215.347,0.638,0.64,0.63,0.632
20110526,510180.SH,0.632,0.636,0.638,0.63,0.631,-0.001,-0.1582,3952428.56,250687.565,0.636,0.638,0.63,0.631
20110527,510180.SH,0.631,0.631,0.634,0.627,0.628,-0.003,-0.4754,6264323.39,394720.575,0.631,0.634,0.627,0.628
20110530,510180.SH,0.628,0.627,0.631,0.623,0.625,-0.003,-0.4777,4279171.5,268280.124,0.627,0.631,0.623,0.625
20110531,510180.SH,0.625,0.626,0.635,0.624,0.634,0.009,1.44,5653450.66,356170.733,0.626,0.635,0.624,0.634
20110601,510180.SH,0.634,0.633,0.635,0.631,0.635,0.001,0.1577,7286919.75,461460.439,0.633,0.635,0.631,0.635
20110602,510180.SH,0.635,0.631,0.631,0.618,0.624,-0.011,-1.7323,6057709.04,378887.216,0.631,0.631,0.618,0.624
20110603,510180.SH,0.624,0.624,0.631,0.623,0.63,0.006,0.9615,3134987.77,196861.351,0.624,0.631,0.623,0.63
20110607,510180.SH,0.63,0.628,0.635,0.627,0.635,0.005,0.7937,3835473.17,241856.586,0.628,0.635,0.627,0.635
20110608,510180.SH,0.635,0.633,0.636,0.624,0.633,-0.002,-0.315,3382801.26,213326.506,0.633,0.636,0.624,0.633
20110609,510180.SH,0.633,0.632,0.634,0.622,0.623,-0.01,-1.5798,1929884.57,121188.501,0.632,0.634,0.622,0.623
20110610,510180.SH,0.623,0.623,0.626,0.618,0.625,0.002,0.321,2775171.8,172874.663,0.623,0.626,0.618,0.625
20110613,510180.SH,0.625,0.621,0.626,0.617,0.624,-0.001,-0.16,2944342.43,182847.657,0.621,0.626,0.617,0.624
20110614,510180.SH,0.624,0.624,0.634,0.622,0.632,0.008,1.2821,3014634.39,189904.782,0.624,0.634,0.622,0.632
20110615,510180.SH,0.632,0.631,0.634,0.626,0.627,-0.005,-0.7911,1585094.66,99887.556,0.631,0.634,0.626,0.627
20110616,510180.SH,0.627,0.623,0.624,0.618,0.618,-0.009,-1.4354,2266105.61,140678.439,0.623,0.624,0.618,0.618
20110617,510180.SH,0.618,0.619,0.621,0.611,0.612,-0.006,-0.9709,1366551.58,84338.507,0.619,0.621,0.611,0.612
20110620,510180.SH,0.612,0.61,0.613,0.606,0.61,-0.002,-0.3268,3492322.43,212890.837,0.61,0.613,0.606,0.61
20110621,510180.SH,0.61,0.611,0.616,0.61,0.615,0.005,0.8197,3247009.61,199264.516,0.611,0.616,0.61,0.615
20110622,510180.SH,0.615,0.617,0.618,0.612,0.616,0.001,0.1626,2139714.18,131702.366,0.617,0.618,0.612,0.616
20110623,510180.SH,0.616,0.614,0.628,0.612,0.626,0.01,1.6234,2648214.25,164449.801,0.614,0.628,0.612,0.626
20110624,510180.SH,0.626,0.625,0.647,0.624,0.641,0.015,2.3962,6626569.31,423058.176,0.625,0.647,0.624,0.641
20110627,510180.SH,0.641,0.642,0.647,0.64,0.643,0.002,0.312,4844266.78,311622.95,0.642,0.647,0.64,0.643
20110628,510180.SH,0.643,0.645,0.646,0.637,0.644,0.001,0.1555,2919229.82,187320.228,0.645,0.646,0.637,0.644
20110629,510180.SH,0.644,0.644,0.644,0.635,0.635,-0.009,-1.3975,3277177.61,209588.289,0.644,0.644,0.635,0.635
20110630,510180.SH,0.635,0.635,0.647,0.635,0.643,0.008,1.2598,5708898.54,367446.055,0.635,0.647,0.635,0.643
20110701,510180.SH,0.643,0.644,0.649,0.64,0.644,0.001,0.1555,6506587.76,419237.645,0.644,0.649,0.64,0.644
20110704,510180.SH,0.644,0.646,0.66,0.646,0.659,0.015,2.3292,9905365.63,650187.753,0.646,0.66,0.646,0.659
20110705,510180.SH,0.659,0.66,0.661,0.656,0.66,0.001,0.1517,3420022.64,225230.231,0.66,0.661,0.656,0.66
20110706,510180.SH,0.66,0.658,0.659,0.652,0.657,-0.003,-0.4545,3187200.15,208803.007,0.658,0.659,0.652,0.657
20110707,510180.SH,0.657,0.661,0.663,0.654,0.654,-0.003,-0.4566,5409823.99,356561.063,0.661,0.663,0.654,0.654
20110708,510180.SH,0.654,0.656,0.66,0.653,0.657,0.003,0.4587,2481629.2,162685.693,0.656,0.66,0.653,0.657
20110711,510180.SH,0.657,0.655,0.657,0.651,0.656,-0.001,-0.1522,2665820.97,174422.507,0.655,0.657,0.651,0.656
20110712,510180.SH,0.656,0.652,0.652,0.641,0.642,-0.014,-2.1341,3241536.64,209299.424,0.652,0.652,0.641,0.642
20110713,510180.SH,0.642,0.643,0.654,0.643,0.652,0.01,1.5576,3437082.33,222824.576,0.643,0.654,0.643,0.652
20110714,510180.SH,0.652,0.652,0.658,0.65,0.654,0.002,0.3067,2323867.76,152124.903,0.652,0.658,0.65,0.654
20110715,510180.SH,0.654,0.653,0.659,0.651,0.658,0.004,0.6116,3541078.93,231904.963,0.653,0.659,0.651,0.658
20110718,510180.SH,0.658,0.658,0.661,0.655,0.657,-0.001,-0.152,2168051.87,142529.597,0.658,0.661,0.655,0.657
20110719,510180.SH,0.657,0.654,0.654,0.65,0.651,-0.006,-0.9132,1687737.68,110041.788,0.654,0.654,0.65,0.651
20110720,510180.SH,0.651,0.654,0.656,0.646,0.65,-0.001,-0.1536,1692039.53,110091.016,0.654,0.656,0.646,0.65
20110721,510180.SH,0.65,0.65,0.652,0.641,0.644,-0.006,-0.9231,3280119.98,211665.019,0.65,0.652,0.641,0.644
20110722,510180.SH,0.644,0.643,0.648,0.642,0.644,0.0,0.0,1900900.26,122455.41,0.643,0.648,0.642,0.644
20110725,510180.SH,0.644,0.64,0.641,0.621,0.622,-0.022,-3.4161,4425887.79,279201.667,0.64,0.641,0.621,0.622
20110726,510180.SH,0.622,0.622,0.626,0.621,0.624,0.002,0.3215,2348083.53,146355.284,0.622,0.626,0.621,0.624
20110727,510180.SH,0.624,0.622,0.629,0.619,0.628,0.004,0.641,4898708.51,305559.377,0.622,0.629,0.619,0.628
20110728,510180.SH,0.628,0.623,0.625,0.619,0.622,-0.006,-0.9554,1510404.34,93929.573,0.623,0.625,0.619,0.622
20110729,510180.SH,0.622,0.623,0.63,0.618,0.623,0.001,0.1608,2843005.6,177409.079,0.623,0.63,0.618,0.623
20110801,510180.SH,0.623,0.623,0.627,0.621,0.626,0.003,0.4815,1590676.83,99397.294,0.623,0.627,0.621,0.626
20110802,510180.SH,0.626,0.62,0.62,0.612,0.619,-0.007,-1.1182,2395416.57,147630.729,0.62,0.62,0.612,0.619
20110803,510180.SH,0.619,0.614,0.622,0.614,0.619,0.0,0.0,2202540.17,136224.608,0.614,0.622,0.614,0.619
20110804,510180.SH,0.619,0.622,0.625,0.619,0.62,0.001,0.1616,837281.47,52062.242,0.622,0.625,0.619,0.62
20110805,510180.SH,0.62,0.605,0.611,0.602,0.608,-0.012,-1.9355,5023275.42,305151.811,0.605,0.611,0.602,0.608
20110808,510180.SH,0.608,0.604,0.606,0.577,0.587,-0.021,-3.4539,10089509.61,593734.905,0.604,0.606,0.577,0.587
20110809,510180.SH,0.587,0.573,0.59,0.565,0.587,0.0,0.0,9004695.31,518112.269,0.573,0.59,0.565,0.587
20110810,510180.SH,0.587,0.596,0.598,0.589,0.592,0.005,0.8518,6298235.82,373952.475,0.596,0.598,0.589,0.592
20110811,510180.SH,0.592,0.587,0.601,0.583,0.599,0.007,1.1824,6520753.03,386248.776,0.587,0.601,0.583,0.599
20110812,510180.SH,0.599,0.602,0.605,0.599,0.6,0.001,0.1669,3923671.2,236062.204,0.602,0.605,0.599,0.6
20110815,510180.SH,0.6,0.601,0.611,0.599,0.61,0.01,1.6667,2856581.14,172630.834,0.601,0.611,0.599,0.61
20110816,510180.SH,0.61,0.609,0.615,0.605,0.607,-0.003,-0.4918,2136012.11,130470.278,0.609,0.615,0.605,0.607
20110817,510180.SH,0.607,0.607,0.609,0.604,0.604,-0.003,-0.4942,1457832.05,88334.116,0.607,0.609,0.604,0.604
20110818,510180.SH,0.604,0.604,0.605,0.592,0.592,-0.012,-1.9868,2667426.47,159949.801,0.604,0.605,0.592,0.592
20110819,510180.SH,0.592,0.585,0.59,0.582,0.586,-0.006,-1.0135,4535818.79,265784.143,0.585,0.59,0.582,0.586
20110822,510180.SH,0.586,0.588,0.592,0.579,0.582,-0.004,-0.6826,3196568.95,186457.263,0.588,0.592,0.579,0.582
20110823,510180.SH,0.582,0.584,0.591,0.581,0.591,0.009,1.5464,2267837.19,133104.919,0.584,0.591,0.581,0.591
20110824,510180.SH,0.591,0.594,0.596,0.586,0.588,-0.003,-0.5076,1916360.68,113401.8,0.594,0.596,0.586,0.588
20110825,510180.SH,0.588,0.59,0.611,0.589,0.608,0.02,3.4014,4722951.1,285466.986,0.59,0.611,0.589,0.608
20110826,510180.SH,0.608,0.606,0.61,0.602,0.608,0.0,0.0,2621918.68,158985.712,0.606,0.61,0.602,0.608
20110829,510180.SH,0.608,0.602,0.603,0.596,0.596,-0.012,-1.9737,2801107.64,167702.59,0.602,0.603,0.596,0.596
20110830,510180.SH,0.596,0.603,0.609,0.594,0.596,0.0,0.0,3959074.84,238155.562,0.603,0.609,0.594,0.596
20110831,510180.SH,0.596,0.595,0.599,0.592,0.598,0.002,0.3356,2703553.68,161118.082,0.595,0.599,0.592,0.598
20110901,510180.SH,0.598,0.598,0.602,0.593,0.594,-0.004,-0.6689,2025758.38,121068.853,0.598,0.602,0.593,0.594
20110902,510180.SH,0.594,0.594,0.595,0.586,0.589,-0.005,-0.8418,2547597.72,150018.066,0.594,0.595,0.586,0.589
20110905,510180.SH,0.589,0.584,0.584,0.576,0.577,-0.012,-2.0374,2617191.87,151446.987,0.584,0.584,0.576,0.577
20110906,510180.SH,0.577,0.574,0.577,0.571,0.575,-0.002,-0.3466,3590833.93,206184.345,0.574,0.577,0.571,0.575
20110907,510180.SH,0.575,0.577,0.599,0.575,0.584,0.009,1.5652,3579232.57,207508.724,0.577,0.599,0.575,0.584
20110908,510180.SH,0.584,0.587,0.587,0.579,0.58,-0.004,-0.6849,2784803.28,162667.835,0.587,0.587,0.579,0.58
20110909,510180.SH,0.58,0.581,0.591,0.577,0.58,0.0,0.0,9345082.38,542688.003,0.581,0.591,0.577,0.58
20110913,510180.SH,0.58,0.573,0.575,0.569,0.574,-0.006,-1.0345,2482874.78,142005.262,0.573,0.575,0.569,0.574
20110914,510180.SH,0.574,0.575,0.578,0.564,0.575,0.001,0.1742,2762099.41,157808.55,0.575,0.578,0.564,0.575
20110915,510180.SH,0.575,0.576,0.581,0.573,0.575,0.0,0.0,3419306.62,197223.646,0.576,0.581,0.573,0.575
20110916,510180.SH,0.575,0.577,0.58,0.574,0.575,0.0,0.0,1909799.55,110305.968,0.577,0.58,0.574,0.575
20110919,510180.SH,0.575,0.571,0.571,0.564,0.565,-0.01,-1.7391,3255052.31,184372.187,0.571,0.571,0.564,0.565
20110920,510180.SH,0.565,0.564,0.569,0.562,0.567,0.002,0.354,3122187.91,176223.028,0.564,0.569,0.562,0.567
20110921,510180.SH,0.567,0.566,0.586,0.563,0.583,0.016,2.8219,6332299.59,366782.49,0.566,0.586,0.563,0.583
20110922,510180.SH,0.583,0.578,0.58,0.565,0.567,-0.016,-2.7444,3782864.32,216950.937,0.578,0.58,0.565,0.567
20110923,510180.SH,0.567,0.558,0.566,0.555,0.563,-0.004,-0.7055,9613422.3,537577.02,0.558,0.566,0.555,0.563
20110926,510180.SH,0.563,0.558,0.565,0.548,0.55,-0.013,-2.3091,6564279.37,363378.935,0.558,0.565,0.548,0.55
20110927,510180.SH,0.55,0.554,0.56,0.551,0.555,0.005,0.9091,4261201.53,236678.627,0.554,0.56,0.551,0.555
20110928,510180.SH,0.555,0.559,0.56,0.547,0.551,-0.004,-0.7207,2722258.27,150844.52,0.559,0.56,0.547,0.551
20110929,510180.SH,0.551,0.547,0.551,0.543,0.546,-0.005,-0.9074,5525359.15,302709.639,0.547,0.551,0.543,0.546
20110930,510180.SH,0.546,0.547,0.55,0.541,0.542,-0.004,-0.7326,4239946.77,231004.296,0.547,0.55,0.541,0.542
20111010,510180.SH,0.542,0.544,0.546,0.537,0.538,-0.004,-0.738,6984008.53,378488.862,0.544,0.546,0.537,0.538
20111011,510180.SH,0.538,0.552,0.556,0.534,0.538,0.0,0.0,8449126.47,459062.083,0.552,0.556,0.534,0.538
20111012,510180.SH,0.538,0.535,0.56,0.533,0.558,0.02,3.7175,13076297.52,716326.884,0.535,0.56,0.533,0.558
20111013,510180.SH,0.558,0.556,0.565,0.555,0.562,0.004,0.7168,10738311.61,602226.105,0.556,0.565,0.555,0.562
20111014,510180.SH,0.562,0.56,0.564,0.556,0.562,0.0,0.0,2998472.65,167834.446,0.56,0.564,0.556,0.562
20111017,510180.SH,0.562,0.563,0.568,0.56,0.564,0.002,0.3559,4165810.74,235245.981,0.563,0.568,0.56,0.564
20111018,510180.SH,0.564,0.56,0.561,0.546,0.547,-0.017,-3.0142,3327149.41,184093.942,0.56,0.561,0.546,0.547
20111019,510180.SH,0.547,0.549,0.554,0.546,0.548,0.001,0.1828,3291665.61,181013.348,0.549,0.554,0.546,0.548
20111020,510180.SH,0.548,0.544,0.544,0.531,0.536,-0.012,-2.1898,5438042.64,291726.136,0.544,0.544,0.531,0.536
20111021,510180.SH,0.536,0.536,0.54,0.533,0.535,-0.001,-0.1866,4358411.76,233445.459,0.536,0.54,0.533,0.535
20111024,510180.SH,0.535,0.537,0.551,0.534,0.549,0.014,2.6168,4950659.66,268883.823,0.537,0.551,0.534,0.549
20111025,510180.SH,0.549,0.548,0.561,0.545,0.558,0.009,1.6393,8357744.17,463173.129,0.548,0.561,0.545,0.558
20111026,510180.SH,0.558,0.556,0.57,0.556,0.563,0.005,0.8961,7098390.9,400787.583,0.556,0.57,0.556,0.563
20111027,510180.SH,0.563,0.564,0.568,0.563,0.565,0.002,0.3552,4462206.22,252271.526,0.564,0.568,0.563,0.565
20111028,510180.SH,0.565,0.575,0.583,0.571,0.577,0.012,2.1239,7343067.91,422805.743,0.575,0.583,0.571,0.577
20111031,510180.SH,0.577,0.576,0.576,0.57,0.572,-0.005,-0.8666,3732425.32,213965.033,0.576,0.576,0.57,0.572
20111101,510180.SH,0.572,0.569,0.581,0.567,0.573,0.001,0.1748,5902835.61,339172.31,0.569,0.581,0.567,0.573
20111102,510180.SH,0.573,0.565,0.585,0.565,0.584,0.011,1.9197,7202398.26,412388.938,0.565,0.585,0.565,0.584
20111103,510180.SH,0.584,0.588,0.591,0.582,0.583,-0.001,-0.1712,9895668.49,580609.126,0.588,0.591,0.582,0.583
20111104,510180.SH,0.583,0.587,0.592,0.584,0.589,0.006,1.0292,5445743.78,319996.358,0.587,0.592,0.584,0.589
20111107,510180.SH,0.589,0.585,0.588,0.58,0.581,-0.008,-1.3582,4471643.28,260873.125,0.585,0.588,0.58,0.581
20111108,510180.SH,0.581,0.583,0.586,0.579,0.58,-0.001,-0.1721,5189707.28,302196.112,0.583,0.586,0.579,0.58
20111109,510180.SH,0.58,0.583,0.586,0.576,0.584,0.004,0.6897,4571635.41,265551.904,0.583,0.586,0.576,0.584
20111110,510180.SH,0.584,0.579,0.58,0.571,0.571,-0.013,-2.226,7697680.0,443807.239,0.579,0.58,0.571,0.571
20111111,510180.SH,0.571,0.573,0.576,0.569,0.573,0.002,0.3503,3996239.86,229163.591,0.573,0.576,0.569,0.573
20111114,510180.SH,0.573,0.576,0.585,0.575,0.584,0.011,1.9197,5056166.32,293891.708,0.576,0.585,0.575,0.584
20111115,510180.SH,0.584,0.582,0.584,0.579,0.581,-0.003,-0.5137,3300848.54,191930.838,0.582,0.584,0.579,0.581
20111116,510180.SH,0.581,0.581,0.582,0.563,0.565,-0.016,-2.7539,5502162.15,313361.045,0.581,0.582,0.563,0.565
20111117,510180.SH,0.565,0.566,0.569,0.562,0.563,-0.002,-0.354,2562467.98,144854.749,0.566,0.569,0.562,0.563
20111118,510180.SH,0.563,0.559,0.561,0.551,0.553,-0.01,-1.7762,4562012.0,253443.903,0.559,0.561,0.551,0.553
20111121,510180.SH,0.553,0.553,0.554,0.549,0.553,0.0,0.0,2014981.12,111123.874,0.553,0.554,0.549,0.553
20111122,510180.SH,0.553,0.55,0.554,0.547,0.552,-0.001,-0.1808,2483367.09,136903.153,0.55,0.554,0.547,0.552
20111123,510180.SH,0.552,0.554,0.554,0.545,0.548,-0.004,-0.7246,4540181.11,249272.649,0.554,0.554,0.545,0.548
20111124,510180.SH,0.548,0.545,0.552,0.542,0.549,0.001,0.1825,3851846.63,210534.327,0.545,0.552,0.542,0.549
20111125,510180.SH,0.549,0.547,0.55,0.542,0.543,-0.006,-1.0929,3084753.8,168356.63,0.547,0.55,0.542,0.543
20111128,510180.SH,0.543,0.545,0.548,0.541,0.546,0.003,0.5525,4943324.94,269195.406,0.545,0.548,0.541,0.546
20111129,510180.SH,0.546,0.549,0.552,0.546,0.551,0.005,0.9158,5291995.05,290559.048,0.549,0.552,0.546,0.551
20111130,510180.SH,0.551,0.55,0.551,0.531,0.535,-0.016,-2.9038,8121470.74,438216.014,0.55,0.551,0.531,0.535
20111201,510180.SH,0.535,0.55,0.559,0.546,0.549,0.014,2.6168,9839334.75,541584.078,0.55,0.559,0.546,0.549
20111202,510180.SH,0.549,0.545,0.547,0.54,0.544,-0.005,-0.9107,2788711.04,151578.308,0.545,0.547,0.54,0.544
20111205,510180.SH,0.544,0.542,0.544,0.537,0.538,-0.006,-1.1029,4706913.47,254218.684,0.542,0.544,0.537,0.538
20111206,510180.SH,0.538,0.536,0.539,0.533,0.536,-0.002,-0.3717,4593846.04,246236.368,0.536,0.539,0.533,0.536
20111207,510180.SH,0.536,0.536,0.54,0.534,0.539,0.003,0.5597,3560974.88,191611.666,0.536,0.54,0.534,0.539
20111208,510180.SH,0.539,0.539,0.544,0.532,0.539,0.0,0.0,3491987.57,187972.508,0.539,0.544,0.532,0.539
20111209,510180.SH,0.539,0.535,0.538,0.533,0.534,-0.005,-0.9276,3388931.74,181351.05,0.535,0.538,0.533,0.534
20111212,510180.SH,0.534,0.533,0.535,0.529,0.53,-0.004,-0.7491,3312888.45,175951.687,0.533,0.535,0.529,0.53
20111213,510180.SH,0.53,0.529,0.529,0.517,0.518,-0.012,-2.2642,10165735.4,531224.587,0.529,0.529,0.517,0.518
20111214,510180.SH,0.518,0.516,0.519,0.512,0.512,-0.006,-1.1583,5291876.55,272834.372,0.516,0.519,0.512,0.512
20111215,510180.SH,0.512,0.509,0.511,0.5,0.5,-0.012,-2.3438,5387572.08,272341.856,0.509,0.511,0.5,0.5
20111216,510180.SH,0.5,0.5,0.511,0.497,0.51,0.01,2.0,13157607.62,660288.325,0.5,0.511,0.497,0.51
20111219,510180.SH,0.51,0.506,0.511,0.495,0.51,0.0,0.0,11257455.56,565812.694,0.506,0.511,0.495,0.51
20111220,510180.SH,0.51,0.507,0.515,0.506,0.507,-0.003,-0.5882,6371081.11,325092.876,0.507,0.515,0.506,0.507
20111221,510180.SH,0.507,0.512,0.514,0.5,0.5,-0.007,-1.3807,3359527.57,170812.169,0.512,0.514,0.5,0.5
20111222,510180.SH,0.5,0.498,0.505,0.492,0.501,0.001,0.2,7609608.03,379277.062,0.498,0.505,0.492,0.501
20111223,510180.SH,0.501,0.499,0.511,0.498,0.504,0.003,0.5988,3855763.42,194665.199,0.499,0.511,0.498,0.504
20111226,510180.SH,0.504,0.501,0.508,0.499,0.5,-0.004,-0.7937,3497402.55,175589.036,0.501,0.508,0.499,0.5
20111227,510180.SH,0.5,0.499,0.504,0.494,0.495,-0.005,-1.0,3165155.43,157828.275,0.499,0.504,0.494,0.495
20111228,510180.SH,0.495,0.494,0.497,0.488,0.496,0.001,0.202,5422844.66,267274.627,0.494,0.497,0.488,0.496
20111229,510180.SH,0.496,0.494,0.499,0.493,0.496,0.0,0.0,2662091.1,132050.37,0.494,0.499,0.493,0.496
20111230,510180.SH,0.496,0.498,0.505,0.498,0.504,0.008,1.6129,5214843.51,261649.221,0.498,0.505,0.498,0.504
20120104,510180.SH,0.504,0.507,0.509,0.494,0.495,-0.009,-1.7857,3623746.53,181544.464,0.507,0.509,0.494,0.495
20120105,510180.SH,0.495,0.493,0.501,0.491,0.491,-0.004,-0.8081,7974844.85,394902.986,0.493,0.501,0.491,0.491
20120106,510180.SH,0.491,0.491,0.496,0.489,0.495,0.004,0.8147,7673200.72,377295.681,0.491,0.496,0.489,0.495
20120109,510180.SH,0.495,0.495,0.513,0.491,0.512,0.017,3.4343,9326883.29,468246.499,0.495,0.513,0.491,0.512
20120110,510180.SH,0.512,0.512,0.53,0.51,0.529,0.017,3.3203,12185639.53,635781.652,0.512,0.53,0.51,0.529
20120111,510180.SH,0.529,0.529,0.531,0.522,0.524,-0.005,-0.9452,7353811.77,386997.106,0.529,0.531,0.522,0.524
20120112,510180.SH,0.524,0.523,0.532,0.522,0.526,0.002,0.3817,6608038.78,348442.487,0.523,0.532,0.522,0.526
20120113,510180.SH,0.526,0.527,0.529,0.514,0.519,-0.007,-1.3308,7335766.48,382281.773,0.527,0.529,0.514,0.519
20120116,510180.SH,0.519,0.515,0.519,0.508,0.508,-0.011,-2.1195,4407067.71,226914.369,0.515,0.519,0.508,0.508
20120117,510180.SH,0.508,0.509,0.537,0.505,0.534,0.026,5.1181,10957293.94,573243.443,0.509,0.537,0.505,0.534
20120118,510180.SH,0.534,0.535,0.538,0.523,0.525,-0.009,-1.6854,7913382.98,420807.268,0.535,0.538,0.523,0.525
20120119,510180.SH,0.525,0.525,0.539,0.524,0.537,0.012,2.2857,8889987.39,474152.193,0.525,0.539,0.524,0.537
20120120,510180.SH,0.537,0.539,0.545,0.534,0.544,0.007,1.3035,12464846.37,673437.658,0.539,0.545,0.534,0.544
20120130,510180.SH,0.544,0.543,0.543,0.533,0.533,-0.011,-2.0221,9140849.87,491348.49,0.543,0.543,0.533,0.533
20120131,510180.SH,0.533,0.534,0.537,0.53,0.534,0.001,0.1876,2734111.44,145940.182,0.534,0.537,0.53,0.534
20120201,510180.SH,0.534,0.533,0.539,0.524,0.527,-0.007,-1.3109,4878509.11,259210.966,0.533,0.539,0.524,0.527
20120202,510180.SH,0.527,0.528,0.54,0.526,0.538,0.011,2.0873,6374201.08,338895.938,0.528,0.54,0.526,0.538
20120203,510180.SH,0.538,0.536,0.546,0.535,0.541,0.003,0.5576,8589882.71,463568.451,0.536,0.546,0.535,0.541
20120206,510180.SH,0.541,0.544,0.547,0.538,0.541,0.0,0.0,5754541.97,312181.792,0.544,0.547,0.538,0.541
20120207,510180.SH,0.541,0.539,0.539,0.528,0.532,-0.009,-1.6636,7094454.8,377569.393,0.539,0.539,0.528,0.532
20120208,510180.SH,0.532,0.532,0.552,0.53,0.547,0.015,2.8195,8659575.33,467785.809,0.532,0.552,0.53,0.547
20120209,510180.SH,0.547,0.546,0.551,0.543,0.547,0.0,0.0,8946958.06,489813.019,0.546,0.551,0.543,0.547
20120210,510180.SH,0.547,0.545,0.554,0.544,0.547,0.0,0.0,5112674.91,280530.849,0.545,0.554,0.544,0.547
20120213,510180.SH,0.547,0.542,0.552,0.54,0.547,0.0,0.0,5651966.86,309083.894,0.542,0.552,0.54,0.547
20120214,510180.SH,0.547,0.546,0.547,0.541,0.544,-0.003,-0.5484,3792102.04,205970.475,0.546,0.547,0.541,0.544
20120215,510180.SH,0.544,0.543,0.553,0.541,0.548,0.004,0.7353,9052445.02,496312.249,0.543,0.553,0.541,0.548
20120216,510180.SH,0.548,0.548,0.552,0.543,0.546,-0.002,-0.365,6227139.98,340587.389,0.548,0.552,0.543,0.546
20120217,510180.SH,0.546,0.55,0.552,0.545,0.547,0.001,0.1832,2768867.97,151861.121,0.55,0.552,0.545,0.547
20120220,510180.SH,0.547,0.554,0.556,0.548,0.549,0.002,0.3656,4516606.84,249410.029,0.554,0.556,0.548,0.549
20120221,510180.SH,0.549,0.549,0.553,0.544,0.552,0.003,0.5464,5149816.03,282458.573,0.549,0.553,0.544,0.552
20120222,510180.SH,0.552,0.552,0.56,0.55,0.559,0.007,1.2681,5976990.81,332229.274,0.552,0.56,0.55,0.559
20120223,510180.SH,0.559,0.559,0.562,0.557,0.56,0.001,0.1789,8983647.33,502859.573,0.559,0.562,0.557,0.56
20120224,510180.SH,0.56,0.561,0.57,0.559,0.569,0.009,1.6071,6601176.92,372838.289,0.561,0.57,0.559,0.569
20120227,510180.SH,0.569,0.571,0.579,0.569,0.573,0.004,0.703,7586881.75,434908.221,0.571,0.579,0.569,0.573
20120228,510180.SH,0.573,0.571,0.575,0.569,0.573,0.0,0.0,11497705.45,657743.815,0.571,0.575,0.569,0.573
20120229,510180.SH,0.573,0.572,0.574,0.566,0.567,-0.006,-1.0471,4486008.38,255416.001,0.572,0.574,0.566,0.567
20120301,510180.SH,0.567,0.566,0.57,0.565,0.567,0.0,0.0,3291614.27,186866.563,0.566,0.57,0.565,0.567
20120302,510180.SH,0.567,0.568,0.577,0.567,0.577,0.01,1.7637,5153677.06,295045.195,0.568,0.577,0.567,0.577
20120305,510180.SH,0.577,0.578,0.579,0.571,0.572,-0.005,-0.8666,4957790.59,284912.748,0.578,0.579,0.571,0.572
20120306,510180.SH,0.572,0.57,0.571,0.561,0.562,-0.01,-1.7483,7274160.95,410378.376,0.57,0.571,0.561,0.562
20120307,510180.SH,0.562,0.559,0.563,0.557,0.558,-0.004,-0.7117,5541177.5,310068.809,0.559,0.563,0.557,0.558
20120308,510180.SH,0.558,0.56,0.567,0.559,0.565,0.007,1.2545,3657838.13,206189.962,0.56,0.567,0.559,0.565
20120309,510180.SH,0.565,0.567,0.57,0.564,0.57,0.005,0.885,4178896.5,237215.524,0.567,0.57,0.564,0.57
20120312,510180.SH,0.57,0.569,0.57,0.564,0.567,-0.003,-0.5263,3607578.1,204421.795,0.569,0.57,0.564,0.567
20120313,510180.SH,0.567,0.566,0.573,0.565,0.572,0.005,0.8818,4107355.82,233675.351,0.566,0.573,0.565,0.572
20120314,510180.SH,0.572,0.576,0.578,0.556,0.558,-0.014,-2.4476,10526275.25,596605.78,0.576,0.578,0.556,0.558
20120315,510180.SH,0.558,0.559,0.56,0.552,0.553,-0.005,-0.8961,13238867.08,736404.592,0.559,0.56,0.552,0.553
20120316,510180.SH,0.553,0.555,0.559,0.55,0.558,0.005,0.9042,4977257.96,276512.338,0.555,0.559,0.55,0.558
20120319,510180.SH,0.558,0.558,0.561,0.554,0.561,0.003,0.5376,4357244.08,243293.013,0.558,0.561,0.554,0.561
20120320,510180.SH,0.561,0.56,0.56,0.552,0.553,-0.008,-1.426,5869644.38,325886.741,0.56,0.56,0.552,0.553
20120321,510180.SH,0.553,0.555,0.558,0.549,0.554,0.001,0.1808,4886656.79,270016.718,0.555,0.558,0.549,0.554
20120322,510180.SH,0.554,0.554,0.556,0.55,0.553,-0.001,-0.1805,2797574.99,154583.315,0.554,0.556,0.55,0.553
20120323,510180.SH,0.553,0.552,0.552,0.545,0.548,-0.005,-0.9042,5677540.55,311562.397,0.552,0.552,0.545,0.548
20120326,510180.SH,0.548,0.547,0.549,0.544,0.547,-0.001,-0.1825,3475986.26,189923.311,0.547,0.549,0.544,0.547
20120327,510180.SH,0.547,0.549,0.55,0.545,0.546,-0.001,-0.1828,3677689.39,201433.044,0.549,0.55,0.545,0.546
20120328,510180.SH,0.546,0.544,0.545,0.529,0.531,-0.015,-2.7473,5971172.27,321364.394,0.544,0.545,0.529,0.531
20120329,510180.SH,0.531,0.529,0.531,0.522,0.525,-0.006,-1.1299,6069300.78,319984.361,0.529,0.531,0.522,0.525
20120330,510180.SH,0.525,0.525,0.529,0.524,0.528,0.003,0.5714,4444631.77,234124.249,0.525,0.529,0.524,0.528
20120405,510180.SH,0.528,0.527,0.54,0.524,0.539,0.011,2.0833,13856389.79,739268.939,0.527,0.54,0.524,0.539
20120406,510180.SH,0.539,0.537,0.541,0.536,0.539,0.0,0.0,4346074.94,234073.21,0.537,0.541,0.536,0.539
20120409,510180.SH,0.539,0.537,0.539,0.533,0.534,-0.005,-0.9276,1835249.95,98425.335,0.537,0.539,0.533,0.534
20120410,510180.SH,0.534,0.533,0.541,0.526,0.54,0.006,1.1236,3640563.13,193981.092,0.533,0.541,0.526,0.54
20120411,510180.SH,0.54,0.536,0.544,0.533,0.539,-0.001,-0.1852,3821158.18,206019.157,0.536,0.544,0.533,0.539
20120412,510180.SH,0.539,0.54,0.553,0.538,0.552,0.013,2.4119,5448929.62,297345.544,0.54,0.553,0.538,0.552
20120413,510180.SH,0.552,0.553,0.557,0.55,0.554,0.002,0.3623,5298559.63,293208.126,0.553,0.557,0.55,0.554
20120416,510180.SH,0.554,0.55,0.556,0.549,0.553,-0.001,-0.1805,3602272.84,198879.628,0.55,0.556,0.549,0.553
20120417,510180.SH,0.553,0.552,0.553,0.545,0.546,-0.007,-1.2658,3344638.92,183412.642,0.552,0.553,0.545,0.546
20120418,510180.SH,0.546,0.547,0.559,0.546,0.558,0.012,2.1978,5338045.68,295450.383,0.547,0.559,0.546,0.558
20120419,510180.SH,0.558,0.558,0.56,0.556,0.557,-0.001,-0.1792,3104028.72,173186.402,0.558,0.56,0.556,0.557
20120420,510180.SH,0.557,0.556,0.566,0.556,0.565,0.008,1.4363,4595117.79,258048.048,0.556,0.566,0.556,0.565
20120423,510180.SH,0.565,0.565,0.566,0.559,0.561,-0.004,-0.708,2283986.2,128540.055,0.565,0.566,0.559,0.561
20120424,510180.SH,0.561,0.558,0.57,0.552,0.56,-0.001,-0.1783,7389697.82,413603.916,0.558,0.57,0.552,0.56
20120425,510180.SH,0.56,0.56,0.567,0.558,0.565,0.005,0.8929,5335417.92,300564.599,0.56,0.567,0.558,0.565
20120426,510180.SH,0.565,0.567,0.569,0.563,0.567,0.002,0.354,5553709.39,314759.021,0.567,0.569,0.563,0.567
20120427,510180.SH,0.567,0.566,0.568,0.563,0.564,-0.003,-0.5291,5517086.93,312200.107,0.566,0.568,0.563,0.564
20120502,510180.SH,0.564,0.572,0.58,0.569,0.577,0.013,2.305,6275286.58,360391.21,0.572,0.58,0.569,0.577
20120503,510180.SH,0.577,0.576,0.579,0.575,0.577,0.0,0.0,3220254.93,185846.683,0.576,0.579,0.575,0.577
20120504,510180.SH,0.577,0.577,0.583,0.574,0.583,0.006,1.0399,7080578.92,410405.37,0.577,0.583,0.574,0.583
20120507,510180.SH,0.583,0.581,0.583,0.578,0.582,-0.001,-0.1715,4659650.74,270653.47,0.581,0.583,0.578,0.582
20120508,510180.SH,0.582,0.582,0.583,0.576,0.58,-0.002,-0.3436,5398454.21,312917.261,0.582,0.583,0.576,0.58
20120509,510180.SH,0.58,0.576,0.577,0.57,0.571,-0.009,-1.5517,4130209.89,236913.842,0.576,0.577,0.57,0.571
20120510,510180.SH,0.571,0.571,0.573,0.569,0.571,0.0,0.0,3864127.34,220892.871,0.571,0.573,0.569,0.571
20120511,510180.SH,0.571,0.569,0.573,0.566,0.566,-0.005,-0.8757,4209444.11,239601.736,0.569,0.573,0.566,0.566
20120514,510180.SH,0.566,0.57,0.57,0.56,0.561,-0.005,-0.8834,7301158.39,413253.468,0.57,0.57,0.56,0.561
20120515,510180.SH,0.561,0.558,0.564,0.557,0.561,0.0,0.0,3619710.4,202777.744,0.558,0.564,0.557,0.561
20120516,510180.SH,0.561,0.561,0.562,0.552,0.553,-0.008,-1.426,2989494.74,166786.407,0.561,0.562,0.552,0.553
20120517,510180.SH,0.553,0.554,0.565,0.552,0.562,0.009,1.6275,3669871.39,204896.78,0.554,0.565,0.552,0.562
20120518,510180.SH,0.562,0.558,0.561,0.552,0.555,-0.007,-1.2456,3656639.77,203347.229,0.558,0.561,0.552,0.555
20120521,510180.SH,0.555,0.555,0.561,0.552,0.557,0.002,0.3604,1963469.89,109335.034,0.555,0.561,0.552,0.557
20120522,510180.SH,0.557,0.559,0.566,0.558,0.565,0.008,1.4363,2561177.67,143888.648,0.559,0.566,0.558,0.565
20120523,510180.SH,0.565,0.564,0.568,0.559,0.562,-0.003,-0.531,3355159.44,189296.564,0.564,0.568,0.559,0.562
20120524,510180.SH,0.562,0.563,0.566,0.557,0.559,-0.003,-0.5338,1969711.74,110518.462,0.563,0.566,0.557,0.559
20120525,510180.SH,0.559,0.559,0.561,0.552,0.554,-0.005,-0.8945,3897861.16,216634.879,0.559,0.561,0.552,0.554
20120528,510180.SH,0.554,0.551,0.563,0.548,0.562,0.008,1.444,4253824.81,235755.902,0.551,0.563,0.548,0.562
20120529,510180.SH,0.562,0.562,0.572,0.561,0.571,0.009,1.6014,4130626.28,234640.061,0.562,0.572,0.561,0.571
20120530,510180.SH,0.571,0.57,0.571,0.567,0.569,-0.002,-0.3503,2711773.8,154090.156,0.57,0.571,0.567,0.569
20120531,510180.SH,0.569,0.567,0.57,0.563,0.566,-0.003,-0.5272,2344158.68,132935.576,0.567,0.57,0.563,0.566
20120601,510180.SH,0.566,0.566,0.572,0.564,0.568,0.002,0.3534,3116891.43,177045.829,0.566,0.572,0.564,0.568
20120604,510180.SH,0.568,0.563,0.564,0.55,0.55,-0.018,-3.169,6152809.6,341595.099,0.563,0.564,0.55,0.55
20120605,510180.SH,0.55,0.552,0.554,0.549,0.551,0.001,0.1818,2003473.08,110531.077,0.552,0.554,0.549,0.551
20120606,510180.SH,0.551,0.552,0.555,0.549,0.551,0.0,0.0,1643570.81,90780.243,0.552,0.555,0.549,0.551
20120607,510180.SH,0.551,0.556,0.557,0.548,0.549,-0.002,-0.363,1983827.33,109839.995,0.556,0.557,0.548,0.549
20120608,510180.SH,0.549,0.553,0.553,0.544,0.545,-0.004,-0.7286,3456189.21,189493.668,0.553,0.553,0.544,0.545
20120611,510180.SH,0.545,0.548,0.554,0.545,0.553,0.008,1.4679,3738556.03,205410.925,0.548,0.554,0.545,0.553
20120612,510180.SH,0.553,0.55,0.551,0.545,0.549,-0.004,-0.7233,1827507.01,100149.282,0.55,0.551,0.545,0.549
20120613,510180.SH,0.549,0.55,0.558,0.549,0.557,0.008,1.4572,3293283.29,182512.131,0.55,0.558,0.549,0.557
20120614,510180.SH,0.557,0.555,0.559,0.553,0.554,-0.003,-0.5386,2176196.82,121006.152,0.555,0.559,0.553,0.554
20120615,510180.SH,0.554,0.554,0.558,0.549,0.556,0.002,0.361,2806866.21,155500.676,0.554,0.558,0.549,0.556
20120618,510180.SH,0.556,0.558,0.561,0.557,0.558,0.002,0.3597,1149991.34,64264.136,0.558,0.561,0.557,0.558
20120619,510180.SH,0.558,0.558,0.558,0.554,0.555,-0.003,-0.5376,833249.47,46324.663,0.558,0.558,0.554,0.555
20120620,510180.SH,0.555,0.556,0.558,0.552,0.554,-0.001,-0.1802,1661145.34,92232.605,0.556,0.558,0.552,0.554
20120621,510180.SH,0.554,0.552,0.553,0.542,0.545,-0.009,-1.6245,1940978.74,105929.083,0.552,0.553,0.542,0.545
20120625,510180.SH,0.545,0.543,0.543,0.533,0.534,-0.011,-2.0183,1106990.06,59670.455,0.543,0.543,0.533,0.534
20120626,510180.SH,0.534,0.532,0.538,0.531,0.535,0.001,0.1873,1906985.62,101779.031,0.532,0.538,0.531,0.535
20120627,510180.SH,0.535,0.534,0.538,0.532,0.534,-0.001,-0.1869,1317399.72,70549.083,0.534,0.538,0.532,0.534
20120628,510180.SH,0.534,0.535,0.536,0.529,0.53,-0.004,-0.7491,1865591.07,99291.796,0.535,0.536,0.529,0.53
20120629,510180.SH,0.53,0.528,0.537,0.527,0.536,0.006,1.1321,3324883.23,177024.106,0.528,0.537,0.527,0.536
20120702,510180.SH,0.536,0.539,0.539,0.534,0.536,0.0,0.0,2815443.5,151043.828,0.539,0.539,0.534,0.536
20120703,510180.SH,0.536,0.536,0.542,0.535,0.537,0.001,0.1866,2396207.19,128983.058,0.536,0.542,0.535,0.537
20120704,510180.SH,0.537,0.538,0.54,0.534,0.537,0.0,0.0,1831691.25,98379.791,0.538,0.54,0.534,0.537
20120705,510180.SH,0.537,0.534,0.535,0.529,0.53,-0.007,-1.3035,2342804.15,124262.576,0.534,0.535,0.529,0.53
20120706,510180.SH,0.53,0.532,0.54,0.527,0.537,0.007,1.3208,3919635.66,208864.269,0.532,0.54,0.527,0.537
20120709,510180.SH,0.537,0.535,0.536,0.525,0.525,-0.012,-2.2346,3483763.97,185094.55,0.535,0.536,0.525,0.525
20120710,510180.SH,0.525,0.525,0.527,0.522,0.523,-0.002,-0.381,2507471.54,131311.202,0.525,0.527,0.522,0.523
20120711,510180.SH,0.523,0.522,0.527,0.521,0.526,0.003,0.5736,2378075.14,124640.823,0.522,0.527,0.521,0.526
20120712,510180.SH,0.526,0.525,0.532,0.521,0.529,0.003,0.5703,4602059.05,242592.37,0.525,0.532,0.521,0.529
20120713,510180.SH,0.529,0.529,0.534,0.527,0.53,0.001,0.189,4072859.7,215928.73,0.529,0.534,0.527,0.53
20120716,510180.SH,0.53,0.531,0.531,0.521,0.522,-0.008,-1.5094,4261555.92,223514.49,0.531,0.531,0.521,0.522
20120717,510180.SH,0.522,0.521,0.525,0.52,0.524,0.002,0.3831,2667810.23,139337.544,0.521,0.525,0.52,0.524
20120718,510180.SH,0.524,0.523,0.526,0.516,0.525,0.001,0.1908,3000763.53,156648.521,0.523,0.526,0.516,0.525
20120719,510180.SH,0.525,0.524,0.532,0.523,0.527,0.002,0.381,5749807.17,303726.493,0.524,0.532,0.523,0.527
20120720,510180.SH,0.527,0.526,0.528,0.522,0.523,-0.004,-0.759,3972329.87,208729.086,0.526,0.528,0.522,0.523
20120723,510180.SH,0.523,0.519,0.519,0.515,0.516,-0.007,-1.3384,2948571.53,152366.294,0.519,0.519,0.515,0.516
20120724,510180.SH,0.516,0.514,0.521,0.514,0.518,0.002,0.3876,3542620.83,183206.714,0.514,0.521,0.514,0.518
20120725,510180.SH,0.518,0.516,0.52,0.513,0.516,-0.002,-0.3861,3155481.02,162960.887,0.516,0.52,0.513,0.516
20120726,510180.SH,0.516,0.515,0.519,0.512,0.513,-0.003,-0.5814,3247557.28,167367.87,0.515,0.519,0.512,0.513
20120727,510180.SH,0.513,0.515,0.517,0.511,0.513,0.0,0.0,3746775.88,192509.692,0.515,0.517,0.511,0.513
20120730,510180.SH,0.513,0.514,0.517,0.51,0.511,-0.002,-0.3899,2789685.71,143351.622,0.514,0.517,0.51,0.511
20120731,510180.SH,0.511,0.511,0.513,0.509,0.511,0.0,0.0,5027913.98,257116.843,0.511,0.513,0.509,0.511
20120801,510180.SH,0.511,0.511,0.518,0.511,0.514,0.003,0.5871,4093068.51,210621.185,0.511,0.518,0.511,0.514
20120802,510180.SH,0.514,0.514,0.516,0.509,0.512,-0.002,-0.3891,2827182.78,144775.707,0.514,0.516,0.509,0.512
20120803,510180.SH,0.512,0.512,0.515,0.51,0.514,0.002,0.3906,1805600.9,92479.866,0.512,0.515,0.51,0.514
20120806,510180.SH,0.514,0.514,0.522,0.514,0.52,0.006,1.1673,5164249.25,267515.738,0.514,0.522,0.514,0.52
20120807,510180.SH,0.52,0.52,0.522,0.519,0.52,0.0,0.0,3699966.4,192492.007,0.52,0.522,0.519,0.52
20120808,510180.SH,0.52,0.521,0.525,0.519,0.522,0.002,0.3846,2848516.55,148682.18,0.521,0.525,0.519,0.522
20120809,510180.SH,0.522,0.522,0.527,0.519,0.526,0.004,0.7663,2698674.08,141148.723,0.522,0.527,0.519,0.526
20120810,510180.SH,0.526,0.526,0.527,0.523,0.524,-0.002,-0.3802,1982450.25,104017.333,0.526,0.527,0.523,0.524
20120813,510180.SH,0.524,0.523,0.523,0.513,0.513,-0.011,-2.0992,6278879.43,325424.732,0.523,0.523,0.513,0.513
20120814,510180.SH,0.513,0.513,0.515,0.507,0.513,0.0,0.0,8529128.39,435267.734,0.513,0.515,0.507,0.513
20120815,510180.SH,0.513,0.512,0.513,0.506,0.508,-0.005,-0.9747,3183017.21,162117.154,0.512,0.513,0.506,0.508
20120816,510180.SH,0.508,0.507,0.508,0.505,0.505,-0.003,-0.5906,1460345.86,74012.503,0.507,0.508,0.505,0.505
20120817,510180.SH,0.505,0.505,0.506,0.501,0.504,-0.001,-0.198,6781772.59,341497.864,0.505,0.506,0.501,0.504
20120820,510180.SH,0.504,0.501,0.504,0.498,0.502,-0.002,-0.3968,3224289.05,161297.236,0.501,0.504,0.498,0.502
20120821,510180.SH,0.502,0.501,0.508,0.501,0.504,0.002,0.3984,3328996.22,168338.669,0.501,0.508,0.501,0.504
20120822,510180.SH,0.504,0.505,0.505,0.499,0.501,-0.003,-0.5952,1403585.96,70452.6,0.505,0.505,0.499,0.501
20120823,510180.SH,0.501,0.501,0.505,0.5,0.503,0.002,0.3992,3908473.28,196407.285,0.501,0.505,0.5,0.503
20120824,510180.SH,0.503,0.502,0.503,0.499,0.5,-0.003,-0.5964,1633425.67,81817.942,0.502,0.503,0.499,0.5
20120827,510180.SH,0.5,0.498,0.498,0.489,0.49,-0.01,-2.0,4326156.2,213276.605,0.498,0.498,0.489,0.49
20120828,510180.SH,0.49,0.489,0.494,0.488,0.492,0.002,0.4082,3295168.46,161763.249,0.489,0.494,0.488,0.492
20120829,510180.SH,0.492,0.49,0.492,0.486,0.487,-0.005,-1.0163,1582998.06,77377.321,0.49,0.492,0.486,0.487
20120830,510180.SH,0.487,0.486,0.489,0.482,0.487,0.0,0.0,3219308.25,156606.658,0.486,0.489,0.482,0.487
20120831,510180.SH,0.487,0.485,0.489,0.485,0.487,0.0,0.0,2627560.62,127981.87,0.485,0.489,0.485,0.487
20120903,510180.SH,0.487,0.485,0.492,0.484,0.49,0.003,0.616,5104060.11,249715.287,0.485,0.492,0.484,0.49
20120904,510180.SH,0.49,0.49,0.492,0.484,0.485,-0.005,-1.0204,1558246.36,76059.926,0.49,0.492,0.484,0.485
20120905,510180.SH,0.485,0.484,0.486,0.482,0.484,-0.001,-0.2062,2399595.92,116051.5,0.484,0.486,0.482,0.484
20120906,510180.SH,0.484,0.484,0.489,0.483,0.489,0.005,1.0331,3082671.14,149772.288,0.484,0.489,0.483,0.489
20120907,510180.SH,0.489,0.491,0.516,0.491,0.51,0.021,4.2945,8554854.5,432931.725,0.491,0.516,0.491,0.51
20120910,510180.SH,0.51,0.51,0.513,0.508,0.511,0.001,0.1961,3972776.51,202745.091,0.51,0.513,0.508,0.511
20120911,510180.SH,0.511,0.508,0.508,0.503,0.508,-0.003,-0.5871,2220902.65,112218.718,0.508,0.508,0.503,0.508
20120912,510180.SH,0.508,0.511,0.513,0.504,0.508,0.0,0.0,3110778.15,158112.133,0.511,0.513,0.504,0.508
20120913,510180.SH,0.508,0.508,0.51,0.504,0.504,-0.004,-0.7874,1711229.83,86830.527,0.508,0.51,0.504,0.504
20120914,510180.SH,0.504,0.509,0.512,0.504,0.509,0.005,0.9921,3469943.29,176410.892,0.509,0.512,0.504,0.509
20120917,510180.SH,0.509,0.507,0.508,0.496,0.497,-0.012,-2.3576,6803932.43,340176.352,0.507,0.508,0.496,0.497
20120918,510180.SH,0.497,0.494,0.495,0.489,0.492,-0.005,-1.006,4130665.66,203510.784,0.494,0.495,0.489,0.492
20120919,510180.SH,0.492,0.491,0.495,0.49,0.493,0.001,0.2033,2346280.74,115408.041,0.491,0.495,0.49,0.493
20120920,510180.SH,0.493,0.492,0.492,0.483,0.485,-0.008,-1.6227,3808355.32,185632.699,0.492,0.492,0.483,0.485
20120921,510180.SH,0.485,0.483,0.489,0.481,0.485,0.0,0.0,6216478.75,300897.503,0.483,0.489,0.481,0.485
20120924,510180.SH,0.485,0.481,0.491,0.479,0.487,0.002,0.4124,3554763.8,172002.743,0.481,0.491,0.479,0.487
20120925,510180.SH,0.487,0.487,0.489,0.484,0.487,0.0,0.0,2051353.21,99900.679,0.487,0.489,0.484,0.487
20120926,510180.SH,0.487,0.487,0.494,0.481,0.482,-0.005,-1.0267,3154933.01,153087.389,0.487,0.494,0.481,0.482
20120927,510180.SH,0.482,0.482,0.502,0.482,0.495,0.013,2.6971,7624723.24,377192.324,0.482,0.502,0.482,0.495
20120928,510180.SH,0.495,0.492,0.507,0.491,0.504,0.009,1.8182,5112715.94,255764.144,0.492,0.507,0.491,0.504
20121008,510180.SH,0.504,0.504,0.508,0.498,0.5,-0.004,-0.7937,2730443.93,137085.24,0.504,0.508,0.498,0.5
20121009,510180.SH,0.5,0.502,0.513,0.502,0.511,0.011,2.2,4183459.92,213142.888,0.502,0.513,0.502,0.511
20121010,510180.SH,0.511,0.51,0.511,0.507,0.51,-0.001,-0.1957,2937813.33,149692.541,0.51,0.511,0.507,0.51
20121011,510180.SH,0.51,0.509,0.51,0.505,0.507,-0.003,-0.5882,2594612.62,131739.067,0.509,0.51,0.505,0.507
20121012,510180.SH,0.507,0.509,0.513,0.503,0.506,-0.001,-0.1972,5468636.16,278078.659,0.509,0.513,0.503,0.506
20121015,510180.SH,0.506,0.508,0.508,0.501,0.505,-0.001,-0.1976,1987162.52,100188.332,0.508,0.508,0.501,0.505
20121016,510180.SH,0.505,0.505,0.51,0.503,0.506,0.001,0.198,6941813.44,352036.381,0.505,0.51,0.503,0.506
20121017,510180.SH,0.506,0.508,0.51,0.503,0.507,0.001,0.1976,4030460.95,204175.033,0.508,0.51,0.503,0.507
20121018,510180.SH,0.507,0.508,0.515,0.507,0.514,0.007,1.3807,4638510.2,237286.973,0.508,0.515,0.507,0.514
20121019,510180.SH,0.514,0.513,0.515,0.512,0.513,-0.001,-0.1946,2496262.4,128192.491,0.513,0.515,0.512,0.513
20121022,510180.SH,0.513,0.511,0.516,0.509,0.515,0.002,0.3899,3933301.1,201481.406,0.511,0.516,0.509,0.515
20121023,510180.SH,0.515,0.515,0.516,0.508,0.509,-0.006,-1.165,1966368.39,100604.549,0.515,0.516,0.508,0.509
20121024,510180.SH,0.509,0.507,0.511,0.507,0.508,-0.001,-0.1965,1666457.93,84730.044,0.507,0.511,0.507,0.508
20121025,510180.SH,0.508,0.508,0.511,0.504,0.504,-0.004,-0.7874,3263642.06,165669.365,0.508,0.511,0.504,0.504
20121026,510180.SH,0.504,0.505,0.506,0.493,0.494,-0.01,-1.9841,2669153.24,132902.355,0.505,0.506,0.493,0.494
20121029,510180.SH,0.494,0.494,0.495,0.489,0.492,-0.002,-0.4049,4750703.47,233359.023,0.494,0.495,0.489,0.492
20121030,510180.SH,0.492,0.492,0.497,0.491,0.493,0.001,0.2033,4576582.51,225727.355,0.492,0.497,0.491,0.493
20121031,510180.SH,0.493,0.493,0.497,0.491,0.496,0.003,0.6085,1562325.86,77283.318,0.493,0.497,0.491,0.496
20121101,510180.SH,0.496,0.497,0.508,0.497,0.506,0.01,2.0161,3344154.88,168826.259,0.497,0.508,0.497,0.506
20121102,510180.SH,0.506,0.507,0.509,0.504,0.508,0.002,0.3953,1956563.66,99106.374,0.507,0.509,0.504,0.508
20121105,510180.SH,0.508,0.507,0.512,0.505,0.507,-0.001,-0.1969,2308496.53,117185.938,0.507,0.512,0.505,0.507
20121106,510180.SH,0.507,0.509,0.509,0.498,0.504,-0.003,-0.5917,3505589.08,175841.992,0.509,0.509,0.498,0.504
20121107,510180.SH,0.504,0.504,0.508,0.502,0.504,0.0,0.0,1622959.12,81931.257,0.504,0.508,0.502,0.504
20121108,510180.SH,0.504,0.501,0.503,0.495,0.496,-0.008,-1.5873,2352410.35,117412.568,0.501,0.503,0.495,0.496
20121109,510180.SH,0.496,0.495,0.498,0.494,0.495,-0.001,-0.2016,802935.44,39771.255,0.495,0.498,0.494,0.495
20121112,510180.SH,0.495,0.496,0.499,0.493,0.498,0.003,0.6061,2013793.84,99903.324,0.496,0.499,0.493,0.498
20121113,510180.SH,0.498,0.498,0.498,0.489,0.49,-0.008,-1.6064,1765904.28,86910.335,0.498,0.498,0.489,0.49
20121114,510180.SH,0.49,0.49,0.492,0.489,0.491,0.001,0.2041,2190049.24,107435.569,0.49,0.492,0.489,0.491
20121115,510180.SH,0.481,0.48,0.481,0.475,0.475,-0.006,-1.2474,2150291.01,102956.127,0.48,0.481,0.475,0.475
20121116,510180.SH,0.475,0.475,0.476,0.469,0.472,-0.003,-0.6316,2416730.09,113974.917,0.475,0.476,0.469,0.472
20121119,510180.SH,0.472,0.471,0.473,0.467,0.472,0.0,0.0,1758363.02,82653.584,0.471,0.473,0.467,0.472
20121120,510180.SH,0.472,0.473,0.474,0.469,0.47,-0.002,-0.4237,1872398.07,88447.406,0.473,0.474,0.469,0.47
20121121,510180.SH,0.47,0.471,0.477,0.467,0.476,0.006,1.2766,4140135.41,195477.949,0.471,0.477,0.467,0.476
20121122,510180.SH,0.476,0.474,0.475,0.471,0.474,-0.002,-0.4202,3766396.41,178343.863,0.474,0.475,0.471,0.474
20121123,510180.SH,0.474,0.475,0.48,0.474,0.477,0.003,0.6329,2154826.8,102829.116,0.475,0.48,0.474,0.477
20121126,510180.SH,0.477,0.476,0.477,0.473,0.474,-0.003,-0.6289,1741091.07,82680.157,0.476,0.477,0.473,0.474
20121127,510180.SH,0.474,0.473,0.474,0.469,0.47,-0.004,-0.8439,2893909.34,136418.315,0.473,0.474,0.469,0.47
20121128,510180.SH,0.47,0.468,0.469,0.464,0.466,-0.004,-0.8511,2474012.83,115292.313,0.468,0.469,0.464,0.466
20121129,510180.SH,0.466,0.466,0.468,0.463,0.463,-0.003,-0.6438,2314031.26,107590.167,0.466,0.468,0.463,0.463
20121130,510180.SH,0.463,0.463,0.468,0.461,0.466,0.003,0.6479,2011609.05,93511.37,0.463,0.468,0.461,0.466
20121203,510180.SH,0.466,0.467,0.469,0.461,0.463,-0.003,-0.6438,2538616.86,118379.022,0.467,0.469,0.461,0.463
20121204,510180.SH,0.463,0.461,0.467,0.46,0.466,0.003,0.6479,2024021.65,93776.192,0.461,0.467,0.46,0.466
20121205,510180.SH,0.466,0.466,0.485,0.465,0.483,0.017,3.6481,5577518.54,265519.942,0.466,0.485,0.465,0.483
20121206,510180.SH,0.483,0.483,0.485,0.48,0.482,-0.001,-0.207,3890800.83,187578.631,0.483,0.485,0.48,0.482
20121207,510180.SH,0.482,0.483,0.494,0.481,0.492,0.01,2.0747,5267201.22,257262.802,0.483,0.494,0.481,0.492
20121210,510180.SH,0.492,0.494,0.499,0.493,0.497,0.005,1.0163,3054908.09,151706.932,0.494,0.499,0.493,0.497
20121211,510180.SH,0.497,0.497,0.499,0.494,0.495,-0.002,-0.4024,2321108.1,115201.028,0.497,0.499,0.494,0.495
20121212,510180.SH,0.495,0.496,0.499,0.494,0.497,0.002,0.404,3953758.61,196266.523,0.496,0.499,0.494,0.497
20121213,510180.SH,0.497,0.495,0.497,0.491,0.492,-0.005,-1.006,3640492.54,179625.938,0.495,0.497,0.491,0.492
20121214,510180.SH,0.492,0.493,0.519,0.493,0.518,0.026,5.2846,9179551.25,467871.301,0.493,0.519,0.493,0.518
20121217,510180.SH,0.518,0.519,0.524,0.519,0.521,0.003,0.5792,7424017.51,386979.126,0.519,0.524,0.519,0.521
20121218,510180.SH,0.521,0.519,0.529,0.517,0.521,0.0,0.0,6505368.82,340705.291,0.519,0.529,0.517,0.521
20121219,510180.SH,0.521,0.521,0.525,0.519,0.522,0.001,0.1919,4243142.06,221512.339,0.521,0.525,0.519,0.522
20121220,510180.SH,0.522,0.52,0.527,0.517,0.525,0.003,0.5747,4816579.19,250934.891,0.52,0.527,0.517,0.525
20121221,510180.SH,0.525,0.526,0.531,0.519,0.521,-0.004,-0.7619,3644820.03,190908.321,0.526,0.531,0.519,0.521
20121224,510180.SH,0.521,0.52,0.527,0.519,0.523,0.002,0.3839,3529788.63,184752.27,0.52,0.527,0.519,0.523
20121225,510180.SH,0.523,0.521,0.54,0.519,0.537,0.014,2.6769,5355952.4,285399.614,0.521,0.54,0.519,0.537
20121226,510180.SH,0.537,0.537,0.54,0.536,0.538,0.001,0.1862,3847469.27,206997.418,0.537,0.54,0.536,0.538
20121227,510180.SH,0.538,0.54,0.544,0.535,0.536,-0.002,-0.3717,3227465.74,173795.953,0.54,0.544,0.535,0.536
20121228,510180.SH,0.536,0.536,0.545,0.535,0.543,0.007,1.306,4456408.22,239955.172,0.536,0.545,0.535,0.543
20121231,510180.SH,0.543,0.545,0.555,0.545,0.555,0.012,2.2099,4858895.14,267717.289,0.545,0.555,0.545,0.555
20130104,510180.SH,0.555,0.561,0.564,0.55,0.557,0.002,0.3604,5663593.28,316106.122,0.561,0.564,0.55,0.557
20130107,510180.SH,0.557,0.556,0.562,0.554,0.559,0.002,0.3591,3621506.89,202048.445,0.556,0.562,0.554,0.559
20130108,510180.SH,0.559,0.558,0.561,0.551,0.555,-0.004,-0.7156,4674094.06,259864.068,0.558,0.561,0.551,0.555
20130109,510180.SH,0.555,0.554,0.557,0.549,0.554,-0.001,-0.1802,8098450.04,448159.679,0.554,0.557,0.549,0.554
20130110,510180.SH,0.554,0.554,0.562,0.551,0.554,0.0,0.0,7611527.31,424392.291,0.554,0.562,0.551,0.554
20130111,510180.SH,0.554,0.556,0.558,0.543,0.545,-0.009,-1.6245,5798225.23,319038.953,0.556,0.558,0.543,0.545
20130114,510180.SH,0.545,0.544,0.569,0.542,0.565,0.02,3.6697,7983780.26,443808.011,0.544,0.569,0.542,0.565
20130115,510180.SH,0.565,0.565,0.571,0.565,0.569,0.004,0.708,4437037.64,251868.512,0.565,0.571,0.565,0.569
20130116,510180.SH,0.569,0.568,0.569,0.554,0.565,-0.004,-0.703,7085736.08,398008.391,0.568,0.569,0.554,0.565
20130117,510180.SH,0.565,0.563,0.564,0.555,0.559,-0.006,-1.0619,4142011.94,231853.627,0.563,0.564,0.555,0.559
20130118,510180.SH,0.559,0.56,0.571,0.558,0.568,0.009,1.61,4718778.61,265699.47,0.56,0.571,0.558,0.568
20130121,510180.SH,0.568,0.568,0.57,0.562,0.569,0.001,0.1761,5494379.82,311817.613,0.568,0.57,0.562,0.569
20130122,510180.SH,0.569,0.568,0.573,0.563,0.568,-0.001,-0.1757,6808769.58,386725.026,0.568,0.573,0.563,0.568
20130123,510180.SH,0.568,0.567,0.571,0.563,0.569,0.001,0.1761,2885871.96,163530.116,0.567,0.571,0.563,0.569
20130124,510180.SH,0.569,0.569,0.583,0.561,0.566,-0.003,-0.5272,8169832.67,466411.665,0.569,0.583,0.561,0.566
20130125,510180.SH,0.566,0.566,0.567,0.562,0.564,-0.002,-0.3534,4183915.43,236125.375,0.566,0.567,0.562,0.564
20130128,510180.SH,0.564,0.565,0.581,0.565,0.581,0.017,3.0142,4681342.15,268973.061,0.565,0.581,0.565,0.581
20130129,510180.SH,0.581,0.581,0.591,0.579,0.586,0.005,0.8606,7536373.88,440526.873,0.581,0.591,0.579,0.586
20130130,510180.SH,0.586,0.587,0.59,0.584,0.589,0.003,0.5119,1810149.2,106355.416,0.587,0.59,0.584,0.589
20130131,510180.SH,0.589,0.59,0.592,0.586,0.591,0.002,0.3396,2986494.37,175950.306,0.59,0.592,0.586,0.591
20130201,510180.SH,0.591,0.589,0.606,0.587,0.605,0.014,2.3689,5833893.27,345863.646,0.589,0.606,0.587,0.605
20130204,510180.SH,0.605,0.607,0.612,0.603,0.606,0.001,0.1653,6677103.65,405856.83,0.607,0.612,0.603,0.606
20130205,510180.SH,0.606,0.603,0.613,0.601,0.61,0.004,0.6601,7324318.19,443841.154,0.603,0.613,0.601,0.61
20130206,510180.SH,0.61,0.61,0.615,0.609,0.612,0.002,0.3279,3136400.05,191734.648,0.61,0.615,0.609,0.612
20130207,510180.SH,0.612,0.611,0.612,0.597,0.606,-0.006,-0.9804,5865478.4,354223.383,0.611,0.612,0.597,0.606
20130208,510180.SH,0.606,0.606,0.611,0.601,0.606,0.0,0.0,4310918.66,261802.449,0.606,0.611,0.601,0.606
20130218,510180.SH,0.606,0.608,0.609,0.598,0.599,-0.007,-1.1551,7111627.71,428856.958,0.608,0.609,0.598,0.599
20130219,510180.SH,0.599,0.598,0.601,0.586,0.589,-0.01,-1.6694,3620214.28,214508.139,0.598,0.601,0.586,0.589
20130220,510180.SH,0.589,0.588,0.591,0.581,0.589,0.0,0.0,5267311.13,309510.45,0.588,0.591,0.581,0.589
20130221,510180.SH,0.589,0.584,0.584,0.563,0.572,-0.017,-2.8862,28137714.22,1612223.589,0.584,0.584,0.563,0.572
20130222,510180.SH,0.572,0.569,0.571,0.564,0.566,-0.006,-1.049,2748261.72,156312.875,0.569,0.571,0.564,0.566
20130225,510180.SH,0.566,0.567,0.574,0.565,0.567,0.001,0.1767,2526624.99,143652.975,0.567,0.574,0.565,0.567
20130226,510180.SH,0.567,0.565,0.574,0.558,0.56,-0.007,-1.2346,14324447.22,807351.631,0.565,0.574,0.558,0.56
20130227,510180.SH,0.56,0.561,0.571,0.56,0.565,0.005,0.8929,3031322.85,171203.441,0.561,0.571,0.56,0.565
20130228,510180.SH,0.565,0.57,0.584,0.566,0.584,0.019,3.3628,5945776.96,342702.909,0.57,0.584,0.566,0.584
20130301,510180.SH,0.584,0.584,0.585,0.572,0.581,-0.003,-0.5137,3789528.86,219774.464,0.584,0.585,0.572,0.581
20130304,510180.SH,0.581,0.574,0.574,0.548,0.552,-0.029,-4.9914,9817884.4,552240.692,0.574,0.574,0.548,0.552
20130305,510180.SH,0.552,0.553,0.573,0.553,0.571,0.019,3.442,8903429.21,501103.507,0.553,0.573,0.553,0.571
20130306,510180.SH,0.571,0.576,0.581,0.57,0.579,0.008,1.4011,3978166.68,229131.97,0.576,0.581,0.57,0.579
20130307,510180.SH,0.579,0.577,0.58,0.565,0.57,-0.009,-1.5544,3305156.25,189626.196,0.577,0.58,0.565,0.57
20130308,510180.SH,0.57,0.572,0.574,0.567,0.569,-0.001,-0.1754,5033726.65,286828.618,0.572,0.574,0.567,0.569
20130311,510180.SH,0.569,0.567,0.57,0.561,0.565,-0.004,-0.703,2322815.88,131276.888,0.567,0.57,0.561,0.565
20130312,510180.SH,0.565,0.564,0.57,0.551,0.557,-0.008,-1.4159,3992985.12,223534.376,0.564,0.57,0.551,0.557
20130313,510180.SH,0.557,0.556,0.558,0.548,0.552,-0.005,-0.8977,2838474.88,156734.452,0.556,0.558,0.548,0.552
20130314,510180.SH,0.552,0.55,0.555,0.547,0.551,-0.001,-0.1812,3149291.72,173568.239,0.55,0.555,0.547,0.551
20130315,510180.SH,0.551,0.552,0.567,0.546,0.554,0.003,0.5445,4259889.67,236945.001,0.552,0.567,0.546,0.554
20130318,510180.SH,0.554,0.553,0.554,0.544,0.545,-0.009,-1.6245,4937285.81,270423.92,0.553,0.554,0.544,0.545
20130319,510180.SH,0.545,0.544,0.551,0.542,0.549,0.004,0.7339,5246757.92,286814.156,0.544,0.551,0.542,0.549
20130320,510180.SH,0.549,0.549,0.569,0.549,0.568,0.019,3.4608,7454415.34,417961.578,0.549,0.569,0.549,0.568
20130321,510180.SH,0.568,0.569,0.572,0.566,0.568,0.0,0.0,3836429.84,218451.462,0.569,0.572,0.566,0.568
20130322,510180.SH,0.568,0.569,0.572,0.566,0.57,0.002,0.3521,2199586.56,125281.251,0.569,0.572,0.566,0.57
20130325,510180.SH,0.57,0.572,0.577,0.567,0.57,0.0,0.0,4999353.95,285057.513,0.572,0.577,0.567,0.57
20130326,510180.SH,0.57,0.568,0.568,0.555,0.559,-0.011,-1.9298,3582923.16,200764.08,0.568,0.568,0.555,0.559
20130327,510180.SH,0.559,0.561,0.568,0.558,0.562,0.003,0.5367,4480324.97,252234.528,0.561,0.568,0.558,0.562
20130328,510180.SH,0.562,0.554,0.554,0.54,0.541,-0.021,-3.7367,11864379.55,644696.238,0.554,0.554,0.54,0.541
20130329,510180.SH,0.541,0.543,0.544,0.537,0.54,-0.001,-0.1848,5532226.15,299042.347,0.543,0.544,0.537,0.54
20130401,510180.SH,0.54,0.538,0.544,0.537,0.54,0.0,0.0,5934011.48,320599.274,0.538,0.544,0.537,0.54
20130402,510180.SH,0.54,0.541,0.547,0.536,0.539,-0.001,-0.1852,4181428.15,226066.896,0.541,0.547,0.536,0.539
20130403,510180.SH,0.539,0.541,0.544,0.537,0.539,0.0,0.0,6404147.97,345815.965,0.541,0.544,0.537,0.539
20130408,510180.SH,0.539,0.53,0.536,0.528,0.535,-0.004,-0.7421,3285802.79,174720.406,0.53,0.536,0.528,0.535
20130409,510180.SH,0.535,0.536,0.544,0.536,0.539,0.004,0.7477,4688789.34,253029.227,0.536,0.544,0.536,0.539
20130410,510180.SH,0.539,0.539,0.541,0.535,0.539,0.0,0.0,1273192.39,68512.748,0.539,0.541,0.535,0.539
20130411,510180.SH,0.539,0.543,0.545,0.537,0.539,0.0,0.0,1061426.71,57435.68,0.543,0.545,0.537,0.539
20130412,510180.SH,0.539,0.539,0.54,0.534,0.535,-0.004,-0.7421,671965.35,36043.853,0.539,0.54,0.534,0.535
20130415,510180.SH,0.535,0.534,0.536,0.528,0.53,-0.005,-0.9346,1507688.22,79976.536,0.534,0.536,0.528,0.53
20130416,510180.SH,0.53,0.527,0.534,0.525,0.534,0.004,0.7547,3356688.84,177336.734,0.527,0.534,0.525,0.534
20130417,510180.SH,0.534,0.534,0.535,0.528,0.533,-0.001,-0.1873,3343482.5,177809.338,0.534,0.535,0.528,0.533
20130418,510180.SH,0.533,0.53,0.537,0.528,0.534,0.001,0.1876,2291174.32,122016.529,0.53,0.537,0.528,0.534
20130419,510180.SH,0.534,0.536,0.553,0.535,0.551,0.017,3.1835,4855180.5,264801.838,0.536,0.553,0.535,0.551
20130422,510180.SH,0.551,0.549,0.551,0.547,0.549,-0.002,-0.363,1790883.68,98300.848,0.549,0.551,0.547,0.549
20130423,510180.SH,0.549,0.549,0.55,0.531,0.532,-0.017,-3.0965,3820672.0,205254.981,0.549,0.55,0.531,0.532
20130424,510180.SH,0.532,0.533,0.546,0.531,0.541,0.009,1.6917,7605063.47,410859.376,0.533,0.546,0.531,0.541
20130425,510180.SH,0.541,0.54,0.545,0.533,0.537,-0.004,-0.7394,4204993.94,226507.622,0.54,0.545,0.533,0.537
20130426,510180.SH,0.537,0.539,0.541,0.531,0.534,-0.003,-0.5587,2849087.6,152773.755,0.539,0.541,0.531,0.534
20130502,510180.SH,0.534,0.531,0.534,0.527,0.532,-0.002,-0.3745,1841544.29,97700.115,0.531,0.534,0.527,0.532
20130503,510180.SH,0.532,0.535,0.549,0.534,0.542,0.01,1.8797,3859042.36,209638.33,0.535,0.549,0.534,0.542
20130506,510180.SH,0.542,0.545,0.552,0.545,0.55,0.008,1.476,3339294.35,183235.076,0.545,0.552,0.545,0.55
20130507,510180.SH,0.55,0.548,0.552,0.545,0.55,0.0,0.0,3916672.73,214740.978,0.548,0.552,0.545,0.55
20130508,510180.SH,0.55,0.553,0.559,0.549,0.552,0.002,0.3636,4402981.19,243697.649,0.553,0.559,0.549,0.552
20130509,510180.SH,0.552,0.551,0.553,0.544,0.549,-0.003,-0.5435,2258999.26,123757.555,0.551,0.553,0.544,0.549
20130510,510180.SH,0.549,0.546,0.553,0.545,0.551,0.002,0.3643,2822485.65,155002.082,0.546,0.553,0.545,0.551
20130513,510180.SH,0.551,0.552,0.553,0.546,0.549,-0.002,-0.363,2101882.19,115437.398,0.552,0.553,0.546,0.549
20130514,510180.SH,0.549,0.549,0.549,0.538,0.542,-0.007,-1.275,2872988.17,155755.734,0.549,0.549,0.538,0.542
20130515,510180.SH,0.542,0.542,0.545,0.541,0.544,0.002,0.369,1333249.54,72439.997,0.542,0.545,0.541,0.544
20130516,510180.SH,0.544,0.544,0.555,0.54,0.554,0.01,1.8382,3755168.53,206227.253,0.544,0.555,0.54,0.554
20130517,510180.SH,0.554,0.553,0.565,0.553,0.563,0.009,1.6245,4073601.81,227992.754,0.553,0.565,0.553,0.563
20130520,510180.SH,0.563,0.563,0.572,0.562,0.567,0.004,0.7105,4194122.36,238237.996,0.563,0.572,0.562,0.567
20130521,510180.SH,0.567,0.567,0.569,0.563,0.566,-0.001,-0.1764,2482477.86,140453.624,0.567,0.569,0.563,0.566
20130522,510180.SH,0.566,0.566,0.57,0.565,0.567,0.001,0.1767,2523639.02,143057.413,0.566,0.57,0.565,0.567
20130523,510180.SH,0.567,0.564,0.568,0.558,0.56,-0.007,-1.2346,2624309.05,147743.553,0.564,0.568,0.558,0.56
20130524,510180.SH,0.56,0.562,0.566,0.556,0.562,0.002,0.3571,3122444.79,175402.81,0.562,0.566,0.556,0.562
20130527,510180.SH,0.562,0.56,0.565,0.56,0.562,0.0,0.0,1962761.77,110423.705,0.56,0.565,0.56,0.562
20130528,510180.SH,0.562,0.561,0.574,0.56,0.574,0.012,2.1352,3422902.2,193647.795,0.561,0.574,0.56,0.574
20130529,510180.SH,0.574,0.575,0.577,0.571,0.572,-0.002,-0.3484,3860464.85,221923.471,0.575,0.577,0.571,0.572
20130530,510180.SH,0.572,0.571,0.574,0.568,0.57,-0.002,-0.3497,2142191.19,122390.064,0.571,0.574,0.568,0.57
20130531,510180.SH,0.57,0.571,0.573,0.563,0.564,-0.006,-1.0526,2511546.22,142998.59,0.571,0.573,0.563,0.564
20130603,510180.SH,0.564,0.565,0.57,0.564,0.565,0.001,0.1773,1890491.93,107079.971,0.565,0.57,0.564,0.565
20130604,510180.SH,0.565,0.565,0.565,0.556,0.557,-0.008,-1.4159,4121771.16,230668.313,0.565,0.565,0.556,0.557
20130605,510180.SH,0.557,0.557,0.559,0.553,0.555,-0.002,-0.3591,1021201.08,56825.0,0.557,0.559,0.553,0.555
20130606,510180.SH,0.555,0.554,0.556,0.548,0.549,-0.006,-1.0811,1694176.54,93532.549,0.554,0.556,0.548,0.549
20130607,510180.SH,0.549,0.549,0.552,0.538,0.54,-0.009,-1.6393,2046147.85,111256.764,0.549,0.552,0.538,0.54
20130613,510180.SH,0.54,0.535,0.535,0.518,0.527,-0.013,-2.4074,14613124.72,765924.254,0.535,0.535,0.518,0.527
20130614,510180.SH,0.527,0.526,0.529,0.523,0.528,0.001,0.1898,30068212.58,1586581.95,0.526,0.529,0.523,0.528
20130617,510180.SH,0.528,0.529,0.531,0.524,0.524,-0.004,-0.7576,2753468.97,144771.988,0.529,0.531,0.524,0.524
20130618,510180.SH,0.524,0.526,0.53,0.524,0.528,0.004,0.7634,3211110.65,169315.419,0.526,0.53,0.524,0.528
20130619,510180.SH,0.528,0.526,0.526,0.517,0.526,-0.002,-0.3788,2974673.04,155190.023,0.526,0.526,0.517,0.526
20130620,510180.SH,0.526,0.522,0.522,0.506,0.508,-0.018,-3.4221,3998825.09,205322.834,0.522,0.522,0.506,0.508
20130621,510180.SH,0.508,0.5,0.51,0.496,0.508,0.0,0.0,5847138.98,295183.186,0.5,0.51,0.496,0.508
20130624,510180.SH,0.508,0.504,0.504,0.473,0.474,-0.034,-6.6929,4806731.31,234133.688,0.504,0.504,0.473,0.474
20130625,510180.SH,0.474,0.47,0.479,0.443,0.477,0.003,0.6329,18727392.6,881584.441,0.47,0.479,0.443,0.477
20130626,510180.SH,0.477,0.478,0.479,0.467,0.476,-0.001,-0.2096,6064609.3,286353.244,0.478,0.479,0.467,0.476
20130627,510180.SH,0.476,0.478,0.482,0.472,0.479,0.003,0.6303,49399835.25,2354898.32,0.478,0.482,0.472,0.479
20130628,510180.SH,0.479,0.476,0.491,0.472,0.485,0.006,1.2526,57096442.91,2753398.317,0.476,0.491,0.472,0.485
20130701,510180.SH,0.485,0.482,0.488,0.477,0.487,0.002,0.4124,3858110.85,186583.788,0.482,0.488,0.477,0.487
20130702,510180.SH,0.487,0.486,0.489,0.481,0.488,0.001,0.2053,3173697.85,154293.756,0.486,0.489,0.481,0.488
20130703,510180.SH,0.488,0.486,0.486,0.476,0.484,-0.004,-0.8197,2324722.59,111974.674,0.486,0.486,0.476,0.484
20130704,510180.SH,0.484,0.48,0.493,0.478,0.488,0.004,0.8264,3721815.56,181450.638,0.48,0.493,0.478,0.488
20130705,510180.SH,0.488,0.489,0.494,0.488,0.489,0.001,0.2049,2487170.44,122102.472,0.489,0.494,0.488,0.489
20130708,510180.SH,0.489,0.484,0.485,0.475,0.476,-0.013,-2.6585,4680099.48,224146.075,0.484,0.485,0.475,0.476
20130709,510180.SH,0.476,0.477,0.479,0.474,0.477,0.001,0.2101,1651898.79,78749.938,0.477,0.479,0.474,0.477
20130710,510180.SH,0.477,0.477,0.492,0.475,0.491,0.014,2.935,3469148.28,167235.836,0.477,0.492,0.475,0.491
20130711,510180.SH,0.491,0.493,0.522,0.493,0.515,0.024,4.888,6405198.46,326738.561,0.493,0.522,0.493,0.515
20130712,510180.SH,0.515,0.514,0.516,0.502,0.503,-0.012,-2.3301,2341986.63,119365.571,0.514,0.516,0.502,0.503
20130715,510180.SH,0.503,0.505,0.518,0.503,0.51,0.007,1.3917,3604331.74,183671.115,0.505,0.518,0.503,0.51
20130716,510180.SH,0.51,0.508,0.512,0.503,0.512,0.002,0.3922,2244648.98,113762.024,0.508,0.512,0.503,0.512
20130717,510180.SH,0.512,0.509,0.514,0.504,0.505,-0.007,-1.3672,2742351.96,139625.483,0.509,0.514,0.504,0.505
20130718,510180.SH,0.505,0.503,0.505,0.494,0.496,-0.009,-1.7822,2423382.22,120641.545,0.503,0.505,0.494,0.496
20130719,510180.SH,0.496,0.496,0.499,0.483,0.485,-0.011,-2.2177,3891589.06,190983.477,0.496,0.499,0.483,0.485
20130722,510180.SH,0.485,0.479,0.488,0.478,0.487,0.002,0.4124,1939212.08,93765.474,0.479,0.488,0.478,0.487
20130723,510180.SH,0.487,0.489,0.505,0.488,0.5,0.013,2.6694,5543634.19,276697.504,0.489,0.505,0.488,0.5
20130724,510180.SH,0.5,0.499,0.5,0.488,0.496,-0.004,-0.8,3579037.43,176759.545,0.499,0.5,0.488,0.496
20130725,510180.SH,0.496,0.498,0.502,0.493,0.494,-0.002,-0.4032,2496385.03,124118.423,0.498,0.502,0.493,0.494
20130726,510180.SH,0.494,0.492,0.495,0.489,0.493,-0.001,-0.2024,2185283.76,107553.596,0.492,0.495,0.489,0.493
20130729,510180.SH,0.493,0.489,0.489,0.48,0.483,-0.01,-2.0284,1444099.97,69852.423,0.489,0.489,0.48,0.483
20130730,510180.SH,0.483,0.484,0.493,0.48,0.486,0.003,0.6211,2932055.92,142776.619,0.484,0.493,0.48,0.486
20130731,510180.SH,0.486,0.489,0.496,0.485,0.487,0.001,0.2058,2282571.22,111900.129,0.489,0.496,0.485,0.487
20130801,510180.SH,0.487,0.489,0.498,0.487,0.498,0.011,2.2587,4309990.99,212934.686,0.489,0.498,0.487,0.498
20130802,510180.SH,0.498,0.501,0.504,0.495,0.497,-0.001,-0.2008,2078049.64,103697.567,0.501,0.504,0.495,0.497
20130805,510180.SH,0.497,0.499,0.503,0.495,0.502,0.005,1.006,1691863.57,84472.096,0.499,0.503,0.495,0.502
20130806,510180.SH,0.502,0.5,0.508,0.496,0.504,0.002,0.3984,1686222.39,84602.038,0.5,0.508,0.496,0.504
20130807,510180.SH,0.504,0.503,0.509,0.5,0.503,-0.001,-0.1984,2017011.29,101949.299,0.503,0.509,0.5,0.503
20130808,510180.SH,0.503,0.502,0.506,0.498,0.501,-0.002,-0.3976,1333830.6,66900.668,0.502,0.506,0.498,0.501
20130809,510180.SH,0.501,0.503,0.506,0.496,0.505,0.004,0.7984,1517453.6,76198.203,0.503,0.506,0.496,0.505
20130812,510180.SH,0.505,0.507,0.521,0.505,0.521,0.016,3.1683,4214641.74,216620.121,0.507,0.521,0.505,0.521
20130813,510180.SH,0.521,0.519,0.521,0.516,0.52,-0.001,-0.1919,1922788.88,99703.691,0.519,0.521,0.516,0.52
20130814,510180.SH,0.52,0.52,0.528,0.516,0.519,-0.001,-0.1923,1992990.03,104065.347,0.52,0.528,0.516,0.519
20130815,510180.SH,0.519,0.518,0.522,0.512,0.514,-0.005,-0.9634,1882331.12,97279.157,0.518,0.522,0.512,0.514
20130816,510180.SH,0.514,0.511,0.54,0.506,0.509,-0.005,-0.9728,16491381.35,848182.341,0.511,0.54,0.506,0.509
20130819,510180.SH,0.509,0.506,0.518,0.504,0.515,0.006,1.1788,3705671.09,189061.926,0.506,0.518,0.504,0.515
20130820,510180.SH,0.515,0.513,0.521,0.509,0.512,-0.003,-0.5825,2408136.98,124044.686,0.513,0.521,0.509,0.512
20130821,510180.SH,0.512,0.512,0.514,0.506,0.512,0.0,0.0,2511319.0,127904.474,0.512,0.514,0.506,0.512
20130822,510180.SH,0.512,0.51,0.515,0.508,0.509,-0.003,-0.5859,1969437.98,100881.473,0.51,0.515,0.508,0.509
20130823,510180.SH,0.509,0.512,0.513,0.497,0.505,-0.004,-0.7859,2352545.14,118876.845,0.512,0.513,0.497,0.505
20130826,510180.SH,0.505,0.507,0.517,0.505,0.516,0.011,2.1782,3086401.03,158282.73,0.507,0.517,0.505,0.516
20130827,510180.SH,0.516,0.515,0.519,0.513,0.517,0.001,0.1938,2321797.33,119847.087,0.515,0.519,0.513,0.517
20130828,510180.SH,0.517,0.515,0.52,0.51,0.515,-0.002,-0.3868,2364280.14,121601.126,0.515,0.52,0.51,0.515
20130829,510180.SH,0.515,0.517,0.519,0.511,0.514,-0.001,-0.1942,1886734.42,97220.48,0.517,0.519,0.511,0.514
20130830,510180.SH,0.514,0.513,0.517,0.51,0.515,0.001,0.1946,1855894.76,95373.268,0.513,0.517,0.51,0.515
20130902,510180.SH,0.515,0.515,0.517,0.51,0.513,-0.002,-0.3883,1851932.99,95157.302,0.515,0.517,0.51,0.513
20130903,510180.SH,0.513,0.515,0.523,0.514,0.523,0.01,1.9493,3868472.2,200914.837,0.515,0.523,0.514,0.523
20130904,510180.SH,0.523,0.522,0.523,0.52,0.522,-0.001,-0.1912,873318.69,45530.768,0.522,0.523,0.52,0.522
20130905,510180.SH,0.522,0.521,0.521,0.518,0.52,-0.002,-0.3831,668037.29,34704.019,0.521,0.521,0.518,0.52
20130906,510180.SH,0.52,0.519,0.525,0.518,0.524,0.004,0.7692,3383645.08,176759.73,0.519,0.525,0.518,0.524
20130909,510180.SH,0.524,0.527,0.548,0.527,0.546,0.022,4.1985,4913740.77,264780.475,0.527,0.548,0.527,0.546
20130910,510180.SH,0.546,0.547,0.555,0.546,0.554,0.008,1.4652,3499492.93,192112.057,0.547,0.555,0.546,0.554
20130911,510180.SH,0.554,0.558,0.561,0.553,0.556,0.002,0.361,5887255.17,328148.801,0.558,0.561,0.553,0.556
20130912,510180.SH,0.556,0.554,0.569,0.552,0.561,0.005,0.8993,4910983.82,274498.068,0.554,0.569,0.552,0.561
20130913,510180.SH,0.55,0.552,0.553,0.544,0.546,-0.004,-0.7273,2884417.54,158151.408,0.552,0.553,0.544,0.546
20130916,510180.SH,0.546,0.548,0.55,0.54,0.543,-0.003,-0.5495,3809963.02,207265.503,0.548,0.55,0.54,0.543
20130917,510180.SH,0.543,0.542,0.544,0.531,0.532,-0.011,-2.0258,3200693.24,171643.312,0.542,0.544,0.531,0.532
20130918,510180.SH,0.532,0.531,0.536,0.526,0.535,0.003,0.5639,3005588.62,159832.941,0.531,0.536,0.526,0.535
20130923,510180.SH,0.535,0.535,0.54,0.533,0.538,0.003,0.5607,2123948.67,113979.457,0.535,0.54,0.533,0.538
20130924,510180.SH,0.538,0.538,0.538,0.526,0.532,-0.006,-1.1152,1836072.76,97709.913,0.538,0.538,0.526,0.532
20130925,510180.SH,0.532,0.53,0.535,0.527,0.527,-0.005,-0.9398,1757504.94,93090.315,0.53,0.535,0.527,0.527
20130926,510180.SH,0.527,0.525,0.526,0.518,0.519,-0.008,-1.518,1621690.19,84587.817,0.525,0.526,0.518,0.519
20130927,510180.SH,0.519,0.518,0.521,0.516,0.52,0.001,0.1927,1216411.51,63168.465,0.518,0.521,0.516,0.52
20130930,510180.SH,0.52,0.522,0.525,0.52,0.523,0.003,0.5769,966790.76,50488.849,0.522,0.525,0.52,0.523
20131008,510180.SH,0.523,0.522,0.53,0.518,0.529,0.006,1.1472,1863033.56,97714.239,0.522,0.53,0.518,0.529
20131009,510180.SH,0.529,0.528,0.532,0.525,0.532,0.003,0.5671,2168558.01,114686.065,0.528,0.532,0.525,0.532
20131010,510180.SH,0.532,0.531,0.533,0.524,0.525,-0.007,-1.3158,2167439.0,114184.201,0.531,0.533,0.524,0.525
20131011,510180.SH,0.525,0.527,0.535,0.527,0.534,0.009,1.7143,2773301.83,147395.101,0.527,0.535,0.527,0.534
20131014,510180.SH,0.534,0.535,0.537,0.532,0.534,0.0,0.0,3524208.4,188319.94,0.535,0.537,0.532,0.534
20131015,510180.SH,0.534,0.534,0.536,0.53,0.532,-0.002,-0.3745,1996683.53,106278.58,0.534,0.536,0.53,0.532
20131016,510180.SH,0.532,0.531,0.532,0.522,0.524,-0.008,-1.5038,3283394.87,172659.881,0.531,0.532,0.522,0.524
20131017,510180.SH,0.524,0.526,0.528,0.52,0.521,-0.003,-0.5725,3283638.82,172099.208,0.526,0.528,0.52,0.521
20131018,510180.SH,0.521,0.522,0.527,0.521,0.524,0.003,0.5758,4157348.84,217917.093,0.522,0.527,0.521,0.524
20131021,510180.SH,0.524,0.525,0.534,0.522,0.532,0.008,1.5267,3848027.23,203268.122,0.525,0.534,0.522,0.532
20131022,510180.SH,0.532,0.532,0.532,0.525,0.528,-0.004,-0.7519,1522386.54,80475.438,0.532,0.532,0.525,0.528
20131023,510180.SH,0.528,0.528,0.535,0.522,0.523,-0.005,-0.947,2800643.04,148077.586,0.528,0.535,0.522,0.523
20131024,510180.SH,0.523,0.523,0.524,0.518,0.519,-0.004,-0.7648,2512834.66,130890.969,0.523,0.524,0.518,0.519
20131025,510180.SH,0.519,0.519,0.521,0.508,0.512,-0.007,-1.3487,3540562.0,182193.199,0.519,0.521,0.508,0.512
20131028,510180.SH,0.512,0.512,0.514,0.509,0.513,0.001,0.1953,1978027.98,101306.185,0.512,0.514,0.509,0.513
20131029,510180.SH,0.513,0.513,0.522,0.506,0.514,0.001,0.1949,6690026.76,343710.856,0.513,0.522,0.506,0.514
20131030,510180.SH,0.514,0.515,0.522,0.512,0.521,0.007,1.3619,5363008.68,277301.938,0.515,0.522,0.512,0.521
20131031,510180.SH,0.521,0.519,0.519,0.514,0.514,-0.007,-1.3436,2259040.01,116583.929,0.519,0.519,0.514,0.514
20131101,510180.SH,0.514,0.515,0.52,0.513,0.519,0.005,0.9728,1873340.83,96748.554,0.515,0.52,0.513,0.519
20131104,510180.SH,0.519,0.52,0.523,0.515,0.517,-0.002,-0.3854,2772647.61,143588.335,0.52,0.523,0.515,0.517
20131105,510180.SH,0.517,0.515,0.518,0.509,0.516,-0.001,-0.1934,2395630.6,122920.759,0.515,0.518,0.509,0.516
20131106,510180.SH,0.516,0.514,0.517,0.509,0.511,-0.005,-0.969,2845125.37,145819.957,0.514,0.517,0.509,0.511
20131107,510180.SH,0.511,0.51,0.512,0.506,0.508,-0.003,-0.5871,1889552.46,96247.496,0.51,0.512,0.506,0.508
20131108,510180.SH,0.508,0.507,0.509,0.5,0.502,-0.006,-1.1811,2439211.02,123199.209,0.507,0.509,0.5,0.502
20131111,510180.SH,0.502,0.502,0.505,0.498,0.503,0.001,0.1992,1422733.91,71260.531,0.502,0.505,0.498,0.503
20131112,510180.SH,0.503,0.503,0.509,0.503,0.507,0.004,0.7952,1683484.16,85232.43,0.503,0.509,0.503,0.507
20131113,510180.SH,0.507,0.505,0.505,0.497,0.497,-0.01,-1.9724,2070234.71,103755.757,0.505,0.505,0.497,0.497
20131114,510180.SH,0.497,0.497,0.5,0.495,0.5,0.003,0.6036,1766889.88,87967.057,0.497,0.5,0.495,0.5
20131115,510180.SH,0.5,0.501,0.516,0.5,0.509,0.009,1.8,4973103.89,252963.94,0.501,0.516,0.5,0.509
20131118,510180.SH,0.509,0.514,0.53,0.512,0.53,0.021,4.1257,4063343.88,211057.925,0.514,0.53,0.512,0.53
20131119,510180.SH,0.53,0.529,0.529,0.525,0.526,-0.004,-0.7547,2391503.08,125987.718,0.529,0.529,0.525,0.526
20131120,510180.SH,0.526,0.529,0.531,0.524,0.529,0.003,0.5703,4106080.01,216076.619,0.529,0.531,0.524,0.529
20131121,510180.SH,0.529,0.526,0.526,0.519,0.525,-0.004,-0.7561,1483174.06,77501.877,0.526,0.526,0.519,0.525
20131122,510180.SH,0.525,0.526,0.527,0.521,0.522,-0.003,-0.5714,1248550.0,65495.218,0.526,0.527,0.521,0.522
20131125,510180.SH,0.522,0.519,0.527,0.518,0.52,-0.002,-0.3831,2331868.0,121739.357,0.519,0.527,0.518,0.52
20131126,510180.SH,0.52,0.52,0.522,0.518,0.52,0.0,0.0,1282944.6,66717.237,0.52,0.522,0.518,0.52
20131127,510180.SH,0.52,0.519,0.529,0.518,0.526,0.006,1.1538,3226597.66,169074.793,0.519,0.529,0.518,0.526
20131128,510180.SH,0.526,0.527,0.535,0.526,0.531,0.005,0.9506,2476068.36,131561.969,0.527,0.535,0.526,0.531
20131129,510180.SH,0.531,0.531,0.533,0.529,0.531,0.0,0.0,1699350.2,90213.044,0.531,0.533,0.529,0.531
20131202,510180.SH,0.531,0.53,0.538,0.524,0.531,0.0,0.0,3897342.37,206615.016,0.53,0.538,0.524,0.531
20131203,510180.SH,0.531,0.528,0.535,0.527,0.534,0.003,0.565,2588050.99,137367.591,0.528,0.535,0.527,0.534
20131204,510180.SH,0.534,0.534,0.544,0.532,0.541,0.007,1.3109,2426664.94,130787.573,0.534,0.544,0.532,0.541
20131205,510180.SH,0.541,0.54,0.542,0.537,0.539,-0.002,-0.3697,1672409.11,90219.532,0.54,0.542,0.537,0.539
20131206,510180.SH,0.539,0.538,0.539,0.533,0.534,-0.005,-0.9276,1685788.9,90255.669,0.538,0.539,0.533,0.534
20131209,510180.SH,0.534,0.536,0.539,0.532,0.534,0.0,0.0,1830878.02,97933.58,0.536,0.539,0.532,0.534
20131210,510180.SH,0.534,0.535,0.537,0.533,0.535,0.001,0.1873,1818606.78,97333.265,0.535,0.537,0.533,0.535
20131211,510180.SH,0.535,0.532,0.532,0.522,0.526,-0.009,-1.6822,2652472.08,139902.594,0.532,0.532,0.522,0.526
20131212,510180.SH,0.526,0.525,0.527,0.523,0.524,-0.002,-0.3802,1259394.6,66151.696,0.525,0.527,0.523,0.524
20131213,510180.SH,0.524,0.52,0.526,0.518,0.524,0.0,0.0,1550755.52,80989.284,0.52,0.526,0.518,0.524
20131216,510180.SH,0.524,0.525,0.526,0.514,0.515,-0.009,-1.7176,4035011.74,209263.504,0.525,0.526,0.514,0.515
20131217,510180.SH,0.515,0.515,0.516,0.511,0.512,-0.003,-0.5825,2070448.01,106305.323,0.515,0.516,0.511,0.512
20131218,510180.SH,0.512,0.513,0.515,0.511,0.513,0.001,0.1953,1738565.71,89184.114,0.513,0.515,0.511,0.513
20131223,510180.SH,2.052,1.99,1.993,1.961,1.98,-0.072,-3.5088,861670.21,170484.368,1.99,1.993,1.961,1.98
20131224,510180.SH,1.98,1.986,2.005,1.964,1.98,0.0,0.0,989723.5,196632.341,1.986,2.005,1.964,1.98
20131225,510180.SH,1.98,1.981,1.998,1.973,1.993,0.013,0.6566,776677.81,154100.683,1.981,1.998,1.973,1.993
20131226,510180.SH,1.993,1.991,1.991,1.96,1.963,-0.03,-1.5053,694136.6,136726.329,1.991,1.991,1.96,1.963
20131227,510180.SH,1.963,1.962,2.007,1.962,1.991,0.028,1.4264,913520.79,181138.117,1.962,2.007,1.962,1.991
20131230,510180.SH,1.991,1.996,2.003,1.985,1.993,0.002,0.1005,1240648.44,247267.867,1.996,2.003,1.985,1.993
20131231,510180.SH,1.993,1.989,2.02,1.98,2.019,0.026,1.3046,1108010.98,222465.326,1.989,2.02,1.98,2.019
20140102,510180.SH,2.019,2.018,2.018,1.998,2.01,-0.009,-0.4458,813690.15,163037.05,2.018,2.018,1.998,2.01
20140103,510180.SH,2.01,2.001,2.001,1.967,1.979,-0.031,-1.5423,438099.39,86657.56,2.001,2.001,1.967,1.979
20140106,510180.SH,1.979,1.977,1.977,1.93,1.941,-0.038,-1.9202,1664561.0,322719.284,1.977,1.977,1.93,1.941
20140107,510180.SH,1.941,1.928,1.945,1.923,1.935,-0.006,-0.3091,573797.18,111010.674,1.928,1.945,1.923,1.935
20140108,510180.SH,1.935,1.938,1.959,1.927,1.942,0.007,0.3618,590233.74,114710.834,1.938,1.959,1.927,1.942
20140109,510180.SH,1.942,1.941,1.957,1.925,1.929,-0.013,-0.6694,921441.43,179180.197,1.941,1.957,1.925,1.929
20140110,510180.SH,1.929,1.926,1.93,1.912,1.914,-0.015,-0.7776,561001.73,107690.659,1.926,1.93,1.912,1.914
20140113,510180.SH,1.914,1.915,1.93,1.903,1.908,-0.006,-0.3135,2137978.88,408671.513,1.915,1.93,1.903,1.908
20140114,510180.SH,1.908,1.908,1.926,1.894,1.918,0.01,0.5241,478264.29,91304.755,1.908,1.926,1.894,1.918
20140115,510180.SH,1.918,1.914,1.92,1.901,1.914,-0.004,-0.2086,437402.33,83670.035,1.914,1.92,1.901,1.914
20140116,510180.SH,1.914,1.913,1.93,1.906,1.916,0.002,0.1045,795813.97,152480.315,1.913,1.93,1.906,1.916
20140117,510180.SH,1.916,1.912,1.913,1.891,1.891,-0.025,-1.3048,865375.87,164327.68,1.912,1.913,1.891,1.891
20140120,510180.SH,1.891,1.892,1.895,1.873,1.882,-0.009,-0.4759,411956.06,77673.839,1.892,1.895,1.873,1.882
20140121,510180.SH,1.882,1.882,1.908,1.882,1.899,0.017,0.9033,800261.78,152037.448,1.882,1.908,1.882,1.899
20140122,510180.SH,1.899,1.9,1.948,1.9,1.946,0.047,2.475,996283.59,192133.341,1.9,1.948,1.9,1.946
20140123,510180.SH,1.946,1.945,1.948,1.932,1.937,-0.009,-0.4625,944948.83,183537.47,1.945,1.948,1.932,1.937
20140124,510180.SH,1.937,1.932,1.957,1.926,1.944,0.007,0.3614,507070.73,98442.907,1.932,1.957,1.926,1.944
20140127,510180.SH,1.944,1.935,1.935,1.912,1.919,-0.025,-1.286,289888.55,55684.381,1.935,1.935,1.912,1.919
20140128,510180.SH,1.919,1.92,1.936,1.911,1.923,0.004,0.2084,592779.31,113927.125,1.92,1.936,1.911,1.923
20140129,510180.SH,1.923,1.927,1.936,1.925,1.933,0.01,0.52,218668.4,42225.692,1.927,1.936,1.925,1.933
20140130,510180.SH,1.933,1.93,1.93,1.909,1.91,-0.023,-1.1899,824290.61,157902.044,1.93,1.93,1.909,1.91
20140207,510180.SH,1.91,1.899,1.921,1.889,1.919,0.009,0.4712,468504.92,89183.271,1.899,1.921,1.889,1.919
20140210,510180.SH,1.919,1.928,1.965,1.928,1.961,0.042,2.1886,604162.33,117861.051,1.928,1.965,1.928,1.961
20140211,510180.SH,1.961,1.961,1.994,1.958,1.985,0.024,1.2239,963412.62,190188.47,1.961,1.994,1.958,1.985
20140212,510180.SH,1.985,1.987,1.992,1.975,1.981,-0.004,-0.2015,778084.23,154157.906,1.987,1.992,1.975,1.981
20140213,510180.SH,1.981,1.978,2.001,1.974,1.978,-0.003,-0.1514,597944.06,118570.008,1.978,2.001,1.974,1.978
20140214,510180.SH,1.978,1.975,1.988,1.975,1.988,0.01,0.5056,437533.18,86707.472,1.975,1.988,1.975,1.988
20140217,510180.SH,1.988,2.0,2.014,1.987,1.997,0.009,0.4527,752659.41,150079.394,2.0,2.014,1.987,1.997
20140218,510180.SH,1.997,1.996,1.996,1.967,1.973,-0.024,-1.2018,867829.83,171901.632,1.996,1.996,1.967,1.973
20140219,510180.SH,1.973,1.973,2.01,1.969,2.001,0.028,1.4192,1413185.86,280520.409,1.973,2.01,1.969,2.001
20140220,510180.SH,2.001,2.0,2.024,1.983,1.984,-0.017,-0.8496,746559.2,149543.701,2.0,2.024,1.983,1.984
20140221,510180.SH,1.984,1.983,1.986,1.952,1.96,-0.024,-1.2097,823503.56,162286.895,1.983,1.986,1.952,1.96
20140224,510180.SH,1.96,1.94,1.942,1.9,1.919,-0.041,-2.0918,989720.07,190013.094,1.94,1.942,1.9,1.919
20140225,510180.SH,1.919,1.918,1.926,1.865,1.87,-0.049,-2.5534,838728.64,159189.748,1.918,1.926,1.865,1.87
20140226,510180.SH,1.87,1.865,1.876,1.854,1.872,0.002,0.107,1107454.8,206690.359,1.865,1.876,1.854,1.872
20140227,510180.SH,1.872,1.882,1.891,1.87,1.878,0.006,0.3205,578342.55,108741.816,1.882,1.891,1.87,1.878
20140228,510180.SH,1.878,1.876,1.896,1.851,1.89,0.012,0.639,623139.58,116966.278,1.876,1.896,1.851,1.89
20140303,510180.SH,1.89,1.89,1.906,1.88,1.9,0.01,0.5291,555722.55,105213.118,1.89,1.906,1.88,1.9
20140304,510180.SH,1.9,1.898,1.902,1.882,1.897,-0.003,-0.1579,441029.84,83464.56,1.898,1.902,1.882,1.897
20140305,510180.SH,1.897,1.898,1.903,1.88,1.883,-0.014,-0.738,275722.42,52132.628,1.898,1.903,1.88,1.883
20140306,510180.SH,1.883,1.874,1.894,1.86,1.887,0.004,0.2124,435341.03,81596.808,1.874,1.894,1.86,1.887
20140307,510180.SH,1.887,1.888,1.903,1.881,1.885,-0.002,-0.106,344919.55,65224.627,1.888,1.903,1.881,1.885
20140310,510180.SH,1.885,1.876,1.876,1.82,1.826,-0.059,-3.13,312129.6,57555.722,1.876,1.876,1.82,1.826
20140311,510180.SH,1.826,1.825,1.841,1.818,1.829,0.003,0.1643,446457.83,81443.41,1.825,1.841,1.818,1.829
20140312,510180.SH,1.829,1.829,1.85,1.817,1.834,0.005,0.2734,575458.55,105508.32,1.829,1.85,1.817,1.834
20140313,510180.SH,1.834,1.838,1.87,1.834,1.857,0.023,1.2541,405241.3,75121.071,1.838,1.87,1.834,1.857
20140314,510180.SH,1.857,1.852,1.857,1.832,1.84,-0.017,-0.9155,189198.36,34946.432,1.852,1.857,1.832,1.84
20140317,510180.SH,1.84,1.85,1.858,1.842,1.855,0.015,0.8152,164887.41,30519.721,1.85,1.858,1.842,1.855
20140318,510180.SH,1.855,1.857,1.868,1.855,1.857,0.002,0.1078,229621.51,42734.688,1.857,1.868,1.855,1.857
20140319,510180.SH,1.857,1.854,1.854,1.829,1.844,-0.013,-0.7001,184891.61,33983.798,1.854,1.854,1.829,1.844
20140320,510180.SH,1.844,1.841,1.86,1.817,1.821,-0.023,-1.2473,345481.6,63652.73,1.841,1.86,1.817,1.821
20140321,510180.SH,1.821,1.818,1.89,1.811,1.886,0.065,3.5695,1072575.17,199041.257,1.818,1.89,1.811,1.886
20140324,510180.SH,1.886,1.888,1.912,1.881,1.899,0.013,0.6893,909625.47,172288.567,1.888,1.912,1.881,1.899
20140325,510180.SH,1.899,1.897,1.915,1.89,1.899,0.0,0.0,438217.89,83346.508,1.897,1.915,1.89,1.899
20140326,510180.SH,1.899,1.901,1.91,1.89,1.895,-0.004,-0.2106,482538.78,91584.382,1.901,1.91,1.89,1.895
20140327,510180.SH,1.895,1.895,1.912,1.876,1.884,-0.011,-0.5805,548786.34,103767.171,1.895,1.912,1.876,1.884
20140328,510180.SH,1.884,1.885,1.902,1.88,1.885,0.001,0.0531,290088.44,54857.465,1.885,1.902,1.88,1.885
20140331,510180.SH,1.885,1.885,1.896,1.865,1.877,-0.008,-0.4244,304585.74,57257.699,1.885,1.896,1.865,1.877
20140401,510180.SH,1.877,1.877,1.9,1.874,1.887,0.01,0.5328,318852.54,60143.818,1.877,1.9,1.874,1.887
20140402,510180.SH,1.887,1.886,1.908,1.886,1.904,0.017,0.9009,375893.88,71355.97,1.886,1.908,1.886,1.904
20140403,510180.SH,1.904,1.913,1.924,1.889,1.89,-0.014,-0.7353,388266.09,74131.155,1.913,1.924,1.889,1.89
20140404,510180.SH,1.89,1.887,1.911,1.883,1.911,0.021,1.1111,248740.99,47228.017,1.887,1.911,1.883,1.911
20140408,510180.SH,1.911,1.907,1.968,1.907,1.96,0.049,2.5641,600893.32,116739.652,1.907,1.968,1.907,1.96
20140409,510180.SH,1.96,1.961,1.966,1.953,1.956,-0.004,-0.2041,455033.28,89143.482,1.961,1.966,1.953,1.956
20140410,510180.SH,1.956,1.958,2.02,1.947,1.999,0.043,2.1984,1435346.84,284390.633,1.958,2.02,1.947,1.999
20140411,510180.SH,1.999,2.004,2.004,1.982,1.994,-0.005,-0.2501,765573.07,152751.795,2.004,2.004,1.982,1.994
20140414,510180.SH,1.994,1.994,1.998,1.978,1.991,-0.003,-0.1505,545787.5,108388.143,1.994,1.998,1.978,1.991
20140415,510180.SH,1.991,1.984,1.984,1.948,1.954,-0.037,-1.8584,562022.13,110395.843,1.984,1.984,1.948,1.954
20140416,510180.SH,1.954,1.95,1.968,1.942,1.955,0.001,0.0512,536796.32,105041.544,1.95,1.968,1.942,1.955
20140417,510180.SH,1.955,1.958,1.964,1.943,1.948,-0.007,-0.3581,572782.06,111792.114,1.958,1.964,1.943,1.948
20140418,510180.SH,1.948,1.942,1.951,1.925,1.945,-0.003,-0.154,590710.54,114500.53,1.942,1.951,1.925,1.945
20140421,510180.SH,1.945,1.934,1.955,1.911,1.912,-0.033,-1.6967,444782.62,86167.491,1.934,1.955,1.911,1.912
20140422,510180.SH,1.912,1.911,1.925,1.897,1.923,0.011,0.5753,535811.95,102463.879,1.911,1.925,1.897,1.923
20140423,510180.SH,1.923,1.921,1.927,1.912,1.918,-0.005,-0.26,389212.07,74706.638,1.921,1.927,1.912,1.918
20140424,510180.SH,1.918,1.916,1.936,1.915,1.918,0.0,0.0,248928.66,47875.852,1.916,1.936,1.915,1.918
20140425,510180.SH,1.918,1.922,1.928,1.902,1.902,-0.016,-0.8342,371694.3,71188.971,1.922,1.928,1.902,1.902
20140428,510180.SH,1.902,1.9,1.902,1.871,1.871,-0.031,-1.6299,623099.42,117258.606,1.9,1.902,1.871,1.871
20140429,510180.SH,1.871,1.87,1.893,1.869,1.888,0.017,0.9086,469018.69,88041.358,1.87,1.893,1.869,1.888
20140430,510180.SH,1.888,1.889,1.895,1.884,1.889,0.001,0.053,467620.21,88359.569,1.889,1.895,1.884,1.889
20140505,510180.SH,1.889,1.887,1.898,1.865,1.888,-0.001,-0.0529,494386.75,92700.093,1.887,1.898,1.865,1.888
20140506,510180.SH,1.888,1.887,1.905,1.877,1.887,-0.001,-0.053,503425.91,95035.859,1.887,1.905,1.877,1.887
20140507,510180.SH,1.887,1.881,1.884,1.87,1.871,-0.016,-0.8479,301250.5,56564.939,1.881,1.884,1.87,1.871
20140508,510180.SH,1.871,1.87,1.904,1.868,1.873,0.002,0.1069,582251.87,109674.922,1.87,1.904,1.868,1.873
20140509,510180.SH,1.873,1.874,1.879,1.865,1.87,-0.003,-0.1602,446378.2,83596.246,1.874,1.879,1.865,1.87
20140512,510180.SH,1.87,1.887,1.915,1.877,1.91,0.04,2.139,826908.69,157181.927,1.887,1.915,1.877,1.91
20140513,510180.SH,1.91,1.912,1.913,1.9,1.903,-0.007,-0.3665,396648.28,75730.074,1.912,1.913,1.9,1.903
20140514,510180.SH,1.903,1.903,1.915,1.901,1.905,0.002,0.1051,299178.72,57050.036,1.903,1.915,1.901,1.905
20140515,510180.SH,1.905,1.905,1.905,1.883,1.885,-0.02,-1.0499,412466.33,78203.135,1.905,1.905,1.883,1.885
20140516,510180.SH,1.885,1.883,1.89,1.874,1.88,-0.005,-0.2653,346453.71,65210.54,1.883,1.89,1.874,1.88
20140519,510180.SH,1.88,1.879,1.88,1.848,1.854,-0.026,-1.383,517879.7,96433.842,1.879,1.88,1.848,1.854
20140520,510180.SH,1.854,1.861,1.866,1.851,1.855,0.001,0.0539,269524.3,50091.004,1.861,1.866,1.851,1.855
20140521,510180.SH,1.855,1.855,1.875,1.839,1.871,0.016,0.8625,721268.94,134087.039,1.855,1.875,1.839,1.871
20140522,510180.SH,1.871,1.87,1.897,1.866,1.868,-0.003,-0.1603,607623.27,114162.297,1.87,1.897,1.866,1.868
20140523,510180.SH,1.868,1.868,1.888,1.867,1.887,0.019,1.0171,443334.36,83054.295,1.868,1.888,1.867,1.887
20140526,510180.SH,1.887,1.891,1.905,1.882,1.891,0.004,0.212,409886.61,77489.476,1.891,1.905,1.882,1.891
20140527,510180.SH,1.891,1.89,1.895,1.883,1.884,-0.007,-0.3702,327452.43,61841.771,1.89,1.895,1.883,1.884
20140528,510180.SH,1.884,1.885,1.902,1.876,1.902,0.018,0.9554,468246.64,88422.265,1.885,1.902,1.876,1.902
20140529,510180.SH,1.902,1.902,1.906,1.89,1.89,-0.012,-0.6309,398812.44,75744.998,1.902,1.906,1.89,1.89
20140530,510180.SH,1.89,1.89,1.897,1.88,1.885,-0.005,-0.2646,276993.66,52325.901,1.89,1.897,1.88,1.885
20140603,510180.SH,1.885,1.888,1.896,1.88,1.88,-0.005,-0.2653,228163.5,43128.882,1.888,1.896,1.88,1.88
20140604,510180.SH,1.88,1.881,1.881,1.858,1.863,-0.017,-0.9043,250229.51,46659.666,1.881,1.881,1.858,1.863
20140605,510180.SH,1.863,1.861,1.888,1.861,1.887,0.024,1.2882,429434.16,80408.893,1.861,1.888,1.861,1.887
20140606,510180.SH,1.887,1.885,1.887,1.86,1.87,-0.017,-0.9009,675102.36,126542.251,1.885,1.887,1.86,1.87
20140609,510180.SH,1.87,1.865,1.891,1.863,1.871,0.001,0.0535,659745.5,123873.489,1.865,1.891,1.863,1.871
20140610,510180.SH,1.871,1.877,1.894,1.87,1.892,0.021,1.1224,715464.86,134800.391,1.877,1.894,1.87,1.892
20140611,510180.SH,1.892,1.89,1.893,1.883,1.889,-0.003,-0.1586,616200.31,116440.351,1.89,1.893,1.883,1.889
20140612,510180.SH,1.889,1.888,1.894,1.884,1.888,-0.001,-0.0529,465496.2,87931.282,1.888,1.894,1.884,1.888
20140613,510180.SH,1.888,1.888,1.915,1.885,1.908,0.02,1.0593,345998.96,65781.508,1.888,1.915,1.885,1.908
20140616,510180.SH,1.908,1.907,1.929,1.906,1.922,0.014,0.7338,942508.59,181157.125,1.907,1.929,1.906,1.922
20140617,510180.SH,1.922,1.92,1.92,1.907,1.909,-0.013,-0.6764,1723341.33,329317.38,1.92,1.92,1.907,1.909
20140618,510180.SH,1.909,1.908,1.911,1.899,1.899,-0.01,-0.5238,901206.5,171650.632,1.908,1.911,1.899,1.899
20140619,510180.SH,1.899,1.899,1.903,1.867,1.874,-0.025,-1.3165,829026.93,156506.571,1.899,1.903,1.867,1.874
20140620,510180.SH,1.874,1.875,1.883,1.871,1.882,0.008,0.4269,1389552.71,261013.53,1.875,1.883,1.871,1.882
20140623,510180.SH,1.882,1.882,1.892,1.876,1.879,-0.003,-0.1594,890282.74,167719.72,1.882,1.892,1.876,1.879
20140624,510180.SH,1.879,1.879,1.893,1.878,1.891,0.012,0.6386,560511.85,105619.246,1.879,1.893,1.878,1.891
20140625,510180.SH,1.891,1.891,1.891,1.878,1.886,-0.005,-0.2644,246344.26,46361.798,1.891,1.891,1.878,1.886
20140626,510180.SH,1.886,1.886,1.897,1.886,1.896,0.01,0.5302,523573.23,99139.949,1.886,1.897,1.886,1.896
20140627,510180.SH,1.896,1.894,1.905,1.888,1.897,0.001,0.0527,403461.1,76360.253,1.894,1.905,1.888,1.897
20140630,510180.SH,1.897,1.897,1.915,1.897,1.913,0.016,0.8434,564269.72,107763.408,1.897,1.915,1.897,1.913
20140701,510180.SH,1.913,1.915,1.918,1.903,1.909,-0.004,-0.2091,316693.42,60493.781,1.915,1.918,1.903,1.909
20140702,510180.SH,1.909,1.91,1.917,1.904,1.916,0.007,0.3667,470340.75,89946.294,1.91,1.917,1.904,1.916
20140703,510180.SH,1.916,1.916,1.93,1.913,1.925,0.009,0.4697,435755.74,83802.191,1.916,1.93,1.913,1.925
20140704,510180.SH,1.925,1.924,1.93,1.923,1.929,0.004,0.2078,690507.05,133067.998,1.924,1.93,1.923,1.929
20140707,510180.SH,1.929,1.923,1.933,1.922,1.928,-0.001,-0.0518,225395.78,43438.924,1.923,1.933,1.922,1.928
20140708,510180.SH,1.928,1.924,1.929,1.916,1.928,0.0,0.0,270326.42,51980.725,1.924,1.929,1.916,1.928
20140709,510180.SH,1.928,1.928,1.929,1.904,1.905,-0.023,-1.1929,339993.66,65226.141,1.928,1.929,1.904,1.905
20140710,510180.SH,1.905,1.906,1.909,1.9,1.902,-0.003,-0.1575,472644.5,90064.989,1.906,1.909,1.9,1.902
20140711,510180.SH,1.902,1.902,1.919,1.902,1.914,0.012,0.6309,420157.58,80363.812,1.902,1.919,1.902,1.914
20140714,510180.SH,1.914,1.916,1.935,1.913,1.935,0.021,1.0972,350062.59,67377.762,1.916,1.935,1.913,1.935
20140715,510180.SH,1.935,1.935,1.94,1.932,1.937,0.002,0.1034,603921.93,116985.0,1.935,1.94,1.932,1.937
20140716,510180.SH,1.937,1.937,1.946,1.934,1.936,-0.001,-0.0516,551242.02,106903.597,1.937,1.946,1.934,1.936
20140717,510180.SH,1.936,1.934,1.934,1.92,1.928,-0.008,-0.4132,576030.31,110997.529,1.934,1.934,1.92,1.928
20140718,510180.SH,1.928,1.923,1.945,1.923,1.936,0.008,0.4149,389192.47,75361.182,1.923,1.945,1.923,1.936
20140721,510180.SH,1.936,1.936,1.94,1.931,1.936,0.0,0.0,160636.78,31100.335,1.936,1.94,1.931,1.936
20140722,510180.SH,1.936,1.935,1.966,1.932,1.958,0.022,1.1364,1326020.85,259312.543,1.935,1.966,1.932,1.958
20140723,510180.SH,1.958,1.958,1.979,1.955,1.966,0.008,0.4086,1335320.85,263007.017,1.958,1.979,1.955,1.966
20140724,510180.SH,1.966,1.967,2.008,1.967,2.006,0.04,2.0346,1509289.81,300662.538,1.967,2.008,1.967,2.006
20140725,510180.SH,2.006,2.011,2.031,2.008,2.029,0.023,1.1466,695261.06,140301.951,2.011,2.031,2.008,2.029
20140728,510180.SH,2.029,2.038,2.095,2.038,2.087,0.058,2.8586,1994043.5,415226.901,2.038,2.095,2.038,2.087
20140729,510180.SH,2.087,2.09,2.106,2.08,2.095,0.008,0.3833,1071267.59,224076.437,2.09,2.106,2.08,2.095
20140730,510180.SH,2.095,2.095,2.105,2.086,2.087,-0.008,-0.3819,3352821.09,702552.165,2.095,2.105,2.086,2.087
20140731,510180.SH,2.087,2.087,2.12,2.085,2.116,0.029,1.3896,1108600.97,232246.837,2.087,2.12,2.085,2.116
20140801,510180.SH,2.116,2.109,2.135,2.091,2.092,-0.024,-1.1342,1797226.38,379713.123,2.109,2.135,2.091,2.092
20140804,510180.SH,2.092,2.102,2.14,2.099,2.139,0.047,2.2467,845350.67,179278.511,2.102,2.14,2.099,2.139
20140805,510180.SH,2.139,2.14,2.142,2.118,2.132,-0.007,-0.3273,1795889.94,382786.78,2.14,2.142,2.118,2.132
20140806,510180.SH,2.132,2.118,2.129,2.097,2.118,-0.014,-0.6567,681388.28,143860.443,2.118,2.129,2.097,2.118
20140807,510180.SH,2.118,2.12,2.127,2.082,2.084,-0.034,-1.6053,1124323.57,236060.369,2.12,2.127,2.082,2.084
20140808,510180.SH,2.084,2.086,2.099,2.082,2.093,0.009,0.4319,1366362.3,285904.531,2.086,2.099,2.082,2.093
20140811,510180.SH,2.093,2.098,2.126,2.097,2.121,0.028,1.3378,761970.7,161211.765,2.098,2.126,2.097,2.121
20140812,510180.SH,2.121,2.12,2.12,2.104,2.114,-0.007,-0.33,928714.75,196005.582,2.12,2.12,2.104,2.114
20140813,510180.SH,2.114,2.114,2.128,2.098,2.118,0.004,0.1892,663400.14,140080.392,2.114,2.128,2.098,2.118
20140814,510180.SH,2.118,2.119,2.124,2.096,2.098,-0.02,-0.9443,535131.59,113075.71,2.119,2.124,2.096,2.098
20140815,510180.SH,2.098,2.097,2.127,2.097,2.123,0.025,1.1916,912559.63,192620.364,2.097,2.127,2.097,2.123
20140818,510180.SH,2.123,2.123,2.135,2.118,2.129,0.006,0.2826,624410.72,132733.202,2.123,2.135,2.118,2.129
20140819,510180.SH,2.129,2.13,2.134,2.113,2.126,-0.003,-0.1409,767616.56,163127.971,2.13,2.134,2.113,2.126
20140820,510180.SH,2.126,2.125,2.127,2.11,2.119,-0.007,-0.3293,431685.75,91459.077,2.125,2.127,2.11,2.119
20140821,510180.SH,2.119,2.113,2.119,2.093,2.105,-0.014,-0.6607,649952.25,136753.361,2.113,2.119,2.093,2.105
20140822,510180.SH,2.105,2.104,2.119,2.104,2.116,0.011,0.5226,324739.9,68552.652,2.104,2.119,2.104,2.116
20140825,510180.SH,2.116,2.116,2.117,2.094,2.098,-0.018,-0.8507,378780.83,79647.699,2.116,2.117,2.094,2.098
20140826,510180.SH,2.098,2.095,2.102,2.075,2.081,-0.017,-0.8103,1125116.33,235135.621,2.095,2.102,2.075,2.081
20140827,510180.SH,2.081,2.081,2.09,2.08,2.082,0.001,0.0481,616907.39,128611.886,2.081,2.09,2.08,2.082
20140828,510180.SH,2.082,2.083,2.091,2.074,2.076,-0.006,-0.2882,625916.5,130381.837,2.083,2.091,2.074,2.076
20140829,510180.SH,2.076,2.075,2.095,2.075,2.095,0.019,0.9152,587560.15,122351.439,2.075,2.095,2.075,2.095
20140901,510180.SH,2.095,2.095,2.106,2.093,2.104,0.009,0.4296,1241875.13,260774.662,2.095,2.106,2.093,2.104
20140902,510180.SH,2.104,2.108,2.141,2.1,2.135,0.031,1.4734,1220578.33,258329.676,2.108,2.141,2.1,2.135
20140903,510180.SH,2.135,2.137,2.163,2.137,2.153,0.018,0.8431,1515673.23,326297.896,2.137,2.163,2.137,2.153
20140904,510180.SH,2.153,2.158,2.179,2.155,2.177,0.024,1.1147,847330.23,183270.783,2.158,2.179,2.155,2.177
20140905,510180.SH,2.177,2.181,2.204,2.181,2.2,0.023,1.0565,1086424.17,237791.897,2.181,2.204,2.181,2.2
20140909,510180.SH,2.2,2.201,2.204,2.187,2.192,-0.008,-0.3636,755277.45,165714.993,2.201,2.204,2.187,2.192
20140910,510180.SH,2.192,2.179,2.18,2.167,2.176,-0.016,-0.7299,1086246.74,236123.569,2.179,2.18,2.167,2.176
20140911,510180.SH,2.176,2.176,2.206,2.161,2.169,-0.007,-0.3217,1957418.37,426461.126,2.176,2.206,2.161,2.169
20140912,510180.SH,2.169,2.165,2.185,2.161,2.183,0.014,0.6455,2020894.53,438643.073,2.165,2.185,2.161,2.183
20140915,510180.SH,2.183,2.175,2.182,2.166,2.18,-0.003,-0.1374,1263562.03,274849.727,2.175,2.182,2.166,2.18
20140916,510180.SH,2.18,2.193,2.195,2.143,2.145,-0.035,-1.6055,2615387.0,568106.094,2.193,2.195,2.143,2.145
20140917,510180.SH,2.145,2.15,2.157,2.135,2.153,0.008,0.373,3864458.14,829543.319,2.15,2.157,2.135,2.153
20140918,510180.SH,2.102,2.1,2.115,2.09,2.105,0.003,0.1427,1787114.29,375513.514,2.1,2.115,2.09,2.105
20140919,510180.SH,2.105,2.106,2.129,2.102,2.123,0.018,0.8551,1131052.19,239192.85,2.106,2.129,2.102,2.123
20140922,510180.SH,2.123,2.117,2.117,2.074,2.078,-0.045,-2.1196,1107003.71,231913.344,2.117,2.117,2.074,2.078
20140923,510180.SH,2.078,2.078,2.102,2.078,2.097,0.019,0.9143,935603.54,195518.355,2.078,2.102,2.078,2.097
20140924,510180.SH,2.097,2.091,2.143,2.084,2.139,0.042,2.0029,3282355.95,693445.487,2.091,2.143,2.084,2.139
20140925,510180.SH,2.139,2.146,2.155,2.12,2.13,-0.009,-0.4208,1777373.59,380126.138,2.146,2.155,2.12,2.13
20140926,510180.SH,2.13,2.12,2.133,2.115,2.13,0.0,0.0,827361.69,175665.391,2.12,2.133,2.115,2.13
20140929,510180.SH,2.13,2.127,2.142,2.125,2.138,0.008,0.3756,1334977.9,284947.8,2.127,2.142,2.125,2.138
20140930,510180.SH,2.138,2.138,2.143,2.13,2.14,0.002,0.0935,559898.24,119663.362,2.138,2.143,2.13,2.14
20141008,510180.SH,2.14,2.144,2.161,2.135,2.16,0.02,0.9346,1259022.8,270077.89,2.144,2.161,2.135,2.16
20141009,510180.SH,2.16,2.163,2.17,2.15,2.162,0.002,0.0926,504549.73,109057.695,2.163,2.17,2.15,2.162
20141010,510180.SH,2.162,2.15,2.16,2.141,2.145,-0.017,-0.7863,407142.84,87564.884,2.15,2.16,2.141,2.145
20141013,510180.SH,2.145,2.139,2.139,2.113,2.134,-0.011,-0.5128,472313.2,100309.161,2.139,2.139,2.113,2.134
20141014,510180.SH,2.134,2.131,2.146,2.119,2.126,-0.008,-0.3749,585475.79,124977.401,2.131,2.146,2.119,2.126
20141015,510180.SH,2.126,2.125,2.142,2.111,2.141,0.015,0.7056,702529.14,149781.797,2.125,2.142,2.111,2.141
20141016,510180.SH,2.141,2.13,2.159,2.122,2.129,-0.012,-0.5605,712080.09,152499.603,2.13,2.159,2.122,2.129
20141017,510180.SH,2.129,2.129,2.137,2.104,2.129,0.0,0.0,992380.21,210460.389,2.129,2.137,2.104,2.129
20141020,510180.SH,2.129,2.132,2.138,2.124,2.135,0.006,0.2818,832880.13,177639.77,2.132,2.138,2.124,2.135
20141021,510180.SH,2.135,2.134,2.14,2.118,2.12,-0.015,-0.7026,635368.48,135374.439,2.134,2.14,2.118,2.12
20141022,510180.SH,2.12,2.12,2.133,2.11,2.11,-0.01,-0.4717,755682.01,160165.407,2.12,2.133,2.11,2.11
20141023,510180.SH,2.11,2.109,2.115,2.092,2.093,-0.017,-0.8057,747642.73,157340.908,2.109,2.115,2.092,2.093
20141024,510180.SH,2.093,2.093,2.1,2.087,2.091,-0.002,-0.0956,780270.32,163445.73,2.093,2.1,2.087,2.091
20141027,510180.SH,2.091,2.083,2.083,2.06,2.066,-0.025,-1.1956,1568411.88,324196.784,2.083,2.083,2.06,2.066
20141028,510180.SH,2.066,2.069,2.109,2.069,2.108,0.042,2.0329,1474671.23,307422.725,2.069,2.109,2.069,2.108
20141029,510180.SH,2.108,2.115,2.149,2.108,2.138,0.03,1.4231,2986258.55,635752.413,2.115,2.149,2.108,2.138
20141030,510180.SH,2.138,2.135,2.158,2.133,2.152,0.014,0.6548,1585686.93,339770.278,2.135,2.158,2.133,2.152
20141031,510180.SH,2.152,2.157,2.2,2.156,2.195,0.043,1.9981,2333376.43,508129.417,2.157,2.2,2.156,2.195
20141103,510180.SH,2.195,2.198,2.204,2.185,2.189,-0.006,-0.2733,2201784.92,483687.394,2.198,2.204,2.185,2.189
20141104,510180.SH,2.189,2.188,2.194,2.181,2.192,0.003,0.137,1335926.19,292316.44,2.188,2.194,2.181,2.192
20141105,510180.SH,2.192,2.192,2.197,2.177,2.182,-0.01,-0.4562,1051216.44,229670.574,2.192,2.197,2.177,2.182
20141106,510180.SH,2.182,2.183,2.19,2.162,2.185,0.003,0.1375,1599250.86,348613.93,2.183,2.19,2.162,2.185
20141107,510180.SH,2.185,2.184,2.217,2.171,2.18,-0.005,-0.2288,1980921.8,434737.658,2.184,2.217,2.171,2.18
20141110,510180.SH,2.18,2.205,2.242,2.197,2.242,0.062,2.844,1201185.55,266414.419,2.205,2.242,2.197,2.242
20141111,510180.SH,2.242,2.255,2.283,2.223,2.244,0.002,0.0892,3473220.72,783407.995,2.255,2.283,2.223,2.244
20141112,510180.SH,2.244,2.234,2.279,2.232,2.278,0.034,1.5152,2443183.77,550160.797,2.234,2.279,2.232,2.278
20141113,510180.SH,2.278,2.28,2.296,2.265,2.274,-0.004,-0.1756,3397741.9,774678.611,2.28,2.296,2.265,2.274
20141114,510180.SH,2.274,2.269,2.275,2.251,2.275,0.001,0.044,3025919.28,684406.605,2.269,2.275,2.251,2.275
20141117,510180.SH,2.275,2.307,2.315,2.254,2.256,-0.019,-0.8352,2348223.87,534785.268,2.307,2.315,2.254,2.256
20141118,510180.SH,2.256,2.256,2.258,2.225,2.233,-0.023,-1.0195,1782854.38,398836.982,2.256,2.258,2.225,2.233
20141119,510180.SH,2.233,2.231,2.234,2.218,2.222,-0.011,-0.4926,2109988.66,469726.439,2.231,2.234,2.218,2.222
20141120,510180.SH,2.222,2.217,2.234,2.211,2.228,0.006,0.27,1122326.54,249424.785,2.217,2.234,2.211,2.228
20141121,510180.SH,2.228,2.227,2.278,2.219,2.275,0.047,2.1095,2279364.21,511540.622,2.227,2.278,2.219,2.275
20141124,510180.SH,2.275,2.297,2.355,2.287,2.331,0.056,2.4615,3772367.39,873516.137,2.297,2.355,2.287,2.331
20141125,510180.SH,2.331,2.331,2.36,2.322,2.353,0.022,0.9438,5343131.2,1252460.199,2.331,2.36,2.322,2.353
20141126,510180.SH,2.353,2.366,2.398,2.366,2.397,0.044,1.87,3173884.08,756564.655,2.366,2.398,2.366,2.397
20141127,510180.SH,2.397,2.413,2.436,2.402,2.433,0.036,1.5019,3305588.05,798800.22,2.413,2.436,2.402,2.433
20141128,510180.SH,2.433,2.427,2.499,2.42,2.491,0.058,2.3839,4330048.95,1063194.756,2.427,2.499,2.42,2.491
20141201,510180.SH,2.491,2.506,2.531,2.488,2.492,0.001,0.0401,4396547.12,1104468.561,2.506,2.531,2.488,2.492
20141202,510180.SH,2.492,2.48,2.622,2.476,2.599,0.107,4.2937,6770529.41,1725312.057,2.48,2.622,2.476,2.599
20141203,510180.SH,2.599,2.609,2.69,2.585,2.627,0.028,1.0773,6359683.71,1686670.569,2.609,2.69,2.585,2.627
20141204,510180.SH,2.627,2.636,2.766,2.627,2.761,0.134,5.1009,8544325.78,2316384.155,2.636,2.766,2.627,2.761
20141205,510180.SH,2.761,2.803,2.855,2.691,2.797,0.036,1.3039,9130943.89,2551319.185,2.803,2.855,2.691,2.797
20141208,510180.SH,2.797,2.738,2.957,2.738,2.939,0.142,5.0769,5312719.81,1519511.145,2.738,2.957,2.738,2.939
20141209,510180.SH,2.939,2.915,3.045,2.666,2.773,-0.166,-5.6482,5158624.17,1510297.08,2.915,3.045,2.666,2.773
20141210,510180.SH,2.773,2.776,2.875,2.715,2.863,0.09,3.2456,4929864.78,1377954.14,2.776,2.875,2.715,2.863
20141211,510180.SH,2.863,2.83,2.888,2.799,2.816,-0.047,-1.6416,2965113.18,844345.018,2.83,2.888,2.799,2.816
20141212,510180.SH,2.816,2.822,2.873,2.8,2.825,0.009,0.3196,1818245.51,515949.6,2.822,2.873,2.8,2.825
20141215,510180.SH,2.825,2.825,2.86,2.775,2.847,0.022,0.7788,1996965.33,560996.177,2.825,2.86,2.775,2.847
20141216,510180.SH,2.847,2.847,2.947,2.834,2.946,0.099,3.4773,3321785.35,958227.622,2.847,2.947,2.834,2.946
20141217,510180.SH,2.946,2.97,3.02,2.922,3.016,0.07,2.3761,3116926.95,927206.555,2.97,3.02,2.922,3.016
20141218,510180.SH,3.016,3.01,3.05,2.971,3.0,-0.016,-0.5305,2977752.86,897478.932,3.01,3.05,2.971,3.0
20141219,510180.SH,3.0,3.0,3.069,2.946,3.052,0.052,1.7333,3339474.37,1004549.316,3.0,3.069,2.946,3.052
20141222,510180.SH,3.052,3.054,3.13,3.02,3.061,0.009,0.2949,3012569.66,928765.687,3.054,3.13,3.02,3.061
20141223,510180.SH,3.061,3.043,3.1,2.978,2.986,-0.075,-2.4502,3207235.93,975047.566,3.043,3.1,2.978,2.986
20141224,510180.SH,2.986,2.993,3.003,2.85,2.89,-0.096,-3.215,2576430.76,751587.11,2.993,3.003,2.85,2.89
20141225,510180.SH,2.89,2.921,3.004,2.892,3.003,0.113,3.91,3688660.8,1088794.862,2.921,3.004,2.892,3.003
20141226,510180.SH,3.003,3.005,3.132,3.001,3.125,0.122,4.0626,4690102.91,1436955.339,3.005,3.132,3.001,3.125
20141229,510180.SH,3.125,3.188,3.199,3.071,3.125,0.0,0.0,4542786.6,1433601.868,3.188,3.199,3.071,3.125
20141230,510180.SH,3.125,3.118,3.171,3.093,3.132,0.007,0.224,7029416.43,2201090.066,3.118,3.171,3.093,3.132
20141231,510180.SH,3.132,3.136,3.217,3.121,3.213,0.081,2.5862,2829342.02,897007.321,3.136,3.217,3.121,3.213
20150105,510180.SH,3.213,3.239,3.343,3.22,3.298,0.085,2.6455,3836592.6,1253037.418,3.239,3.343,3.22,3.298
20150106,510180.SH,3.298,3.268,3.324,3.233,3.274,-0.024,-0.7277,3800378.77,1246990.072,3.268,3.324,3.233,3.274
20150107,510180.SH,3.274,3.262,3.314,3.242,3.28,0.006,0.1833,3579271.69,1174334.097,3.262,3.314,3.242,3.28
20150108,510180.SH,3.28,3.289,3.304,3.186,3.197,-0.083,-2.5305,2584382.13,832701.959,3.289,3.304,3.186,3.197
20150109,510180.SH,3.197,3.196,3.34,3.18,3.198,0.001,0.0313,7353855.05,2379082.415,3.196,3.34,3.18,3.198
20150112,510180.SH,3.198,3.187,3.212,3.115,3.167,-0.031,-0.9694,3229661.71,1022998.903,3.187,3.212,3.115,3.167
20150113,510180.SH,3.167,3.155,3.194,3.131,3.152,-0.015,-0.4736,2843518.84,899839.731,3.155,3.194,3.131,3.152
20150114,510180.SH,3.152,3.162,3.192,3.12,3.153,0.001,0.0317,3062487.61,968862.023,3.162,3.192,3.12,3.153
20150115,510180.SH,3.153,3.154,3.263,3.131,3.26,0.107,3.3936,3988335.64,1272786.209,3.154,3.263,3.131,3.26
20150116,510180.SH,3.26,3.272,3.32,3.261,3.292,0.032,0.9816,4631284.96,1524784.717,3.272,3.32,3.261,3.292
20150119,510180.SH,3.292,3.095,3.14,2.963,2.963,-0.329,-9.9939,2320494.74,709304.626,3.095,3.14,2.963,2.963
20150120,510180.SH,2.963,2.989,3.07,2.97,3.036,0.073,2.4637,4714651.36,1428635.311,2.989,3.07,2.97,3.036
20150121,510180.SH,3.036,3.06,3.213,3.047,3.193,0.157,5.1713,3591974.84,1121945.917,3.06,3.213,3.047,3.193
20150122,510180.SH,3.193,3.198,3.227,3.151,3.199,0.006,0.1879,2465059.99,786674.563,3.198,3.227,3.151,3.199
20150123,510180.SH,3.199,3.22,3.269,3.19,3.214,0.015,0.4689,3232092.19,1042251.803,3.22,3.269,3.19,3.214
20150126,510180.SH,3.214,3.226,3.238,3.183,3.233,0.019,0.5912,3596044.53,1155668.542,3.226,3.238,3.183,3.233
20150127,510180.SH,3.233,3.24,3.243,3.135,3.194,-0.039,-1.2063,5721551.55,1825601.227,3.24,3.243,3.135,3.194
20150128,510180.SH,3.194,3.165,3.207,3.14,3.152,-0.042,-1.315,3666426.55,1162212.971,3.165,3.207,3.14,3.152
20150129,510180.SH,3.152,3.102,3.128,3.08,3.107,-0.045,-1.4277,2296689.16,714367.077,3.102,3.128,3.08,3.107
20150130,510180.SH,3.107,3.122,3.142,3.053,3.061,-0.046,-1.4805,2708617.56,835555.353,3.122,3.142,3.053,3.061
20150202,510180.SH,3.061,2.998,3.032,2.972,2.982,-0.079,-2.5809,1770942.49,531034.539,2.998,3.032,2.972,2.982
20150203,510180.SH,2.982,3.018,3.071,2.985,3.058,0.076,2.5486,2230203.47,674284.192,3.018,3.071,2.985,3.058
20150204,510180.SH,3.058,3.067,3.104,3.021,3.026,-0.032,-1.0464,2794370.48,856682.909,3.067,3.104,3.021,3.026
20150205,510180.SH,3.026,3.12,3.13,2.989,2.991,-0.035,-1.1566,3667278.75,1121705.926,3.12,3.13,2.989,2.991
20150206,510180.SH,2.991,2.985,3.005,2.923,2.952,-0.039,-1.3039,2263670.89,674385.108,2.985,3.005,2.923,2.952
20150209,510180.SH,2.952,2.948,3.028,2.942,2.991,0.039,1.3211,3966184.63,1182022.705,2.948,3.028,2.942,2.991
20150210,510180.SH,2.991,2.992,3.043,2.987,3.041,0.05,1.6717,2855106.28,862759.601,2.992,3.043,2.987,3.041
20150211,510180.SH,3.041,3.046,3.07,3.042,3.06,0.019,0.6248,1653457.13,504790.818,3.046,3.07,3.042,3.06
20150212,510180.SH,3.06,3.058,3.078,3.031,3.069,0.009,0.2941,1230329.67,375894.69,3.058,3.078,3.031,3.069
20150213,510180.SH,3.069,3.079,3.131,3.073,3.088,0.019,0.6191,1799275.43,557336.801,3.079,3.131,3.073,3.088
20150216,510180.SH,3.088,3.089,3.114,3.082,3.106,0.018,0.5829,2642529.54,818079.508,3.089,3.114,3.082,3.106
20150217,510180.SH,3.106,3.115,3.144,3.115,3.126,0.02,0.6439,2496770.29,781934.007,3.115,3.144,3.115,3.126
20150225,510180.SH,3.126,3.13,3.133,3.067,3.082,-0.044,-1.4075,2723620.98,844495.881,3.13,3.133,3.067,3.082
20150226,510180.SH,3.082,3.082,3.182,3.061,3.179,0.097,3.1473,2074774.21,648391.709,3.082,3.182,3.061,3.179
20150227,510180.SH,3.179,3.182,3.192,3.155,3.171,-0.008,-0.2517,2079601.53,660430.452,3.182,3.192,3.155,3.171
20150302,510180.SH,3.171,3.193,3.197,3.16,3.185,0.014,0.4415,2596106.29,825532.959,3.193,3.197,3.16,3.185
20150303,510180.SH,3.185,3.175,3.175,3.094,3.1,-0.085,-2.6688,2719252.0,850371.832,3.175,3.175,3.094,3.1
20150304,510180.SH,3.1,3.106,3.127,3.082,3.112,0.012,0.3871,2988958.67,928458.439,3.106,3.127,3.082,3.112
20150305,510180.SH,3.112,3.094,3.096,3.046,3.079,-0.033,-1.0604,2778018.4,854052.431,3.094,3.096,3.046,3.079
20150306,510180.SH,3.079,3.079,3.102,3.066,3.074,-0.005,-0.1624,3070602.36,946556.023,3.079,3.102,3.066,3.074
20150309,510180.SH,3.074,3.041,3.148,3.014,3.133,0.059,1.9193,3141977.3,963042.1,3.041,3.148,3.014,3.133
20150310,510180.SH,3.133,3.128,3.137,3.096,3.107,-0.026,-0.8299,1849022.1,575855.294,3.128,3.137,3.096,3.107
20150311,510180.SH,3.107,3.109,3.164,3.101,3.116,0.009,0.2897,2857710.32,895323.14,3.109,3.164,3.101,3.116
20150312,510180.SH,3.116,3.142,3.207,3.127,3.189,0.073,2.3427,2524923.99,798289.11,3.142,3.207,3.127,3.189
20150313,510180.SH,3.189,3.197,3.238,3.182,3.207,0.018,0.5644,3943474.93,1265600.518,3.197,3.238,3.182,3.207
20150316,510180.SH,3.207,3.227,3.283,3.201,3.281,0.074,2.3075,3481111.24,1133244.9,3.227,3.283,3.201,3.281
20150317,510180.SH,3.281,3.31,3.335,3.292,3.326,0.045,1.3715,3712715.95,1229462.036,3.31,3.335,3.292,3.326
20150318,510180.SH,3.326,3.331,3.413,3.331,3.408,0.082,2.4654,3172267.06,1067482.889,3.331,3.413,3.331,3.408
20150319,510180.SH,3.408,3.396,3.415,3.375,3.396,-0.012,-0.3521,5608712.06,1905202.517,3.396,3.415,3.375,3.396
20150320,510180.SH,3.396,3.401,3.481,3.393,3.446,0.05,1.4723,4234369.22,1451696.81,3.401,3.481,3.393,3.446
20150323,510180.SH,3.446,3.478,3.524,3.478,3.52,0.074,2.1474,2156817.82,755685.068,3.478,3.524,3.478,3.52
20150324,510180.SH,3.52,3.523,3.534,3.44,3.506,-0.014,-0.3977,5610363.73,1963819.487,3.523,3.534,3.44,3.506
20150325,510180.SH,3.506,3.5,3.513,3.446,3.471,-0.035,-0.9983,3240507.04,1128410.683,3.5,3.513,3.446,3.471
20150326,510180.SH,3.471,3.459,3.529,3.431,3.489,0.018,0.5186,2815848.71,983087.317,3.459,3.529,3.431,3.489
20150327,510180.SH,3.489,3.497,3.53,3.473,3.505,0.016,0.4586,1771977.05,620626.288,3.497,3.53,3.473,3.505
20150330,510180.SH,3.505,3.539,3.647,3.528,3.63,0.125,3.5663,2927937.29,1046908.457,3.539,3.647,3.528,3.63
20150331,510180.SH,3.63,3.671,3.705,3.541,3.583,-0.047,-1.2948,2732491.2,992971.025,3.671,3.705,3.541,3.583
20150401,510180.SH,3.583,3.583,3.659,3.581,3.645,0.062,1.7304,1679275.78,607935.876,3.583,3.659,3.581,3.645
20150402,510180.SH,3.645,3.668,3.675,3.58,3.628,-0.017,-0.4664,1511098.49,547843.663,3.668,3.675,3.58,3.628
20150403,510180.SH,3.628,3.624,3.673,3.61,3.671,0.043,1.1852,1823882.99,663947.369,3.624,3.673,3.61,3.671
20150407,510180.SH,3.671,3.698,3.752,3.684,3.75,0.079,2.152,1339349.1,497255.652,3.698,3.752,3.684,3.75
20150408,510180.SH,3.75,3.757,3.808,3.72,3.798,0.048,1.28,2177993.48,820283.744,3.757,3.808,3.72,3.798
20150409,510180.SH,3.798,3.798,3.848,3.744,3.767,-0.031,-0.8162,1946209.8,736107.817,3.798,3.848,3.744,3.767
20150410,510180.SH,3.767,3.766,3.851,3.75,3.844,0.077,2.0441,4062737.51,1540705.805,3.766,3.851,3.75,3.844
20150413,510180.SH,3.844,3.88,3.936,3.87,3.923,0.079,2.0552,2499615.87,972347.343,3.88,3.936,3.87,3.923
20150414,510180.SH,3.923,3.923,3.962,3.885,3.933,0.01,0.2549,5264452.82,2058938.089,3.923,3.962,3.885,3.933
20150415,510180.SH,3.933,3.93,3.993,3.902,3.914,-0.019,-0.4831,3265361.99,1289440.471,3.93,3.993,3.902,3.914
20150416,510180.SH,3.914,3.884,4.046,3.865,4.046,0.132,3.3725,3403577.73,1352989.966,3.884,4.046,3.865,4.046
20150417,510180.SH,4.046,4.099,4.159,4.088,4.122,0.076,1.8784,12249424.89,5048041.566,4.099,4.159,4.088,4.122
20150420,510180.SH,4.122,4.15,4.19,4.012,4.041,-0.081,-1.9651,7579941.43,3116858.523,4.15,4.19,4.012,4.041
20150421,510180.SH,4.041,4.041,4.087,4.005,4.081,0.04,0.9899,3123436.15,1265406.046,4.041,4.087,4.005,4.081
20150422,510180.SH,4.081,4.113,4.22,4.102,4.214,0.133,3.259,19174086.48,8019971.505,4.113,4.22,4.102,4.214
20150423,510180.SH,4.214,4.229,4.239,4.16,4.199,-0.015,-0.356,5400010.66,2272130.372,4.229,4.239,4.16,4.199
20150424,510180.SH,4.199,4.158,4.192,4.088,4.177,-0.022,-0.5239,5408569.59,2241562.875,4.158,4.192,4.088,4.177
20150427,510180.SH,4.177,4.223,4.286,4.2,4.281,0.104,2.4898,4084654.06,1729527.131,4.223,4.286,4.2,4.281
20150428,510180.SH,4.281,4.28,4.33,4.192,4.228,-0.053,-1.238,2859691.23,1216529.966,4.28,4.33,4.192,4.228
20150429,510180.SH,4.228,4.228,4.274,4.183,4.249,0.021,0.4967,6308453.99,2671440.353,4.228,4.274,4.183,4.249
20150430,510180.SH,4.249,4.253,4.286,4.224,4.225,-0.024,-0.5648,3113407.43,1327551.096,4.253,4.286,4.224,4.225
20150504,510180.SH,4.225,4.229,4.265,4.174,4.259,0.034,0.8047,2597106.91,1097076.595,4.229,4.265,4.174,4.259
20150505,510180.SH,4.259,4.257,4.264,4.072,4.096,-0.163,-3.8272,4377823.47,1830131.864,4.257,4.264,4.072,4.096
20150506,510180.SH,4.096,4.096,4.188,4.018,4.054,-0.042,-1.0254,6152118.88,2538014.931,4.096,4.188,4.018,4.054
20150507,510180.SH,4.054,4.05,4.05,3.972,3.982,-0.072,-1.776,3287889.47,1318796.014,4.05,4.05,3.972,3.982
20150508,510180.SH,3.982,4.02,4.041,3.938,4.039,0.057,1.4314,8996717.38,3598931.809,4.02,4.041,3.938,4.039
20150511,510180.SH,4.039,4.062,4.152,4.011,4.143,0.104,2.5749,2729572.3,1113344.756,4.062,4.152,4.011,4.143
20150512,510180.SH,4.143,4.144,4.198,4.119,4.197,0.054,1.3034,1919525.21,797491.297,4.144,4.198,4.119,4.197
20150513,510180.SH,4.197,4.193,4.197,4.12,4.155,-0.042,-1.0007,913693.63,380516.423,4.193,4.197,4.12,4.155
20150514,510180.SH,4.155,4.155,4.156,4.107,4.132,-0.023,-0.5535,1647142.97,680588.164,4.155,4.156,4.107,4.132
20150515,510180.SH,4.132,4.126,4.126,4.042,4.062,-0.07,-1.6941,3498966.13,1428912.807,4.126,4.126,4.042,4.062
20150518,510180.SH,4.062,4.032,4.061,4.003,4.01,-0.052,-1.2802,1715729.76,692867.316,4.032,4.061,4.003,4.01
20150519,510180.SH,4.01,4.001,4.164,4.0,4.149,0.139,3.4663,3838108.73,1579492.319,4.001,4.164,4.0,4.149
20150520,510180.SH,4.149,4.17,4.247,4.141,4.165,0.016,0.3856,4270286.65,1783330.775,4.17,4.247,4.141,4.165
20150521,510180.SH,4.165,4.175,4.224,4.154,4.22,0.055,1.3205,3682841.43,1542333.793,4.175,4.224,4.154,4.22
20150522,510180.SH,4.22,4.255,4.345,4.24,4.338,0.118,2.7962,5730380.8,2463927.299,4.255,4.345,4.24,4.338
20150525,510180.SH,4.338,4.345,4.476,4.345,4.474,0.136,3.1351,3308243.84,1461128.175,4.345,4.476,4.345,4.474
20150526,510180.SH,4.474,4.506,4.541,4.431,4.529,0.055,1.2293,2784339.1,1254136.934,4.506,4.541,4.431,4.529
20150527,510180.SH,4.529,4.554,4.56,4.465,4.515,-0.014,-0.3091,2881319.78,1300062.462,4.554,4.56,4.465,4.515
20150528,510180.SH,4.515,4.5,4.53,4.17,4.213,-0.302,-6.6888,4080297.84,1795995.891,4.5,4.53,4.17,4.213
20150529,510180.SH,4.213,4.234,4.28,4.051,4.199,-0.014,-0.3323,3596997.25,1509920.381,4.234,4.28,4.051,4.199
20150601,510180.SH,4.199,4.205,4.42,4.169,4.408,0.209,4.9774,3590678.82,1555920.01,4.205,4.42,4.169,4.408
20150602,510180.SH,4.408,4.408,4.478,4.365,4.464,0.056,1.2704,3697781.2,1632647.586,4.408,4.478,4.365,4.464
20150603,510180.SH,4.464,4.468,4.485,4.35,4.447,-0.017,-0.3808,6514969.5,2883449.655,4.468,4.485,4.35,4.447
20150604,510180.SH,4.447,4.452,4.511,4.187,4.501,0.054,1.2143,8388500.53,3681662.223,4.452,4.511,4.187,4.501
20150605,510180.SH,4.501,4.56,4.6,4.448,4.541,0.04,0.8887,8429020.2,3811756.26,4.56,4.6,4.448,4.541
20150608,510180.SH,4.541,4.56,4.728,4.53,4.699,0.158,3.4794,2691708.88,1242890.414,4.56,4.728,4.53,4.699
20150609,510180.SH,4.699,4.715,4.72,4.59,4.642,-0.057,-1.213,2817159.35,1314425.641,4.715,4.72,4.59,4.642
20150610,510180.SH,4.642,4.603,4.682,4.501,4.618,-0.024,-0.517,3545967.7,1641512.606,4.603,4.682,4.501,4.618
20150611,510180.SH,4.618,4.62,4.641,4.567,4.603,-0.015,-0.3248,3608621.73,1659929.384,4.62,4.641,4.567,4.603
20150612,510180.SH,4.603,4.63,4.653,4.578,4.634,0.031,0.6735,4641798.32,2145906.704,4.63,4.653,4.578,4.634
20150615,510180.SH,4.634,4.653,4.666,4.525,4.535,-0.099,-2.1364,4617603.36,2126835.961,4.653,4.666,4.525,4.535
20150616,510180.SH,4.535,4.532,4.532,4.357,4.402,-0.133,-2.9327,7418569.75,3303111.719,4.532,4.532,4.357,4.402
20150617,510180.SH,4.402,4.405,4.476,4.32,4.459,0.057,1.2949,6373702.42,2800192.331,4.405,4.476,4.32,4.459
20150618,510180.SH,4.459,4.438,4.438,4.277,4.285,-0.174,-3.9022,4414227.61,1935174.033,4.438,4.438,4.277,4.285
20150619,510180.SH,4.285,4.25,4.262,4.001,4.007,-0.278,-6.4877,9779751.03,4078866.345,4.25,4.262,4.001,4.007
20150623,510180.SH,4.007,4.01,4.14,3.856,4.12,0.113,2.8201,2993527.57,1207959.8,4.01,4.14,3.856,4.12
20150624,510180.SH,4.12,4.158,4.225,4.08,4.219,0.099,2.4029,1805458.59,751909.703,4.158,4.225,4.08,4.219
20150625,510180.SH,4.219,4.256,4.262,4.041,4.068,-0.151,-3.579,2089100.14,880132.994,4.256,4.262,4.041,4.068
20150626,510180.SH,4.068,3.96,4.049,3.661,3.77,-0.298,-7.3255,2676583.77,1056214.154,3.96,4.049,3.661,3.77
20150629,510180.SH,3.77,3.879,3.883,3.401,3.652,-0.118,-3.13,13974773.48,5164754.785,3.879,3.883,3.401,3.652
20150630,510180.SH,3.652,3.642,3.94,3.505,3.922,0.27,7.3932,6274131.58,2325132.559,3.642,3.94,3.505,3.922
20150701,510180.SH,3.922,3.85,3.921,3.65,3.8,-0.122,-3.1107,11764026.95,4462599.595,3.85,3.921,3.65,3.8
20150702,510180.SH,3.8,3.75,3.85,3.43,3.592,-0.208,-5.4737,10843769.41,3942904.818,3.75,3.85,3.43,3.592
20150703,510180.SH,3.592,3.57,3.622,3.241,3.385,-0.207,-5.7628,5971987.74,2064156.061,3.57,3.622,3.241,3.385
20150706,510180.SH,3.385,3.724,3.724,3.385,3.53,0.145,4.2836,11316209.71,4001184.184,3.724,3.724,3.385,3.53
20150707,510180.SH,3.53,3.45,3.539,3.32,3.531,0.001,0.0283,6855154.45,2390743.697,3.45,3.539,3.32,3.531
20150708,510180.SH,3.531,3.257,3.38,3.178,3.279,-0.252,-7.1368,23419764.25,7658515.515,3.257,3.38,3.178,3.279
20150709,510180.SH,3.279,3.19,3.597,3.133,3.593,0.314,9.5761,5647244.64,1914984.456,3.19,3.597,3.133,3.593
20150710,510180.SH,3.593,3.56,3.88,3.468,3.687,0.094,2.6162,9647334.56,3580058.316,3.56,3.88,3.468,3.687
20150713,510180.SH,3.687,3.657,3.82,3.603,3.745,0.058,1.5731,7606493.56,2815846.91,3.657,3.82,3.603,3.745
20150714,510180.SH,3.745,3.649,3.75,3.528,3.587,-0.158,-4.219,5266041.09,1938563.271,3.649,3.75,3.528,3.587
20150715,510180.SH,3.587,3.577,3.638,3.385,3.45,-0.137,-3.8193,7104054.31,2536172.537,3.577,3.638,3.385,3.45
20150716,510180.SH,3.45,3.46,3.608,3.43,3.551,0.101,2.9275,9612716.51,3401958.777,3.46,3.608,3.43,3.551
20150717,510180.SH,3.551,3.571,3.705,3.545,3.663,0.112,3.154,10623656.98,3843495.713,3.571,3.705,3.545,3.663
20150720,510180.SH,3.663,3.666,3.722,3.622,3.658,-0.005,-0.1365,10188839.73,3750953.362,3.666,3.722,3.622,3.658
20150721,510180.SH,3.658,3.615,3.71,3.615,3.678,0.02,0.5467,10150767.56,3716843.937,3.615,3.71,3.615,3.678
20150722,510180.SH,3.678,3.674,3.687,3.611,3.66,-0.018,-0.4894,11764113.72,4305415.993,3.674,3.687,3.611,3.66
20150723,510180.SH,3.66,3.666,3.762,3.654,3.745,0.085,2.3224,7674259.41,2850414.532,3.666,3.762,3.654,3.745
20150724,510180.SH,3.745,3.75,3.79,3.668,3.688,-0.057,-1.522,11679702.23,4382376.051,3.75,3.79,3.668,3.688
20150727,510180.SH,3.688,3.63,3.672,3.32,3.338,-0.35,-9.4902,15458639.7,5572430.246,3.63,3.672,3.32,3.338
20150728,510180.SH,3.338,3.25,3.419,3.206,3.336,-0.002,-0.0599,15669642.27,5164126.989,3.25,3.419,3.206,3.336
20150729,510180.SH,3.336,3.38,3.466,3.32,3.461,0.125,3.747,16974278.48,5706228.797,3.38,3.466,3.32,3.461
20150730,510180.SH,3.461,3.44,3.49,3.341,3.359,-0.102,-2.9471,15030845.22,5179554.492,3.44,3.49,3.341,3.359
20150731,510180.SH,3.359,3.331,3.389,3.308,3.346,-0.013,-0.387,2332169.81,779436.638,3.331,3.389,3.308,3.346
20150803,510180.SH,3.346,3.3,3.359,3.27,3.352,0.006,0.1793,743822.52,246145.764,3.3,3.359,3.27,3.352
20150804,510180.SH,3.352,3.35,3.465,3.34,3.461,0.109,3.2518,974032.61,330563.845,3.35,3.465,3.34,3.461
20150805,510180.SH,3.461,3.46,3.464,3.384,3.392,-0.069,-1.9936,1092196.51,373951.406,3.46,3.464,3.384,3.392
20150806,510180.SH,3.392,3.345,3.408,3.33,3.358,-0.034,-1.0024,975406.36,328643.712,3.345,3.408,3.33,3.358
20150807,510180.SH,3.358,3.377,3.443,3.377,3.417,0.059,1.757,1841158.63,629610.738,3.377,3.443,3.377,3.417
20150810,510180.SH,3.417,3.453,3.614,3.44,3.588,0.171,5.0044,2316103.38,814500.179,3.453,3.614,3.44,3.588
20150811,510180.SH,3.588,3.583,3.6,3.542,3.557,-0.031,-0.864,1803826.15,645690.703,3.583,3.6,3.542,3.557
20150812,510180.SH,3.557,3.532,3.573,3.521,3.522,-0.035,-0.984,3185277.68,1130000.884,3.532,3.573,3.521,3.522
20150813,510180.SH,3.522,3.506,3.565,3.475,3.562,0.04,1.1357,2827149.49,997847.012,3.506,3.565,3.475,3.562
20150814,510180.SH,3.562,3.581,3.6,3.55,3.567,0.005,0.1404,1906130.84,681650.501,3.581,3.6,3.55,3.567
20150817,510180.SH,3.567,3.548,3.572,3.508,3.562,-0.005,-0.1402,1879525.57,664882.323,3.548,3.572,3.508,3.562
20150818,510180.SH,3.562,3.555,3.579,3.305,3.342,-0.22,-6.1763,2701897.36,942378.238,3.555,3.579,3.305,3.342
20150819,510180.SH,3.342,3.3,3.408,3.2,3.394,0.052,1.556,6114885.74,2011438.683,3.3,3.408,3.2,3.394
20150820,510180.SH,3.394,3.36,3.383,3.285,3.291,-0.103,-3.0348,2135304.0,711964.76,3.36,3.383,3.285,3.291
20150821,510180.SH,3.291,3.252,3.28,3.133,3.14,-0.151,-4.5883,6619693.25,2125953.56,3.252,3.28,3.133,3.14
20150824,510180.SH,3.14,3.035,3.05,2.826,2.826,-0.314,-10.0,3923705.57,1157610.494,3.035,3.05,2.826,2.826
20150825,510180.SH,2.826,2.686,2.804,2.575,2.58,-0.246,-8.7049,2982792.41,808992.061,2.686,2.804,2.575,2.58
20150826,510180.SH,2.58,2.6,2.784,2.578,2.645,0.065,2.5194,5011027.64,1347797.279,2.6,2.784,2.578,2.645
20150827,510180.SH,2.645,2.77,2.828,2.66,2.824,0.179,6.7675,7629553.74,2074360.156,2.77,2.828,2.66,2.824
20150828,510180.SH,2.824,2.852,2.954,2.84,2.949,0.125,4.4263,3996534.19,1149708.162,2.852,2.954,2.84,2.949
20150831,510180.SH,2.949,2.929,2.965,2.82,2.959,0.01,0.3391,2658284.28,762730.286,2.929,2.965,2.82,2.959
20150901,510180.SH,2.959,2.9,2.975,2.807,2.959,0.0,0.0,2437809.52,705297.663,2.9,2.975,2.807,2.959
20150902,510180.SH,2.959,2.85,2.981,2.843,2.962,0.003,0.1014,2321186.21,678177.725,2.85,2.981,2.843,2.962
20150907,510180.SH,2.962,2.95,3.035,2.852,2.869,-0.093,-3.1398,1202244.98,353007.442,2.95,3.035,2.852,2.869
20150908,510180.SH,2.869,2.858,2.946,2.79,2.933,0.064,2.2307,1383855.72,397008.27,2.858,2.946,2.79,2.933
20150909,510180.SH,2.933,2.95,3.016,2.933,2.996,0.063,2.148,809076.54,241092.513,2.95,3.016,2.933,2.996
20150910,510180.SH,2.996,2.966,2.995,2.942,2.964,-0.032,-1.0681,932251.51,276752.973,2.966,2.995,2.942,2.964
20150911,510180.SH,2.964,2.96,2.987,2.93,2.959,-0.005,-0.1687,265401.28,78723.455,2.96,2.987,2.93,2.959
20150914,510180.SH,2.959,2.97,2.975,2.8,2.913,-0.046,-1.5546,285469.19,82522.957,2.97,2.975,2.8,2.913
20150915,510180.SH,2.913,2.889,2.898,2.818,2.831,-0.082,-2.815,232253.95,66535.838,2.889,2.898,2.818,2.831
20150916,510180.SH,2.831,2.831,3.05,2.81,2.969,0.138,4.8746,517319.56,151049.602,2.831,3.05,2.81,2.969
20150917,510180.SH,2.969,2.93,2.998,2.899,2.903,-0.066,-2.223,380596.24,112576.573,2.93,2.998,2.899,2.903
20150918,510180.SH,2.903,2.915,2.933,2.884,2.908,0.005,0.1722,157541.9,45857.2,2.915,2.933,2.884,2.908
20150921,510180.SH,2.908,2.903,2.948,2.866,2.945,0.037,1.2724,212968.81,62207.441,2.903,2.948,2.866,2.945
20150922,510180.SH,2.945,2.939,2.996,2.939,2.97,0.025,0.8489,413516.54,122998.062,2.939,2.996,2.939,2.97
20150923,510180.SH,2.97,2.948,2.952,2.901,2.906,-0.064,-2.1549,102539.0,29961.007,2.948,2.952,2.901,2.906
20150924,510180.SH,2.906,2.919,2.936,2.903,2.917,0.011,0.3785,123757.51,36109.178,2.919,2.936,2.903,2.917
20150925,510180.SH,2.917,2.918,2.918,2.858,2.872,-0.045,-1.5427,128822.75,37165.343,2.918,2.918,2.858,2.872
20150928,510180.SH,2.872,2.872,2.883,2.858,2.881,0.009,0.3134,39241.25,11260.721,2.872,2.883,2.858,2.881
20150929,510180.SH,2.881,2.851,2.858,2.817,2.825,-0.056,-1.9438,64533.96,18302.653,2.851,2.858,2.817,2.825
20150930,510180.SH,2.825,2.828,2.852,2.828,2.849,0.024,0.8496,42326.75,12025.754,2.828,2.852,2.828,2.849
20151008,510180.SH,2.849,2.947,2.95,2.931,2.932,0.083,2.9133,106852.52,31403.465,2.947,2.95,2.931,2.932
20151009,510180.SH,2.932,2.925,2.968,2.925,2.958,0.026,0.8868,123087.6,36297.868,2.925,2.968,2.925,2.958
20151012,510180.SH,2.958,2.964,3.089,2.959,3.064,0.106,3.5835,154616.62,46964.096,2.964,3.089,2.959,3.064
20151013,510180.SH,3.064,3.052,3.069,3.045,3.06,-0.004,-0.1305,221230.79,67614.613,3.052,3.069,3.045,3.06
20151014,510180.SH,3.06,3.055,3.079,3.03,3.037,-0.023,-0.7516,184028.81,56381.919,3.055,3.079,3.03,3.037
20151015,510180.SH,3.037,3.03,3.098,3.025,3.098,0.061,2.0086,126916.79,38910.943,3.03,3.098,3.025,3.098
20151016,510180.SH,3.098,3.112,3.145,3.092,3.141,0.043,1.388,222346.84,69449.792,3.112,3.145,3.092,3.141
20151019,510180.SH,3.141,3.134,3.17,3.115,3.136,-0.005,-0.1592,119195.4,37429.527,3.134,3.17,3.115,3.136
20151020,510180.SH,3.136,3.136,3.166,3.108,3.165,0.029,0.9247,107953.86,33798.371,3.136,3.166,3.108,3.165
20151021,510180.SH,3.165,3.166,3.19,3.009,3.07,-0.095,-3.0016,288963.02,90739.513,3.166,3.19,3.009,3.07
20151022,510180.SH,3.07,3.063,3.143,3.063,3.129,0.059,1.9218,156780.13,48456.015,3.063,3.143,3.063,3.129
20151023,510180.SH,3.129,3.127,3.17,3.12,3.162,0.033,1.0547,184624.48,58144.682,3.127,3.17,3.12,3.162
20151026,510180.SH,3.162,3.192,3.21,3.159,3.18,0.018,0.5693,188244.41,60063.314,3.192,3.21,3.159,3.18
20151027,510180.SH,3.18,3.17,3.19,3.105,3.179,-0.001,-0.0314,90386.05,28456.066,3.17,3.19,3.105,3.179
20151028,510180.SH,3.179,3.156,3.178,3.118,3.12,-0.059,-1.8559,140029.93,44122.566,3.156,3.178,3.118,3.12
20151029,510180.SH,3.12,3.121,3.15,3.1,3.125,0.005,0.1603,54854.28,17132.481,3.121,3.15,3.1,3.125
20151030,510180.SH,3.125,3.133,3.159,3.105,3.123,-0.002,-0.064,69882.64,21901.949,3.133,3.159,3.105,3.123
20151102,510180.SH,3.123,3.1,3.123,3.062,3.076,-0.047,-1.505,108953.28,33833.349,3.1,3.123,3.062,3.076
20151103,510180.SH,3.076,3.076,3.096,3.06,3.064,-0.012,-0.3901,45781.0,14080.692,3.076,3.096,3.06,3.064
20151104,510180.SH,3.064,3.072,3.234,3.071,3.226,0.162,5.2872,155923.36,49400.915,3.072,3.234,3.071,3.226
20151105,510180.SH,3.226,3.203,3.36,3.203,3.3,0.074,2.2939,352254.86,116452.941,3.203,3.36,3.203,3.3
20151106,510180.SH,3.3,3.3,3.366,3.28,3.365,0.065,1.9697,375224.58,124278.083,3.3,3.366,3.28,3.365
20151109,510180.SH,3.365,3.365,3.7,3.35,3.398,0.033,0.9807,457661.38,156527.162,3.365,3.7,3.35,3.398
20151110,510180.SH,3.398,3.372,3.422,3.35,3.383,-0.015,-0.4414,273594.87,92470.013,3.372,3.422,3.35,3.383
20151111,510180.SH,3.383,3.38,3.38,3.331,3.372,-0.011,-0.3252,254583.33,85378.566,3.38,3.38,3.331,3.372
20151112,510180.SH,3.372,3.372,3.373,3.322,3.332,-0.04,-1.1862,246348.81,82445.153,3.372,3.373,3.322,3.332
20151113,510180.SH,3.332,3.325,3.35,3.285,3.294,-0.038,-1.1405,164525.56,54493.916,3.325,3.35,3.285,3.294
20151116,510180.SH,3.294,3.275,3.31,3.249,3.308,0.014,0.425,150221.62,49225.172,3.275,3.31,3.249,3.308
20151117,510180.SH,3.308,3.314,3.389,3.308,3.319,0.011,0.3325,242947.5,81373.12,3.314,3.389,3.308,3.319
20151118,510180.SH,3.268,3.28,3.28,3.227,3.249,-0.019,-0.5814,96094.28,31229.519,3.28,3.28,3.227,3.249
20151119,510180.SH,3.249,3.246,3.285,3.228,3.284,0.035,1.0773,91962.8,29895.372,3.246,3.285,3.228,3.284
20151120,510180.SH,3.284,3.284,3.298,3.251,3.272,-0.012,-0.3654,106249.31,34809.146,3.284,3.298,3.251,3.272
20151123,510180.SH,3.272,3.267,3.295,3.246,3.25,-0.022,-0.6724,112825.74,36972.3,3.267,3.295,3.246,3.25
20151124,510180.SH,3.25,3.248,3.254,3.205,3.253,0.003,0.0923,163267.83,52769.674,3.248,3.254,3.205,3.253
20151125,510180.SH,3.253,3.24,3.27,3.224,3.268,0.015,0.4611,115470.76,37519.856,3.24,3.27,3.224,3.268
20151126,510180.SH,3.268,3.28,3.295,3.246,3.26,-0.008,-0.2448,190008.34,62102.656,3.28,3.295,3.246,3.26
20151127,510180.SH,3.26,3.245,3.245,3.068,3.085,-0.175,-5.3681,151245.55,47674.487,3.245,3.245,3.068,3.085
20151130,510180.SH,3.085,3.088,3.118,3.011,3.091,0.006,0.1945,128578.04,39445.83,3.088,3.118,3.011,3.091
20151201,510180.SH,3.091,3.086,3.14,3.06,3.118,0.027,0.8735,114032.13,35373.26,3.086,3.14,3.06,3.118
20151202,510180.SH,3.118,3.108,3.235,3.096,3.234,0.116,3.7203,172787.97,54951.247,3.108,3.235,3.096,3.234
20151203,510180.SH,3.234,3.23,3.26,3.19,3.249,0.015,0.4638,258986.82,83938.47,3.23,3.26,3.19,3.249
20151204,510180.SH,3.249,3.246,3.246,3.17,3.174,-0.075,-2.3084,119610.29,38203.318,3.246,3.246,3.17,3.174
20151207,510180.SH,3.174,3.179,3.19,3.161,3.174,0.0,0.0,89162.31,28317.596,3.179,3.19,3.161,3.174
20151208,510180.SH,3.174,3.151,3.168,3.13,3.142,-0.032,-1.0082,40917.52,12870.684,3.151,3.168,3.13,3.142
20151209,510180.SH,3.142,3.131,3.169,3.125,3.131,-0.011,-0.3501,39983.98,12542.448,3.131,3.169,3.125,3.131
20151210,510180.SH,3.131,3.135,3.169,3.115,3.123,-0.008,-0.2555,129648.5,40798.083,3.135,3.169,3.115,3.123
20151211,510180.SH,3.123,3.11,3.119,3.086,3.101,-0.022,-0.7045,45223.02,14013.756,3.11,3.119,3.086,3.101
20151214,510180.SH,3.101,3.083,3.2,3.08,3.198,0.097,3.128,83770.67,26312.963,3.083,3.2,3.08,3.198
20151215,510180.SH,3.198,3.192,3.195,3.153,3.162,-0.036,-1.1257,48451.93,15388.249,3.192,3.195,3.153,3.162
20151216,510180.SH,3.162,3.164,3.186,3.155,3.16,-0.002,-0.0633,36849.63,11687.215,3.164,3.186,3.155,3.16
20151217,510180.SH,3.16,3.176,3.245,3.176,3.216,0.056,1.7722,115256.54,37060.681,3.176,3.245,3.176,3.216
20151218,510180.SH,3.216,3.212,3.27,3.192,3.218,0.002,0.0622,68470.86,22104.801,3.212,3.27,3.192,3.218
20151221,510180.SH,3.218,3.208,3.326,3.208,3.311,0.093,2.89,183828.84,60287.845,3.208,3.326,3.208,3.311
20151222,510180.SH,3.311,3.315,3.328,3.291,3.318,0.007,0.2114,57185.74,18898.874,3.315,3.328,3.291,3.318
20151223,510180.SH,3.318,3.31,3.378,3.308,3.323,0.005,0.1507,98065.79,32726.792,3.31,3.378,3.308,3.323
20151224,510180.SH,3.323,3.322,3.322,3.242,3.29,-0.033,-0.9931,78312.25,25655.607,3.322,3.322,3.242,3.29
20151225,510180.SH,3.29,3.288,3.299,3.269,3.294,0.004,0.1216,59532.03,19558.786,3.288,3.299,3.269,3.294
20151228,510180.SH,3.294,3.291,3.309,3.197,3.2,-0.094,-2.8537,117160.44,38007.438,3.291,3.309,3.197,3.2
20151229,510180.SH,3.2,3.191,3.222,3.185,3.219,0.019,0.5938,71875.06,23021.255,3.191,3.222,3.185,3.219
20151230,510180.SH,3.219,3.22,3.228,3.188,3.216,-0.003,-0.0932,68197.64,21874.883,3.22,3.228,3.188,3.216
20151231,510180.SH,3.216,3.216,3.234,3.191,3.2,-0.016,-0.4975,60725.58,19529.667,3.216,3.234,3.191,3.2
20160104,510180.SH,3.2,3.198,3.198,2.96,2.961,-0.239,-7.4688,224949.46,69066.58,3.198,3.198,2.96,2.961
20160105,510180.SH,2.961,2.96,3.068,2.906,3.005,0.044,1.486,231564.48,69254.448,2.96,3.068,2.906,3.005
20160106,510180.SH,3.005,3.003,3.052,2.994,3.048,0.043,1.4309,249279.26,75019.392,3.003,3.052,2.994,3.048
20160107,510180.SH,3.048,3.014,3.014,2.95,3.0,-0.048,-1.5748,85958.96,25754.501,3.014,3.014,2.95,3.0
20160108,510180.SH,3.0,2.99,2.99,2.81,2.914,-0.086,-2.8667,289577.98,84163.86,2.99,2.99,2.81,2.914
20160111,510180.SH,2.914,2.87,2.889,2.761,2.772,-0.142,-4.873,301498.76,84792.006,2.87,2.889,2.761,2.772
20160112,510180.SH,2.772,2.797,2.805,2.748,2.773,0.001,0.0361,206719.69,57316.139,2.797,2.805,2.748,2.773
20160113,510180.SH,2.773,2.79,2.809,2.72,2.723,-0.05,-1.8031,179600.75,49768.43,2.79,2.809,2.72,2.723
20160114,510180.SH,2.723,2.718,2.781,2.66,2.761,0.038,1.3955,303723.82,81943.655,2.718,2.781,2.66,2.761
20160115,510180.SH,2.761,2.74,2.772,2.665,2.682,-0.079,-2.8613,220077.16,59554.337,2.74,2.772,2.665,2.682
20160118,510180.SH,2.682,2.657,2.719,2.65,2.685,0.003,0.1119,145245.24,38967.657,2.657,2.719,2.65,2.685
20160119,510180.SH,2.685,2.686,2.77,2.676,2.762,0.077,2.8678,158211.94,43251.031,2.686,2.77,2.676,2.762
20160120,510180.SH,2.762,2.755,2.766,2.709,2.722,-0.04,-1.4482,100674.75,27541.158,2.755,2.766,2.709,2.722
20160121,510180.SH,2.722,2.701,2.75,2.65,2.652,-0.07,-2.5716,135486.79,36522.974,2.701,2.75,2.65,2.652
20160122,510180.SH,2.652,2.678,2.685,2.626,2.672,0.02,0.7541,127069.59,33726.551,2.678,2.685,2.626,2.672
20160125,510180.SH,2.672,2.678,2.695,2.666,2.678,0.006,0.2246,34539.05,9249.85,2.678,2.695,2.666,2.678
20160126,510180.SH,2.678,2.666,2.666,2.515,2.52,-0.158,-5.8999,113679.0,29464.592,2.666,2.666,2.515,2.52
20160127,510180.SH,2.52,2.522,2.54,2.443,2.512,-0.008,-0.3175,272777.74,67829.963,2.522,2.54,2.443,2.512
20160128,510180.SH,2.512,2.5,2.518,2.437,2.455,-0.057,-2.2691,85068.01,21034.68,2.5,2.518,2.437,2.455
20160129,510180.SH,2.455,2.453,2.544,2.446,2.529,0.074,3.0143,190966.42,47570.365,2.453,2.544,2.446,2.529
20160201,510180.SH,2.529,2.52,2.523,2.452,2.479,-0.05,-1.9771,74117.56,18410.494,2.52,2.523,2.452,2.479
20160202,510180.SH,2.479,2.479,2.54,2.478,2.529,0.05,2.0169,64562.27,16267.663,2.479,2.54,2.478,2.529
20160203,510180.SH,2.529,2.515,2.516,2.486,2.512,-0.017,-0.6722,66691.56,16672.094,2.515,2.516,2.486,2.512
20160204,510180.SH,2.512,2.52,2.56,2.52,2.55,0.038,1.5127,62097.24,15810.89,2.52,2.56,2.52,2.55
20160205,510180.SH,2.55,2.554,2.554,2.532,2.533,-0.017,-0.6667,27907.02,7093.019,2.554,2.554,2.532,2.533
20160215,510180.SH,2.533,2.478,2.53,2.47,2.521,-0.012,-0.4737,65815.27,16446.674,2.478,2.53,2.47,2.521
20160216,510180.SH,2.521,2.522,2.594,2.522,2.593,0.072,2.856,124418.34,32025.974,2.522,2.594,2.522,2.593
20160217,510180.SH,2.593,2.591,2.614,2.583,2.613,0.02,0.7713,93708.02,24350.577,2.591,2.614,2.583,2.613
20160218,510180.SH,2.613,2.616,2.644,2.598,2.598,-0.015,-0.5741,78232.7,20528.461,2.616,2.644,2.598,2.598
20160219,510180.SH,2.598,2.598,2.614,2.58,2.597,-0.001,-0.0385,145382.05,37691.238,2.598,2.614,2.58,2.597
20160222,510180.SH,2.597,2.65,2.669,2.603,2.659,0.062,2.3874,202204.32,53588.611,2.65,2.669,2.603,2.659
20160223,510180.SH,2.659,2.654,2.658,2.614,2.634,-0.025,-0.9402,109185.45,28698.837,2.654,2.658,2.614,2.634
20160224,510180.SH,2.634,2.627,2.656,2.608,2.651,0.017,0.6454,62197.39,16396.573,2.627,2.656,2.608,2.651
20160225,510180.SH,2.651,2.655,2.655,2.482,2.493,-0.158,-5.96,137906.63,35389.919,2.655,2.655,2.482,2.493
20160226,510180.SH,2.493,2.5,2.535,2.486,2.522,0.029,1.1633,102113.71,25648.813,2.5,2.535,2.486,2.522
20160229,510180.SH,2.522,2.502,2.52,2.426,2.47,-0.052,-2.0619,174327.66,42774.154,2.502,2.52,2.426,2.47
20160301,510180.SH,2.47,2.474,2.544,2.451,2.53,0.06,2.4291,125855.91,31379.2,2.474,2.544,2.451,2.53
20160302,510180.SH,2.53,2.525,2.631,2.52,2.629,0.099,3.913,416768.75,107328.528,2.525,2.631,2.52,2.629
20160303,510180.SH,2.629,2.63,2.657,2.619,2.633,0.004,0.1521,504387.78,132969.872,2.63,2.657,2.619,2.633
20160304,510180.SH,2.633,2.63,2.702,2.619,2.689,0.056,2.1269,709547.16,189173.428,2.63,2.702,2.619,2.689
20160307,510180.SH,2.689,2.671,2.72,2.671,2.687,-0.002,-0.0744,100830.15,27161.546,2.671,2.72,2.671,2.687
20160308,510180.SH,2.687,2.683,2.695,2.596,2.693,0.006,0.2233,180698.38,47756.632,2.683,2.695,2.596,2.693
20160309,510180.SH,2.693,2.665,2.666,2.6,2.652,-0.041,-1.5225,74102.4,19518.2,2.665,2.666,2.6,2.652
20160310,510180.SH,2.652,2.64,2.669,2.612,2.613,-0.039,-1.4706,73148.95,19329.984,2.64,2.669,2.612,2.613
20160311,510180.SH,2.613,2.6,2.62,2.585,2.608,-0.005,-0.1914,127670.76,33246.396,2.6,2.62,2.585,2.608
20160314,510180.SH,2.608,2.619,2.69,2.612,2.647,0.039,1.4954,152037.62,40435.973,2.619,2.69,2.612,2.647
20160315,510180.SH,2.647,2.64,2.669,2.617,2.658,0.011,0.4156,56168.96,14826.088,2.64,2.669,2.617,2.658
20160316,510180.SH,2.658,2.657,2.705,2.65,2.688,0.03,1.1287,133132.52,35771.214,2.657,2.705,2.65,2.688
20160317,510180.SH,2.688,2.685,2.738,2.68,2.711,0.023,0.8557,97969.52,26537.226,2.685,2.738,2.68,2.711
20160318,510180.SH,2.711,2.715,2.767,2.715,2.741,0.03,1.1066,114135.52,31311.156,2.715,2.767,2.715,2.741
20160321,510180.SH,2.741,2.763,2.834,2.721,2.801,0.06,2.189,161482.93,45211.617,2.763,2.834,2.721,2.801
20160322,510180.SH,2.801,2.791,2.811,2.777,2.785,-0.016,-0.5712,128355.49,35832.399,2.791,2.811,2.777,2.785
20160323,510180.SH,2.785,2.771,2.802,2.76,2.787,0.002,0.0718,132928.46,36958.507,2.771,2.802,2.76,2.787
20160324,510180.SH,2.787,2.771,2.775,2.74,2.746,-0.041,-1.4711,77743.88,21430.12,2.771,2.775,2.74,2.746
20160325,510180.SH,2.746,2.733,2.759,2.733,2.756,0.01,0.3642,235434.88,64708.082,2.733,2.759,2.733,2.756
20160328,510180.SH,2.756,2.76,2.781,2.72,2.725,-0.031,-1.1248,170016.75,46814.852,2.76,2.781,2.72,2.725
20160329,510180.SH,2.725,2.726,2.739,2.689,2.698,-0.027,-0.9908,142910.63,38761.705,2.726,2.739,2.689,2.698
20160330,510180.SH,2.698,2.706,2.769,2.706,2.767,0.069,2.5574,97477.99,26815.362,2.706,2.769,2.706,2.767
20160331,510180.SH,2.767,2.773,2.79,2.76,2.771,0.004,0.1446,111236.31,30839.454,2.773,2.79,2.76,2.771
20160401,510180.SH,2.771,2.774,2.78,2.729,2.779,0.008,0.2887,119864.31,33073.632,2.774,2.78,2.729,2.779
20160405,510180.SH,2.779,2.781,2.818,2.748,2.81,0.031,1.1155,95744.26,26784.717,2.781,2.818,2.748,2.81
20160406,510180.SH,2.81,2.8,2.814,2.781,2.794,-0.016,-0.5694,60213.15,16850.111,2.8,2.814,2.781,2.794
20160407,510180.SH,2.794,2.796,2.812,2.753,2.756,-0.038,-1.3601,101666.54,28220.624,2.796,2.812,2.753,2.756
20160408,510180.SH,2.756,2.741,2.751,2.726,2.741,-0.015,-0.5443,81456.85,22298.874,2.741,2.751,2.726,2.741
20160411,510180.SH,2.741,2.754,2.799,2.751,2.775,0.034,1.2404,76767.49,21351.62,2.754,2.799,2.751,2.775
20160412,510180.SH,2.775,2.768,2.778,2.751,2.764,-0.011,-0.3964,58865.94,16262.129,2.768,2.778,2.751,2.764
20160413,510180.SH,2.764,2.777,2.837,2.777,2.805,0.041,1.4834,327816.06,92495.328,2.777,2.837,2.777,2.805
20160414,510180.SH,2.805,2.82,2.827,2.794,2.812,0.007,0.2496,51824.31,14571.679,2.82,2.827,2.794,2.812
20160415,510180.SH,2.812,2.81,2.822,2.804,2.814,0.002,0.0711,47952.24,13488.932,2.81,2.822,2.804,2.814
20160418,510180.SH,2.814,2.8,2.8,2.775,2.776,-0.038,-1.3504,65108.77,18112.495,2.8,2.8,2.775,2.776
20160419,510180.SH,2.776,2.782,2.795,2.77,2.783,0.007,0.2522,39728.99,11042.657,2.782,2.795,2.77,2.783
20160420,510180.SH,2.783,2.792,2.793,2.671,2.749,-0.034,-1.2217,157928.13,42949.98,2.792,2.793,2.671,2.749
20160421,510180.SH,2.749,2.722,2.762,2.716,2.738,-0.011,-0.4001,72475.11,19868.132,2.722,2.762,2.716,2.738
20160422,510180.SH,2.738,2.73,2.746,2.705,2.743,0.005,0.1826,61614.47,16858.599,2.73,2.746,2.705,2.743
20160425,510180.SH,2.743,2.742,2.742,2.7,2.726,-0.017,-0.6198,70225.99,19097.372,2.742,2.742,2.7,2.726
20160426,510180.SH,2.726,2.729,2.743,2.719,2.742,0.016,0.5869,58341.29,15942.078,2.729,2.743,2.719,2.742
20160427,510180.SH,2.742,2.74,2.746,2.725,2.73,-0.012,-0.4376,59194.9,16197.793,2.74,2.746,2.725,2.73
20160428,510180.SH,2.73,2.736,2.74,2.706,2.722,-0.008,-0.293,46140.7,12547.698,2.736,2.74,2.706,2.722
20160429,510180.SH,2.722,2.72,2.732,2.71,2.72,-0.002,-0.0735,48505.5,13209.558,2.72,2.732,2.71,2.72
20160503,510180.SH,2.72,2.72,2.769,2.711,2.764,0.044,1.6176,70071.96,19266.921,2.72,2.769,2.711,2.764
20160504,510180.SH,2.764,2.753,2.769,2.747,2.761,-0.003,-0.1085,75073.58,20682.532,2.753,2.769,2.747,2.761
20160505,510180.SH,2.761,2.755,2.764,2.74,2.763,0.002,0.0724,50059.65,13795.201,2.755,2.764,2.74,2.763
20160506,510180.SH,2.763,2.76,2.765,2.695,2.696,-0.067,-2.4249,77858.66,21229.893,2.76,2.765,2.695,2.696
20160509,510180.SH,2.696,2.696,2.696,2.63,2.64,-0.056,-2.0772,101227.14,26875.824,2.696,2.696,2.63,2.64
20160510,510180.SH,2.64,2.635,2.653,2.63,2.643,0.003,0.1136,57242.42,15116.648,2.635,2.653,2.63,2.643
20160511,510180.SH,2.643,2.643,2.67,2.638,2.654,0.011,0.4162,86555.31,22957.256,2.643,2.67,2.638,2.654
20160512,510180.SH,2.654,2.65,2.665,2.617,2.66,0.006,0.2261,78110.55,20635.055,2.65,2.665,2.617,2.66
20160513,510180.SH,2.66,2.655,2.67,2.638,2.651,-0.009,-0.3383,58775.77,15597.846,2.655,2.67,2.638,2.651
20160516,510180.SH,2.651,2.64,2.666,2.624,2.664,0.013,0.4904,31635.07,8374.593,2.64,2.666,2.624,2.664
20160517,510180.SH,2.664,2.664,2.664,2.642,2.657,-0.007,-0.2628,18456.25,4897.161,2.664,2.664,2.642,2.657
20160518,510180.SH,2.657,2.642,2.65,2.618,2.64,-0.017,-0.6398,32868.01,8656.005,2.642,2.65,2.618,2.64
20160519,510180.SH,2.64,2.64,2.655,2.63,2.638,-0.002,-0.0758,27684.59,7321.238,2.64,2.655,2.63,2.638
20160520,510180.SH,2.638,2.636,2.65,2.62,2.649,0.011,0.417,22482.58,5930.772,2.636,2.65,2.62,2.649
20160523,510180.SH,2.649,2.65,2.666,2.647,2.658,0.009,0.3398,27049.0,7186.604,2.65,2.666,2.647,2.658
20160524,510180.SH,2.658,2.658,2.658,2.629,2.636,-0.022,-0.8277,27522.0,7262.665,2.658,2.658,2.629,2.636
20160525,510180.SH,2.636,2.643,2.657,2.636,2.637,0.001,0.0379,26989.5,7149.541,2.643,2.657,2.636,2.637
20160526,510180.SH,2.637,2.64,2.647,2.612,2.635,-0.002,-0.0758,40466.25,10622.799,2.64,2.647,2.612,2.635
20160527,510180.SH,2.635,2.635,2.641,2.626,2.636,0.001,0.038,16867.0,4442.712,2.635,2.641,2.626,2.636
20160530,510180.SH,2.636,2.63,2.648,2.616,2.641,0.005,0.1897,14592.0,3848.065,2.63,2.648,2.616,2.641
20160531,510180.SH,2.641,2.64,2.737,2.64,2.735,0.094,3.5593,79732.32,21600.993,2.64,2.737,2.64,2.735
20160601,510180.SH,2.735,2.739,2.739,2.718,2.719,-0.016,-0.585,52239.16,14246.889,2.739,2.739,2.718,2.719
20160602,510180.SH,2.719,2.719,2.726,2.707,2.719,0.0,0.0,59869.0,16254.735,2.719,2.726,2.707,2.719
20160603,510180.SH,2.719,2.718,2.75,2.715,2.74,0.021,0.7723,37697.86,10296.967,2.718,2.75,2.715,2.74
20160606,510180.SH,2.74,2.741,2.745,2.725,2.729,-0.011,-0.4015,38161.21,10427.567,2.741,2.745,2.725,2.729
20160607,510180.SH,2.729,2.726,2.732,2.721,2.729,0.0,0.0,20494.42,5590.428,2.726,2.732,2.721,2.729
20160608,510180.SH,2.729,2.724,2.733,2.707,2.728,-0.001,-0.0366,46351.92,12610.067,2.724,2.733,2.707,2.728
20160613,510180.SH,2.728,2.718,2.718,2.65,2.65,-0.078,-2.8592,65712.25,17671.768,2.718,2.718,2.65,2.65
20160614,510180.SH,2.65,2.65,2.665,2.643,2.654,0.004,0.1509,27849.0,7382.542,2.65,2.665,2.643,2.654
20160615,510180.SH,2.654,2.638,2.695,2.63,2.689,0.035,1.3188,39251.76,10489.98,2.638,2.695,2.63,2.689
20160616,510180.SH,2.689,2.682,2.692,2.673,2.673,-0.016,-0.595,26931.84,7212.978,2.682,2.692,2.673,2.673
20160617,510180.SH,2.673,2.672,2.705,2.672,2.685,0.012,0.4489,69116.0,18591.096,2.672,2.705,2.672,2.685
20160620,510180.SH,2.685,2.674,2.695,2.67,2.682,-0.003,-0.1117,30094.76,8059.18,2.674,2.695,2.67,2.682
20160621,510180.SH,2.682,2.692,2.72,2.675,2.678,-0.004,-0.1491,39998.25,10771.383,2.692,2.72,2.675,2.678
20160622,510180.SH,2.678,2.678,2.698,2.665,2.696,0.018,0.6721,47600.76,12758.072,2.678,2.698,2.665,2.696
20160623,510180.SH,2.696,2.69,2.697,2.678,2.687,-0.009,-0.3338,30454.51,8183.683,2.69,2.697,2.678,2.687
20160624,510180.SH,2.687,2.697,2.7,2.62,2.648,-0.039,-1.4514,76420.52,20346.828,2.697,2.7,2.62,2.648
20160627,510180.SH,2.648,2.648,2.684,2.645,2.682,0.034,1.284,50250.51,13428.361,2.648,2.684,2.645,2.682
20160628,510180.SH,2.682,2.682,2.699,2.67,2.698,0.016,0.5966,78372.74,21013.451,2.682,2.699,2.67,2.698
20160629,510180.SH,2.698,2.699,2.728,2.699,2.718,0.02,0.7413,39580.0,10740.585,2.699,2.728,2.699,2.718
20160630,510180.SH,2.718,2.719,2.727,2.716,2.718,0.0,0.0,22688.25,6173.178,2.719,2.727,2.716,2.718
20160701,510180.SH,2.718,2.713,2.735,2.713,2.725,0.007,0.2575,49567.76,13523.186,2.713,2.735,2.713,2.725
20160704,510180.SH,2.725,2.725,2.788,2.713,2.777,0.052,1.9083,61809.37,17090.742,2.725,2.788,2.713,2.777
20160705,510180.SH,2.777,2.773,2.797,2.773,2.789,0.012,0.4321,94621.42,26388.856,2.773,2.797,2.773,2.789
20160706,510180.SH,2.789,2.789,2.797,2.766,2.794,0.005,0.1793,104308.25,29028.567,2.789,2.797,2.766,2.794
20160707,510180.SH,2.794,2.793,2.817,2.785,2.802,0.008,0.2863,137587.75,38538.595,2.793,2.817,2.785,2.802
20160708,510180.SH,2.802,2.795,2.803,2.785,2.786,-0.016,-0.571,26507.5,7397.215,2.795,2.803,2.785,2.786
20160711,510180.SH,2.786,2.795,2.827,2.788,2.796,0.01,0.3589,239380.26,67430.478,2.795,2.827,2.788,2.796
20160712,510180.SH,2.796,2.79,2.862,2.79,2.862,0.066,2.3605,109830.39,31090.056,2.79,2.862,2.79,2.862
20160713,510180.SH,2.862,2.86,2.896,2.86,2.874,0.012,0.4193,264456.2,76273.504,2.86,2.896,2.86,2.874
20160714,510180.SH,2.874,2.868,2.874,2.85,2.868,-0.006,-0.2088,50440.75,14450.465,2.868,2.874,2.85,2.868
20160715,510180.SH,2.868,2.868,2.878,2.865,2.871,0.003,0.1046,58215.0,16722.793,2.868,2.878,2.865,2.871
20160718,510180.SH,2.871,2.865,2.878,2.854,2.868,-0.003,-0.1045,67329.01,19309.539,2.865,2.878,2.854,2.868
20160719,510180.SH,2.868,2.858,2.868,2.836,2.854,-0.014,-0.4881,51957.5,14781.483,2.858,2.868,2.836,2.854
20160720,510180.SH,2.854,2.854,2.855,2.838,2.84,-0.014,-0.4905,34715.84,9875.1,2.854,2.855,2.838,2.84
20160721,510180.SH,2.84,2.84,2.867,2.836,2.853,0.013,0.4577,52814.5,15092.373,2.84,2.867,2.836,2.853
20160722,510180.SH,2.853,2.853,2.853,2.826,2.83,-0.023,-0.8062,41776.42,11851.035,2.853,2.853,2.826,2.83
20160725,510180.SH,2.83,2.83,2.84,2.821,2.828,-0.002,-0.0707,49986.17,14155.295,2.83,2.84,2.821,2.828
20160726,510180.SH,2.828,2.828,2.865,2.828,2.864,0.036,1.273,52575.17,14980.116,2.828,2.865,2.828,2.864
20160727,510180.SH,2.864,2.863,2.878,2.767,2.836,-0.028,-0.9777,84171.04,23757.5,2.863,2.878,2.767,2.836
20160728,510180.SH,2.836,2.828,2.848,2.814,2.839,0.003,0.1058,43463.29,12313.826,2.828,2.848,2.814,2.839
20160729,510180.SH,2.839,2.839,2.844,2.821,2.823,-0.016,-0.5636,22256.32,6299.848,2.839,2.844,2.821,2.823
20160801,510180.SH,2.823,2.82,2.82,2.79,2.806,-0.017,-0.6022,33656.54,9444.591,2.82,2.82,2.79,2.806
20160802,510180.SH,2.806,2.806,2.821,2.797,2.81,0.004,0.1426,40034.79,11226.797,2.806,2.821,2.797,2.81
20160803,510180.SH,2.81,2.81,2.82,2.801,2.815,0.005,0.1779,20295.25,5711.312,2.81,2.82,2.801,2.815
20160804,510180.SH,2.815,2.815,2.815,2.794,2.814,-0.001,-0.0355,15027.79,4212.986,2.815,2.815,2.794,2.814
20160805,510180.SH,2.814,2.813,2.83,2.806,2.819,0.005,0.1777,16627.25,4688.275,2.813,2.83,2.806,2.819
20160808,510180.SH,2.819,2.814,2.84,2.803,2.839,0.02,0.7095,24053.48,6786.502,2.814,2.84,2.803,2.839
20160809,510180.SH,2.839,2.839,2.854,2.827,2.853,0.014,0.4931,19843.19,5640.427,2.839,2.854,2.827,2.853
20160810,510180.SH,2.853,2.854,2.862,2.844,2.85,-0.003,-0.1052,27241.73,7771.927,2.854,2.862,2.844,2.85
20160811,510180.SH,2.85,2.848,2.879,2.841,2.841,-0.009,-0.3158,34368.5,9833.422,2.848,2.879,2.841,2.841
20160812,510180.SH,2.841,2.834,2.903,2.834,2.902,0.061,2.1471,57120.5,16436.236,2.834,2.903,2.834,2.902
20160815,510180.SH,2.902,2.902,3.01,2.902,2.988,0.086,2.9635,166942.07,49624.149,2.902,3.01,2.902,2.988
20160816,510180.SH,2.988,2.984,3.005,2.95,2.969,-0.019,-0.6359,104769.04,31228.859,2.984,3.005,2.95,2.969
20160817,510180.SH,2.969,2.969,2.973,2.942,2.953,-0.016,-0.5389,44700.75,13204.634,2.969,2.973,2.942,2.953
20160818,510180.SH,2.953,2.953,2.989,2.938,2.946,-0.007,-0.237,35959.03,10630.781,2.953,2.989,2.938,2.946
20160819,510180.SH,2.946,2.945,2.96,2.934,2.955,0.009,0.3055,17684.07,5209.281,2.945,2.96,2.934,2.955
20160822,510180.SH,2.955,2.961,2.961,2.935,2.942,-0.013,-0.4399,104304.35,30765.411,2.961,2.961,2.935,2.942
20160823,510180.SH,2.942,2.942,2.955,2.922,2.937,-0.005,-0.17,56655.35,16646.735,2.942,2.955,2.922,2.937
20160824,510180.SH,2.937,2.935,2.942,2.918,2.923,-0.014,-0.4767,40093.75,11751.835,2.935,2.942,2.918,2.923
20160825,510180.SH,2.923,2.919,2.919,2.889,2.91,-0.013,-0.4447,32762.76,9511.384,2.919,2.919,2.889,2.91
20160826,510180.SH,2.91,2.912,2.925,2.9,2.908,-0.002,-0.0687,81886.25,23871.201,2.912,2.925,2.9,2.908
20160829,510180.SH,2.908,2.908,2.912,2.897,2.9,-0.008,-0.2751,39612.5,11494.739,2.908,2.912,2.897,2.9
20160830,510180.SH,2.9,2.9,2.916,2.9,2.906,0.006,0.2069,118256.51,34354.818,2.9,2.916,2.9,2.906
20160831,510180.SH,2.906,2.907,2.928,2.903,2.918,0.012,0.4129,59450.01,17328.225,2.907,2.928,2.903,2.918
20160901,510180.SH,2.918,2.922,2.922,2.899,2.9,-0.018,-0.6169,46810.25,13628.868,2.922,2.922,2.899,2.9
20160902,510180.SH,2.9,2.899,2.915,2.894,2.915,0.015,0.5172,116770.0,33903.093,2.899,2.915,2.894,2.915
20160905,510180.SH,2.915,2.915,2.93,2.91,2.917,0.002,0.0686,143945.78,42021.501,2.915,2.93,2.91,2.917
20160906,510180.SH,2.917,2.918,2.936,2.895,2.929,0.012,0.4114,133500.69,38951.142,2.918,2.936,2.895,2.929
20160907,510180.SH,2.929,2.93,2.944,2.924,2.932,0.003,0.1024,58114.32,17059.168,2.93,2.944,2.924,2.932
20160908,510180.SH,2.932,2.925,2.933,2.92,2.929,-0.003,-0.1023,18594.25,5441.507,2.925,2.933,2.92,2.929
20160909,510180.SH,2.929,2.928,2.933,2.92,2.92,-0.009,-0.3073,22893.04,6702.163,2.928,2.933,2.92,2.92
20160912,510180.SH,2.92,2.896,2.896,2.83,2.876,-0.044,-1.5068,51713.5,14807.637,2.896,2.896,2.83,2.876
20160913,510180.SH,2.876,2.88,2.885,2.856,2.866,-0.01,-0.3477,23730.0,6802.396,2.88,2.885,2.856,2.866
20160914,510180.SH,2.866,2.866,2.866,2.84,2.85,-0.016,-0.5583,24451.25,6967.079,2.866,2.866,2.84,2.85
20160919,510180.SH,2.85,2.85,2.865,2.85,2.864,0.014,0.4912,21053.5,6019.658,2.85,2.865,2.85,2.864
20160920,510180.SH,2.864,2.86,2.87,2.858,2.864,0.0,0.0,13122.5,3756.274,2.86,2.87,2.858,2.864
20160921,510180.SH,2.864,2.864,2.87,2.859,2.866,0.002,0.0698,34018.51,9748.617,2.864,2.87,2.859,2.866
20160922,510180.SH,2.866,2.868,2.898,2.868,2.884,0.018,0.6281,17867.79,5157.61,2.868,2.898,2.868,2.884
20160923,510180.SH,2.884,2.884,2.91,2.871,2.876,-0.008,-0.2774,54371.35,15674.328,2.884,2.91,2.871,2.876
20160926,510180.SH,2.876,2.873,2.873,2.831,2.839,-0.037,-1.2865,36910.53,10514.585,2.873,2.873,2.831,2.839
20160927,510180.SH,2.839,2.837,2.848,2.825,2.847,0.008,0.2818,55866.53,15852.561,2.837,2.848,2.825,2.847
20160928,510180.SH,2.847,2.847,2.847,2.833,2.834,-0.013,-0.4566,14397.51,4088.056,2.847,2.847,2.833,2.834
20160929,510180.SH,2.834,2.837,2.866,2.832,2.846,0.012,0.4234,52042.58,14828.932,2.837,2.866,2.832,2.846
20160930,510180.SH,2.846,2.846,2.855,2.844,2.85,0.004,0.1405,39794.0,11344.105,2.846,2.855,2.844,2.85
20161010,510180.SH,2.85,2.87,2.885,2.857,2.883,0.033,1.1579,45337.25,13015.91,2.87,2.885,2.857,2.883
20161011,510180.SH,2.883,2.886,2.896,2.884,2.894,0.011,0.3815,59338.0,17158.479,2.886,2.896,2.884,2.894
20161012,510180.SH,2.894,2.894,2.894,2.881,2.888,-0.006,-0.2073,71540.92,20642.086,2.894,2.894,2.881,2.888
20161013,510180.SH,2.888,2.888,2.898,2.882,2.887,-0.001,-0.0346,64451.71,18606.978,2.888,2.898,2.882,2.887
20161014,510180.SH,2.887,2.885,2.896,2.877,2.892,0.005,0.1732,68737.74,19826.674,2.885,2.896,2.877,2.892
20161017,510180.SH,2.892,2.893,2.896,2.868,2.873,-0.019,-0.657,75482.0,21780.874,2.893,2.896,2.868,2.873
20161018,510180.SH,2.873,2.869,2.917,2.869,2.915,0.042,1.4619,424121.78,122822.486,2.869,2.917,2.869,2.915
20161019,510180.SH,2.915,2.916,2.922,2.902,2.908,-0.007,-0.2401,141488.25,41221.08,2.916,2.922,2.902,2.908
20161020,510180.SH,2.908,2.907,2.915,2.902,2.907,-0.001,-0.0344,55210.2,16056.647,2.907,2.915,2.902,2.907
20161021,510180.SH,2.907,2.902,2.936,2.902,2.922,0.015,0.516,84714.95,24718.79,2.902,2.936,2.902,2.922
20161024,510180.SH,2.922,2.92,2.977,2.92,2.961,0.039,1.3347,109581.0,32384.958,2.92,2.977,2.92,2.961
20161025,510180.SH,2.961,2.961,2.966,2.946,2.961,0.0,0.0,194122.78,57272.748,2.961,2.966,2.946,2.961
20161026,510180.SH,2.961,2.954,2.957,2.944,2.948,-0.013,-0.439,52695.28,15551.106,2.954,2.957,2.944,2.948
20161027,510180.SH,2.948,2.947,2.947,2.933,2.937,-0.011,-0.3731,45803.64,13455.141,2.947,2.947,2.933,2.937
20161028,510180.SH,2.937,2.937,2.962,2.933,2.936,-0.001,-0.034,106352.2,31385.921,2.937,2.962,2.933,2.936
20161031,510180.SH,2.936,2.937,2.937,2.916,2.931,-0.005,-0.1703,135414.28,39579.429,2.937,2.937,2.916,2.931
20161101,510180.SH,2.931,2.936,2.948,2.927,2.947,0.016,0.5459,67147.5,19718.362,2.936,2.948,2.927,2.947
20161102,510180.SH,2.947,2.946,2.947,2.927,2.93,-0.017,-0.5769,45481.0,13347.801,2.946,2.947,2.927,2.93
20161103,510180.SH,2.93,2.93,2.975,2.92,2.961,0.031,1.058,157917.0,46776.133,2.93,2.975,2.92,2.961
20161104,510180.SH,2.961,2.96,2.971,2.949,2.953,-0.008,-0.2702,51761.03,15315.909,2.96,2.971,2.949,2.953
20161107,510180.SH,2.953,2.953,2.962,2.946,2.956,0.003,0.1016,68778.43,20324.621,2.953,2.962,2.946,2.956
20161108,510180.SH,2.956,2.958,2.98,2.958,2.966,0.01,0.3383,76236.21,22631.07,2.958,2.98,2.958,2.966
20161109,510180.SH,2.966,2.965,2.965,2.924,2.95,-0.016,-0.5394,104055.95,30660.868,2.965,2.965,2.924,2.95
20161110,510180.SH,2.95,2.959,2.988,2.959,2.98,0.03,1.0169,133536.45,39772.808,2.959,2.988,2.959,2.98
20161111,510180.SH,2.98,2.973,3.016,2.973,3.01,0.03,1.0067,139365.63,41754.028,2.973,3.016,2.973,3.01
20161114,510180.SH,3.01,3.008,3.047,2.994,3.023,0.013,0.4319,189787.53,57436.267,3.008,3.047,2.994,3.023
20161115,510180.SH,3.023,3.022,3.026,3.007,3.016,-0.007,-0.2316,134970.88,40694.333,3.022,3.026,3.007,3.016
20161116,510180.SH,3.016,3.016,3.02,3.005,3.013,-0.003,-0.0995,47694.51,14364.703,3.016,3.02,3.005,3.013
20161117,510180.SH,3.013,3.009,3.025,3.001,3.023,0.01,0.3319,84105.01,25343.597,3.009,3.025,3.001,3.023
20161118,510180.SH,3.023,3.026,3.027,3.005,3.007,-0.016,-0.5293,35810.5,10798.853,3.026,3.027,3.005,3.007
20161121,510180.SH,3.007,3.006,3.054,2.997,3.034,0.027,0.8979,139512.25,42294.975,3.006,3.054,2.997,3.034
20161122,510180.SH,3.034,3.032,3.062,3.032,3.058,0.024,0.791,127612.0,38948.306,3.032,3.062,3.032,3.058
20161123,510180.SH,3.058,3.06,3.081,3.057,3.062,0.004,0.1308,123226.76,37834.916,3.06,3.081,3.057,3.062
20161124,510180.SH,3.062,3.06,3.096,3.055,3.077,0.015,0.4899,93157.3,28651.994,3.06,3.096,3.055,3.077
20161125,510180.SH,3.077,3.076,3.114,3.057,3.113,0.036,1.17,211378.71,65140.229,3.076,3.114,3.057,3.113
20161128,510180.SH,3.113,3.12,3.141,3.109,3.127,0.014,0.4497,129142.27,40413.162,3.12,3.141,3.109,3.127
20161129,510180.SH,3.127,3.126,3.169,3.109,3.15,0.023,0.7355,114712.85,36054.448,3.126,3.169,3.109,3.15
20161130,510180.SH,3.15,3.145,3.151,3.113,3.12,-0.03,-0.9524,92454.75,28933.723,3.145,3.151,3.113,3.12
20161201,510180.SH,3.12,3.124,3.155,3.124,3.143,0.023,0.7372,85168.75,26734.994,3.124,3.155,3.124,3.143
20161202,510180.SH,3.143,3.146,3.146,3.105,3.115,-0.028,-0.8909,110471.34,34469.003,3.146,3.146,3.105,3.115
20161205,510180.SH,3.115,3.099,3.099,3.059,3.069,-0.046,-1.4767,122004.25,37474.318,3.099,3.099,3.059,3.069
20161206,510180.SH,3.069,3.06,3.077,3.058,3.061,-0.008,-0.2607,79504.83,24362.071,3.06,3.077,3.058,3.061
20161207,510180.SH,3.061,3.061,3.08,3.049,3.077,0.016,0.5227,57162.73,17507.461,3.061,3.08,3.049,3.077
20161208,510180.SH,3.077,3.08,3.1,3.065,3.068,-0.009,-0.2925,87120.13,26812.318,3.08,3.1,3.065,3.068
20161209,510180.SH,3.068,3.068,3.108,3.06,3.101,0.033,1.0756,132825.07,41019.128,3.068,3.108,3.06,3.101
20161212,510180.SH,3.101,3.101,3.109,3.037,3.056,-0.045,-1.4511,172356.16,52735.3,3.101,3.109,3.037,3.056
20161213,510180.SH,3.056,3.048,3.05,3.015,3.038,-0.018,-0.589,87381.5,26507.186,3.048,3.05,3.015,3.038
20161214,510180.SH,3.038,3.038,3.049,3.019,3.023,-0.015,-0.4937,58396.66,17728.143,3.038,3.049,3.019,3.023
20161215,510180.SH,3.023,3.023,3.023,2.967,2.973,-0.05,-1.654,94872.0,28328.66,3.023,3.023,2.967,2.973
20161216,510180.SH,2.973,2.973,2.985,2.964,2.972,-0.001,-0.0336,50284.75,14950.565,2.973,2.985,2.964,2.972
20161219,510180.SH,2.972,2.972,2.973,2.952,2.96,-0.012,-0.4038,35876.0,10625.905,2.972,2.973,2.952,2.96
20161220,510180.SH,2.96,2.96,2.96,2.922,2.94,-0.02,-0.6757,79672.5,23402.051,2.96,2.96,2.922,2.94
20161221,510180.SH,2.94,2.945,2.976,2.945,2.97,0.03,1.0204,151813.0,44960.184,2.945,2.976,2.945,2.97
20161222,510180.SH,2.97,2.97,2.973,2.953,2.963,-0.007,-0.2357,52361.0,15520.524,2.97,2.973,2.953,2.963
20161223,510180.SH,2.963,2.962,2.963,2.939,2.943,-0.02,-0.675,41922.7,12350.061,2.962,2.963,2.939,2.943
20161226,510180.SH,2.943,2.939,2.97,2.911,2.968,0.025,0.8495,105860.58,31103.525,2.939,2.97,2.911,2.968
20161227,510180.SH,2.968,2.965,2.968,2.953,2.955,-0.013,-0.438,60585.51,17934.5,2.965,2.968,2.953,2.955
20161228,510180.SH,2.955,2.953,2.958,2.933,2.94,-0.015,-0.5076,57279.75,16848.041,2.953,2.958,2.933,2.94
20161229,510180.SH,2.94,2.939,2.948,2.928,2.939,-0.001,-0.034,47811.75,14038.898,2.939,2.948,2.928,2.939
20161230,510180.SH,2.939,2.945,2.95,2.935,2.946,0.007,0.2382,22676.5,6678.284,2.945,2.95,2.935,2.946
20170103,510180.SH,2.946,2.946,2.983,2.946,2.976,0.03,1.0183,63709.01,18936.03,2.946,2.983,2.946,2.976
20170104,510180.SH,2.976,2.976,2.999,2.971,2.999,0.023,0.7728,75093.64,22432.728,2.976,2.999,2.971,2.999
20170105,510180.SH,2.999,2.993,3.001,2.988,2.996,-0.003,-0.1,39051.75,11698.941,2.993,3.001,2.988,2.996
20170106,510180.SH,2.996,2.985,3.001,2.985,2.986,-0.01,-0.3338,44325.25,13251.243,2.985,3.001,2.985,2.986
20170109,510180.SH,2.986,2.985,3.003,2.981,3.0,0.014,0.4689,33529.75,10044.976,2.985,3.003,2.981,3.0
20170110,510180.SH,3.0,3.0,3.003,2.99,2.993,-0.007,-0.2333,28150.5,8435.225,3.0,3.003,2.99,2.993
20170111,510180.SH,2.993,2.993,3.0,2.974,2.978,-0.015,-0.5012,48223.66,14393.323,2.993,3.0,2.974,2.978
20170112,510180.SH,2.978,2.978,2.984,2.962,2.965,-0.013,-0.4365,51601.91,15358.937,2.978,2.984,2.962,2.965
20170113,510180.SH,2.965,2.963,2.98,2.956,2.97,0.005,0.1686,37186.75,11033.476,2.963,2.98,2.956,2.97
20170116,510180.SH,2.97,2.965,3.006,2.94,3.001,0.031,1.0438,98137.95,29134.222,2.965,3.006,2.94,3.001
20170117,510180.SH,3.001,2.99,2.996,2.975,2.993,-0.008,-0.2666,101976.19,30476.652,2.99,2.996,2.975,2.993
20170118,510180.SH,2.993,2.993,3.015,2.991,3.009,0.016,0.5346,71164.86,21406.311,2.993,3.015,2.991,3.009
20170119,510180.SH,3.009,3.002,3.015,2.993,2.996,-0.013,-0.432,38663.5,11619.428,3.002,3.015,2.993,2.996
20170120,510180.SH,2.996,2.996,3.019,2.996,3.016,0.02,0.6676,77027.5,23191.352,2.996,3.019,2.996,3.016
20170123,510180.SH,3.016,3.016,3.038,3.015,3.023,0.007,0.2321,52849.5,16012.438,3.016,3.038,3.015,3.023
20170124,510180.SH,3.023,3.023,3.033,3.016,3.025,0.002,0.0662,30777.5,9306.547,3.023,3.033,3.016,3.025
20170125,510180.SH,3.025,3.025,3.035,3.018,3.031,0.006,0.1983,40354.25,12217.819,3.025,3.035,3.018,3.031
20170126,510180.SH,3.031,3.035,3.05,3.035,3.046,0.015,0.4949,65002.0,19787.877,3.035,3.05,3.035,3.046
20170203,510180.SH,3.046,3.045,3.048,3.018,3.019,-0.027,-0.8864,39689.0,12016.276,3.045,3.048,3.018,3.019
20170206,510180.SH,3.019,3.015,3.036,3.015,3.027,0.008,0.265,50877.01,15383.096,3.015,3.036,3.015,3.027
20170207,510180.SH,3.027,3.02,3.029,3.011,3.021,-0.006,-0.1982,20719.5,6254.875,3.02,3.029,3.011,3.021
20170208,510180.SH,3.021,3.022,3.033,3.004,3.033,0.012,0.3972,37360.51,11275.759,3.022,3.033,3.004,3.033
20170209,510180.SH,3.033,3.033,3.053,3.03,3.046,0.013,0.4286,64584.21,19661.103,3.033,3.053,3.03,3.046
20170210,510180.SH,3.046,3.048,3.068,3.045,3.062,0.016,0.5253,93721.34,28650.836,3.048,3.068,3.045,3.062
20170213,510180.SH,3.062,3.064,3.082,3.064,3.077,0.015,0.4899,342538.25,105317.144,3.064,3.082,3.064,3.077
20170214,510180.SH,3.077,3.075,3.078,3.066,3.074,-0.003,-0.0975,215743.75,66284.651,3.075,3.078,3.066,3.074
20170215,510180.SH,3.074,3.068,3.089,3.062,3.066,-0.008,-0.2602,151500.04,46645.679,3.068,3.089,3.062,3.066
20170216,510180.SH,3.066,3.065,3.079,3.065,3.079,0.013,0.424,69438.53,21334.141,3.065,3.079,3.065,3.079
20170217,510180.SH,3.079,3.078,3.09,3.058,3.06,-0.019,-0.6171,135327.68,41554.878,3.078,3.09,3.058,3.06
20170220,510180.SH,3.06,3.054,3.1,3.054,3.099,0.039,1.2745,161983.0,49970.874,3.054,3.1,3.054,3.099
20170221,510180.SH,3.099,3.099,3.118,3.099,3.107,0.008,0.2581,112308.5,34900.65,3.099,3.118,3.099,3.107
20170222,510180.SH,3.107,3.108,3.114,3.099,3.113,0.006,0.1931,59829.75,18596.562,3.108,3.114,3.099,3.113
20170223,510180.SH,3.113,3.109,3.118,3.086,3.099,-0.014,-0.4497,95055.0,29473.752,3.109,3.118,3.086,3.099
20170224,510180.SH,3.099,3.091,3.1,3.081,3.097,-0.002,-0.0645,109853.0,33946.985,3.091,3.1,3.081,3.097
20170227,510180.SH,3.097,3.099,3.099,3.071,3.074,-0.023,-0.7427,92950.76,28690.107,3.099,3.099,3.071,3.074
20170228,510180.SH,3.074,3.073,3.088,3.07,3.081,0.007,0.2277,56121.22,17276.707,3.073,3.088,3.07,3.081
20170301,510180.SH,3.081,3.081,3.095,3.075,3.082,0.001,0.0325,141547.26,43696.161,3.081,3.095,3.075,3.082
20170302,510180.SH,3.082,3.082,3.092,3.058,3.059,-0.023,-0.7463,71868.72,22098.747,3.082,3.092,3.058,3.059
20170303,510180.SH,3.059,3.056,3.056,3.04,3.05,-0.009,-0.2942,85342.26,26003.409,3.056,3.056,3.04,3.05
20170306,510180.SH,3.05,3.05,3.062,3.047,3.058,0.008,0.2623,78459.51,23973.188,3.05,3.062,3.047,3.058
20170307,510180.SH,3.058,3.052,3.062,3.051,3.061,0.003,0.0981,50959.77,15574.432,3.052,3.062,3.051,3.061
20170308,510180.SH,3.061,3.054,3.067,3.054,3.061,0.0,0.0,42197.26,12918.679,3.054,3.067,3.054,3.061
20170309,510180.SH,3.061,3.054,3.055,3.031,3.043,-0.018,-0.588,47527.5,14453.1,3.054,3.055,3.031,3.043
20170310,510180.SH,3.043,3.043,3.048,3.035,3.037,-0.006,-0.1972,86823.77,26388.427,3.043,3.048,3.035,3.037
20170313,510180.SH,3.037,3.037,3.064,3.025,3.063,0.026,0.8561,115860.52,35371.221,3.037,3.064,3.025,3.063
20170314,510180.SH,3.063,3.06,3.067,3.054,3.062,-0.001,-0.0326,37676.75,11539.487,3.06,3.067,3.054,3.062
20170315,510180.SH,3.062,3.054,3.069,3.053,3.068,0.006,0.196,53750.5,16454.264,3.054,3.069,3.053,3.068
20170316,510180.SH,3.068,3.073,3.093,3.073,3.087,0.019,0.6193,95971.0,29610.574,3.073,3.093,3.073,3.087
20170317,510180.SH,3.087,3.085,3.088,3.045,3.054,-0.033,-1.069,54840.0,16838.205,3.085,3.088,3.045,3.054
20170320,510180.SH,3.054,3.051,3.06,3.04,3.054,0.0,0.0,232146.0,70852.282,3.051,3.06,3.04,3.054
20170321,510180.SH,3.054,3.054,3.063,3.051,3.062,0.008,0.262,94896.75,29021.328,3.054,3.063,3.051,3.062
20170322,510180.SH,3.062,3.046,3.06,3.036,3.042,-0.02,-0.6532,71887.0,21904.95,3.046,3.06,3.036,3.042
20170323,510180.SH,3.042,3.046,3.065,3.032,3.05,0.008,0.263,90194.26,27515.194,3.046,3.065,3.032,3.05
20170324,510180.SH,3.05,3.05,3.088,3.047,3.08,0.03,0.9836,149250.76,45687.969,3.05,3.088,3.047,3.08
20170327,510180.SH,3.08,3.075,3.094,3.07,3.074,-0.006,-0.1948,161622.5,49797.717,3.075,3.094,3.07,3.074
20170328,510180.SH,3.074,3.072,3.074,3.057,3.062,-0.012,-0.3904,108035.75,33125.678,3.072,3.074,3.057,3.062
20170329,510180.SH,3.062,3.066,3.075,3.053,3.062,0.0,0.0,138958.53,42560.623,3.066,3.075,3.053,3.062
20170330,510180.SH,3.062,3.06,3.062,3.031,3.043,-0.019,-0.6205,170262.04,51828.033,3.06,3.062,3.031,3.043
20170331,510180.SH,3.043,3.043,3.057,3.036,3.057,0.014,0.4601,129598.28,39540.608,3.043,3.057,3.036,3.057
20170405,510180.SH,3.057,3.075,3.103,3.07,3.102,0.045,1.472,204279.82,63019.731,3.075,3.103,3.07,3.102
20170406,510180.SH,3.102,3.103,3.113,3.089,3.106,0.004,0.1289,114812.52,35609.132,3.103,3.113,3.089,3.106
20170407,510180.SH,3.106,3.107,3.118,3.097,3.109,0.003,0.0966,79244.76,24618.511,3.107,3.118,3.097,3.109
20170410,510180.SH,3.109,3.108,3.114,3.098,3.102,-0.007,-0.2252,124272.02,38571.622,3.108,3.114,3.098,3.102
20170411,510180.SH,3.102,3.101,3.117,3.076,3.113,0.011,0.3546,91420.32,28276.865,3.101,3.117,3.076,3.113
20170412,510180.SH,3.113,3.114,3.114,3.088,3.101,-0.012,-0.3855,88708.6,27536.291,3.114,3.114,3.088,3.101
20170413,510180.SH,3.101,3.1,3.104,3.092,3.099,-0.002,-0.0645,75500.07,23390.676,3.1,3.104,3.092,3.099
20170414,510180.SH,3.099,3.099,3.101,3.072,3.079,-0.02,-0.6454,118541.75,36585.304,3.099,3.101,3.072,3.079
20170417,510180.SH,3.079,3.076,3.076,3.051,3.075,-0.004,-0.1299,123328.52,37783.63,3.076,3.076,3.051,3.075
20170418,510180.SH,3.075,3.07,3.074,3.054,3.055,-0.02,-0.6504,98199.65,30100.648,3.07,3.074,3.054,3.055
20170419,510180.SH,3.055,3.053,3.053,3.015,3.033,-0.022,-0.7201,151568.0,45952.668,3.053,3.053,3.015,3.033
20170420,510180.SH,3.033,3.026,3.046,3.022,3.045,0.012,0.3956,60100.15,18252.626,3.026,3.046,3.022,3.045
20170421,510180.SH,3.045,3.046,3.061,3.041,3.059,0.014,0.4598,103208.76,31471.319,3.046,3.061,3.041,3.059
20170424,510180.SH,3.059,3.056,3.056,3.012,3.041,-0.018,-0.5884,139351.39,42163.343,3.056,3.056,3.012,3.041
20170425,510180.SH,3.041,3.04,3.044,3.026,3.038,-0.003,-0.0987,96595.31,29341.016,3.04,3.044,3.026,3.038
20170426,510180.SH,3.038,3.034,3.054,3.031,3.04,0.002,0.0658,83605.76,25444.062,3.034,3.054,3.031,3.04
20170427,510180.SH,3.04,3.038,3.039,3.008,3.037,-0.003,-0.0987,139437.0,42106.252,3.038,3.039,3.008,3.037
20170428,510180.SH,3.037,3.037,3.037,3.019,3.034,-0.003,-0.0988,49415.0,14955.161,3.037,3.037,3.019,3.034
20170502,510180.SH,3.034,3.03,3.037,3.02,3.023,-0.011,-0.3626,54671.25,16549.832,3.03,3.037,3.02,3.023
20170503,510180.SH,3.023,3.02,3.025,3.005,3.015,-0.008,-0.2646,95228.52,28712.64,3.02,3.025,3.005,3.015
20170504,510180.SH,3.015,3.009,3.015,2.993,3.0,-0.015,-0.4975,125136.27,37547.347,3.009,3.015,2.993,3.0
20170505,510180.SH,3.0,2.996,2.996,2.969,2.992,-0.008,-0.2667,118692.75,35412.842,2.996,2.996,2.969,2.992
20170508,510180.SH,2.992,2.99,2.992,2.965,2.99,-0.002,-0.0668,130674.27,38906.432,2.99,2.992,2.965,2.99
20170509,510180.SH,2.99,2.98,2.988,2.968,2.978,-0.012,-0.4013,79373.75,23636.226,2.98,2.988,2.968,2.978
20170510,510180.SH,2.978,2.978,2.994,2.969,2.971,-0.007,-0.2351,88352.55,26350.692,2.978,2.994,2.969,2.971
20170511,510180.SH,2.971,2.965,2.988,2.955,2.982,0.011,0.3702,75337.44,22379.023,2.965,2.988,2.955,2.982
20170512,510180.SH,2.982,2.982,3.018,2.978,3.012,0.03,1.006,138294.67,41567.465,2.982,3.018,2.978,3.012
20170515,510180.SH,3.012,3.02,3.034,3.02,3.024,0.012,0.3984,63015.79,19069.019,3.02,3.034,3.02,3.024
20170516,510180.SH,3.024,3.024,3.035,2.999,3.035,0.011,0.3638,122285.6,36840.754,3.024,3.035,2.999,3.035
20170517,510180.SH,3.035,3.031,3.037,3.015,3.017,-0.018,-0.5931,50122.67,15152.879,3.031,3.037,3.015,3.017
20170518,510180.SH,3.017,3.013,3.014,2.999,3.007,-0.01,-0.3315,57404.1,17260.658,3.013,3.014,2.999,3.007
20170519,510180.SH,3.007,3.006,3.012,3.001,3.007,0.0,0.0,43868.79,13193.238,3.006,3.012,3.001,3.007
20170522,510180.SH,3.007,3.005,3.032,3.001,3.021,0.014,0.4656,60926.37,18371.978,3.005,3.032,3.001,3.021
20170523,510180.SH,3.021,3.017,3.046,3.015,3.044,0.023,0.7613,87012.94,26408.206,3.017,3.046,3.015,3.044
20170524,510180.SH,3.044,3.04,3.041,3.014,3.041,-0.003,-0.0986,61298.5,18536.845,3.04,3.041,3.014,3.041
20170525,510180.SH,3.041,3.034,3.111,3.034,3.11,0.069,2.269,186554.5,57531.293,3.034,3.111,3.034,3.11
20170526,510180.SH,3.11,3.095,3.121,3.095,3.107,-0.003,-0.0965,79502.5,24716.809,3.095,3.121,3.095,3.107
20170531,510180.SH,3.107,3.124,3.142,3.101,3.115,0.008,0.2575,75687.24,23604.712,3.124,3.142,3.101,3.115
20170601,510180.SH,3.115,3.117,3.132,3.104,3.13,0.015,0.4815,70403.76,21968.486,3.117,3.132,3.104,3.13
20170602,510180.SH,3.13,3.131,3.134,3.108,3.115,-0.015,-0.4792,31138.0,9704.17,3.131,3.134,3.108,3.115
20170605,510180.SH,3.115,3.115,3.115,3.088,3.092,-0.023,-0.7384,51319.6,15871.672,3.115,3.115,3.088,3.092
20170606,510180.SH,3.092,3.088,3.107,3.086,3.106,0.014,0.4528,58321.71,18045.827,3.088,3.107,3.086,3.106
20170607,510180.SH,3.106,3.108,3.138,3.107,3.136,0.03,0.9659,97648.5,30551.776,3.108,3.138,3.107,3.136
20170608,510180.SH,3.136,3.136,3.161,3.127,3.16,0.024,0.7653,138059.25,43390.795,3.136,3.161,3.127,3.16
20170609,510180.SH,3.16,3.155,3.193,3.153,3.179,0.019,0.6013,122623.51,39000.149,3.155,3.193,3.153,3.179
20170612,510180.SH,3.179,3.179,3.2,3.163,3.168,-0.011,-0.346,105001.26,33455.629,3.179,3.2,3.163,3.168
20170613,510180.SH,3.168,3.16,3.176,3.152,3.175,0.007,0.221,75425.84,23887.08,3.16,3.176,3.152,3.175
20170614,510180.SH,3.175,3.17,3.17,3.138,3.143,-0.032,-1.0079,53599.0,16897.381,3.17,3.17,3.138,3.143
20170615,510180.SH,3.143,3.141,3.15,3.122,3.13,-0.013,-0.4136,70139.35,21977.081,3.141,3.15,3.122,3.13
20170616,510180.SH,3.13,3.131,3.142,3.124,3.127,-0.003,-0.0958,49746.75,15594.624,3.131,3.142,3.124,3.127
20170619,510180.SH,3.127,3.127,3.162,3.127,3.158,0.031,0.9914,87495.35,27579.992,3.127,3.162,3.127,3.158
20170620,510180.SH,3.158,3.155,3.168,3.145,3.151,-0.007,-0.2217,59840.15,18861.449,3.155,3.168,3.145,3.151
20170621,510180.SH,3.151,3.167,3.179,3.147,3.179,0.028,0.8886,85075.16,26900.39,3.167,3.179,3.147,3.179
20170622,510180.SH,3.179,3.178,3.227,3.169,3.194,0.015,0.4718,128974.51,41322.619,3.178,3.227,3.169,3.194
20170623,510180.SH,3.194,3.182,3.208,3.167,3.206,0.012,0.3757,67952.36,21642.172,3.182,3.208,3.167,3.206
20170626,510180.SH,3.206,3.206,3.245,3.205,3.235,0.029,0.9046,79866.52,25841.006,3.206,3.245,3.205,3.235
20170627,510180.SH,3.235,3.235,3.249,3.223,3.245,0.01,0.3091,39279.05,12705.213,3.235,3.249,3.223,3.245
20170628,510180.SH,3.245,3.243,3.252,3.225,3.228,-0.017,-0.5239,41708.25,13495.448,3.243,3.252,3.225,3.228
20170629,510180.SH,3.228,3.23,3.248,3.224,3.247,0.019,0.5886,74094.22,23995.398,3.23,3.248,3.224,3.247
20170630,510180.SH,3.247,3.241,3.248,3.228,3.245,-0.002,-0.0616,68986.76,22341.712,3.241,3.248,3.228,3.245
20170703,510180.SH,3.245,3.245,3.245,3.222,3.235,-0.01,-0.3082,54854.01,17744.271,3.245,3.245,3.222,3.235
20170704,510180.SH,3.235,3.235,3.235,3.206,3.211,-0.024,-0.7419,84930.31,27294.576,3.235,3.235,3.206,3.211
20170705,510180.SH,3.211,3.213,3.249,3.206,3.247,0.036,1.1211,121483.01,39206.763,3.213,3.249,3.206,3.247
20170706,510180.SH,3.247,3.247,3.261,3.228,3.255,0.008,0.2464,139896.51,45405.383,3.247,3.261,3.228,3.255
20170707,510180.SH,3.255,3.25,3.259,3.231,3.257,0.002,0.0614,53046.25,17211.235,3.25,3.259,3.231,3.257
20170710,510180.SH,3.257,3.255,3.274,3.245,3.265,0.008,0.2456,63188.26,20621.82,3.255,3.274,3.245,3.265
20170711,510180.SH,3.265,3.255,3.309,3.255,3.281,0.016,0.49,112509.83,36954.337,3.255,3.309,3.255,3.281
20170712,510180.SH,3.281,3.28,3.308,3.26,3.272,-0.009,-0.2743,63912.0,21011.223,3.28,3.308,3.26,3.272
20170713,510180.SH,3.272,3.272,3.313,3.272,3.313,0.041,1.2531,84544.0,27878.032,3.272,3.313,3.272,3.313
20170714,510180.SH,3.313,3.315,3.339,3.307,3.337,0.024,0.7244,98560.97,32731.709,3.315,3.339,3.307,3.337
20170717,510180.SH,3.337,3.336,3.366,3.276,3.319,-0.018,-0.5394,165504.01,55052.579,3.336,3.366,3.276,3.319
20170718,510180.SH,3.319,3.31,3.328,3.284,3.32,0.001,0.0301,140099.54,46325.411,3.31,3.328,3.284,3.32
20170719,510180.SH,3.32,3.315,3.382,3.315,3.382,0.062,1.8675,109818.04,36824.601,3.315,3.382,3.315,3.382
20170720,510180.SH,3.382,3.38,3.393,3.368,3.389,0.007,0.207,83388.25,28208.398,3.38,3.393,3.368,3.389
20170721,510180.SH,3.389,3.382,3.389,3.367,3.373,-0.016,-0.4721,48650.75,16437.969,3.382,3.389,3.367,3.373
20170724,510180.SH,3.373,3.371,3.399,3.36,3.388,0.015,0.4447,66464.93,22515.183,3.371,3.399,3.36,3.388
20170725,510180.SH,3.388,3.386,3.396,3.362,3.367,-0.021,-0.6198,77848.43,26316.161,3.386,3.396,3.362,3.367
20170726,510180.SH,3.367,3.367,3.393,3.343,3.363,-0.004,-0.1188,139240.94,46765.903,3.367,3.393,3.343,3.363
20170727,510180.SH,3.363,3.362,3.371,3.333,3.367,0.004,0.1189,64685.5,21684.52,3.362,3.371,3.333,3.367
20170728,510180.SH,3.367,3.369,3.377,3.345,3.368,0.001,0.0297,73101.5,24592.414,3.369,3.377,3.345,3.368
20170731,510180.SH,3.368,3.37,3.397,3.366,3.386,0.018,0.5344,68863.6,23301.188,3.37,3.397,3.366,3.386
20170801,510180.SH,3.386,3.381,3.424,3.381,3.423,0.037,1.0927,63867.0,21775.928,3.381,3.424,3.381,3.423
20170802,510180.SH,3.423,3.421,3.446,3.419,3.424,0.001,0.0292,86251.54,29608.46,3.421,3.446,3.419,3.424
20170803,510180.SH,3.424,3.424,3.434,3.392,3.395,-0.029,-0.847,65935.51,22482.192,3.424,3.434,3.392,3.395
20170804,510180.SH,3.395,3.395,3.41,3.375,3.375,-0.02,-0.5891,97363.0,33061.977,3.395,3.41,3.375,3.375
20170807,510180.SH,3.375,3.385,3.403,3.361,3.393,0.018,0.5333,74371.87,25155.007,3.385,3.403,3.361,3.393
20170808,510180.SH,3.393,3.396,3.402,3.382,3.393,0.0,0.0,68525.61,23244.739,3.396,3.402,3.382,3.393
20170809,510180.SH,3.393,3.396,3.396,3.381,3.385,-0.008,-0.2358,62496.5,21167.944,3.396,3.396,3.381,3.385
20170810,510180.SH,3.385,3.385,3.396,3.347,3.372,-0.013,-0.384,121755.71,41035.751,3.385,3.396,3.347,3.372
20170811,510180.SH,3.372,3.355,3.357,3.31,3.313,-0.059,-1.7497,259768.5,86533.13,3.355,3.357,3.31,3.313
20170814,510180.SH,3.313,3.305,3.355,3.305,3.347,0.034,1.0263,152446.59,50863.399,3.305,3.355,3.305,3.347
20170815,510180.SH,3.347,3.345,3.375,3.345,3.358,0.011,0.3287,112377.17,37774.094,3.345,3.375,3.345,3.358
20170816,510180.SH,3.358,3.358,3.358,3.333,3.351,-0.007,-0.2085,123238.0,41219.113,3.358,3.358,3.333,3.351
20170817,510180.SH,3.351,3.351,3.371,3.351,3.368,0.017,0.5073,103684.92,34879.013,3.351,3.371,3.351,3.368
20170818,510180.SH,3.368,3.373,3.387,3.355,3.38,0.012,0.3563,75235.67,25364.128,3.373,3.387,3.355,3.38
20170821,510180.SH,3.38,3.38,3.393,3.374,3.386,0.006,0.1775,80825.75,27336.543,3.38,3.393,3.374,3.386
20170822,510180.SH,3.386,3.382,3.402,3.378,3.399,0.013,0.3839,92130.0,31244.72,3.382,3.402,3.378,3.399
20170823,510180.SH,3.399,3.399,3.422,3.396,3.407,0.008,0.2354,107469.5,36616.204,3.399,3.422,3.396,3.407
20170824,510180.SH,3.407,3.406,3.425,3.386,3.389,-0.018,-0.5283,96968.25,33004.605,3.406,3.425,3.386,3.389
20170825,510180.SH,3.389,3.39,3.46,3.39,3.46,0.071,2.095,138649.05,47542.851,3.39,3.46,3.39,3.46
20170828,510180.SH,3.46,3.466,3.523,3.465,3.494,0.034,0.9827,246507.33,86170.628,3.466,3.523,3.465,3.494
20170829,510180.SH,3.494,3.494,3.507,3.48,3.494,0.0,0.0,195993.54,68488.895,3.494,3.507,3.48,3.494
20170830,510180.SH,3.494,3.49,3.518,3.483,3.485,-0.009,-0.2576,557202.73,194863.985,3.49,3.518,3.483,3.485
20170831,510180.SH,3.485,3.487,3.494,3.46,3.475,-0.01,-0.2869,173797.27,60390.006,3.487,3.494,3.46,3.475
20170901,510180.SH,3.475,3.478,3.497,3.469,3.481,0.006,0.1727,82752.1,28825.837,3.478,3.497,3.469,3.481
20170904,510180.SH,3.481,3.482,3.492,3.466,3.49,0.009,0.2585,66233.35,23055.3,3.482,3.492,3.466,3.49
20170905,510180.SH,3.49,3.49,3.509,3.485,3.499,0.009,0.2579,82957.75,29017.155,3.49,3.509,3.485,3.499
20170906,510180.SH,3.499,3.499,3.499,3.474,3.49,-0.009,-0.2572,94522.5,32914.27,3.499,3.499,3.474,3.49
20170907,510180.SH,3.49,3.496,3.496,3.46,3.464,-0.026,-0.745,82885.75,28817.829,3.496,3.496,3.46,3.464
20170908,510180.SH,3.464,3.465,3.481,3.456,3.463,-0.001,-0.0289,98450.75,34151.366,3.465,3.481,3.456,3.463
20170911,510180.SH,3.463,3.461,3.484,3.456,3.46,-0.003,-0.0866,80051.75,27746.521,3.461,3.484,3.456,3.46
20170912,510180.SH,3.46,3.46,3.486,3.46,3.477,0.017,0.4913,76480.5,26565.358,3.46,3.486,3.46,3.477
20170913,510180.SH,3.477,3.474,3.48,3.462,3.476,-0.001,-0.0288,74192.82,25769.965,3.474,3.48,3.462,3.476
20170914,510180.SH,3.476,3.48,3.481,3.45,3.454,-0.022,-0.6329,47671.91,16495.145,3.48,3.481,3.45,3.454
20170915,510180.SH,3.454,3.453,3.46,3.441,3.451,-0.003,-0.0869,47474.75,16388.198,3.453,3.46,3.441,3.451
20170918,510180.SH,3.451,3.452,3.478,3.448,3.463,0.012,0.3477,59935.75,20785.854,3.452,3.478,3.448,3.463
20170919,510180.SH,3.463,3.46,3.468,3.44,3.45,-0.013,-0.3754,73349.5,25346.801,3.46,3.468,3.44,3.45
20170920,510180.SH,3.45,3.45,3.46,3.441,3.451,0.001,0.029,70438.12,24317.788,3.45,3.46,3.441,3.451
20170921,510180.SH,3.451,3.45,3.476,3.446,3.45,-0.001,-0.029,117737.37,40718.382,3.45,3.476,3.446,3.45
20170922,510180.SH,3.45,3.453,3.457,3.433,3.451,0.001,0.029,37828.12,13016.754,3.453,3.457,3.433,3.451
20170925,510180.SH,3.451,3.45,3.45,3.434,3.441,-0.01,-0.2898,33643.5,11578.026,3.45,3.45,3.434,3.441
20170926,510180.SH,3.441,3.44,3.448,3.438,3.442,0.001,0.0291,36790.0,12670.754,3.44,3.448,3.438,3.442
20170927,510180.SH,3.442,3.435,3.445,3.432,3.435,-0.007,-0.2034,31652.5,10890.16,3.435,3.445,3.432,3.435
20170928,510180.SH,3.435,3.435,3.436,3.428,3.435,0.0,0.0,20768.25,7127.043,3.435,3.436,3.428,3.435
20170929,510180.SH,3.435,3.435,3.458,3.432,3.445,0.01,0.2911,38130.75,13157.92,3.435,3.458,3.432,3.445
20171009,510180.SH,3.445,3.51,3.525,3.471,3.478,0.033,0.9579,61097.5,21386.36,3.51,3.525,3.471,3.478
20171010,510180.SH,3.478,3.479,3.493,3.451,3.475,-0.003,-0.0863,62082.5,21497.336,3.479,3.493,3.451,3.475
20171011,510180.SH,3.475,3.474,3.495,3.471,3.482,0.007,0.2014,63920.75,22266.75,3.474,3.495,3.471,3.482
20171012,510180.SH,3.482,3.482,3.502,3.48,3.498,0.016,0.4595,79946.48,27883.52,3.482,3.502,3.48,3.498
20171013,510180.SH,3.498,3.491,3.503,3.491,3.499,0.001,0.0286,51479.75,18003.138,3.491,3.503,3.491,3.499
20171016,510180.SH,3.499,3.498,3.52,3.498,3.503,0.004,0.1143,69781.25,24479.782,3.498,3.52,3.498,3.503
20171017,510180.SH,3.503,3.502,3.509,3.492,3.499,-0.004,-0.1142,52902.75,18526.093,3.502,3.509,3.492,3.499
20171018,510180.SH,3.499,3.499,3.522,3.499,3.521,0.022,0.6288,58510.04,20537.027,3.499,3.522,3.499,3.521
20171019,510180.SH,3.521,3.525,3.525,3.511,3.521,0.0,0.0,56408.35,19837.065,3.525,3.525,3.511,3.521
20171020,510180.SH,3.521,3.52,3.52,3.506,3.514,-0.007,-0.1988,37799.67,13281.974,3.52,3.52,3.506,3.514
20171023,510180.SH,3.514,3.514,3.52,3.51,3.518,0.004,0.1138,58215.65,20459.062,3.514,3.52,3.51,3.518
20171024,510180.SH,3.518,3.515,3.54,3.51,3.538,0.02,0.5685,55248.54,19509.961,3.515,3.54,3.51,3.538
20171025,510180.SH,3.538,3.538,3.549,3.53,3.548,0.01,0.2826,40670.8,14399.799,3.538,3.549,3.53,3.548
20171026,510180.SH,3.548,3.548,3.577,3.544,3.556,0.008,0.2255,92140.63,32821.994,3.548,3.577,3.544,3.556
20171027,510180.SH,3.556,3.552,3.588,3.552,3.586,0.03,0.8436,90744.68,32442.125,3.552,3.588,3.552,3.586
20171030,510180.SH,3.586,3.593,3.597,3.542,3.576,-0.01,-0.2789,75250.75,26835.807,3.593,3.597,3.542,3.576
20171031,510180.SH,3.576,3.572,3.572,3.55,3.571,-0.005,-0.1398,62705.15,22326.503,3.572,3.572,3.55,3.571
20171101,510180.SH,3.571,3.571,3.59,3.554,3.561,-0.01,-0.28,63332.4,22615.526,3.571,3.59,3.554,3.561
20171102,510180.SH,3.561,3.561,3.561,3.539,3.559,-0.002,-0.0562,47287.0,16770.147,3.561,3.561,3.539,3.559
20171103,510180.SH,3.559,3.55,3.563,3.53,3.561,0.002,0.0562,47738.75,16924.123,3.55,3.563,3.53,3.561
20171106,510180.SH,3.561,3.55,3.571,3.543,3.57,0.009,0.2527,56338.5,20042.861,3.55,3.571,3.543,3.57
20171107,510180.SH,3.57,3.57,3.608,3.57,3.6,0.03,0.8403,84886.5,30506.451,3.57,3.608,3.57,3.6
20171108,510180.SH,3.6,3.602,3.625,3.591,3.597,-0.003,-0.0833,45406.75,16377.399,3.602,3.625,3.591,3.597
20171109,510180.SH,3.597,3.591,3.616,3.591,3.615,0.018,0.5004,40729.0,14658.689,3.591,3.616,3.591,3.615
20171110,510180.SH,3.615,3.616,3.648,3.608,3.645,0.03,0.8299,129025.96,46943.706,3.616,3.648,3.608,3.645
20171113,510180.SH,3.645,3.645,3.668,3.645,3.652,0.007,0.192,143420.75,52475.832,3.645,3.668,3.645,3.652
20171114,510180.SH,3.652,3.651,3.661,3.627,3.633,-0.019,-0.5203,70518.5,25679.9,3.651,3.661,3.627,3.633
20171115,510180.SH,3.633,3.632,3.637,3.61,3.614,-0.019,-0.523,87069.0,31504.415,3.632,3.637,3.61,3.614
20171116,510180.SH,3.483,3.507,3.512,3.48,3.507,0.024,0.6891,79897.0,27907.433,3.507,3.512,3.48,3.507
20171117,510180.SH,3.507,3.509,3.555,3.496,3.553,0.046,1.3117,89055.25,31328.354,3.509,3.555,3.496,3.553
20171120,510180.SH,3.553,3.545,3.56,3.502,3.558,0.005,0.1407,79210.5,27941.589,3.545,3.56,3.502,3.558
20171121,510180.SH,3.558,3.555,3.622,3.544,3.607,0.049,1.3772,210676.49,75885.486,3.555,3.622,3.544,3.607
20171122,510180.SH,3.607,3.605,3.654,3.602,3.624,0.017,0.4713,183491.11,66637.07,3.605,3.654,3.602,3.624
20171123,510180.SH,3.624,3.631,3.631,3.518,3.532,-0.092,-2.5386,121659.01,43526.408,3.631,3.631,3.518,3.532
20171124,510180.SH,3.532,3.523,3.545,3.505,3.532,0.0,0.0,109131.94,38455.233,3.523,3.545,3.505,3.532
20171127,510180.SH,3.532,3.525,3.527,3.487,3.507,-0.025,-0.7078,91303.76,31959.589,3.525,3.527,3.487,3.507
20171128,510180.SH,3.507,3.5,3.508,3.471,3.499,-0.008,-0.2281,63983.5,22316.661,3.5,3.508,3.471,3.499
20171129,510180.SH,3.499,3.496,3.516,3.466,3.5,0.001,0.0286,67712.46,23634.332,3.496,3.516,3.466,3.5
20171130,510180.SH,3.5,3.488,3.5,3.458,3.467,-0.033,-0.9429,80345.0,27952.794,3.488,3.5,3.458,3.467
20171201,510180.SH,3.467,3.471,3.474,3.446,3.455,-0.012,-0.3461,71980.0,24884.209,3.471,3.474,3.446,3.455
20171204,510180.SH,3.455,3.45,3.478,3.439,3.47,0.015,0.4342,65583.5,22690.729,3.45,3.478,3.439,3.47
20171205,510180.SH,3.47,3.467,3.514,3.467,3.508,0.038,1.0951,103299.76,36091.742,3.467,3.514,3.467,3.508
20171206,510180.SH,3.508,3.508,3.508,3.442,3.47,-0.038,-1.0832,68891.26,23909.227,3.508,3.508,3.442,3.47
20171207,510180.SH,3.47,3.47,3.472,3.43,3.443,-0.027,-0.7781,54075.75,18655.362,3.47,3.472,3.43,3.443
20171208,510180.SH,3.443,3.437,3.47,3.429,3.466,0.023,0.668,83944.65,28964.939,3.437,3.47,3.429,3.466
20171211,510180.SH,3.466,3.466,3.513,3.456,3.51,0.044,1.2695,98841.94,34477.495,3.466,3.513,3.456,3.51
20171212,510180.SH,3.51,3.508,3.509,3.456,3.457,-0.053,-1.51,35802.5,12477.515,3.508,3.509,3.456,3.457
20171213,510180.SH,3.457,3.46,3.486,3.446,3.48,0.023,0.6653,41252.16,14288.755,3.46,3.486,3.446,3.48
20171214,510180.SH,3.48,3.473,3.487,3.45,3.46,-0.02,-0.5747,34980.0,12124.801,3.473,3.487,3.45,3.46
20171215,510180.SH,3.46,3.453,3.456,3.421,3.424,-0.036,-1.0405,55793.75,19159.807,3.453,3.456,3.421,3.424
20171218,510180.SH,3.424,3.42,3.444,3.412,3.427,0.003,0.0876,54223.25,18594.628,3.42,3.444,3.412,3.427
20171219,510180.SH,3.427,3.425,3.467,3.424,3.467,0.04,1.1672,86431.54,29844.047,3.425,3.467,3.424,3.467
20171220,510180.SH,3.467,3.462,3.478,3.452,3.466,-0.001,-0.0288,46047.5,15966.937,3.462,3.478,3.452,3.466
20171221,510180.SH,3.466,3.466,3.499,3.452,3.487,0.021,0.6059,72279.87,25143.532,3.466,3.499,3.452,3.487
20171222,510180.SH,3.487,3.475,3.495,3.47,3.475,-0.012,-0.3441,56509.39,19684.596,3.475,3.495,3.47,3.475
20171225,510180.SH,3.475,3.475,3.505,3.458,3.467,-0.008,-0.2302,70580.43,24567.362,3.475,3.505,3.458,3.467
20171226,510180.SH,3.467,3.462,3.485,3.456,3.484,0.017,0.4903,77916.36,27049.35,3.462,3.485,3.456,3.484
20171227,510180.SH,3.484,3.484,3.484,3.42,3.427,-0.057,-1.6361,114364.0,39578.202,3.484,3.484,3.42,3.427
20171228,510180.SH,3.427,3.427,3.46,3.418,3.447,0.02,0.5836,101738.14,35010.696,3.427,3.46,3.418,3.447
20171229,510180.SH,3.447,3.444,3.463,3.442,3.457,0.01,0.2901,62191.89,21474.128,3.444,3.463,3.442,3.457
20180102,510180.SH,3.457,3.446,3.506,3.446,3.506,0.049,1.4174,173476.98,60596.77,3.446,3.506,3.446,3.506
20180103,510180.SH,3.506,3.509,3.549,3.506,3.518,0.012,0.3423,83239.57,29356.745,3.509,3.549,3.506,3.518
20180104,510180.SH,3.518,3.529,3.542,3.516,3.533,0.015,0.4264,100481.5,35461.037,3.529,3.542,3.516,3.533
20180105,510180.SH,3.533,3.54,3.554,3.53,3.542,0.009,0.2547,112253.0,39795.805,3.54,3.554,3.53,3.542
20180108,510180.SH,3.542,3.539,3.573,3.539,3.566,0.024,0.6776,105134.49,37380.534,3.539,3.573,3.539,3.566
20180109,510180.SH,3.566,3.565,3.588,3.561,3.586,0.02,0.5609,69871.25,25006.389,3.565,3.588,3.561,3.586
20180110,510180.SH,3.586,3.587,3.609,3.575,3.608,0.022,0.6135,85397.24,30683.916,3.587,3.609,3.575,3.608
20180111,510180.SH,3.608,3.604,3.608,3.583,3.601,-0.007,-0.194,77491.0,27865.696,3.604,3.608,3.583,3.601
20180112,510180.SH,3.601,3.601,3.62,3.595,3.618,0.017,0.4721,85574.28,30888.599,3.601,3.62,3.595,3.618
20180115,510180.SH,3.618,3.618,3.654,3.611,3.624,0.006,0.1658,98162.25,35653.726,3.618,3.654,3.611,3.624
20180116,510180.SH,3.624,3.62,3.645,3.612,3.645,0.021,0.5795,98704.75,35814.297,3.62,3.645,3.612,3.645
20180117,510180.SH,3.645,3.645,3.695,3.635,3.651,0.006,0.1646,121480.26,44569.376,3.645,3.695,3.635,3.651
20180118,510180.SH,3.651,3.65,3.692,3.65,3.679,0.028,0.7669,108477.85,39875.311,3.65,3.692,3.65,3.679
20180119,510180.SH,3.679,3.679,3.718,3.679,3.696,0.017,0.4621,106761.75,39506.635,3.679,3.718,3.679,3.696
20180122,510180.SH,3.696,3.694,3.719,3.687,3.717,0.021,0.5682,116242.12,43114.83,3.694,3.719,3.687,3.717
20180123,510180.SH,3.717,3.719,3.765,3.719,3.763,0.046,1.2376,140739.13,52788.706,3.719,3.765,3.719,3.763
20180124,510180.SH,3.763,3.763,3.784,3.737,3.773,0.01,0.2657,120608.5,45430.831,3.763,3.784,3.737,3.773
20180125,510180.SH,3.773,3.774,3.775,3.721,3.75,-0.023,-0.6096,91460.5,34284.43,3.774,3.775,3.721,3.75
20180126,510180.SH,3.75,3.745,3.796,3.721,3.773,0.023,0.6133,119864.5,45231.234,3.745,3.796,3.721,3.773
20180129,510180.SH,3.773,3.776,3.796,3.701,3.709,-0.064,-1.6963,141857.25,53196.977,3.776,3.796,3.701,3.709
20180130,510180.SH,3.709,3.709,3.72,3.67,3.672,-0.037,-0.9976,138866.53,51343.335,3.709,3.72,3.67,3.672
20180131,510180.SH,3.672,3.661,3.706,3.659,3.702,0.03,0.817,130767.32,48113.815,3.661,3.706,3.659,3.702
20180201,510180.SH,3.702,3.701,3.717,3.666,3.7,-0.002,-0.054,103724.07,38262.209,3.701,3.717,3.666,3.7
20180202,510180.SH,3.7,3.694,3.716,3.642,3.715,0.015,0.4054,156354.24,57632.747,3.694,3.716,3.642,3.715
20180205,510180.SH,3.715,3.681,3.74,3.668,3.74,0.025,0.6729,189482.87,70287.58,3.681,3.74,3.668,3.74
20180206,510180.SH,3.74,3.698,3.71,3.621,3.626,-0.114,-3.0481,217745.01,79540.136,3.698,3.71,3.621,3.626
20180207,510180.SH,3.626,3.666,3.692,3.552,3.56,-0.066,-1.8202,150586.73,54502.522,3.666,3.692,3.552,3.56
20180208,510180.SH,3.56,3.56,3.56,3.427,3.484,-0.076,-2.1348,153658.95,53789.868,3.56,3.56,3.427,3.484
20180209,510180.SH,3.484,3.417,3.418,3.26,3.326,-0.158,-4.535,199964.04,66313.073,3.417,3.418,3.26,3.326
20180212,510180.SH,3.326,3.331,3.36,3.3,3.343,0.017,0.5111,104119.0,34761.139,3.331,3.36,3.3,3.343
20180213,510180.SH,3.343,3.366,3.43,3.366,3.387,0.044,1.3162,89520.25,30465.154,3.366,3.43,3.366,3.387
20180214,510180.SH,3.387,3.387,3.414,3.377,3.411,0.024,0.7086,67307.0,22836.058,3.387,3.414,3.377,3.411
20180222,510180.SH,3.411,3.45,3.482,3.446,3.48,0.069,2.0229,66548.75,23065.811,3.45,3.482,3.446,3.48
20180223,510180.SH,3.48,3.48,3.516,3.474,3.507,0.027,0.7759,90899.74,31770.683,3.48,3.516,3.474,3.507
20180226,510180.SH,3.507,3.517,3.541,3.483,3.53,0.023,0.6558,61850.75,21744.581,3.517,3.541,3.483,3.53
20180227,510180.SH,3.53,3.54,3.54,3.472,3.484,-0.046,-1.3031,101320.33,35433.934,3.54,3.54,3.472,3.484
20180228,510180.SH,3.484,3.456,3.465,3.426,3.442,-0.042,-1.2055,60309.25,20762.289,3.456,3.465,3.426,3.442
20180301,510180.SH,3.442,3.42,3.473,3.412,3.455,0.013,0.3777,66642.67,22981.01,3.42,3.473,3.412,3.455
20180302,510180.SH,3.455,3.421,3.452,3.416,3.428,-0.027,-0.7815,51970.42,17837.704,3.421,3.452,3.416,3.428
20180305,510180.SH,3.428,3.43,3.453,3.41,3.429,0.001,0.0292,41071.75,14081.44,3.43,3.453,3.41,3.429
20180306,510180.SH,3.429,3.429,3.469,3.408,3.468,0.039,1.1374,52702.0,18135.893,3.429,3.469,3.408,3.468
20180307,510180.SH,3.468,3.477,3.492,3.44,3.448,-0.02,-0.5767,69991.01,24298.664,3.477,3.492,3.44,3.448
20180308,510180.SH,3.448,3.443,3.477,3.442,3.477,0.029,0.8411,64069.67,22186.294,3.443,3.477,3.442,3.477
20180309,510180.SH,3.477,3.479,3.494,3.471,3.488,0.011,0.3164,78106.75,27201.269,3.479,3.494,3.471,3.488
20180312,510180.SH,3.488,3.492,3.514,3.487,3.501,0.013,0.3727,62755.05,21970.58,3.492,3.514,3.487,3.501
20180313,510180.SH,3.501,3.5,3.511,3.465,3.467,-0.034,-0.9712,54949.51,19165.953,3.5,3.511,3.465,3.467
20180314,510180.SH,3.467,3.468,3.468,3.447,3.456,-0.011,-0.3173,50866.11,17583.885,3.468,3.468,3.447,3.456
20180315,510180.SH,3.456,3.456,3.48,3.45,3.477,0.021,0.6076,67433.16,23388.467,3.456,3.48,3.45,3.477
20180316,510180.SH,3.477,3.477,3.492,3.45,3.451,-0.026,-0.7478,73384.75,25499.318,3.477,3.492,3.45,3.451
20180319,510180.SH,3.451,3.451,3.47,3.43,3.47,0.019,0.5506,66649.0,23038.127,3.451,3.47,3.43,3.47
20180320,510180.SH,3.47,3.463,3.484,3.43,3.483,0.013,0.3746,64750.5,22458.185,3.463,3.484,3.43,3.483
20180321,510180.SH,3.483,3.484,3.508,3.451,3.467,-0.016,-0.4594,76574.0,26734.766,3.484,3.508,3.451,3.467
20180322,510180.SH,3.467,3.466,3.476,3.42,3.44,-0.027,-0.7788,75614.0,26042.815,3.466,3.476,3.42,3.44
20180323,510180.SH,3.44,3.383,3.383,3.299,3.341,-0.099,-2.8779,207486.03,69187.42,3.383,3.383,3.299,3.341
20180326,510180.SH,3.341,3.322,3.325,3.272,3.307,-0.034,-1.0177,105903.5,34924.327,3.322,3.325,3.272,3.307
20180327,510180.SH,3.307,3.335,3.353,3.304,3.325,0.018,0.5443,88933.07,29589.27,3.335,3.353,3.304,3.325
20180328,510180.SH,3.325,3.309,3.325,3.262,3.268,-0.057,-1.7143,75622.0,24883.596,3.309,3.325,3.262,3.268
20180329,510180.SH,3.268,3.272,3.33,3.226,3.313,0.045,1.377,133902.5,43874.452,3.272,3.33,3.226,3.313
20180330,510180.SH,3.313,3.313,3.322,3.291,3.309,-0.004,-0.1207,59623.75,19715.833,3.313,3.322,3.291,3.309
20180402,510180.SH,3.309,3.31,3.346,3.296,3.3,-0.009,-0.272,63147.0,20948.747,3.31,3.346,3.296,3.3
20180403,510180.SH,3.3,3.287,3.292,3.266,3.282,-0.018,-0.5455,60415.5,19784.326,3.287,3.292,3.266,3.282
20180404,510180.SH,3.282,3.288,3.312,3.273,3.28,-0.002,-0.0609,80194.0,26454.246,3.288,3.312,3.273,3.28
20180409,510180.SH,3.28,3.278,3.295,3.26,3.286,0.006,0.1829,103091.01,33875.569,3.278,3.295,3.26,3.286
20180410,510180.SH,3.286,3.281,3.353,3.281,3.353,0.067,2.039,152871.75,50627.059,3.281,3.353,3.281,3.353
20180411,510180.SH,3.353,3.366,3.374,3.343,3.36,0.007,0.2088,124226.26,41764.937,3.366,3.374,3.343,3.36
20180412,510180.SH,3.36,3.359,3.359,3.323,3.326,-0.034,-1.0119,46752.0,15620.882,3.359,3.359,3.323,3.326
20180413,510180.SH,3.326,3.331,3.348,3.295,3.3,-0.026,-0.7817,50192.5,16637.394,3.331,3.348,3.295,3.3
20180416,510180.SH,3.3,3.3,3.3,3.228,3.241,-0.059,-1.7879,73271.0,23876.462,3.3,3.3,3.228,3.241
20180417,510180.SH,3.241,3.246,3.257,3.196,3.2,-0.041,-1.265,74712.0,24152.925,3.246,3.257,3.196,3.2
20180418,510180.SH,3.2,3.217,3.228,3.176,3.216,0.016,0.5,88904.69,28477.814,3.217,3.228,3.176,3.216
20180419,510180.SH,3.216,3.216,3.262,3.216,3.249,0.033,1.0261,82666.5,26836.031,3.216,3.262,3.216,3.249
20180420,510180.SH,3.249,3.239,3.246,3.195,3.208,-0.041,-1.2619,66637.0,21436.835,3.239,3.246,3.195,3.208
20180423,510180.SH,3.208,3.208,3.228,3.196,3.218,0.01,0.3117,94410.26,30320.003,3.208,3.228,3.196,3.218
20180424,510180.SH,3.218,3.214,3.294,3.214,3.278,0.06,1.8645,183218.1,59914.309,3.214,3.294,3.214,3.278
20180425,510180.SH,3.278,3.265,3.274,3.255,3.261,-0.017,-0.5186,96214.0,31410.183,3.265,3.274,3.255,3.261
20180426,510180.SH,3.261,3.261,3.272,3.208,3.216,-0.045,-1.3799,95354.25,30827.725,3.261,3.272,3.208,3.216
20180427,510180.SH,3.216,3.22,3.23,3.176,3.217,0.001,0.0311,119281.57,38233.054,3.22,3.23,3.176,3.217
20180502,510180.SH,3.217,3.219,3.235,3.2,3.22,0.003,0.0933,74396.25,23909.35,3.219,3.235,3.2,3.22
20180503,510180.SH,3.22,3.218,3.243,3.194,3.239,0.019,0.5901,57223.25,18419.886,3.218,3.243,3.194,3.239
20180504,510180.SH,3.239,3.238,3.247,3.218,3.223,-0.016,-0.494,51429.0,16627.857,3.238,3.247,3.218,3.223
20180507,510180.SH,3.223,3.223,3.268,3.22,3.267,0.044,1.3652,78300.5,25389.702,3.223,3.268,3.22,3.267
20180508,510180.SH,3.267,3.262,3.317,3.258,3.304,0.037,1.1325,111579.07,36783.862,3.262,3.317,3.258,3.304
20180509,510180.SH,3.304,3.308,3.308,3.285,3.3,-0.004,-0.1211,48396.0,15968.015,3.308,3.308,3.285,3.3
20180510,510180.SH,3.3,3.302,3.322,3.297,3.32,0.02,0.6061,70352.0,23261.514,3.302,3.322,3.297,3.32
20180511,510180.SH,3.32,3.322,3.324,3.305,3.306,-0.014,-0.4217,55961.75,18558.458,3.322,3.324,3.305,3.306
20180514,510180.SH,3.306,3.3,3.343,3.3,3.337,0.031,0.9377,52290.25,17435.672,3.3,3.343,3.3,3.337
20180515,510180.SH,3.337,3.336,3.345,3.321,3.345,0.008,0.2397,52077.0,17361.688,3.336,3.345,3.321,3.345
20180516,510180.SH,3.345,3.337,3.341,3.309,3.313,-0.032,-0.9567,65253.75,21700.144,3.337,3.341,3.309,3.313
20180517,510180.SH,3.313,3.313,3.316,3.287,3.289,-0.024,-0.7244,74929.0,24729.429,3.313,3.316,3.287,3.289
20180518,510180.SH,3.289,3.29,3.33,3.276,3.329,0.04,1.2162,92419.0,30529.461,3.29,3.33,3.276,3.329
20180521,510180.SH,3.329,3.34,3.356,3.337,3.342,0.013,0.3905,65771.0,22012.314,3.34,3.356,3.337,3.342
20180522,510180.SH,3.342,3.341,3.341,3.312,3.331,-0.011,-0.3291,87303.93,29047.413,3.341,3.341,3.312,3.331
20180523,510180.SH,3.331,3.326,3.326,3.287,3.287,-0.044,-1.3209,70540.5,23301.956,3.326,3.326,3.287,3.287
20180524,510180.SH,3.287,3.288,3.291,3.261,3.262,-0.025,-0.7606,81856.5,26835.804,3.288,3.291,3.261,3.262
20180525,510180.SH,3.262,3.253,3.28,3.253,3.265,0.003,0.092,65575.49,21433.961,3.253,3.28,3.253,3.265
20180528,510180.SH,3.265,3.266,3.285,3.249,3.274,0.009,0.2757,79987.0,26140.479,3.266,3.285,3.249,3.274
20180529,510180.SH,3.274,3.27,3.278,3.242,3.258,-0.016,-0.4887,98655.5,32170.002,3.27,3.278,3.242,3.258
20180530,510180.SH,3.258,3.22,3.23,3.192,3.192,-0.066,-2.0258,117103.0,37558.881,3.22,3.23,3.192,3.192
20180531,510180.SH,3.192,3.196,3.248,3.196,3.244,0.052,1.6291,65171.5,21050.551,3.196,3.248,3.196,3.244
20180601,510180.SH,3.244,3.238,3.252,3.215,3.227,-0.017,-0.524,71003.49,22953.807,3.238,3.252,3.215,3.227
20180604,510180.SH,3.227,3.235,3.263,3.232,3.257,0.03,0.9297,81171.25,26397.241,3.235,3.263,3.232,3.257
20180605,510180.SH,3.257,3.268,3.283,3.247,3.28,0.023,0.7062,119310.13,38913.095,3.268,3.283,3.247,3.28
20180606,510180.SH,3.28,3.273,3.282,3.268,3.274,-0.006,-0.1829,85170.98,27905.593,3.273,3.282,3.268,3.274
20180607,510180.SH,3.274,3.28,3.305,3.28,3.283,0.009,0.2749,105341.65,34663.837,3.28,3.305,3.28,3.283
20180608,510180.SH,3.283,3.272,3.273,3.227,3.24,-0.043,-1.3098,80967.75,26272.351,3.272,3.273,3.227,3.24
20180611,510180.SH,3.24,3.21,3.245,3.21,3.239,-0.001,-0.0309,38547.5,12454.909,3.21,3.245,3.21,3.239
20180612,510180.SH,3.239,3.238,3.275,3.224,3.269,0.03,0.9262,60651.76,19738.713,3.238,3.275,3.224,3.269
20180613,510180.SH,3.269,3.269,3.269,3.238,3.243,-0.026,-0.7954,55362.5,18008.286,3.269,3.269,3.238,3.243
20180614,510180.SH,3.243,3.238,3.266,3.233,3.246,0.003,0.0925,126334.58,41032.479,3.238,3.266,3.233,3.246
20180615,510180.SH,3.246,3.245,3.254,3.224,3.239,-0.007,-0.2157,142075.0,46053.425,3.245,3.254,3.224,3.239
20180619,510180.SH,3.239,3.226,3.226,3.104,3.14,-0.099,-3.0565,178091.25,56531.613,3.226,3.226,3.104,3.14
20180620,510180.SH,3.14,3.132,3.158,3.104,3.146,0.006,0.1911,131028.0,41053.444,3.132,3.158,3.104,3.146
20180621,510180.SH,3.146,3.148,3.186,3.115,3.122,-0.024,-0.7629,73622.25,23235.963,3.148,3.186,3.115,3.122
20180622,510180.SH,3.122,3.12,3.132,3.087,3.13,0.008,0.2562,42447.0,13194.793,3.12,3.132,3.087,3.13
20180625,510180.SH,3.13,3.142,3.155,3.083,3.084,-0.046,-1.4696,77894.5,24201.16,3.142,3.155,3.083,3.084
20180626,510180.SH,3.084,3.078,3.078,3.014,3.052,-0.032,-1.0376,129667.0,39455.023,3.078,3.078,3.014,3.052
20180627,510180.SH,3.052,3.052,3.063,2.982,2.997,-0.055,-1.8021,115440.5,34691.649,3.052,3.063,2.982,2.997
20180628,510180.SH,2.997,2.997,3.014,2.967,2.974,-0.023,-0.7674,95422.75,28479.119,2.997,3.014,2.967,2.974
20180629,510180.SH,2.974,2.977,3.043,2.977,3.04,0.066,2.2192,79803.25,24060.066,2.977,3.043,2.977,3.04
20180702,510180.SH,3.04,3.044,3.044,2.933,2.946,-0.094,-3.0921,288296.75,85347.499,3.044,3.044,2.933,2.946
20180703,510180.SH,2.946,2.95,2.961,2.886,2.957,0.011,0.3734,80272.0,23511.443,2.95,2.961,2.886,2.957
20180704,510180.SH,2.957,2.956,2.967,2.928,2.932,-0.025,-0.8455,66186.0,19480.9,2.956,2.967,2.928,2.932
20180705,510180.SH,2.932,2.932,2.958,2.908,2.925,-0.007,-0.2387,88960.75,26075.756,2.932,2.958,2.908,2.925
20180706,510180.SH,2.925,2.922,2.968,2.884,2.946,0.021,0.7179,150465.65,44024.813,2.922,2.968,2.884,2.946
20180709,510180.SH,2.946,2.953,3.022,2.953,3.021,0.075,2.5458,147136.15,44054.317,2.953,3.022,2.953,3.021
20180710,510180.SH,3.021,3.023,3.031,3.001,3.024,0.003,0.0993,119389.0,35990.287,3.023,3.031,3.001,3.024
20180711,510180.SH,3.024,2.998,2.998,2.95,2.978,-0.046,-1.5212,100018.5,29711.433,2.998,2.998,2.95,2.978
20180712,510180.SH,2.978,2.977,3.055,2.977,3.043,0.065,2.1827,102388.5,30951.079,2.977,3.055,2.977,3.043
20180713,510180.SH,3.043,3.066,3.066,3.039,3.048,0.005,0.1643,82835.89,25240.582,3.066,3.066,3.039,3.048
20180716,510180.SH,3.048,3.05,3.064,3.02,3.033,-0.015,-0.4921,63160.75,19132.704,3.05,3.064,3.02,3.033
20180717,510180.SH,3.033,3.033,3.033,2.993,3.016,-0.017,-0.5605,89396.0,26934.879,3.033,3.033,2.993,3.016
20180718,510180.SH,3.016,3.015,3.044,3.006,3.008,-0.008,-0.2653,59758.0,18058.071,3.015,3.044,3.006,3.008
20180719,510180.SH,3.008,3.01,3.036,2.995,3.003,-0.005,-0.1662,99506.75,29957.247,3.01,3.036,2.995,3.003
20180720,510180.SH,3.003,3.0,3.087,2.984,3.077,0.074,2.4642,148542.0,44960.292,3.0,3.087,2.984,3.077
20180723,510180.SH,3.077,3.07,3.115,3.051,3.106,0.029,0.9425,162957.87,50348.906,3.07,3.115,3.051,3.106
20180724,510180.SH,3.106,3.121,3.166,3.119,3.152,0.046,1.481,285137.13,89978.691,3.121,3.166,3.119,3.152
20180725,510180.SH,3.152,3.151,3.158,3.137,3.148,-0.004,-0.1269,243458.59,76688.298,3.151,3.158,3.137,3.148
20180726,510180.SH,3.148,3.148,3.167,3.111,3.12,-0.028,-0.8895,172887.52,54226.849,3.148,3.167,3.111,3.12
20180727,510180.SH,3.12,3.12,3.127,3.1,3.109,-0.011,-0.3526,96384.0,30016.839,3.12,3.127,3.1,3.109
20180730,510180.SH,3.109,3.108,3.143,3.092,3.115,0.006,0.193,121494.0,37906.994,3.108,3.143,3.092,3.115
20180731,510180.SH,3.115,3.113,3.13,3.098,3.119,0.004,0.1284,82307.0,25615.404,3.113,3.13,3.098,3.119
20180801,510180.SH,3.119,3.123,3.15,3.061,3.062,-0.057,-1.8275,194841.5,60820.126,3.123,3.15,3.061,3.062
20180802,510180.SH,3.062,3.058,3.058,2.961,2.997,-0.065,-2.1228,154564.0,46376.883,3.058,3.058,2.961,2.997
20180803,510180.SH,2.997,2.995,3.007,2.96,2.961,-0.036,-1.2012,129525.0,38709.299,2.995,3.007,2.96,2.961
20180806,510180.SH,2.961,2.961,2.991,2.924,2.936,-0.025,-0.8443,209285.75,61897.983,2.961,2.991,2.924,2.936
20180807,510180.SH,2.936,2.933,3.018,2.929,3.017,0.081,2.7589,166291.0,49530.529,2.933,3.018,2.929,3.017
20180808,510180.SH,3.017,3.017,3.017,2.976,2.979,-0.038,-1.2595,79783.0,23909.623,3.017,3.017,2.976,2.979
20180809,510180.SH,2.979,2.978,3.053,2.967,3.042,0.063,2.1148,165285.16,50020.214,2.978,3.053,2.967,3.042
20180810,510180.SH,3.042,3.042,3.064,3.022,3.044,0.002,0.0657,100142.56,30496.803,3.042,3.064,3.022,3.044
20180813,510180.SH,3.044,3.035,3.035,2.981,3.024,-0.02,-0.657,104018.05,31240.957,3.035,3.035,2.981,3.024
20180814,510180.SH,3.024,3.024,3.028,2.996,3.011,-0.013,-0.4299,57082.5,17186.933,3.024,3.028,2.996,3.011
20180815,510180.SH,3.011,3.011,3.023,2.941,2.946,-0.065,-2.1588,97018.0,28824.32,3.011,3.023,2.941,2.946
20180816,510180.SH,2.946,2.93,2.965,2.894,2.931,-0.015,-0.5092,146024.0,42891.477,2.93,2.965,2.894,2.931
20180817,510180.SH,2.931,2.942,2.959,2.888,2.893,-0.038,-1.2965,88417.26,25821.316,2.942,2.959,2.888,2.893
20180820,510180.SH,2.893,2.895,2.925,2.881,2.925,0.032,1.1061,171619.63,49848.839,2.895,2.925,2.881,2.925
20180821,510180.SH,2.925,2.932,2.984,2.93,2.975,0.05,1.7094,173581.84,51394.718,2.932,2.984,2.93,2.975
20180822,510180.SH,2.975,2.972,2.978,2.958,2.966,-0.009,-0.3025,114120.18,33860.978,2.972,2.978,2.958,2.966
20180823,510180.SH,2.966,2.966,2.994,2.952,2.98,0.014,0.472,153274.75,45679.494,2.966,2.994,2.952,2.98
20180824,510180.SH,2.98,2.977,3.018,2.955,2.987,0.007,0.2349,153469.49,45744.827,2.977,3.018,2.955,2.987
20180827,510180.SH,2.987,2.999,3.05,2.999,3.05,0.063,2.1091,194190.32,58904.185,2.999,3.05,2.999,3.05
20180828,510180.SH,3.05,3.05,3.062,3.035,3.044,-0.006,-0.1967,75358.04,22993.685,3.05,3.062,3.035,3.044
20180829,510180.SH,3.044,3.048,3.048,3.027,3.034,-0.01,-0.3285,92693.28,28119.36,3.048,3.048,3.027,3.034
20180830,510180.SH,3.034,3.034,3.049,3.005,3.007,-0.027,-0.8899,151220.0,45826.592,3.034,3.049,3.005,3.007
20180831,510180.SH,3.007,3.002,3.016,2.978,2.988,-0.019,-0.6319,120798.0,36181.486,3.002,3.016,2.978,2.988
20180903,510180.SH,2.988,2.981,2.991,2.962,2.986,-0.002,-0.0669,113545.0,33810.856,2.981,2.991,2.962,2.986
20180904,510180.SH,2.986,2.986,3.035,2.975,3.024,0.038,1.2726,113059.72,34008.535,2.986,3.035,2.975,3.024
20180905,510180.SH,3.024,3.019,3.019,2.964,2.965,-0.059,-1.9511,122530.25,36709.979,3.019,3.019,2.964,2.965
20180906,510180.SH,2.965,2.965,2.979,2.933,2.943,-0.022,-0.742,139081.32,41088.658,2.965,2.979,2.933,2.943
20180907,510180.SH,2.943,2.945,2.989,2.938,2.96,0.017,0.5776,191936.14,56891.228,2.945,2.989,2.938,2.96
20180910,510180.SH,2.96,2.95,2.963,2.923,2.926,-0.034,-1.1486,108157.51,31762.208,2.95,2.963,2.923,2.926
20180911,510180.SH,2.926,2.926,2.935,2.901,2.915,-0.011,-0.3759,104467.23,30504.647,2.926,2.935,2.901,2.915
20180912,510180.SH,2.915,2.914,2.918,2.892,2.899,-0.016,-0.5489,87177.0,25310.442,2.914,2.918,2.892,2.899
20180913,510180.SH,2.899,2.925,2.937,2.894,2.93,0.031,1.0693,149089.94,43489.732,2.925,2.937,2.894,2.93
20180914,510180.SH,2.93,2.938,2.948,2.926,2.934,0.004,0.1365,94147.75,27655.078,2.938,2.948,2.926,2.934
20180917,510180.SH,2.934,2.931,2.931,2.902,2.905,-0.029,-0.9884,73351.0,21371.017,2.931,2.931,2.902,2.905
20180918,510180.SH,2.905,2.898,2.973,2.898,2.972,0.067,2.3064,217094.71,63754.606,2.898,2.973,2.898,2.972
20180919,510180.SH,2.972,2.961,3.027,2.957,3.0,0.028,0.9421,221437.35,66372.317,2.961,3.027,2.957,3.0
20180920,510180.SH,3.0,3.003,3.02,2.994,3.009,0.009,0.3,150751.14,45336.139,3.003,3.02,2.994,3.009
20180921,510180.SH,3.009,3.008,3.097,3.001,3.096,0.087,2.8913,360944.12,110077.023,3.008,3.097,3.001,3.096
20180925,510180.SH,3.096,3.071,3.084,3.059,3.072,-0.024,-0.7752,138606.15,42571.729,3.071,3.084,3.059,3.072
20180926,510180.SH,3.072,3.076,3.133,3.075,3.107,0.035,1.1393,274267.62,85196.483,3.076,3.133,3.075,3.107
20180927,510180.SH,3.107,3.103,3.11,3.087,3.095,-0.012,-0.3862,106972.75,33135.437,3.103,3.11,3.087,3.095
20180928,510180.SH,3.095,3.095,3.139,3.095,3.129,0.034,1.0985,132450.75,41356.913,3.095,3.139,3.095,3.129
20181008,510180.SH,3.129,3.092,3.093,2.994,2.997,-0.132,-4.2186,224473.0,68104.76,3.092,3.093,2.994,2.997
20181009,510180.SH,2.997,2.997,3.016,2.986,3.003,0.006,0.2002,163979.0,49239.547,2.997,3.016,2.986,3.003
20181010,510180.SH,3.003,3.0,3.027,2.973,2.998,-0.005,-0.1665,172947.18,51890.763,3.0,3.027,2.973,2.998
20181011,510180.SH,2.998,2.937,2.937,2.835,2.853,-0.145,-4.8366,352328.71,102152.992,2.937,2.937,2.835,2.853
20181012,510180.SH,2.853,2.853,2.92,2.842,2.909,0.056,1.9628,204797.0,58947.666,2.853,2.92,2.842,2.909
20181015,510180.SH,2.909,2.908,2.915,2.865,2.867,-0.042,-1.4438,102378.0,29587.989,2.908,2.915,2.865,2.867
20181016,510180.SH,2.867,2.867,2.91,2.845,2.855,-0.012,-0.4186,194884.0,56088.031,2.867,2.91,2.845,2.855
20181017,510180.SH,2.855,2.888,2.893,2.817,2.862,0.007,0.2452,187728.0,53680.823,2.888,2.893,2.817,2.862
20181018,510180.SH,2.862,2.854,2.854,2.794,2.799,-0.063,-2.2013,234884.52,66277.521,2.854,2.854,2.794,2.799
20181019,510180.SH,2.799,2.785,2.877,2.762,2.868,0.069,2.4652,261122.24,73805.535,2.785,2.877,2.762,2.868
20181022,510180.SH,2.868,2.892,3.05,2.892,3.004,0.136,4.742,861694.26,258208.477,2.892,3.05,2.892,3.004
20181023,510180.SH,3.004,3.004,3.014,2.9,2.917,-0.087,-2.8961,571606.0,168677.026,3.004,3.014,2.9,2.917
20181024,510180.SH,2.917,2.91,2.985,2.906,2.937,0.02,0.6856,309116.94,90892.58,2.91,2.985,2.906,2.937
20181025,510180.SH,2.937,2.893,2.943,2.857,2.939,0.002,0.0681,208975.5,60501.835,2.893,2.943,2.857,2.939
20181026,510180.SH,2.939,2.942,2.958,2.898,2.919,-0.02,-0.6805,123226.0,36008.303,2.942,2.958,2.898,2.919
20181029,510180.SH,2.919,2.911,2.92,2.821,2.837,-0.082,-2.8092,290682.0,83292.592,2.911,2.92,2.821,2.837
20181030,510180.SH,2.837,2.838,2.903,2.82,2.87,0.033,1.1632,212880.75,60979.975,2.838,2.903,2.82,2.87
20181031,510180.SH,2.87,2.879,2.922,2.867,2.904,0.034,1.1847,332121.31,96206.204,2.879,2.922,2.867,2.904
20181101,510180.SH,2.904,2.925,2.965,2.914,2.916,0.012,0.4132,353361.5,103859.457,2.925,2.965,2.914,2.916
20181102,510180.SH,2.916,2.986,3.019,2.957,3.017,0.101,3.4636,462796.0,138305.327,2.986,3.019,2.957,3.017
20181105,510180.SH,3.017,3.013,3.013,2.958,2.987,-0.03,-0.9944,277258.44,82602.594,3.013,3.013,2.958,2.987
20181106,510180.SH,2.987,2.97,2.985,2.946,2.975,-0.012,-0.4017,550130.74,162892.179,2.97,2.985,2.946,2.975
20181107,510180.SH,2.975,2.976,2.999,2.953,2.954,-0.021,-0.7059,246531.81,73289.225,2.976,2.999,2.953,2.954
20181108,510180.SH,2.954,2.975,2.983,2.945,2.951,-0.003,-0.1016,210959.99,62514.43,2.975,2.983,2.945,2.951
20181109,510180.SH,2.951,2.935,2.936,2.902,2.904,-0.047,-1.5927,179461.0,52324.741,2.935,2.936,2.902,2.904
20181112,510180.SH,2.904,2.899,2.93,2.889,2.929,0.025,0.8609,283257.65,82495.2,2.899,2.93,2.889,2.929
20181113,510180.SH,2.929,2.904,2.965,2.89,2.951,0.022,0.7511,295946.48,86348.967,2.904,2.965,2.89,2.951
20181114,510180.SH,2.951,2.945,2.953,2.916,2.92,-0.031,-1.0505,147930.83,43409.512,2.945,2.953,2.916,2.92
20181115,510180.SH,2.92,2.92,2.959,2.92,2.959,0.039,1.3356,183371.75,53892.809,2.92,2.959,2.92,2.959
20181116,510180.SH,2.959,2.96,2.992,2.941,2.968,0.009,0.3042,160576.75,47715.729,2.96,2.992,2.941,2.968
20181119,510180.SH,2.968,2.962,3.0,2.962,3.0,0.032,1.0782,199021.75,59348.541,2.962,3.0,2.962,3.0
20181120,510180.SH,3.0,2.985,2.99,2.937,2.947,-0.053,-1.7667,183819.25,54403.528,2.985,2.99,2.937,2.947
20181121,510180.SH,2.947,2.934,2.95,2.919,2.948,0.001,0.0339,134640.0,39517.851,2.934,2.95,2.919,2.948
20181122,510180.SH,2.948,2.95,2.952,2.92,2.932,-0.016,-0.5427,112046.0,32849.015,2.95,2.952,2.92,2.932
20181123,510180.SH,2.932,2.926,2.931,2.871,2.871,-0.061,-2.0805,224948.5,64982.244,2.926,2.931,2.871,2.871
20181126,510180.SH,2.871,2.87,2.902,2.863,2.874,0.003,0.1045,461637.0,133021.586,2.87,2.902,2.863,2.874
20181127,510180.SH,2.874,2.881,2.895,2.861,2.872,-0.002,-0.0696,78046.5,22481.376,2.881,2.895,2.861,2.872
20181128,510180.SH,2.872,2.87,2.906,2.865,2.906,0.034,1.1838,131024.75,37875.822,2.87,2.906,2.865,2.906
20181129,510180.SH,2.906,2.915,2.925,2.875,2.879,-0.027,-0.9291,133254.75,38743.668,2.915,2.925,2.875,2.879
20181130,510180.SH,2.879,2.878,2.904,2.871,2.9,0.021,0.7294,137965.25,39844.143,2.878,2.904,2.871,2.9
20181203,510180.SH,2.9,2.97,2.988,2.949,2.974,0.074,2.5517,268799.0,79876.621,2.97,2.988,2.949,2.974
20181204,510180.SH,2.974,2.97,2.983,2.96,2.979,0.005,0.1681,202124.25,60052.05,2.97,2.983,2.96,2.979
20181205,510180.SH,2.979,2.95,2.982,2.943,2.968,-0.011,-0.3693,147686.69,43799.339,2.95,2.982,2.943,2.968
20181206,510180.SH,2.968,2.967,2.967,2.912,2.913,-0.055,-1.8531,207479.0,60758.017,2.967,2.967,2.912,2.913
20181207,510180.SH,2.913,2.918,2.925,2.909,2.91,-0.003,-0.103,175403.0,51122.058,2.918,2.925,2.909,2.91
20181210,510180.SH,2.91,2.906,2.906,2.877,2.886,-0.024,-0.8247,168816.5,48775.698,2.906,2.906,2.877,2.886
20181211,510180.SH,2.886,2.886,2.899,2.884,2.894,0.008,0.2772,156998.5,45384.636,2.886,2.899,2.884,2.894
20181212,510180.SH,2.894,2.898,2.914,2.895,2.901,0.007,0.2419,148141.0,43051.498,2.898,2.914,2.895,2.901
20181213,510180.SH,2.901,2.904,2.956,2.904,2.945,0.044,1.5167,220310.5,64658.228,2.904,2.956,2.904,2.945
20181214,510180.SH,2.945,2.944,2.944,2.9,2.905,-0.04,-1.3582,93549.5,27280.28,2.944,2.944,2.9,2.905
20181217,510180.SH,2.905,2.9,2.906,2.88,2.906,0.001,0.0344,263956.0,76526.3,2.9,2.906,2.88,2.906
20181218,510180.SH,2.906,2.897,2.907,2.861,2.872,-0.034,-1.17,367670.5,106188.261,2.897,2.907,2.861,2.872
20181219,510180.SH,2.872,2.875,2.879,2.836,2.843,-0.029,-1.0097,308168.0,88180.897,2.875,2.879,2.836,2.843
20181220,510180.SH,2.843,2.842,2.844,2.794,2.814,-0.029,-1.02,233736.0,65850.557,2.842,2.844,2.794,2.814
20181221,510180.SH,2.814,2.811,2.811,2.764,2.783,-0.031,-1.1016,291796.0,80950.39,2.811,2.811,2.764,2.783
20181224,510180.SH,2.783,2.781,2.793,2.765,2.789,0.006,0.2156,148264.0,41249.91,2.781,2.793,2.765,2.789
20181225,510180.SH,2.789,2.76,2.782,2.722,2.767,-0.022,-0.7888,207199.0,56910.746,2.76,2.782,2.722,2.767
20181226,510180.SH,2.767,2.768,2.777,2.749,2.756,-0.011,-0.3975,111782.62,30828.665,2.768,2.777,2.749,2.756
20181227,510180.SH,2.756,2.789,2.795,2.746,2.755,-0.001,-0.0363,154884.13,42813.573,2.789,2.795,2.746,2.755
20181228,510180.SH,2.755,2.754,2.783,2.747,2.768,0.013,0.4719,207403.5,57351.476,2.754,2.783,2.747,2.768
20190102,510180.SH,2.768,2.771,2.776,2.719,2.728,-0.04,-1.4451,165253.0,45244.104,2.771,2.776,2.719,2.728
20190103,510180.SH,2.728,2.726,2.764,2.72,2.731,0.003,0.11,140071.13,38418.389,2.726,2.764,2.72,2.731
20190104,510180.SH,2.731,2.721,2.802,2.712,2.797,0.066,2.4167,336768.25,93066.861,2.721,2.802,2.712,2.797
20190107,510180.SH,2.797,2.803,2.817,2.794,2.806,0.009,0.3218,186132.75,52193.64,2.803,2.817,2.794,2.806
20190108,510180.SH,2.806,2.81,2.81,2.789,2.796,-0.01,-0.3564,186677.75,52233.39,2.81,2.81,2.789,2.796
20190109,510180.SH,2.796,2.8,2.86,2.8,2.825,0.029,1.0372,400945.63,113938.659,2.8,2.86,2.8,2.825
20190110,510180.SH,2.825,2.832,2.835,2.807,2.817,-0.008,-0.2832,145658.0,41119.064,2.832,2.835,2.807,2.817
20190111,510180.SH,2.817,2.817,2.846,2.817,2.836,0.019,0.6745,236014.75,66776.692,2.817,2.846,2.817,2.836
20190114,510180.SH,2.836,2.838,2.839,2.811,2.815,-0.021,-0.7405,133557.0,37680.338,2.838,2.839,2.811,2.815
20190115,510180.SH,2.815,2.809,2.868,2.809,2.867,0.052,1.8472,298954.0,85104.326,2.809,2.868,2.809,2.867
20190116,510180.SH,2.867,2.868,2.87,2.854,2.867,0.0,0.0,200815.09,57494.005,2.868,2.87,2.854,2.867
20190117,510180.SH,2.867,2.87,2.884,2.851,2.852,-0.015,-0.5232,241742.25,69297.411,2.87,2.884,2.851,2.852
20190118,510180.SH,2.852,2.855,2.913,2.855,2.907,0.055,1.9285,305133.0,88108.956,2.855,2.913,2.855,2.907
20190121,510180.SH,2.907,2.91,2.935,2.908,2.916,0.009,0.3096,207365.25,60576.799,2.91,2.935,2.908,2.916
20190122,510180.SH,2.916,2.916,2.916,2.876,2.883,-0.033,-1.1317,192843.0,55841.74,2.916,2.916,2.876,2.883
20190123,510180.SH,2.883,2.882,2.895,2.871,2.877,-0.006,-0.2081,147873.5,42604.401,2.882,2.895,2.871,2.877
20190124,510180.SH,2.877,2.877,2.905,2.865,2.898,0.021,0.7299,300088.0,86478.173,2.877,2.905,2.865,2.898
20190125,510180.SH,2.898,2.9,2.939,2.9,2.92,0.022,0.7591,121044.27,35387.944,2.9,2.939,2.9,2.92
20190128,510180.SH,2.92,2.926,2.958,2.908,2.917,-0.003,-0.1027,217310.25,63777.09,2.926,2.958,2.908,2.917
20190129,510180.SH,2.917,2.916,2.939,2.892,2.927,0.01,0.3428,276297.75,80621.4,2.916,2.939,2.892,2.927
20190130,510180.SH,2.927,2.921,2.936,2.911,2.913,-0.014,-0.4783,226035.0,66036.534,2.921,2.936,2.911,2.913
20190131,510180.SH,2.913,2.92,2.956,2.919,2.945,0.032,1.0985,262771.0,77165.208,2.92,2.956,2.919,2.945
20190201,510180.SH,2.945,2.96,2.976,2.942,2.976,0.031,1.0526,209510.0,62025.807,2.96,2.976,2.942,2.976
20190211,510180.SH,2.976,2.969,3.014,2.966,3.01,0.034,1.1425,228105.5,68238.247,2.969,3.014,2.966,3.01
20190212,510180.SH,3.01,3.01,3.033,3.001,3.027,0.017,0.5648,203312.25,61414.175,3.01,3.033,3.001,3.027
20190213,510180.SH,3.027,3.031,3.1,3.021,3.088,0.061,2.0152,298520.06,91137.952,3.031,3.1,3.021,3.088
20190214,510180.SH,3.088,3.083,3.097,3.072,3.082,-0.006,-0.1943,161787.8,49871.856,3.083,3.097,3.072,3.082
20190215,510180.SH,3.082,3.071,3.079,3.024,3.033,-0.049,-1.5899,232279.25,70770.843,3.071,3.079,3.024,3.033
20190218,510180.SH,3.033,3.046,3.115,3.046,3.113,0.08,2.6377,213858.5,66053.547,3.046,3.115,3.046,3.113
20190219,510180.SH,3.113,3.116,3.148,3.095,3.111,-0.002,-0.0642,284231.25,88739.945,3.116,3.148,3.095,3.111
20190220,510180.SH,3.111,3.115,3.13,3.095,3.115,0.004,0.1286,171417.25,53376.929,3.115,3.13,3.095,3.115
20190221,510180.SH,3.115,3.114,3.16,3.1,3.114,-0.001,-0.0321,272386.5,85114.337,3.114,3.16,3.1,3.114
20190222,510180.SH,3.114,3.118,3.188,3.091,3.186,0.072,2.3121,216233.0,67626.169,3.118,3.188,3.091,3.186
20190225,510180.SH,3.186,3.212,3.45,3.212,3.426,0.24,7.533,392453.51,128819.581,3.212,3.45,3.212,3.426
20190226,510180.SH,3.426,3.415,3.415,3.323,3.337,-0.089,-2.5978,275314.25,92795.357,3.415,3.415,3.323,3.337
20190227,510180.SH,3.337,3.337,3.389,3.296,3.336,-0.001,-0.03,246144.75,82501.941,3.337,3.389,3.296,3.336
20190228,510180.SH,3.336,3.332,3.344,3.308,3.319,-0.017,-0.5096,176333.75,58619.152,3.332,3.344,3.308,3.319
20190301,510180.SH,3.319,3.33,3.402,3.316,3.4,0.081,2.4405,309653.5,103839.377,3.33,3.402,3.316,3.4
20190304,510180.SH,3.4,3.415,3.509,3.4,3.417,0.017,0.5,417542.55,143877.707,3.415,3.509,3.4,3.417
20190305,510180.SH,3.417,3.41,3.424,3.388,3.418,0.001,0.0293,200038.77,68118.043,3.41,3.424,3.388,3.418
20190306,510180.SH,3.418,3.42,3.466,3.395,3.453,0.035,1.024,321689.76,110253.96,3.42,3.466,3.395,3.453
20190307,510180.SH,3.453,3.449,3.46,3.401,3.424,-0.029,-0.8398,239334.76,82054.435,3.449,3.46,3.401,3.424
20190308,510180.SH,3.424,3.385,3.385,3.284,3.288,-0.136,-3.972,262201.75,87339.133,3.385,3.385,3.284,3.288
20190311,510180.SH,3.288,3.275,3.336,3.275,3.335,0.047,1.4294,222489.25,73563.504,3.275,3.336,3.275,3.335
20190312,510180.SH,3.335,3.34,3.4,3.329,3.353,0.018,0.5397,357175.54,120308.463,3.34,3.4,3.329,3.353
20190313,510180.SH,3.353,3.351,3.374,3.32,3.339,-0.014,-0.4175,236070.02,78956.731,3.351,3.374,3.32,3.339
20190314,510180.SH,3.339,3.33,3.359,3.301,3.316,-0.023,-0.6888,266803.5,88884.825,3.33,3.359,3.301,3.316
20190315,510180.SH,3.316,3.325,3.389,3.325,3.355,0.039,1.1761,220949.76,73974.408,3.325,3.389,3.325,3.355
20190318,510180.SH,3.355,3.35,3.451,3.345,3.443,0.088,2.623,243846.09,82865.631,3.35,3.451,3.345,3.443
20190319,510180.SH,3.443,3.444,3.463,3.412,3.42,-0.023,-0.668,177247.07,60880.091,3.444,3.463,3.412,3.42
20190320,510180.SH,3.42,3.42,3.447,3.388,3.43,0.01,0.2924,311051.75,106261.592,3.42,3.447,3.388,3.43
20190321,510180.SH,3.43,3.429,3.453,3.42,3.432,0.002,0.0583,173687.25,59651.628,3.429,3.453,3.42,3.432
20190322,510180.SH,3.432,3.433,3.437,3.386,3.42,-0.012,-0.3497,185020.25,63110.099,3.433,3.437,3.386,3.42
20190325,510180.SH,3.42,3.385,3.399,3.341,3.342,-0.078,-2.2807,216265.0,73026.403,3.385,3.399,3.341,3.342
20190326,510180.SH,3.342,3.362,3.368,3.298,3.31,-0.032,-0.9575,174478.0,58074.446,3.362,3.368,3.298,3.31
20190327,510180.SH,3.31,3.319,3.355,3.319,3.341,0.031,0.9366,183664.25,61222.423,3.319,3.355,3.319,3.341
20190328,510180.SH,3.341,3.326,3.344,3.309,3.327,-0.014,-0.419,124793.76,41502.424,3.326,3.344,3.309,3.327
20190329,510180.SH,3.327,3.327,3.468,3.327,3.461,0.134,4.0277,304616.25,103862.011,3.327,3.468,3.327,3.461
20190401,510180.SH,3.461,3.468,3.546,3.468,3.539,0.078,2.2537,268996.25,94928.932,3.468,3.546,3.468,3.539
20190402,510180.SH,3.539,3.558,3.56,3.525,3.538,-0.001,-0.0283,176186.76,62431.538,3.558,3.56,3.525,3.538
20190403,510180.SH,3.538,3.528,3.598,3.512,3.597,0.059,1.6676,217568.03,77345.133,3.528,3.598,3.512,3.597
20190404,510180.SH,3.597,3.596,3.638,3.591,3.636,0.039,1.0842,243086.75,88013.54,3.596,3.638,3.591,3.636
20190408,510180.SH,3.636,3.641,3.685,3.593,3.624,-0.012,-0.33,196291.77,71303.476,3.641,3.685,3.593,3.624
20190409,510180.SH,3.624,3.638,3.648,3.601,3.63,0.006,0.1656,227004.31,82352.222,3.638,3.648,3.601,3.63
20190410,510180.SH,3.63,3.629,3.668,3.594,3.64,0.01,0.2755,205830.75,74459.639,3.629,3.668,3.594,3.64
20190411,510180.SH,3.64,3.64,3.656,3.57,3.577,-0.063,-1.7308,192112.25,69371.305,3.64,3.656,3.57,3.577
20190412,510180.SH,3.577,3.57,3.585,3.551,3.573,-0.004,-0.1118,159601.25,56941.089,3.57,3.585,3.551,3.573
20190415,510180.SH,3.573,3.615,3.647,3.556,3.561,-0.012,-0.3359,197030.0,71434.668,3.615,3.647,3.556,3.561
20190416,510180.SH,3.561,3.55,3.66,3.534,3.659,0.098,2.752,273376.5,98160.037,3.55,3.66,3.534,3.659
20190417,510180.SH,3.659,3.649,3.671,3.63,3.658,-0.001,-0.0273,238131.75,86988.345,3.649,3.671,3.63,3.658
20190418,510180.SH,3.658,3.657,3.667,3.632,3.644,-0.014,-0.3827,194201.75,70908.031,3.657,3.667,3.632,3.644
20190419,510180.SH,3.644,3.644,3.69,3.621,3.681,0.037,1.0154,192235.75,70366.915,3.644,3.69,3.621,3.681
20190422,510180.SH,3.681,3.692,3.693,3.593,3.601,-0.08,-2.1733,214295.0,78326.19,3.692,3.693,3.593,3.601
20190423,510180.SH,3.601,3.601,3.639,3.589,3.6,-0.001,-0.0278,135453.5,48843.78,3.601,3.639,3.589,3.6
20190424,510180.SH,3.6,3.608,3.621,3.552,3.602,0.002,0.0556,225328.15,80937.146,3.608,3.621,3.552,3.602
20190425,510180.SH,3.602,3.59,3.596,3.53,3.536,-0.066,-1.8323,205233.65,73327.075,3.59,3.596,3.53,3.536
20190426,510180.SH,3.536,3.523,3.54,3.488,3.494,-0.042,-1.1878,254154.0,89392.018,3.523,3.54,3.488,3.494
20190429,510180.SH,3.494,3.491,3.553,3.487,3.515,0.021,0.601,213006.75,74900.88,3.491,3.553,3.487,3.515
20190430,510180.SH,3.515,3.514,3.531,3.501,3.521,0.006,0.1707,136079.0,47857.37,3.514,3.531,3.501,3.521
20190506,510180.SH,3.521,3.47,3.47,3.295,3.332,-0.189,-5.3678,357578.28,120070.862,3.47,3.47,3.295,3.332
20190507,510180.SH,3.332,3.337,3.374,3.318,3.357,0.025,0.7503,215847.25,72209.464,3.337,3.374,3.318,3.357
20190508,510180.SH,3.357,3.32,3.35,3.291,3.302,-0.055,-1.6384,213924.5,71008.574,3.32,3.35,3.291,3.302
20190509,510180.SH,3.302,3.291,3.291,3.227,3.245,-0.057,-1.7262,171757.48,55994.83,3.291,3.291,3.227,3.245
20190510,510180.SH,3.245,3.28,3.363,3.234,3.351,0.106,3.2666,264013.75,87474.232,3.28,3.363,3.234,3.351
20190513,510180.SH,3.351,3.333,3.333,3.29,3.301,-0.05,-1.4921,147607.5,48867.148,3.333,3.333,3.29,3.301
20190514,510180.SH,3.301,3.281,3.31,3.265,3.275,-0.026,-0.7876,132044.0,43440.276,3.281,3.31,3.265,3.275
20190515,510180.SH,3.275,3.285,3.362,3.285,3.344,0.069,2.1069,128029.8,42590.8,3.285,3.362,3.285,3.344
20190516,510180.SH,3.344,3.344,3.365,3.33,3.359,0.015,0.4486,88635.3,29659.706,3.344,3.365,3.33,3.359
20190517,510180.SH,3.359,3.371,3.371,3.28,3.287,-0.072,-2.1435,109211.5,36181.44,3.371,3.371,3.28,3.287
20190520,510180.SH,3.287,3.287,3.298,3.233,3.265,-0.022,-0.6693,184964.25,60259.875,3.287,3.298,3.233,3.265
20190521,510180.SH,3.265,3.277,3.322,3.257,3.293,0.028,0.8576,179938.68,59257.325,3.277,3.322,3.257,3.293
20190522,510180.SH,3.293,3.292,3.303,3.272,3.283,-0.01,-0.3037,109088.5,35833.437,3.292,3.303,3.272,3.283
20190523,510180.SH,3.283,3.28,3.281,3.241,3.245,-0.038,-1.1575,132328.5,43080.191,3.28,3.281,3.241,3.245
20190524,510180.SH,3.245,3.24,3.28,3.24,3.252,0.007,0.2157,116753.0,38029.308,3.24,3.28,3.24,3.252
20190527,510180.SH,3.252,3.253,3.297,3.217,3.284,0.032,0.984,250569.0,81507.339,3.253,3.297,3.217,3.284
20190528,510180.SH,3.284,3.278,3.328,3.278,3.297,0.013,0.3959,215999.72,71472.816,3.278,3.328,3.278,3.297
20190529,510180.SH,3.297,3.29,3.344,3.286,3.318,0.021,0.6369,160291.75,53046.117,3.29,3.344,3.286,3.318
20190530,510180.SH,3.318,3.314,3.314,3.278,3.306,-0.012,-0.3617,94716.69,31202.298,3.314,3.314,3.278,3.306
20190531,510180.SH,3.306,3.303,3.33,3.287,3.298,-0.008,-0.242,157520.0,52106.58,3.303,3.33,3.287,3.298
20190603,510180.SH,3.298,3.296,3.334,3.278,3.301,0.003,0.091,208363.01,68797.638,3.296,3.334,3.278,3.301
20190604,510180.SH,3.301,3.295,3.308,3.263,3.271,-0.03,-0.9088,115526.0,37869.536,3.295,3.308,3.263,3.271
20190605,510180.SH,3.271,3.287,3.305,3.267,3.274,0.003,0.0917,120091.75,39501.245,3.287,3.305,3.267,3.274
20190606,510180.SH,3.274,3.273,3.284,3.244,3.247,-0.027,-0.8247,213442.0,69596.837,3.273,3.284,3.244,3.247
20190610,510180.SH,3.247,3.251,3.301,3.251,3.284,0.037,1.1395,164144.0,53836.799,3.251,3.301,3.251,3.284
20190611,510180.SH,3.284,3.287,3.387,3.287,3.379,0.095,2.8928,225810.83,75663.552,3.287,3.387,3.287,3.379
20190612,510180.SH,3.379,3.38,3.383,3.35,3.359,-0.02,-0.5919,151140.61,50809.206,3.38,3.383,3.35,3.359
20190613,510180.SH,3.359,3.357,3.372,3.33,3.363,0.004,0.1191,220751.61,74056.544,3.357,3.372,3.33,3.363
20190614,510180.SH,3.363,3.37,3.378,3.337,3.339,-0.024,-0.7136,195837.0,65792.691,3.37,3.378,3.337,3.339
20190617,510180.SH,3.339,3.332,3.369,3.332,3.344,0.005,0.1497,173551.0,58156.757,3.332,3.369,3.332,3.344
20190618,510180.SH,3.344,3.35,3.363,3.33,3.355,0.011,0.3289,197621.0,66162.392,3.35,3.363,3.33,3.355
20190619,510180.SH,3.355,3.421,3.457,3.403,3.408,0.053,1.5797,204161.39,69988.0,3.421,3.457,3.403,3.408
20190620,510180.SH,3.408,3.41,3.535,3.408,3.514,0.106,3.1103,475795.42,165365.085,3.41,3.535,3.408,3.514
20190621,510180.SH,3.514,3.519,3.539,3.503,3.525,0.011,0.313,201421.92,70876.918,3.519,3.539,3.503,3.525
20190624,510180.SH,3.525,3.529,3.535,3.505,3.528,0.003,0.0851,120116.25,42317.634,3.529,3.535,3.505,3.528
20190625,510180.SH,3.528,3.529,3.53,3.451,3.491,-0.037,-1.0488,144236.5,50142.127,3.529,3.53,3.451,3.491
20190626,510180.SH,3.491,3.466,3.499,3.466,3.488,-0.003,-0.0859,118617.46,41321.633,3.466,3.499,3.466,3.488
20190627,510180.SH,3.488,3.489,3.541,3.489,3.522,0.034,0.9748,229621.25,80825.897,3.489,3.541,3.489,3.522
20190628,510180.SH,3.522,3.523,3.523,3.492,3.517,-0.005,-0.142,227093.0,79596.715,3.523,3.523,3.492,3.517
20190701,510180.SH,3.517,3.565,3.606,3.565,3.595,0.078,2.2178,286130.91,102647.305,3.565,3.606,3.565,3.595
20190702,510180.SH,3.595,3.595,3.598,3.574,3.591,-0.004,-0.1113,141797.52,50826.726,3.595,3.598,3.574,3.591
20190703,510180.SH,3.591,3.581,3.581,3.546,3.561,-0.03,-0.8354,200994.5,71651.616,3.581,3.581,3.546,3.561
20190704,510180.SH,3.561,3.565,3.571,3.524,3.537,-0.024,-0.674,274128.2,97353.21,3.565,3.571,3.524,3.537
20190705,510180.SH,3.537,3.539,3.559,3.527,3.554,0.017,0.4806,165863.0,58784.676,3.539,3.559,3.527,3.554
20190708,510180.SH,3.554,3.55,3.55,3.441,3.467,-0.087,-2.4479,219956.0,76637.373,3.55,3.55,3.441,3.467
20190709,510180.SH,3.467,3.464,3.481,3.445,3.459,-0.008,-0.2307,196844.0,68116.346,3.464,3.481,3.445,3.459
20190710,510180.SH,3.459,3.462,3.48,3.452,3.458,-0.001,-0.0289,174119.25,60281.52,3.462,3.48,3.452,3.458
20190711,510180.SH,3.458,3.468,3.502,3.449,3.462,0.004,0.1157,228563.25,79520.737,3.468,3.502,3.449,3.462
20190712,510180.SH,3.462,3.462,3.497,3.458,3.486,0.024,0.6932,208613.25,72592.812,3.462,3.497,3.458,3.486
20190715,510180.SH,3.486,3.481,3.518,3.428,3.494,0.008,0.2295,307448.5,106411.688,3.481,3.518,3.428,3.494
20190716,510180.SH,3.494,3.485,3.501,3.475,3.482,-0.012,-0.3434,143049.25,49857.51,3.485,3.501,3.475,3.482
20190717,510180.SH,3.482,3.471,3.49,3.46,3.471,-0.011,-0.3159,165519.25,57540.36,3.471,3.49,3.46,3.471
20190718,510180.SH,3.471,3.464,3.47,3.451,3.455,-0.016,-0.461,234618.0,81172.936,3.464,3.47,3.451,3.455
20190719,510180.SH,3.455,3.464,3.512,3.462,3.489,0.034,0.9841,254607.75,88879.16,3.464,3.512,3.462,3.489
20190722,510180.SH,3.489,3.497,3.499,3.446,3.464,-0.025,-0.7165,241441.75,83873.05,3.497,3.499,3.446,3.464
20190723,510180.SH,3.464,3.463,3.477,3.458,3.472,0.008,0.2309,227450.75,78862.577,3.463,3.477,3.458,3.472
20190724,510180.SH,3.472,3.477,3.524,3.477,3.5,0.028,0.8065,220637.5,77340.06,3.477,3.524,3.477,3.5
20190725,510180.SH,3.5,3.504,3.528,3.494,3.527,0.027,0.7714,199485.25,70030.132,3.504,3.528,3.494,3.527
20190726,510180.SH,3.527,3.513,3.544,3.513,3.538,0.011,0.3119,241838.01,85323.005,3.513,3.544,3.513,3.538
20190729,510180.SH,3.538,3.54,3.54,3.519,3.53,-0.008,-0.2261,190940.0,67337.2,3.54,3.54,3.519,3.53
20190730,510180.SH,3.53,3.531,3.564,3.531,3.543,0.013,0.3683,175781.75,62390.267,3.531,3.564,3.531,3.543
20190731,510180.SH,3.543,3.544,3.544,3.509,3.518,-0.025,-0.7056,173252.0,60951.606,3.544,3.544,3.509,3.518
20190801,510180.SH,3.518,3.51,3.51,3.475,3.481,-0.037,-1.0517,203303.0,70956.968,3.51,3.51,3.475,3.481
20190802,510180.SH,3.481,3.459,3.459,3.41,3.436,-0.045,-1.2927,215555.5,73859.771,3.459,3.459,3.41,3.436
20190805,510180.SH,3.436,3.422,3.422,3.367,3.37,-0.066,-1.9208,238921.75,81235.462,3.422,3.422,3.367,3.37
20190806,510180.SH,3.37,3.333,3.34,3.285,3.332,-0.038,-1.1276,394909.25,131015.411,3.333,3.34,3.285,3.332
20190807,510180.SH,3.332,3.332,3.345,3.317,3.32,-0.012,-0.3601,210528.75,70204.384,3.332,3.345,3.317,3.32
20190808,510180.SH,3.32,3.326,3.368,3.326,3.358,0.038,1.1446,162994.0,54703.444,3.326,3.368,3.326,3.358
20190809,510180.SH,3.358,3.372,3.376,3.334,3.342,-0.016,-0.4765,193117.0,64755.253,3.372,3.376,3.334,3.342
20190812,510180.SH,3.342,3.345,3.397,3.345,3.396,0.054,1.6158,133523.25,44950.662,3.345,3.397,3.345,3.396
20190813,510180.SH,3.396,3.372,3.376,3.359,3.365,-0.031,-0.9128,171023.75,57569.812,3.372,3.376,3.359,3.365
20190814,510180.SH,3.365,3.395,3.406,3.375,3.376,0.011,0.3269,196895.31,66778.336,3.395,3.406,3.375,3.376
20190815,510180.SH,3.376,3.34,3.389,3.321,3.382,0.006,0.1777,263447.5,88386.253,3.34,3.389,3.321,3.382
20190816,510180.SH,3.382,3.381,3.425,3.379,3.399,0.017,0.5027,299279.99,101805.382,3.381,3.425,3.379,3.399
20190819,510180.SH,3.399,3.41,3.475,3.409,3.471,0.072,2.1183,275445.24,94828.049,3.41,3.475,3.409,3.471
20190820,510180.SH,3.471,3.475,3.478,3.462,3.465,-0.006,-0.1729,196109.25,68029.355,3.475,3.478,3.462,3.465
20190821,510180.SH,3.465,3.46,3.469,3.458,3.465,0.0,0.0,193740.0,67124.762,3.46,3.469,3.458,3.465
20190822,510180.SH,3.465,3.467,3.473,3.451,3.47,0.005,0.1443,229364.75,79392.327,3.467,3.473,3.451,3.47
20190823,510180.SH,3.47,3.478,3.511,3.465,3.501,0.031,0.8934,249075.5,87081.442,3.478,3.511,3.465,3.501
20190826,510180.SH,3.501,3.467,3.467,3.443,3.452,-0.049,-1.3996,239613.5,82786.047,3.467,3.467,3.443,3.452
20190827,510180.SH,3.452,3.47,3.522,3.47,3.494,0.042,1.2167,292233.5,102223.084,3.47,3.522,3.47,3.494
20190828,510180.SH,3.494,3.488,3.496,3.466,3.467,-0.027,-0.7728,213521.0,74269.752,3.488,3.496,3.466,3.467
20190829,510180.SH,3.467,3.471,3.475,3.441,3.459,-0.008,-0.2307,226438.01,78297.894,3.471,3.475,3.441,3.459
20190830,510180.SH,3.459,3.476,3.493,3.446,3.466,0.007,0.2024,211592.78,73472.552,3.476,3.493,3.446,3.466
20190902,510180.SH,3.466,3.467,3.52,3.46,3.502,0.036,1.0387,259103.0,90489.06,3.467,3.52,3.46,3.502
20190903,510180.SH,3.502,3.502,3.51,3.486,3.5,-0.002,-0.0571,206850.01,72313.048,3.502,3.51,3.486,3.5
20190904,510180.SH,3.5,3.502,3.539,3.498,3.537,0.037,1.0571,261443.1,91999.409,3.502,3.539,3.498,3.537
20190905,510180.SH,3.537,3.549,3.62,3.549,3.574,0.037,1.0461,281802.25,101197.794,3.549,3.62,3.549,3.574
20190906,510180.SH,3.574,3.585,3.602,3.576,3.599,0.025,0.6995,210386.25,75510.337,3.585,3.602,3.576,3.599
20190909,510180.SH,3.599,3.626,3.634,3.606,3.613,0.014,0.389,238936.03,86433.727,3.626,3.634,3.606,3.613
20190910,510180.SH,3.613,3.611,3.619,3.583,3.6,-0.013,-0.3598,168510.25,60574.959,3.611,3.619,3.583,3.6
20190911,510180.SH,3.6,3.608,3.616,3.58,3.586,-0.014,-0.3889,224018.5,80440.161,3.608,3.616,3.58,3.586
20190912,510180.SH,3.586,3.588,3.628,3.587,3.624,0.038,1.0597,164173.11,59217.902,3.588,3.628,3.587,3.624
20190916,510180.SH,3.624,3.626,3.632,3.597,3.61,-0.014,-0.3863,259955.0,93973.521,3.626,3.632,3.597,3.61
20190917,510180.SH,3.61,3.607,3.608,3.538,3.553,-0.057,-1.5789,213242.0,76199.801,3.607,3.608,3.538,3.553
20190918,510180.SH,3.553,3.552,3.584,3.552,3.566,0.013,0.3659,164758.75,58836.041,3.552,3.584,3.552,3.566
20190919,510180.SH,3.566,3.569,3.576,3.553,3.575,0.009,0.2524,304086.0,108363.49,3.569,3.576,3.553,3.575
20190920,510180.SH,3.575,3.573,3.593,3.573,3.589,0.014,0.3916,212016.0,75955.768,3.573,3.593,3.573,3.589
20190923,510180.SH,3.589,3.579,3.579,3.529,3.544,-0.045,-1.2538,300188.0,106226.054,3.579,3.579,3.529,3.544
20190924,510180.SH,3.544,3.545,3.577,3.541,3.548,0.004,0.1129,221658.75,78823.601,3.545,3.577,3.541,3.548
20190925,510180.SH,3.548,3.54,3.548,3.528,3.528,-0.02,-0.5637,189299.0,66941.895,3.54,3.548,3.528,3.528
20190926,510180.SH,3.528,3.533,3.554,3.511,3.511,-0.017,-0.4819,213350.0,75379.165,3.533,3.554,3.511,3.511
20190927,510180.SH,3.511,3.508,3.524,3.507,3.52,0.009,0.2563,197477.0,69435.078,3.508,3.524,3.507,3.52
20190930,510180.SH,3.52,3.519,3.52,3.473,3.481,-0.039,-1.108,328670.76,114978.998,3.519,3.52,3.473,3.481
20191008,510180.SH,3.481,3.481,3.522,3.48,3.499,0.018,0.5171,191356.01,67087.963,3.481,3.522,3.48,3.499
20191009,510180.SH,3.499,3.487,3.514,3.471,3.509,0.01,0.2858,199611.0,69798.8,3.487,3.514,3.471,3.509
20191010,510180.SH,3.509,3.508,3.537,3.494,3.532,0.023,0.6555,195544.0,68730.102,3.508,3.537,3.494,3.532
20191011,510180.SH,3.532,3.541,3.582,3.527,3.57,0.038,1.0759,276695.25,98457.055,3.541,3.582,3.527,3.57
20191014,510180.SH,3.57,3.595,3.636,3.591,3.603,0.033,0.9244,281422.75,101632.809,3.595,3.636,3.591,3.603
20191015,510180.SH,3.603,3.6,3.607,3.59,3.594,-0.009,-0.2498,173827.0,62528.286,3.6,3.607,3.59,3.594
20191016,510180.SH,3.594,3.596,3.625,3.576,3.581,-0.013,-0.3617,239720.5,86171.278,3.596,3.625,3.576,3.581
20191017,510180.SH,3.581,3.581,3.596,3.572,3.582,0.001,0.0279,179967.24,64512.113,3.581,3.596,3.572,3.582
20191018,510180.SH,3.582,3.593,3.602,3.519,3.527,-0.055,-1.5355,269926.69,96245.204,3.593,3.602,3.519,3.527
20191021,510180.SH,3.527,3.523,3.533,3.508,3.529,0.002,0.0567,229599.0,80897.18,3.523,3.533,3.508,3.529
20191022,510180.SH,3.529,3.531,3.551,3.519,3.539,0.01,0.2834,254250.75,89712.175,3.531,3.551,3.519,3.539
20191023,510180.SH,3.539,3.529,3.543,3.509,3.516,-0.023,-0.6499,195578.0,69038.748,3.529,3.543,3.509,3.516
20191024,510180.SH,3.516,3.517,3.538,3.5,3.515,-0.001,-0.0284,186073.0,65454.835,3.517,3.538,3.5,3.515
20191025,510180.SH,3.515,3.51,3.539,3.49,3.53,0.015,0.4267,226514.25,79606.716,3.51,3.539,3.49,3.53
20191028,510180.SH,3.53,3.535,3.561,3.534,3.561,0.031,0.8782,242588.5,86070.515,3.535,3.561,3.534,3.561
20191029,510180.SH,3.561,3.551,3.555,3.534,3.535,-0.026,-0.7301,195030.01,69131.252,3.551,3.555,3.534,3.535
20191030,510180.SH,3.535,3.532,3.535,3.512,3.52,-0.015,-0.4243,191872.25,67515.647,3.532,3.535,3.512,3.52
20191031,510180.SH,3.52,3.523,3.534,3.507,3.521,0.001,0.0284,152754.5,53785.087,3.523,3.534,3.507,3.521
20191101,510180.SH,3.521,3.521,3.571,3.507,3.569,0.048,1.3632,204172.5,72274.36,3.521,3.571,3.507,3.569
20191104,510180.SH,3.569,3.569,3.595,3.569,3.59,0.021,0.5884,189719.26,68052.406,3.569,3.595,3.569,3.59
20191105,510180.SH,3.59,3.59,3.64,3.58,3.607,0.017,0.4735,230019.5,83130.293,3.59,3.64,3.58,3.607
20191106,510180.SH,3.607,3.608,3.617,3.588,3.598,-0.009,-0.2495,216903.51,78297.407,3.608,3.617,3.588,3.598
20191107,510180.SH,3.598,3.604,3.62,3.585,3.601,0.003,0.0834,186814.0,67198.469,3.604,3.62,3.585,3.601
20191108,510180.SH,3.601,3.618,3.63,3.579,3.585,-0.016,-0.4443,183650.0,66123.586,3.618,3.63,3.579,3.585
20191111,510180.SH,3.585,3.58,3.58,3.52,3.523,-0.062,-1.7294,213211.5,75474.732,3.58,3.58,3.52,3.523
20191112,510180.SH,3.523,3.523,3.535,3.501,3.524,0.001,0.0284,204078.0,71734.476,3.523,3.535,3.501,3.524
20191113,510180.SH,3.524,3.528,3.529,3.505,3.522,-0.002,-0.0568,209123.0,73486.86,3.528,3.529,3.505,3.522
20191114,510180.SH,3.522,3.522,3.531,3.514,3.52,-0.002,-0.0568,162277.25,57151.559,3.522,3.531,3.514,3.52
20191115,510180.SH,3.52,3.53,3.531,3.498,3.505,-0.015,-0.4261,201969.0,71017.298,3.53,3.531,3.498,3.505
20191118,510180.SH,3.505,3.505,3.536,3.497,3.529,0.024,0.6847,210844.0,74254.13,3.505,3.536,3.497,3.529
20191119,510180.SH,3.409,3.42,3.435,3.401,3.435,0.026,0.7627,243677.5,83363.101,3.42,3.435,3.401,3.435
20191120,510180.SH,3.435,3.435,3.435,3.394,3.403,-0.032,-0.9316,195062.5,66598.064,3.435,3.435,3.394,3.403
20191121,510180.SH,3.403,3.398,3.398,3.371,3.387,-0.016,-0.4702,209875.5,71046.77,3.398,3.398,3.371,3.387
20191122,510180.SH,3.387,3.392,3.408,3.345,3.358,-0.029,-0.8562,246528.0,83098.57,3.392,3.408,3.345,3.358
20191125,510180.SH,3.358,3.364,3.386,3.359,3.383,0.025,0.7445,226882.75,76521.804,3.364,3.386,3.359,3.383
20191126,510180.SH,3.383,3.385,3.403,3.378,3.392,0.009,0.266,196910.5,66795.171,3.385,3.403,3.378,3.392
20191127,510180.SH,3.392,3.39,3.399,3.374,3.384,-0.008,-0.2358,185013.0,62713.499,3.39,3.399,3.374,3.384
20191128,510180.SH,3.384,3.384,3.396,3.364,3.371,-0.013,-0.3842,212523.25,71731.72,3.384,3.396,3.364,3.371
20191129,510180.SH,3.371,3.37,3.371,3.324,3.335,-0.036,-1.0679,235352.0,78789.008,3.37,3.371,3.324,3.335
20191202,510180.SH,3.335,3.335,3.359,3.334,3.343,0.008,0.2399,217279.25,72739.454,3.335,3.359,3.334,3.343
20191203,510180.SH,3.343,3.337,3.352,3.321,3.35,0.007,0.2094,232609.25,77706.374,3.337,3.352,3.321,3.35
20191204,510180.SH,3.35,3.348,3.35,3.33,3.346,-0.004,-0.1194,199863.5,66789.739,3.348,3.35,3.33,3.346
20191205,510180.SH,3.346,3.349,3.374,3.349,3.371,0.025,0.7472,240391.3,80808.133,3.349,3.374,3.349,3.371
20191206,510180.SH,3.371,3.369,3.387,3.368,3.385,0.014,0.4153,188175.25,63520.755,3.369,3.387,3.368,3.385
20191209,510180.SH,3.385,3.388,3.393,3.374,3.385,0.0,0.0,196953.0,66600.144,3.388,3.393,3.374,3.385
20191210,510180.SH,3.385,3.385,3.391,3.374,3.388,0.003,0.0886,196849.0,66582.98,3.385,3.391,3.374,3.388
20191211,510180.SH,3.388,3.389,3.402,3.382,3.395,0.007,0.2066,218480.5,74137.252,3.389,3.402,3.382,3.395
20191212,510180.SH,3.395,3.394,3.402,3.387,3.391,-0.004,-0.1178,228641.0,77579.871,3.394,3.402,3.387,3.391
20191213,510180.SH,3.391,3.405,3.46,3.405,3.454,0.063,1.8579,286156.0,98304.788,3.405,3.46,3.405,3.454
20191216,510180.SH,3.454,3.454,3.46,3.438,3.457,0.003,0.0869,205809.0,70991.756,3.454,3.46,3.438,3.457
20191217,510180.SH,3.457,3.456,3.531,3.456,3.502,0.045,1.3017,272509.5,95028.399,3.456,3.531,3.456,3.502
20191218,510180.SH,3.502,3.507,3.515,3.487,3.489,-0.013,-0.3712,234619.0,82264.629,3.507,3.515,3.487,3.489
20191219,510180.SH,3.489,3.494,3.497,3.474,3.487,-0.002,-0.0573,197493.0,68818.909,3.494,3.497,3.474,3.487
20191220,510180.SH,3.487,3.488,3.505,3.475,3.48,-0.007,-0.2007,225319.39,78659.889,3.488,3.505,3.475,3.48
20191223,510180.SH,3.48,3.478,3.49,3.432,3.435,-0.045,-1.2931,284488.0,98480.739,3.478,3.49,3.432,3.435
20191224,510180.SH,3.435,3.45,3.46,3.436,3.46,0.025,0.7278,206568.75,71223.116,3.45,3.46,3.436,3.46
20191225,510180.SH,3.46,3.458,3.463,3.441,3.458,-0.002,-0.0578,263552.0,90979.353,3.458,3.463,3.441,3.458
20191226,510180.SH,3.458,3.458,3.482,3.451,3.48,0.022,0.6362,241315.6,83590.685,3.458,3.482,3.451,3.48
20191227,510180.SH,3.48,3.481,3.524,3.481,3.489,0.009,0.2586,306505.0,107387.629,3.481,3.524,3.481,3.489
20191230,510180.SH,3.489,3.485,3.544,3.474,3.536,0.047,1.3471,253267.33,88974.166,3.485,3.544,3.474,3.536
20191231,510180.SH,3.536,3.535,3.549,3.522,3.546,0.01,0.2828,188054.5,66461.992,3.535,3.549,3.522,3.546
20200102,510180.SH,3.546,3.562,3.61,3.562,3.589,0.043,1.2126,276453.18,99203.646,3.562,3.61,3.562,3.589
20200103,510180.SH,3.589,3.591,3.593,3.568,3.571,-0.018,-0.5015,178970.35,64064.031,3.591,3.593,3.568,3.571
20200106,510180.SH,3.571,3.569,3.592,3.532,3.554,-0.017,-0.4761,243683.25,86884.829,3.569,3.592,3.532,3.554
20200107,510180.SH,3.554,3.557,3.582,3.554,3.574,0.02,0.5627,282983.68,100903.305,3.557,3.582,3.554,3.574
20200108,510180.SH,3.574,3.568,3.568,3.521,3.531,-0.043,-1.2031,250648.0,88797.243,3.568,3.568,3.521,3.531
20200109,510180.SH,3.531,3.548,3.572,3.548,3.569,0.038,1.0762,265553.75,94524.5,3.548,3.572,3.548,3.569
20200110,510180.SH,3.569,3.572,3.583,3.561,3.582,0.013,0.3642,232557.75,83004.006,3.572,3.583,3.561,3.582
20200113,510180.SH,3.582,3.573,3.608,3.553,3.608,0.026,0.7259,228334.75,81620.278,3.573,3.608,3.553,3.608
20200114,510180.SH,3.608,3.609,3.62,3.585,3.591,-0.017,-0.4712,216620.5,78077.283,3.609,3.62,3.585,3.591
20200115,510180.SH,3.591,3.595,3.595,3.555,3.558,-0.033,-0.919,240399.0,85757.961,3.595,3.595,3.555,3.558
20200116,510180.SH,3.558,3.566,3.57,3.539,3.551,-0.007,-0.1967,239983.92,85285.493,3.566,3.57,3.539,3.551
20200117,510180.SH,3.551,3.555,3.578,3.547,3.561,0.01,0.2816,177784.42,63258.691,3.555,3.578,3.547,3.561
20200120,510180.SH,3.561,3.561,3.585,3.559,3.584,0.023,0.6459,215669.0,77013.584,3.561,3.585,3.559,3.584
20200121,510180.SH,3.584,3.57,3.57,3.517,3.52,-0.064,-1.7857,242694.85,85658.487,3.57,3.57,3.517,3.52
20200122,510180.SH,3.52,3.516,3.543,3.46,3.531,0.011,0.3125,193509.65,67733.639,3.516,3.543,3.46,3.531
20200123,510180.SH,3.531,3.495,3.503,3.396,3.434,-0.097,-2.7471,263133.0,90815.54,3.495,3.503,3.396,3.434
20200203,510180.SH,3.434,3.101,3.194,3.101,3.115,-0.319,-9.2895,356973.25,112841.143,3.101,3.194,3.101,3.115
20200204,510180.SH,3.115,3.125,3.246,3.125,3.24,0.125,4.0128,369595.76,118528.179,3.125,3.246,3.125,3.24
20200205,510180.SH,3.24,3.246,3.294,3.225,3.279,0.039,1.2037,265146.5,86480.617,3.246,3.294,3.225,3.279
20200206,510180.SH,3.279,3.279,3.345,3.262,3.322,0.043,1.3114,210056.0,69249.257,3.279,3.345,3.262,3.322
20200207,510180.SH,3.322,3.314,3.329,3.287,3.328,0.006,0.1806,323222.5,106817.472,3.314,3.329,3.287,3.328
20200210,510180.SH,3.328,3.3,3.33,3.293,3.327,-0.001,-0.03,235055.0,77946.978,3.3,3.33,3.293,3.327
20200211,510180.SH,3.327,3.33,3.374,3.33,3.366,0.039,1.1722,232014.54,77983.048,3.33,3.374,3.33,3.366
20200212,510180.SH,3.366,3.365,3.387,3.349,3.385,0.019,0.5645,174484.0,58805.537,3.365,3.387,3.349,3.385
20200213,510180.SH,3.385,3.375,3.4,3.36,3.371,-0.014,-0.4136,206958.51,69900.809,3.375,3.4,3.36,3.371
20200214,510180.SH,3.371,3.371,3.397,3.36,3.39,0.019,0.5636,183010.75,61845.491,3.371,3.397,3.36,3.39
20200217,510180.SH,3.39,3.392,3.463,3.392,3.461,0.071,2.0944,231099.0,79259.461,3.392,3.463,3.392,3.461
20200218,510180.SH,3.461,3.455,3.461,3.423,3.442,-0.019,-0.549,189986.51,65352.383,3.455,3.461,3.423,3.442
20200219,510180.SH,3.442,3.431,3.462,3.427,3.439,-0.003,-0.0872,179480.03,61855.054,3.431,3.462,3.427,3.439
20200220,510180.SH,3.439,3.438,3.519,3.429,3.509,0.07,2.0355,195440.5,67800.035,3.438,3.519,3.429,3.509
20200221,510180.SH,3.509,3.511,3.535,3.485,3.502,-0.007,-0.1995,161726.75,56650.467,3.511,3.535,3.485,3.502
20200224,510180.SH,3.502,3.498,3.498,3.449,3.466,-0.036,-1.028,180855.64,62767.894,3.498,3.498,3.449,3.466
20200225,510180.SH,3.466,3.44,3.454,3.381,3.449,-0.017,-0.4905,178771.28,61349.386,3.44,3.454,3.381,3.449
20200226,510180.SH,3.449,3.42,3.461,3.396,3.425,-0.024,-0.6959,248745.02,85201.729,3.42,3.461,3.396,3.425
20200227,510180.SH,3.425,3.414,3.456,3.414,3.431,0.006,0.1752,149451.08,51399.792,3.414,3.456,3.414,3.431
20200228,510180.SH,3.431,3.4,3.4,3.312,3.323,-0.108,-3.1478,162208.5,54440.423,3.4,3.4,3.312,3.323
20200302,510180.SH,3.323,3.345,3.453,3.344,3.429,0.106,3.1899,233728.25,79528.14,3.345,3.453,3.344,3.429
20200303,510180.SH,3.429,3.455,3.489,3.433,3.448,0.019,0.5541,160801.26,55709.569,3.455,3.489,3.433,3.448
20200304,510180.SH,3.448,3.442,3.473,3.431,3.471,0.023,0.6671,124291.5,42905.005,3.442,3.473,3.431,3.471
20200305,510180.SH,3.471,3.486,3.56,3.481,3.554,0.083,2.3912,201583.75,71018.348,3.486,3.56,3.481,3.554
20200306,510180.SH,3.554,3.53,3.53,3.486,3.492,-0.062,-1.7445,131265.0,45969.535,3.53,3.53,3.486,3.492
20200309,510180.SH,3.492,3.46,3.46,3.365,3.38,-0.112,-3.2073,260677.26,88469.652,3.46,3.46,3.365,3.38
20200310,510180.SH,3.38,3.37,3.457,3.353,3.45,0.07,2.071,203294.5,69438.535,3.37,3.457,3.353,3.45
20200311,510180.SH,3.45,3.459,3.459,3.4,3.401,-0.049,-1.4203,165682.08,56782.473,3.459,3.459,3.4,3.401
20200312,510180.SH,3.401,3.381,3.381,3.329,3.346,-0.055,-1.6172,168954.0,56551.045,3.381,3.381,3.329,3.346
20200313,510180.SH,3.346,3.27,3.341,3.185,3.311,-0.035,-1.046,179065.49,58291.626,3.27,3.341,3.185,3.311
20200316,510180.SH,3.311,3.3,3.315,3.167,3.176,-0.135,-4.0773,205280.0,66270.651,3.3,3.315,3.167,3.176
20200317,510180.SH,3.176,3.179,3.236,3.1,3.172,-0.004,-0.1259,161886.5,51185.856,3.179,3.236,3.1,3.172
20200318,510180.SH,3.172,3.175,3.215,3.101,3.11,-0.062,-1.9546,175374.5,55537.188,3.175,3.215,3.101,3.11
20200319,510180.SH,3.11,3.105,3.115,2.989,3.061,-0.049,-1.5756,216682.5,66362.092,3.105,3.115,2.989,3.061
20200320,510180.SH,3.061,3.071,3.119,3.057,3.117,0.056,1.8295,146852.0,45390.826,3.071,3.119,3.057,3.117
20200323,510180.SH,3.117,3.08,3.08,3.011,3.029,-0.088,-2.8232,229900.0,69775.5,3.08,3.08,3.011,3.029
20200324,510180.SH,3.029,3.068,3.112,3.047,3.101,0.072,2.377,268116.25,82772.651,3.068,3.112,3.047,3.101
20200325,510180.SH,3.101,3.156,3.185,3.147,3.168,0.067,2.1606,225719.5,71522.637,3.156,3.185,3.147,3.168
20200326,510180.SH,3.168,3.159,3.188,3.136,3.158,-0.01,-0.3157,226965.53,71871.381,3.159,3.188,3.136,3.158
20200327,510180.SH,3.158,3.185,3.219,3.176,3.179,0.021,0.665,194132.03,61963.906,3.185,3.219,3.176,3.179
20200330,510180.SH,3.179,3.149,3.166,3.123,3.158,-0.021,-0.6606,227160.0,71359.239,3.149,3.166,3.123,3.158
20200331,510180.SH,3.158,3.177,3.188,3.146,3.154,-0.004,-0.1267,213469.0,67578.413,3.177,3.188,3.146,3.154
20200401,510180.SH,3.154,3.154,3.193,3.138,3.144,-0.01,-0.3171,251918.0,79643.951,3.154,3.193,3.138,3.144
20200402,510180.SH,3.144,3.132,3.194,3.124,3.192,0.048,1.5267,232247.0,73234.952,3.132,3.194,3.124,3.192
20200403,510180.SH,3.192,3.187,3.187,3.156,3.17,-0.022,-0.6892,181552.0,57640.33,3.187,3.187,3.156,3.17
20200407,510180.SH,3.17,3.22,3.242,3.22,3.23,0.06,1.8927,257432.25,83176.155,3.22,3.242,3.22,3.23
20200408,510180.SH,3.23,3.223,3.231,3.208,3.22,-0.01,-0.3096,240534.98,77415.707,3.223,3.231,3.208,3.22
20200409,510180.SH,3.22,3.225,3.24,3.223,3.228,0.008,0.2484,194955.25,62981.381,3.225,3.24,3.223,3.228
20200410,510180.SH,3.228,3.226,3.257,3.205,3.213,-0.015,-0.4647,294144.75,94888.6,3.226,3.257,3.205,3.213
20200413,510180.SH,3.213,3.216,3.216,3.192,3.196,-0.017,-0.5291,167668.0,53645.815,3.216,3.216,3.192,3.196
20200414,510180.SH,3.196,3.204,3.251,3.204,3.25,0.054,1.6896,243943.0,78837.292,3.204,3.251,3.204,3.25
20200415,510180.SH,3.25,3.251,3.257,3.231,3.231,-0.019,-0.5846,123940.75,40175.573,3.251,3.257,3.231,3.231
20200416,510180.SH,3.231,3.223,3.245,3.212,3.242,0.011,0.3405,151299.53,48856.022,3.223,3.245,3.212,3.242
20200417,510180.SH,3.242,3.249,3.294,3.249,3.272,0.03,0.9254,208542.5,68357.756,3.249,3.294,3.249,3.272
20200420,510180.SH,3.272,3.279,3.29,3.261,3.283,0.011,0.3362,181188.0,59254.669,3.279,3.29,3.261,3.283
20200421,510180.SH,3.283,3.276,3.276,3.221,3.247,-0.036,-1.0966,185142.0,60030.676,3.276,3.276,3.221,3.247
20200422,510180.SH,3.247,3.224,3.268,3.224,3.265,0.018,0.5544,204013.25,66337.522,3.224,3.268,3.224,3.265
20200423,510180.SH,3.265,3.267,3.282,3.254,3.263,-0.002,-0.0613,166680.01,54480.025,3.267,3.282,3.254,3.263
20200424,510180.SH,3.263,3.257,3.257,3.223,3.234,-0.029,-0.8888,216320.0,70003.045,3.257,3.257,3.223,3.234
20200427,510180.SH,3.234,3.234,3.268,3.229,3.246,0.012,0.3711,197498.25,64112.426,3.234,3.268,3.229,3.246
20200428,510180.SH,3.246,3.246,3.279,3.214,3.271,0.025,0.7702,301063.25,97954.6,3.246,3.279,3.214,3.271
20200429,510180.SH,3.271,3.268,3.293,3.254,3.281,0.01,0.3057,184551.26,60458.882,3.268,3.293,3.254,3.281
20200430,510180.SH,3.281,3.288,3.336,3.288,3.328,0.047,1.4325,166629.0,55345.443,3.288,3.336,3.288,3.328
20200506,510180.SH,3.328,3.308,3.341,3.279,3.341,0.013,0.3906,154760.0,51141.642,3.308,3.341,3.279,3.341
20200507,510180.SH,3.341,3.344,3.344,3.313,3.32,-0.021,-0.6286,151434.25,50274.902,3.344,3.344,3.313,3.32
20200508,510180.SH,3.32,3.327,3.365,3.327,3.354,0.034,1.0241,125782.76,42141.622,3.327,3.365,3.327,3.354
20200511,510180.SH,3.354,3.354,3.384,3.344,3.358,0.004,0.1193,133652.0,44997.931,3.354,3.384,3.344,3.358
20200512,510180.SH,3.358,3.356,3.36,3.327,3.343,-0.015,-0.4467,174735.75,58445.994,3.356,3.36,3.327,3.343
20200513,510180.SH,3.343,3.339,3.352,3.321,3.351,0.008,0.2393,128222.75,42717.22,3.339,3.352,3.321,3.351
20200514,510180.SH,3.351,3.339,3.339,3.313,3.313,-0.038,-1.134,130344.0,43298.228,3.339,3.339,3.313,3.313
20200515,510180.SH,3.313,3.317,3.334,3.301,3.303,-0.01,-0.3018,140596.75,46618.237,3.317,3.334,3.301,3.303
20200518,510180.SH,3.303,3.302,3.336,3.296,3.321,0.018,0.545,189516.5,62824.855,3.302,3.336,3.296,3.321
20200519,510180.SH,3.321,3.333,3.358,3.333,3.343,0.022,0.6625,140076.88,46850.618,3.333,3.358,3.333,3.343
20200520,510180.SH,3.343,3.339,3.344,3.328,3.333,-0.01,-0.2991,198075.0,66055.288,3.339,3.344,3.328,3.333
20200521,510180.SH,3.333,3.336,3.347,3.312,3.315,-0.018,-0.5401,120361.0,40078.869,3.336,3.347,3.312,3.315
20200522,510180.SH,3.315,3.31,3.31,3.238,3.239,-0.076,-2.2926,258939.25,84587.87,3.31,3.31,3.238,3.239
20200525,510180.SH,3.239,3.237,3.252,3.226,3.248,0.009,0.2779,254057.0,82372.955,3.237,3.252,3.226,3.248
20200526,510180.SH,3.248,3.252,3.279,3.252,3.279,0.031,0.9544,245278.25,80129.73,3.252,3.279,3.252,3.279
20200527,510180.SH,3.279,3.281,3.281,3.262,3.27,-0.009,-0.2745,213085.25,69662.191,3.281,3.281,3.262,3.27
20200528,510180.SH,3.27,3.272,3.306,3.248,3.276,0.006,0.1835,326044.75,106948.73,3.272,3.306,3.248,3.276
20200529,510180.SH,3.276,3.267,3.286,3.25,3.278,0.002,0.0611,338190.0,110700.69,3.267,3.286,3.25,3.278
20200601,510180.SH,3.278,3.297,3.363,3.297,3.356,0.078,2.3795,225920.0,75490.8,3.297,3.363,3.297,3.356
20200602,510180.SH,3.356,3.356,3.377,3.351,3.366,0.01,0.298,200975.65,67587.125,3.356,3.377,3.351,3.366
20200603,510180.SH,3.366,3.372,3.409,3.366,3.366,0.0,0.0,183867.0,62274.998,3.372,3.409,3.366,3.366
20200604,510180.SH,3.366,3.372,3.379,3.353,3.359,-0.007,-0.208,216463.0,72767.544,3.372,3.379,3.353,3.359
20200605,510180.SH,3.359,3.371,3.38,3.347,3.38,0.021,0.6252,195183.25,65550.84,3.371,3.38,3.347,3.38
20200608,510180.SH,3.38,3.391,3.407,3.38,3.388,0.008,0.2367,264655.3,89816.429,3.391,3.407,3.38,3.388
20200609,510180.SH,3.388,3.397,3.414,3.383,3.409,0.021,0.6198,206911.05,70396.901,3.397,3.414,3.383,3.409
20200610,510180.SH,3.409,3.412,3.412,3.386,3.394,-0.015,-0.44,143477.0,48718.101,3.412,3.412,3.386,3.394
20200611,510180.SH,3.394,3.398,3.398,3.348,3.361,-0.033,-0.9723,252167.5,85058.838,3.398,3.398,3.348,3.361
20200612,510180.SH,3.361,3.34,3.375,3.319,3.364,0.003,0.0893,229769.0,76853.886,3.34,3.375,3.319,3.364
20200615,510180.SH,3.364,3.361,3.361,3.315,3.316,-0.048,-1.4269,196737.25,65626.24,3.361,3.361,3.315,3.316
20200616,510180.SH,3.316,3.332,3.37,3.332,3.368,0.052,1.5682,201115.08,67547.337,3.332,3.37,3.332,3.368
20200617,510180.SH,3.368,3.368,3.371,3.349,3.369,0.001,0.0297,131013.0,44038.024,3.368,3.371,3.349,3.369
20200618,510180.SH,3.369,3.364,3.392,3.35,3.391,0.022,0.653,283119.0,95376.448,3.364,3.392,3.35,3.391
20200619,510180.SH,3.391,3.391,3.436,3.391,3.426,0.035,1.0321,315412.67,107687.295,3.391,3.436,3.391,3.426
20200622,510180.SH,3.426,3.43,3.455,3.416,3.426,0.0,0.0,235277.34,80719.47,3.43,3.455,3.416,3.426
20200623,510180.SH,3.426,3.424,3.441,3.401,3.44,0.014,0.4086,262951.67,89943.879,3.424,3.441,3.401,3.44
20200624,510180.SH,3.44,3.45,3.468,3.444,3.466,0.026,0.7558,155821.0,53842.26,3.45,3.468,3.444,3.466
20200629,510180.SH,3.466,3.46,3.465,3.425,3.439,-0.027,-0.779,233662.68,80297.141,3.46,3.465,3.425,3.439
20200630,510180.SH,3.439,3.44,3.487,3.44,3.475,0.036,1.0468,227398.0,78919.033,3.44,3.487,3.44,3.475
20200701,510180.SH,3.475,3.479,3.549,3.474,3.548,0.073,2.1007,228459.25,80044.557,3.479,3.549,3.474,3.548
20200702,510180.SH,3.548,3.551,3.649,3.545,3.635,0.087,2.4521,341889.53,122569.014,3.551,3.649,3.545,3.635
20200703,510180.SH,3.635,3.637,3.723,3.637,3.722,0.087,2.3934,257142.35,94591.738,3.637,3.723,3.637,3.722
20200706,510180.SH,3.722,3.753,4.094,3.753,4.091,0.369,9.914,357380.48,139025.169,3.753,4.094,3.753,4.091
20200707,510180.SH,4.091,4.156,4.2,3.98,3.982,-0.109,-2.6644,489640.5,197789.983,4.156,4.2,3.98,3.982
20200708,510180.SH,3.982,3.976,4.075,3.954,4.031,0.049,1.2305,349522.5,139893.343,3.976,4.075,3.954,4.031
20200709,510180.SH,4.031,4.03,4.089,4.006,4.087,0.056,1.3892,347081.39,140611.646,4.03,4.089,4.006,4.087
20200710,510180.SH,4.087,4.078,4.078,3.975,3.998,-0.089,-2.1776,289751.48,116538.015,4.078,4.078,3.975,3.998
20200713,510180.SH,3.998,3.987,4.085,3.964,4.056,0.058,1.4507,238657.62,96095.912,3.987,4.085,3.964,4.056
20200714,510180.SH,4.056,4.055,4.06,3.963,4.01,-0.046,-1.1341,196936.0,79185.667,4.055,4.06,3.963,4.01
20200715,510180.SH,4.01,4.016,4.05,3.951,3.968,-0.042,-1.0474,185145.95,74155.37,4.016,4.05,3.951,3.968
20200716,510180.SH,3.968,3.968,3.991,3.785,3.808,-0.16,-4.0323,347377.0,135758.571,3.968,3.991,3.785,3.808
20200717,510180.SH,3.808,3.804,3.855,3.774,3.819,0.011,0.2889,315760.0,120281.168,3.804,3.855,3.774,3.819
20200720,510180.SH,3.819,3.842,3.936,3.814,3.932,0.113,2.9589,250353.51,97008.861,3.842,3.936,3.814,3.932
20200721,510180.SH,3.932,3.952,3.957,3.913,3.937,0.005,0.1272,212757.25,83727.9,3.952,3.957,3.913,3.937
20200722,510180.SH,3.937,3.933,4.026,3.922,3.945,0.008,0.2032,579301.0,230280.568,3.933,4.026,3.922,3.945
20200723,510180.SH,3.945,3.928,3.96,3.859,3.943,-0.002,-0.0507,434021.01,170149.598,3.928,3.96,3.859,3.943
20200724,510180.SH,3.943,3.9,3.924,3.755,3.77,-0.173,-4.3875,416012.25,160088.298,3.9,3.924,3.755,3.77
20200727,510180.SH,3.77,3.772,3.827,3.765,3.802,0.032,0.8488,244822.5,92964.664,3.772,3.827,3.765,3.802
20200728,510180.SH,3.802,3.807,3.854,3.804,3.822,0.02,0.526,251789.0,96344.41,3.807,3.854,3.804,3.822
20200729,510180.SH,3.822,3.817,3.91,3.802,3.902,0.08,2.0931,335871.5,129623.436,3.817,3.91,3.802,3.902
20200730,510180.SH,3.902,3.903,3.92,3.881,3.887,-0.015,-0.3844,256725.0,100089.772,3.903,3.92,3.881,3.887
20200731,510180.SH,3.887,3.886,3.955,3.853,3.905,0.018,0.4631,275378.0,107617.314,3.886,3.955,3.853,3.905
20200803,510180.SH,3.905,3.956,3.96,3.917,3.96,0.055,1.4085,246382.01,97027.982,3.956,3.96,3.917,3.96
20200804,510180.SH,3.96,3.959,3.998,3.946,3.979,0.019,0.4798,304641.58,120990.298,3.959,3.998,3.946,3.979
20200805,510180.SH,3.979,3.979,3.979,3.918,3.972,-0.007,-0.1759,189592.62,74989.461,3.979,3.979,3.918,3.972
20200806,510180.SH,3.972,3.968,3.985,3.91,3.979,0.007,0.1762,191509.74,75614.012,3.968,3.985,3.91,3.979
20200807,510180.SH,3.979,3.978,3.978,3.891,3.945,-0.034,-0.8545,199824.47,78763.385,3.978,3.978,3.891,3.945
20200810,510180.SH,3.945,3.935,3.996,3.907,3.966,0.021,0.5323,140321.0,55511.715,3.935,3.996,3.907,3.966
20200811,510180.SH,3.966,3.966,4.02,3.921,3.926,-0.04,-1.0086,196130.5,78397.886,3.966,4.02,3.921,3.926
20200812,510180.SH,3.926,3.91,3.935,3.84,3.915,-0.011,-0.2802,277011.25,107723.379,3.91,3.935,3.84,3.915
20200813,510180.SH,3.915,3.918,3.93,3.888,3.898,-0.017,-0.4342,199347.0,77800.258,3.918,3.93,3.888,3.898
20200814,510180.SH,3.898,3.897,3.978,3.888,3.974,0.076,1.9497,197899.28,77710.184,3.897,3.978,3.888,3.974
20200817,510180.SH,3.974,3.986,4.092,3.98,4.058,0.084,2.1137,216063.25,87257.56,3.986,4.092,3.98,4.058
20200818,510180.SH,4.058,4.057,4.065,4.035,4.056,-0.002,-0.0493,168613.0,68333.725,4.057,4.065,4.035,4.056
20200819,510180.SH,4.056,4.056,4.056,3.994,4.003,-0.053,-1.3067,140214.0,56575.563,4.056,4.056,3.994,4.003
20200820,510180.SH,4.003,3.985,3.985,3.931,3.944,-0.059,-1.4739,191198.5,75668.121,3.985,3.985,3.931,3.944
20200821,510180.SH,3.944,3.96,3.996,3.948,3.977,0.033,0.8367,167530.46,66649.272,3.96,3.996,3.948,3.977
20200824,510180.SH,3.977,3.981,4.013,3.975,3.99,0.013,0.3269,194322.69,77596.702,3.981,4.013,3.975,3.99
20200825,510180.SH,3.99,4.003,4.033,3.978,3.993,0.003,0.0752,193912.5,77777.197,4.003,4.033,3.978,3.993
20200826,510180.SH,3.993,3.993,4.014,3.937,3.944,-0.049,-1.2271,198154.43,78710.543,3.993,4.014,3.937,3.944
20200827,510180.SH,3.944,3.946,3.975,3.931,3.974,0.03,0.7606,220127.75,86982.148,3.946,3.975,3.931,3.974
20200828,510180.SH,3.974,3.969,4.069,3.963,4.062,0.088,2.2144,305982.9,123052.606,3.969,4.069,3.963,4.062
20200831,510180.SH,4.062,4.066,4.113,4.042,4.049,-0.013,-0.32,247903.01,101504.595,4.066,4.113,4.042,4.049
20200901,510180.SH,4.049,4.049,4.06,4.023,4.06,0.011,0.2717,172500.0,69680.127,4.049,4.06,4.023,4.06
20200902,510180.SH,4.06,4.063,4.077,4.022,4.059,-0.001,-0.0246,190288.0,77211.351,4.063,4.077,4.022,4.059
20200903,510180.SH,4.059,4.04,4.096,4.023,4.041,-0.018,-0.4435,122240.25,49501.108,4.04,4.096,4.023,4.041
20200904,510180.SH,4.041,3.998,4.007,3.965,3.995,-0.046,-1.1383,308147.75,122770.093,3.998,4.007,3.965,3.995
20200907,510180.SH,3.995,3.99,4.021,3.906,3.922,-0.073,-1.8273,247913.25,98597.746,3.99,4.021,3.906,3.922
20200908,510180.SH,3.922,3.923,3.971,3.915,3.958,0.036,0.9179,229148.25,90323.693,3.923,3.971,3.915,3.958
20200909,510180.SH,3.958,3.932,3.933,3.863,3.886,-0.072,-1.8191,192496.5,75137.971,3.932,3.933,3.863,3.886
20200910,510180.SH,3.886,3.895,3.933,3.886,3.896,0.01,0.2573,273114.0,107076.823,3.895,3.933,3.886,3.896
20200911,510180.SH,3.896,3.892,3.924,3.879,3.919,0.023,0.5903,135404.0,52761.178,3.892,3.924,3.879,3.919
20200914,510180.SH,3.919,3.927,3.953,3.921,3.947,0.028,0.7145,151417.0,59658.681,3.927,3.953,3.921,3.947
20200915,510180.SH,3.947,3.95,3.973,3.929,3.965,0.018,0.456,145234.25,57365.25,3.95,3.973,3.929,3.965
20200916,510180.SH,3.965,3.975,3.98,3.935,3.951,-0.014,-0.3531,276288.75,109338.206,3.975,3.98,3.935,3.951
20200917,510180.SH,3.951,3.938,3.948,3.898,3.916,-0.035,-0.8859,269059.25,105527.994,3.938,3.948,3.898,3.916
20200918,510180.SH,3.916,3.915,4.023,3.915,4.021,0.105,2.6813,286895.28,113633.502,3.915,4.023,3.915,4.021
20200921,510180.SH,4.021,4.03,4.05,3.974,3.979,-0.042,-1.0445,226665.0,90619.985,4.03,4.05,3.974,3.979
20200922,510180.SH,3.979,3.957,3.991,3.912,3.926,-0.053,-1.332,233480.26,92376.965,3.957,3.991,3.912,3.926
20200923,510180.SH,3.926,3.917,3.944,3.913,3.936,0.01,0.2547,179540.75,70592.524,3.917,3.944,3.913,3.936
20200924,510180.SH,3.936,3.914,3.916,3.86,3.866,-0.07,-1.7785,205520.0,79783.927,3.914,3.916,3.86,3.866
20200925,510180.SH,3.866,3.869,3.892,3.862,3.878,0.012,0.3104,204678.0,79337.033,3.869,3.892,3.862,3.878
20200928,510180.SH,3.878,3.903,3.918,3.878,3.893,0.015,0.3868,157858.5,61505.132,3.903,3.918,3.878,3.893
20200929,510180.SH,3.893,3.896,3.913,3.886,3.887,-0.006,-0.1541,129034.5,50296.759,3.896,3.913,3.886,3.887
20200930,510180.SH,3.887,3.902,3.919,3.855,3.874,-0.013,-0.3344,265123.01,103105.264,3.902,3.919,3.855,3.874
20201009,510180.SH,3.874,3.922,3.959,3.922,3.943,0.069,1.7811,165279.0,65145.668,3.922,3.959,3.922,3.943
20201012,510180.SH,3.943,3.945,4.063,3.945,4.062,0.119,3.018,169544.75,68196.03,3.945,4.063,3.945,4.062
20201013,510180.SH,4.062,4.057,4.063,4.023,4.055,-0.007,-0.1723,171007.75,69093.151,4.057,4.063,4.023,4.055
20201014,510180.SH,4.055,4.058,4.058,4.023,4.032,-0.023,-0.5672,104694.0,42218.822,4.058,4.058,4.023,4.032
20201015,510180.SH,4.032,4.054,4.056,4.023,4.029,-0.003,-0.0744,153525.1,61982.704,4.054,4.056,4.023,4.029
20201016,510180.SH,4.029,4.028,4.056,4.001,4.027,-0.002,-0.0496,229739.0,92720.253,4.028,4.056,4.001,4.027
20201019,510180.SH,4.027,4.035,4.086,3.977,3.991,-0.036,-0.894,314633.76,126887.652,4.035,4.086,3.977,3.991
20201020,510180.SH,3.991,3.991,4.015,3.98,4.01,0.019,0.4761,190530.76,76180.28,3.991,4.015,3.98,4.01
20201021,510180.SH,4.01,4.011,4.025,3.988,4.02,0.01,0.2494,194208.13,77782.935,4.011,4.025,3.988,4.02
20201022,510180.SH,4.02,4.022,4.024,3.972,4.011,-0.009,-0.2239,108656.25,43459.094,4.022,4.024,3.972,4.011
20201023,510180.SH,4.011,4.011,4.036,3.978,3.981,-0.03,-0.7479,247614.0,99208.412,4.011,4.036,3.978,3.981
20201026,510180.SH,3.981,3.947,3.954,3.91,3.928,-0.053,-1.3313,275181.0,108156.055,3.947,3.954,3.91,3.928
20201027,510180.SH,3.928,3.92,3.937,3.908,3.93,0.002,0.0509,152224.0,59724.129,3.92,3.937,3.908,3.93
20201028,510180.SH,3.93,3.925,3.966,3.916,3.955,0.025,0.6361,190993.25,75311.659,3.925,3.966,3.916,3.955
20201029,510180.SH,3.955,3.901,3.994,3.901,3.974,0.019,0.4804,287824.25,113516.287,3.901,3.994,3.901,3.974
20201030,510180.SH,3.974,3.97,3.976,3.898,3.904,-0.07,-1.7614,167756.01,66286.005,3.97,3.976,3.898,3.904
20201102,510180.SH,3.904,3.909,3.939,3.893,3.905,0.001,0.0256,185820.5,72757.386,3.909,3.939,3.893,3.905
20201103,510180.SH,3.905,3.909,3.97,3.909,3.953,0.048,1.2292,183740.01,72509.859,3.909,3.97,3.909,3.953
20201104,510180.SH,3.953,3.953,3.992,3.941,3.972,0.019,0.4806,164609.0,65242.637,3.953,3.992,3.941,3.972
20201105,510180.SH,3.972,3.997,4.041,3.997,4.035,0.063,1.5861,163966.25,65945.908,3.997,4.041,3.997,4.035
20201106,510180.SH,4.035,4.035,4.04,4.0,4.027,-0.008,-0.1983,171594.52,68992.024,4.035,4.04,4.0,4.027
20201109,510180.SH,4.027,4.04,4.125,4.04,4.108,0.081,2.0114,140531.92,57521.097,4.04,4.125,4.04,4.108
20201110,510180.SH,4.108,4.114,4.118,4.075,4.091,-0.017,-0.4138,136824.0,56189.83,4.114,4.118,4.075,4.091
20201111,510180.SH,4.091,4.094,4.107,4.072,4.079,-0.012,-0.2933,85959.0,35148.201,4.094,4.107,4.072,4.079
20201112,510180.SH,4.079,4.08,4.089,4.058,4.069,-0.01,-0.2452,102464.0,41745.352,4.08,4.089,4.058,4.069
20201113,510180.SH,4.069,4.061,4.061,3.984,4.009,-0.06,-1.4746,157265.75,62969.49,4.061,4.061,3.984,4.009
20201116,510180.SH,4.009,4.025,4.058,4.018,4.054,0.045,1.1225,255975.75,103299.544,4.025,4.058,4.018,4.054
20201117,510180.SH,4.054,4.053,4.06,4.036,4.056,0.002,0.0493,214492.3,86853.743,4.053,4.06,4.036,4.056
20201118,510180.SH,3.989,4.001,4.021,3.982,4.0,0.011,0.2758,171861.0,68818.333,4.001,4.021,3.982,4.0
20201119,510180.SH,4.0,3.999,4.042,3.979,4.034,0.034,0.85,145233.25,58223.378,3.999,4.042,3.979,4.034
20201120,510180.SH,4.034,4.026,4.048,4.019,4.043,0.009,0.2231,145145.0,58519.953,4.026,4.048,4.019,4.043
20201123,510180.SH,4.043,4.046,4.12,4.046,4.099,0.056,1.3851,248583.5,101430.921,4.046,4.12,4.046,4.099
20201124,510180.SH,4.099,4.099,4.104,4.066,4.076,-0.023,-0.5611,182695.5,74582.099,4.099,4.104,4.066,4.076
20201125,510180.SH,4.076,4.081,4.103,4.024,4.029,-0.047,-1.1531,194232.0,79039.033,4.081,4.103,4.024,4.029
20201126,510180.SH,4.029,4.025,4.046,4.009,4.046,0.017,0.4219,202402.18,81616.824,4.025,4.046,4.009,4.046
20201127,510180.SH,4.046,4.04,4.113,4.04,4.108,0.062,1.5324,205338.0,83475.993,4.04,4.113,4.04,4.108
20201130,510180.SH,4.108,4.131,4.183,4.081,4.088,-0.02,-0.4869,262981.25,109074.58,4.131,4.183,4.081,4.088
20201201,510180.SH,4.088,4.089,4.187,4.085,4.174,0.086,2.1037,181833.75,75179.437,4.089,4.187,4.085,4.174
20201202,510180.SH,4.174,4.174,4.196,4.15,4.169,-0.005,-0.1198,151552.75,63254.979,4.174,4.196,4.15,4.169
20201203,510180.SH,4.169,4.169,4.179,4.127,4.162,-0.007,-0.1679,143136.5,59551.27,4.169,4.179,4.127,4.162
20201204,510180.SH,4.162,4.148,4.175,4.119,4.171,0.009,0.2162,150383.5,62296.641,4.148,4.175,4.119,4.171
20201207,510180.SH,4.171,4.171,4.174,4.11,4.123,-0.048,-1.1508,218438.0,90325.6,4.171,4.174,4.11,4.123
20201208,510180.SH,4.123,4.13,4.15,4.109,4.112,-0.011,-0.2668,154327.0,63689.403,4.13,4.15,4.109,4.112
20201209,510180.SH,4.112,4.117,4.139,4.07,4.074,-0.038,-0.9241,163981.25,67517.46,4.117,4.139,4.07,4.074
20201210,510180.SH,4.074,4.058,4.093,4.057,4.075,0.001,0.0245,150326.0,61274.459,4.058,4.093,4.057,4.075
20201211,510180.SH,4.075,4.075,4.085,4.012,4.037,-0.038,-0.9325,160408.03,65020.188,4.075,4.085,4.012,4.037
20201214,510180.SH,4.037,4.038,4.073,4.034,4.069,0.032,0.7927,120223.5,48729.268,4.038,4.073,4.034,4.069
20201215,510180.SH,4.069,4.07,4.08,4.042,4.072,0.003,0.0737,127491.0,51773.354,4.07,4.08,4.042,4.072
20201216,510180.SH,4.072,4.074,4.096,4.068,4.08,0.008,0.1965,135881.26,55467.511,4.074,4.096,4.068,4.08
20201217,510180.SH,4.08,4.077,4.158,4.077,4.148,0.068,1.6667,179774.25,74051.333,4.077,4.158,4.077,4.148
20201218,510180.SH,4.148,4.154,4.154,4.1,4.125,-0.023,-0.5545,165650.0,68350.595,4.154,4.154,4.1,4.125
20201221,510180.SH,4.125,4.125,4.163,4.101,4.151,0.026,0.6303,143902.0,59563.692,4.125,4.163,4.101,4.151
20201222,510180.SH,4.151,4.135,4.141,4.064,4.071,-0.08,-1.9272,169218.25,69707.823,4.135,4.141,4.064,4.071
20201223,510180.SH,4.071,4.063,4.121,4.063,4.104,0.033,0.8106,127265.75,52135.853,4.063,4.121,4.063,4.104
20201224,510180.SH,4.104,4.114,4.132,4.081,4.091,-0.013,-0.3168,121402.0,49859.469,4.114,4.132,4.081,4.091
20201225,510180.SH,4.091,4.082,4.136,4.075,4.132,0.041,1.0022,143486.75,58863.728,4.082,4.136,4.075,4.132
20201228,510180.SH,4.132,4.131,4.173,4.128,4.145,0.013,0.3146,196125.75,81309.752,4.131,4.173,4.128,4.145
20201229,510180.SH,4.145,4.145,4.164,4.126,4.133,-0.012,-0.2895,138229.0,57337.302,4.145,4.164,4.126,4.133
20201230,510180.SH,4.133,4.117,4.185,4.117,4.184,0.051,1.234,197612.5,82226.275,4.117,4.185,4.117,4.184
20201231,510180.SH,4.184,4.182,4.278,4.182,4.275,0.091,2.175,225609.5,95717.936,4.182,4.278,4.182,4.275
20210104,510180.SH,4.275,4.3,4.316,4.247,4.308,0.033,0.7719,162820.68,69740.798,4.3,4.316,4.247,4.308
20210105,510180.SH,4.308,4.296,4.345,4.273,4.338,0.03,0.6964,174960.12,75308.753,4.296,4.345,4.273,4.338
20210106,510180.SH,4.338,4.34,4.397,4.327,4.384,0.046,1.0604,169164.93,73757.767,4.34,4.397,4.327,4.384
20210107,510180.SH,4.384,4.385,4.473,4.384,4.472,0.088,2.0073,182106.71,80502.817,4.385,4.473,4.384,4.472
20210108,510180.SH,4.472,4.472,4.499,4.415,4.457,-0.015,-0.3354,197700.5,88117.703,4.472,4.499,4.415,4.457
20210111,510180.SH,4.457,4.457,4.51,4.4,4.416,-0.041,-0.9199,225137.5,100530.981,4.457,4.51,4.4,4.416
20210112,510180.SH,4.416,4.41,4.555,4.397,4.553,0.137,3.1024,174672.25,77874.681,4.41,4.555,4.397,4.553
20210113,510180.SH,4.553,4.554,4.58,4.501,4.539,-0.014,-0.3075,116836.75,53085.691,4.554,4.58,4.501,4.539
20210114,510180.SH,4.539,4.531,4.531,4.455,4.469,-0.07,-1.5422,123253.75,55431.114,4.531,4.531,4.455,4.469
20210115,510180.SH,4.469,4.47,4.505,4.41,4.447,-0.022,-0.4923,158113.26,70754.434,4.47,4.505,4.41,4.447
20210118,510180.SH,4.447,4.448,4.516,4.426,4.492,0.045,1.0119,129945.75,57995.165,4.448,4.516,4.426,4.492
20210119,510180.SH,4.492,4.493,4.5,4.423,4.439,-0.053,-1.1799,160367.0,71732.416,4.493,4.5,4.423,4.439
20210120,510180.SH,4.439,4.438,4.479,4.419,4.452,0.013,0.2929,179737.25,80098.134,4.438,4.479,4.419,4.452
20210121,510180.SH,4.452,4.455,4.54,4.455,4.517,0.065,1.46,158480.53,71210.628,4.455,4.54,4.455,4.517
20210122,510180.SH,4.517,4.518,4.52,4.466,4.508,-0.009,-0.1992,144898.76,65188.14,4.518,4.52,4.466,4.508
20210125,510180.SH,4.508,4.5,4.565,4.49,4.561,0.053,1.1757,148665.25,67341.778,4.5,4.565,4.49,4.561
20210126,510180.SH,4.561,4.55,4.55,4.46,4.465,-0.096,-2.1048,120621.75,54243.195,4.55,4.55,4.46,4.465
20210127,510180.SH,4.465,4.453,4.482,4.435,4.471,0.006,0.1344,130831.01,58314.226,4.453,4.482,4.435,4.471
20210128,510180.SH,4.471,4.431,4.438,4.367,4.371,-0.1,-2.2366,129677.0,57153.692,4.431,4.438,4.367,4.371
20210129,510180.SH,4.371,4.391,4.42,4.315,4.37,-0.001,-0.0229,141829.25,62174.39,4.391,4.42,4.315,4.37
20210201,510180.SH,4.37,4.37,4.392,4.34,4.389,0.019,0.4348,113304.0,49539.791,4.37,4.392,4.34,4.389
20210202,510180.SH,4.389,4.392,4.438,4.374,4.438,0.049,1.1164,113031.25,49845.982,4.392,4.438,4.374,4.438
20210203,510180.SH,4.438,4.433,4.446,4.401,4.42,-0.018,-0.4056,133299.0,58949.307,4.433,4.446,4.401,4.42
20210204,510180.SH,4.42,4.419,4.449,4.371,4.423,0.003,0.0679,145303.0,64080.022,4.419,4.449,4.371,4.423
20210205,510180.SH,4.423,4.438,4.484,4.427,4.442,0.019,0.4296,147158.0,65515.811,4.438,4.484,4.427,4.442
20210208,510180.SH,4.442,4.444,4.52,4.442,4.509,0.067,1.5083,208109.75,93254.634,4.444,4.52,4.442,4.509
20210209,510180.SH,4.509,4.511,4.598,4.486,4.596,0.087,1.9295,142736.25,64661.009,4.511,4.598,4.486,4.596
20210210,510180.SH,4.596,4.625,4.686,4.591,4.675,0.079,1.7189,120297.25,55883.822,4.625,4.686,4.591,4.675
20210218,510180.SH,4.675,4.74,4.768,4.65,4.674,-0.001,-0.0214,133052.5,62671.565,4.74,4.768,4.65,4.674
20210219,510180.SH,4.674,4.665,4.695,4.602,4.684,0.01,0.2139,140447.5,65276.091,4.665,4.695,4.602,4.684
20210222,510180.SH,4.684,4.678,4.692,4.56,4.565,-0.119,-2.5406,167382.75,77538.627,4.678,4.692,4.56,4.565
20210223,510180.SH,4.565,4.541,4.607,4.528,4.562,-0.003,-0.0657,150409.01,68879.845,4.541,4.607,4.528,4.562
20210224,510180.SH,4.562,4.565,4.574,4.4,4.448,-0.114,-2.4989,175839.0,79079.424,4.565,4.574,4.4,4.448
20210225,510180.SH,4.448,4.46,4.524,4.456,4.487,0.039,0.8768,164012.51,73721.21,4.46,4.524,4.456,4.487
20210226,510180.SH,4.487,4.443,4.443,4.374,4.39,-0.097,-2.1618,166929.0,73552.608,4.443,4.443,4.374,4.39
20210301,510180.SH,4.39,4.387,4.431,4.368,4.426,0.036,0.82,134259.25,59114.313,4.387,4.431,4.368,4.426
20210302,510180.SH,4.426,4.425,4.448,4.32,4.357,-0.069,-1.559,119360.0,52483.025,4.425,4.448,4.32,4.357
20210303,510180.SH,4.357,4.348,4.472,4.344,4.468,0.111,2.5476,136237.75,60188.242,4.348,4.472,4.344,4.468
20210304,510180.SH,4.468,4.437,4.437,4.308,4.346,-0.122,-2.7305,146497.0,63845.354,4.437,4.437,4.308,4.346
20210305,510180.SH,4.346,4.307,4.359,4.262,4.326,-0.02,-0.4602,114783.5,49522.833,4.307,4.359,4.262,4.326
20210308,510180.SH,4.326,4.349,4.389,4.188,4.192,-0.134,-3.0975,152811.0,65714.862,4.349,4.389,4.188,4.192
20210309,510180.SH,4.192,4.169,4.214,4.088,4.127,-0.065,-1.5506,164925.43,68546.072,4.169,4.214,4.088,4.127
20210310,510180.SH,4.127,4.151,4.185,4.134,4.144,0.017,0.4119,104516.5,43455.028,4.151,4.185,4.134,4.144
20210311,510180.SH,4.144,4.151,4.25,4.151,4.25,0.106,2.5579,163187.75,68944.689,4.151,4.25,4.151,4.25
20210312,510180.SH,4.25,4.255,4.268,4.2,4.255,0.005,0.1176,154440.25,65364.968,4.255,4.268,4.2,4.255
20210315,510180.SH,4.255,4.25,4.25,4.149,4.187,-0.068,-1.5981,117254.0,49286.631,4.25,4.25,4.149,4.187
20210316,510180.SH,4.187,4.188,4.236,4.169,4.217,0.03,0.7165,108179.03,45522.67,4.188,4.236,4.169,4.217
20210317,510180.SH,4.217,4.215,4.241,4.165,4.226,0.009,0.2134,125783.0,53007.09,4.215,4.241,4.165,4.226
20210318,510180.SH,4.226,4.212,4.252,4.212,4.236,0.01,0.2366,109848.0,46495.239,4.212,4.252,4.212,4.236
20210319,510180.SH,4.236,4.215,4.215,4.115,4.138,-0.098,-2.3135,108379.0,45027.187,4.215,4.215,4.115,4.138
20210322,510180.SH,4.138,4.116,4.19,4.116,4.173,0.035,0.8458,106057.75,44183.018,4.116,4.19,4.116,4.173
20210323,510180.SH,4.173,4.173,4.177,4.103,4.148,-0.025,-0.5991,118222.0,48816.791,4.173,4.177,4.103,4.148
20210324,510180.SH,4.148,4.138,4.156,4.07,4.08,-0.068,-1.6393,147666.25,60512.548,4.138,4.156,4.07,4.08
20210325,510180.SH,4.08,4.078,4.102,4.057,4.082,0.002,0.049,150883.0,61518.656,4.078,4.102,4.057,4.082
20210326,510180.SH,4.082,4.099,4.17,4.095,4.154,0.072,1.7638,163840.0,67660.642,4.099,4.17,4.095,4.154
20210329,510180.SH,4.154,4.159,4.188,4.126,4.169,0.015,0.3611,161233.25,67136.904,4.159,4.188,4.126,4.169
20210330,510180.SH,4.169,4.157,4.206,4.152,4.2,0.031,0.7436,175748.25,73541.625,4.157,4.206,4.152,4.2
20210331,510180.SH,4.2,4.2,4.2,4.14,4.164,-0.036,-0.8571,110530.0,45929.863,4.2,4.2,4.14,4.164
20210401,510180.SH,4.164,4.166,4.22,4.166,4.212,0.048,1.1527,119137.26,49986.586,4.166,4.22,4.166,4.212
20210402,510180.SH,4.212,4.212,4.255,4.212,4.248,0.036,0.8547,127364.25,53874.742,4.212,4.255,4.212,4.248
20210406,510180.SH,4.248,4.249,4.252,4.209,4.221,-0.027,-0.6356,118393.0,50050.542,4.249,4.252,4.209,4.221
20210407,510180.SH,4.221,4.216,4.24,4.167,4.208,-0.013,-0.308,122454.01,51255.405,4.216,4.24,4.167,4.208
20210408,510180.SH,4.208,4.185,4.233,4.171,4.217,0.009,0.2139,148516.0,62461.068,4.185,4.233,4.171,4.217
20210409,510180.SH,4.217,4.213,4.213,4.152,4.16,-0.057,-1.3517,176949.0,73757.662,4.213,4.213,4.152,4.16
20210412,510180.SH,4.16,4.16,4.171,4.099,4.111,-0.049,-1.1779,150173.23,62070.481,4.16,4.171,4.099,4.111
20210413,510180.SH,4.111,4.091,4.136,4.073,4.084,-0.027,-0.6568,147113.5,60510.454,4.091,4.136,4.073,4.084
20210414,510180.SH,4.084,4.088,4.12,4.075,4.107,0.023,0.5632,206517.28,84731.062,4.088,4.12,4.075,4.107
20210415,510180.SH,4.107,4.101,4.101,4.037,4.076,-0.031,-0.7548,148402.0,60327.559,4.101,4.101,4.037,4.076
20210416,510180.SH,4.076,4.077,4.108,4.05,4.097,0.021,0.5152,130040.0,53014.116,4.077,4.108,4.05,4.097
20210419,510180.SH,4.097,4.097,4.189,4.067,4.185,0.088,2.1479,154630.0,63886.506,4.097,4.189,4.067,4.185
20210420,510180.SH,4.185,4.165,4.198,4.148,4.174,-0.011,-0.2628,148486.0,62013.313,4.165,4.198,4.148,4.174
20210421,510180.SH,4.174,4.17,4.185,4.138,4.176,0.002,0.0479,131944.0,54930.837,4.17,4.185,4.138,4.176
20210422,510180.SH,4.176,4.178,4.196,4.141,4.162,-0.014,-0.3352,130567.26,54314.112,4.178,4.196,4.141,4.162
20210423,510180.SH,4.162,4.146,4.202,4.146,4.185,0.023,0.5526,142845.25,59783.584,4.146,4.202,4.146,4.185
20210426,510180.SH,4.185,4.173,4.224,4.123,4.127,-0.058,-1.3859,154169.0,64747.521,4.173,4.224,4.123,4.127
20210427,510180.SH,4.127,4.126,4.147,4.11,4.136,0.009,0.2181,162798.25,67157.009,4.126,4.147,4.11,4.136
20210428,510180.SH,4.136,4.128,4.154,4.105,4.153,0.017,0.411,137617.25,56775.051,4.128,4.154,4.105,4.153
20210429,510180.SH,4.153,4.153,4.2,4.141,4.197,0.044,1.0595,144267.25,60295.856,4.153,4.2,4.141,4.197
20210430,510180.SH,4.197,4.185,4.193,4.127,4.155,-0.042,-1.0007,156678.0,65257.371,4.185,4.193,4.127,4.155
20210506,510180.SH,4.155,4.15,4.18,4.106,4.118,-0.037,-0.8905,132585.5,54962.539,4.15,4.18,4.106,4.118
20210507,510180.SH,4.118,4.123,4.153,4.083,4.09,-0.028,-0.6799,142952.0,58997.974,4.123,4.153,4.083,4.09
20210510,510180.SH,4.09,4.09,4.101,4.051,4.087,-0.003,-0.0733,139138.75,56783.143,4.09,4.101,4.051,4.087
20210511,510180.SH,4.087,4.072,4.124,4.036,4.12,0.033,0.8074,159043.5,64817.533,4.072,4.124,4.036,4.12
20210512,510180.SH,4.12,4.112,4.134,4.09,4.133,0.013,0.3155,140554.13,57838.868,4.112,4.134,4.09,4.133
20210513,510180.SH,4.133,4.107,4.115,4.067,4.086,-0.047,-1.1372,113082.0,46221.137,4.107,4.115,4.067,4.086
20210514,510180.SH,4.086,4.091,4.18,4.079,4.178,0.092,2.2516,160328.5,66199.682,4.091,4.18,4.079,4.178
20210517,510180.SH,4.178,4.174,4.238,4.168,4.214,0.036,0.8617,161185.0,67987.782,4.174,4.238,4.168,4.214
20210518,510180.SH,4.214,4.216,4.23,4.203,4.22,0.006,0.1424,157022.0,66190.765,4.216,4.23,4.203,4.22
20210519,510180.SH,4.22,4.216,4.216,4.182,4.198,-0.022,-0.5213,170140.75,71337.503,4.216,4.216,4.182,4.198
20210520,510180.SH,4.198,4.197,4.22,4.173,4.209,0.011,0.262,147676.0,61950.61,4.197,4.22,4.173,4.209
20210521,510180.SH,4.209,4.209,4.233,4.15,4.164,-0.045,-1.0691,148781.5,62095.498,4.209,4.233,4.15,4.164
20210524,510180.SH,4.164,4.161,4.181,4.127,4.176,0.012,0.2882,157036.75,65216.886,4.161,4.181,4.127,4.176
20210525,510180.SH,4.176,4.182,4.332,4.18,4.322,0.146,3.4962,206693.25,88225.2,4.182,4.332,4.18,4.322
20210526,510180.SH,4.322,4.324,4.354,4.313,4.332,0.01,0.2314,151380.13,65633.776,4.324,4.354,4.313,4.332
20210527,510180.SH,4.332,4.319,4.385,4.306,4.35,0.018,0.4155,141644.75,61350.867,4.319,4.385,4.306,4.35
20210528,510180.SH,4.35,4.352,4.374,4.31,4.34,-0.01,-0.2299,184923.87,80402.134,4.352,4.374,4.31,4.34
20210531,510180.SH,4.34,4.341,4.35,4.305,4.349,0.009,0.2074,192427.0,83198.136,4.341,4.35,4.305,4.349
20210601,510180.SH,4.349,4.349,4.349,4.289,4.346,-0.003,-0.069,186623.75,80693.942,4.349,4.349,4.289,4.346
20210602,510180.SH,4.346,4.346,4.353,4.285,4.304,-0.042,-0.9664,189734.0,81867.396,4.346,4.353,4.285,4.304
20210603,510180.SH,4.304,4.301,4.329,4.284,4.288,-0.016,-0.3717,168675.0,72696.775,4.301,4.329,4.284,4.288
20210604,510180.SH,4.288,4.286,4.351,4.26,4.3,0.012,0.2799,176958.0,75870.375,4.286,4.351,4.26,4.3
20210607,510180.SH,4.3,4.301,4.308,4.275,4.297,-0.003,-0.0698,169879.25,72922.163,4.301,4.308,4.275,4.297
20210608,510180.SH,4.297,4.293,4.339,4.242,4.268,-0.029,-0.6749,198461.5,84923.591,4.293,4.339,4.242,4.268
20210609,510180.SH,4.268,4.265,4.295,4.26,4.283,0.015,0.3515,165367.0,70724.891,4.265,4.295,4.26,4.283
20210610,510180.SH,4.283,4.285,4.332,4.268,4.305,0.022,0.5137,198481.5,85556.695,4.285,4.332,4.268,4.305
20210611,510180.SH,4.305,4.316,4.316,4.258,4.261,-0.044,-1.0221,160992.5,68797.914,4.316,4.316,4.258,4.261
20210615,510180.SH,4.261,4.26,4.273,4.198,4.212,-0.049,-1.15,146544.5,61921.71,4.26,4.273,4.198,4.212
20210616,510180.SH,4.212,4.21,4.219,4.16,4.167,-0.045,-1.0684,160112.5,66976.025,4.21,4.219,4.16,4.167
20210617,510180.SH,4.167,4.166,4.206,4.166,4.198,0.031,0.7439,146180.0,61195.694,4.166,4.206,4.166,4.198
20210618,510180.SH,4.198,4.198,4.198,4.14,4.177,-0.021,-0.5002,158100.75,65785.989,4.198,4.198,4.14,4.177
20210621,510180.SH,4.177,4.174,4.176,4.125,4.144,-0.033,-0.79,145020.0,60081.907,4.174,4.176,4.125,4.144
20210622,510180.SH,4.144,4.148,4.187,4.148,4.183,0.039,0.9411,157273.5,65627.365,4.148,4.187,4.148,4.183
20210623,510180.SH,4.183,4.182,4.219,4.173,4.192,0.009,0.2152,156554.55,65679.055,4.182,4.219,4.173,4.192
20210624,510180.SH,4.192,4.19,4.209,4.177,4.201,0.009,0.2147,128783.0,53939.679,4.19,4.209,4.177,4.201
20210625,510180.SH,4.201,4.207,4.293,4.207,4.284,0.083,1.9757,168976.0,71827.236,4.207,4.293,4.207,4.284
20210628,510180.SH,4.284,4.287,4.288,4.247,4.263,-0.021,-0.4902,118764.0,50627.583,4.287,4.288,4.247,4.263
20210629,510180.SH,4.263,4.251,4.264,4.214,4.227,-0.036,-0.8445,145670.01,61738.433,4.251,4.264,4.214,4.227
20210630,510180.SH,4.227,4.227,4.254,4.224,4.253,0.026,0.6151,136671.19,57933.254,4.227,4.254,4.224,4.253
20210701,510180.SH,4.253,4.254,4.278,4.221,4.251,-0.002,-0.047,108225.25,46000.411,4.254,4.278,4.221,4.251
20210702,510180.SH,4.251,4.24,4.25,4.14,4.15,-0.101,-2.3759,168673.0,70392.071,4.24,4.25,4.14,4.15
20210705,510180.SH,4.15,4.137,4.169,4.134,4.16,0.01,0.241,149347.25,62059.003,4.137,4.169,4.134,4.16
20210706,510180.SH,4.16,4.162,4.166,4.12,4.155,-0.005,-0.1202,176599.0,73194.671,4.162,4.166,4.12,4.155
20210707,510180.SH,4.155,4.156,4.209,4.137,4.196,0.041,0.9868,167902.5,70020.231,4.156,4.209,4.137,4.196
20210708,510180.SH,4.196,4.197,4.201,4.155,4.166,-0.03,-0.715,146344.5,61102.363,4.197,4.201,4.155,4.166
20210709,510180.SH,4.166,4.157,4.157,4.106,4.144,-0.022,-0.5281,144497.0,59730.089,4.157,4.157,4.106,4.144
20210712,510180.SH,4.144,4.156,4.208,4.146,4.18,0.036,0.8687,150355.76,62897.06,4.156,4.208,4.146,4.18
20210713,510180.SH,4.18,4.179,4.21,4.172,4.196,0.016,0.3828,135772.5,56893.521,4.179,4.21,4.172,4.196
20210714,510180.SH,4.196,4.189,4.19,4.132,4.144,-0.052,-1.2393,141533.5,58723.448,4.189,4.19,4.132,4.144
20210715,510180.SH,4.144,4.142,4.216,4.128,4.216,0.072,1.7375,149768.25,62577.728,4.142,4.216,4.128,4.216
20210716,510180.SH,4.216,4.216,4.217,4.158,4.169,-0.047,-1.1148,143949.0,60248.819,4.216,4.217,4.158,4.169
20210719,510180.SH,4.169,4.16,4.198,4.125,4.187,0.018,0.4318,134790.0,56036.543,4.16,4.198,4.125,4.187
20210720,510180.SH,4.187,4.163,4.183,4.133,4.176,-0.011,-0.2627,140641.06,58629.603,4.163,4.183,4.133,4.176
20210721,510180.SH,4.176,4.171,4.218,4.171,4.204,0.028,0.6705,168365.0,70736.224,4.171,4.218,4.171,4.204
20210722,510180.SH,4.204,4.193,4.22,4.189,4.214,0.01,0.2379,132645.81,55846.974,4.193,4.22,4.189,4.214
20210723,510180.SH,4.214,4.212,4.212,4.171,4.183,-0.031,-0.7356,138589.0,57946.993,4.212,4.212,4.171,4.183
20210726,510180.SH,4.183,4.175,4.175,4.012,4.06,-0.123,-2.9405,194508.0,79494.097,4.175,4.175,4.012,4.06
20210727,510180.SH,4.06,4.061,4.066,3.897,3.937,-0.123,-3.0296,198319.0,79642.946,4.061,4.066,3.897,3.937
20210728,510180.SH,3.937,3.917,3.952,3.874,3.934,-0.003,-0.0762,147025.0,57614.534,3.917,3.952,3.874,3.934
20210729,510180.SH,3.934,3.947,3.996,3.947,3.983,0.049,1.2456,165858.28,65956.553,3.947,3.996,3.947,3.983
20210730,510180.SH,3.983,3.979,3.979,3.905,3.945,-0.038,-0.9541,120361.0,47264.577,3.979,3.979,3.905,3.945
20210802,510180.SH,3.945,3.935,4.045,3.894,4.033,0.088,2.2307,176452.25,70063.059,3.935,4.045,3.894,4.033
20210803,510180.SH,4.033,4.019,4.056,3.995,4.034,0.001,0.0248,158379.0,63685.942,4.019,4.056,3.995,4.034
20210804,510180.SH,4.034,4.03,4.066,4.01,4.053,0.019,0.471,152069.05,61583.101,4.03,4.066,4.01,4.053
20210805,510180.SH,4.053,4.053,4.092,4.006,4.053,0.0,0.0,128783.75,52257.572,4.053,4.092,4.006,4.053
20210806,510180.SH,4.053,4.048,4.052,4.013,4.034,-0.019,-0.4688,115688.5,46634.061,4.048,4.052,4.013,4.034
20210809,510180.SH,4.034,4.034,4.097,4.008,4.084,0.05,1.2395,155755.18,63321.191,4.034,4.097,4.008,4.084
20210810,510180.SH,4.084,4.084,4.133,4.042,4.132,0.048,1.1753,156368.5,63723.489,4.084,4.133,4.042,4.132
20210811,510180.SH,4.132,4.133,4.143,4.098,4.11,-0.022,-0.5324,152887.51,63123.764,4.133,4.143,4.098,4.11
20210812,510180.SH,4.11,4.11,4.113,4.08,4.095,-0.015,-0.365,132831.7,54410.226,4.11,4.113,4.08,4.095
20210813,510180.SH,4.095,4.086,4.112,4.057,4.078,-0.017,-0.4151,121336.5,49433.885,4.086,4.112,4.057,4.078
20210816,510180.SH,4.078,4.078,4.113,4.073,4.079,0.001,0.0245,136100.0,55727.006,4.078,4.113,4.073,4.079
20210817,510180.SH,4.079,4.08,4.111,3.987,4.007,-0.072,-1.7651,156647.5,63537.797,4.08,4.111,3.987,4.007
20210818,510180.SH,4.007,4.009,4.071,3.989,4.048,0.041,1.0232,126866.0,51056.921,4.009,4.071,3.989,4.048
20210819,510180.SH,4.048,4.049,4.05,3.996,4.01,-0.038,-0.9387,150707.0,60628.379,4.049,4.05,3.996,4.01
20210820,510180.SH,4.01,4.014,4.014,3.907,3.943,-0.067,-1.6708,152305.53,60166.783,4.014,4.014,3.907,3.943
20210823,510180.SH,3.943,3.95,3.993,3.942,3.986,0.043,1.0905,134775.29,53553.393,3.95,3.993,3.942,3.986
20210824,510180.SH,3.986,3.992,4.065,3.992,4.043,0.057,1.43,200874.0,80911.63,3.992,4.065,3.992,4.043
20210825,510180.SH,4.043,4.043,4.064,4.021,4.058,0.015,0.371,183552.5,74214.951,4.043,4.064,4.021,4.058
20210826,510180.SH,4.058,4.056,4.056,3.982,3.989,-0.069,-1.7003,173785.25,69757.369,4.056,4.056,3.982,3.989
20210827,510180.SH,3.989,3.99,4.045,3.988,4.015,0.026,0.6518,190124.25,76320.462,3.99,4.045,3.988,4.015
20210830,510180.SH,4.015,4.018,4.033,3.992,4.007,-0.008,-0.1993,196765.5,78908.36,4.018,4.033,3.992,4.007
20210831,510180.SH,4.007,3.998,4.027,3.963,4.019,0.012,0.2995,191257.0,76479.94,3.998,4.027,3.963,4.019
20210901,510180.SH,4.019,4.019,4.118,3.996,4.092,0.073,1.8164,246412.25,99827.729,4.019,4.118,3.996,4.092
20210902,510180.SH,4.092,4.086,4.114,4.081,4.104,0.012,0.2933,219464.75,89976.55,4.086,4.114,4.081,4.104
20210903,510180.SH,4.104,4.105,4.13,4.083,4.095,-0.009,-0.2193,228636.75,93890.41,4.105,4.13,4.083,4.095
20210906,510180.SH,4.095,4.093,4.165,4.091,4.164,0.069,1.685,246613.01,101880.182,4.093,4.165,4.091,4.164
20210907,510180.SH,4.164,4.168,4.217,4.129,4.198,0.034,0.8165,213050.75,88592.497,4.168,4.217,4.129,4.198
20210908,510180.SH,4.198,4.199,4.215,4.162,4.176,-0.022,-0.5241,203556.75,85424.526,4.199,4.215,4.162,4.176
20210909,510180.SH,4.176,4.156,4.185,4.146,4.18,0.004,0.0958,199532.0,83060.974,4.156,4.185,4.146,4.18
20210910,510180.SH,4.18,4.177,4.26,4.176,4.225,0.045,1.0766,228726.0,96526.77,4.177,4.26,4.176,4.225
20210913,510180.SH,4.225,4.222,4.23,4.177,4.202,-0.023,-0.5444,170062.5,71560.524,4.222,4.23,4.177,4.202
20210914,510180.SH,4.202,4.202,4.206,4.121,4.129,-0.073,-1.7373,180027.25,75229.013,4.202,4.206,4.121,4.129
20210915,510180.SH,4.129,4.13,4.135,4.071,4.085,-0.044,-1.0656,199457.0,81953.493,4.13,4.135,4.071,4.085
20210916,510180.SH,4.085,4.08,4.105,4.05,4.056,-0.029,-0.7099,215386.0,87906.38,4.08,4.105,4.05,4.056
20210917,510180.SH,4.056,4.053,4.086,4.039,4.085,0.029,0.715,191590.5,77801.029,4.053,4.086,4.039,4.085
20210922,510180.SH,4.085,4.07,4.07,4.008,4.063,-0.022,-0.5386,187558.76,75846.391,4.07,4.07,4.008,4.063
20210923,510180.SH,4.063,4.074,4.112,4.072,4.08,0.017,0.4184,162256.0,66381.968,4.074,4.112,4.072,4.08
20210924,510180.SH,4.08,4.078,4.113,4.071,4.076,-0.004,-0.098,241529.75,98823.524,4.078,4.113,4.071,4.076
20210927,510180.SH,4.076,4.076,4.118,4.064,4.084,0.008,0.1963,207206.98,84782.565,4.076,4.118,4.064,4.084
20210928,510180.SH,4.084,4.087,4.105,4.061,4.102,0.018,0.4407,197236.6,80638.157,4.087,4.105,4.061,4.102
20210929,510180.SH,4.102,4.089,4.089,4.035,4.07,-0.032,-0.7801,289222.25,117208.963,4.089,4.089,4.035,4.07
20210930,510180.SH,4.07,4.071,4.084,4.061,4.067,-0.003,-0.0737,186394.0,75866.389,4.071,4.084,4.061,4.067
20211008,510180.SH,4.067,4.077,4.133,4.077,4.124,0.057,1.4015,213500.75,87874.325,4.077,4.133,4.077,4.124
20211011,510180.SH,4.124,4.124,4.174,4.124,4.132,0.008,0.194,178813.73,74287.911,4.124,4.174,4.124,4.132
20211012,510180.SH,4.132,4.132,4.132,4.06,4.095,-0.037,-0.8955,260671.0,107024.02,4.132,4.132,4.06,4.095
20211013,510180.SH,4.095,4.097,4.148,4.08,4.129,0.034,0.8303,245037.5,100706.193,4.097,4.148,4.08,4.129
20211014,510180.SH,4.129,4.115,4.136,4.097,4.109,-0.02,-0.4844,209987.0,86487.212,4.115,4.136,4.097,4.109
20211015,510180.SH,4.109,4.108,4.145,4.092,4.131,0.022,0.5354,202767.0,83566.311,4.108,4.145,4.092,4.131
20211018,510180.SH,4.131,4.131,4.139,4.06,4.081,-0.05,-1.2104,199105.0,81182.267,4.131,4.139,4.06,4.081
20211019,510180.SH,4.081,4.082,4.128,4.082,4.12,0.039,0.9556,187455.5,77032.061,4.082,4.128,4.082,4.12
20211020,510180.SH,4.12,4.111,4.13,4.097,4.111,-0.009,-0.2184,187786.5,77229.373,4.111,4.13,4.097,4.111
20211021,510180.SH,4.111,4.111,4.155,4.111,4.135,0.024,0.5838,197459.25,81512.942,4.111,4.155,4.111,4.135
20211022,510180.SH,4.135,4.137,4.189,4.137,4.161,0.026,0.6288,193347.25,80334.183,4.137,4.189,4.137,4.161
20211025,510180.SH,4.161,4.161,4.185,4.135,4.182,0.021,0.5047,195117.0,81005.238,4.161,4.185,4.135,4.182
20211026,510180.SH,4.182,4.181,4.199,4.157,4.164,-0.018,-0.4304,172921.5,72251.969,4.181,4.199,4.157,4.164
20211027,510180.SH,4.164,4.162,4.162,4.107,4.117,-0.047,-1.1287,175679.0,72592.562,4.162,4.162,4.107,4.117
20211028,510180.SH,4.117,4.103,4.12,4.085,4.105,-0.012,-0.2915,181730.0,74624.796,4.103,4.12,4.085,4.105
20211029,510180.SH,4.105,4.103,4.127,4.095,4.126,0.021,0.5116,177518.0,72948.555,4.103,4.127,4.095,4.126
20211101,510180.SH,4.126,4.115,4.121,4.084,4.108,-0.018,-0.4363,160521.0,65883.531,4.115,4.121,4.084,4.108
20211102,510180.SH,4.108,4.106,4.132,4.035,4.064,-0.044,-1.0711,189832.0,77659.132,4.106,4.132,4.035,4.064
20211103,510180.SH,4.064,4.062,4.08,4.03,4.044,-0.02,-0.4921,183174.16,74244.631,4.062,4.08,4.03,4.044
20211104,510180.SH,4.044,4.044,4.081,4.044,4.07,0.026,0.6429,192270.5,78160.648,4.044,4.081,4.044,4.07
20211105,510180.SH,4.07,4.07,4.084,4.047,4.054,-0.016,-0.3931,212936.0,86595.992,4.07,4.084,4.047,4.054
20211108,510180.SH,4.054,4.054,4.073,4.032,4.05,-0.004,-0.0987,249126.25,100880.35,4.054,4.073,4.032,4.05
20211109,510180.SH,4.05,4.051,4.073,4.029,4.047,-0.003,-0.0741,178901.0,72398.196,4.051,4.073,4.029,4.047
20211110,510180.SH,4.047,4.047,4.047,3.977,4.023,-0.024,-0.593,237876.75,95329.364,4.047,4.047,3.977,4.023
20211111,510180.SH,4.023,4.02,4.084,4.013,4.08,0.057,1.4169,215977.25,87533.461,4.02,4.084,4.013,4.08
20211112,510180.SH,4.08,4.074,4.094,4.069,4.079,-0.001,-0.0245,199392.25,81360.329,4.074,4.094,4.069,4.079
20211115,510180.SH,4.079,4.081,4.1,4.059,4.073,-0.006,-0.1471,208931.0,85117.862,4.081,4.1,4.059,4.073
20211116,510180.SH,4.073,4.073,4.098,4.058,4.065,-0.008,-0.1964,216430.0,88299.29,4.073,4.098,4.058,4.065
20211117,510180.SH,4.065,4.065,4.074,4.049,4.061,-0.004,-0.0984,187779.75,76246.169,4.065,4.074,4.049,4.061
20211118,510180.SH,4.061,4.061,4.061,4.017,4.029,-0.032,-0.788,195105.0,78624.885,4.061,4.061,4.017,4.029
20211119,510180.SH,4.029,4.029,4.074,4.024,4.069,0.04,0.9928,193235.75,78089.359,4.029,4.074,4.024,4.069
20211122,510180.SH,4.069,4.069,4.09,4.067,4.08,0.011,0.2703,196415.0,80107.691,4.069,4.09,4.067,4.08
20211123,510180.SH,4.08,4.08,4.103,4.071,4.089,0.009,0.2206,180748.51,73980.128,4.08,4.103,4.071,4.089
20211124,510180.SH,4.089,4.09,4.107,4.077,4.09,0.001,0.0245,171888.26,70274.368,4.09,4.107,4.077,4.09
20211125,510180.SH,4.09,4.09,4.099,4.076,4.084,-0.006,-0.1467,179549.25,73343.547,4.09,4.099,4.076,4.084
20211126,510180.SH,4.084,4.083,4.083,4.049,4.055,-0.029,-0.7101,172759.0,70211.595,4.083,4.083,4.049,4.055
20211129,510180.SH,4.055,4.04,4.053,4.02,4.049,-0.006,-0.148,168927.0,68330.869,4.04,4.053,4.02,4.049
20211130,510180.SH,4.049,4.049,4.068,4.021,4.033,-0.016,-0.3952,178698.0,72375.502,4.049,4.068,4.021,4.033
20211201,510180.SH,4.033,4.032,4.054,4.032,4.052,0.019,0.4711,185971.0,75122.373,4.032,4.054,4.032,4.052
20211202,510180.SH,4.052,4.051,4.069,4.04,4.059,0.007,0.1728,205565.5,83399.691,4.051,4.069,4.04,4.059
20211203,510180.SH,4.059,4.058,4.105,4.058,4.105,0.046,1.1333,206002.25,84111.303,4.058,4.105,4.058,4.105
20211206,510180.SH,4.105,4.108,4.135,4.091,4.098,-0.007,-0.1705,194362.25,80060.969,4.108,4.135,4.091,4.098
20211207,510180.SH,4.098,4.108,4.133,4.101,4.133,0.035,0.8541,181416.25,74726.247,4.108,4.133,4.101,4.133
20211208,510180.SH,4.133,4.134,4.183,4.118,4.182,0.049,1.1856,193403.77,80075.025,4.134,4.183,4.118,4.182
20211209,510180.SH,4.182,4.186,4.269,4.178,4.237,0.055,1.3152,231116.25,97507.614,4.186,4.269,4.178,4.237
20211210,510180.SH,4.237,4.237,4.237,4.21,4.214,-0.023,-0.5428,183954.5,77577.269,4.237,4.237,4.21,4.214
20211213,510180.SH,4.214,4.22,4.308,4.22,4.24,0.026,0.617,206376.51,88151.076,4.22,4.308,4.22,4.24
20211214,510180.SH,4.24,4.23,4.23,4.201,4.209,-0.031,-0.7311,180651.0,76216.705,4.23,4.23,4.201,4.209
20211215,510180.SH,4.209,4.209,4.222,4.18,4.183,-0.026,-0.6177,170584.75,71734.632,4.209,4.222,4.18,4.183
20211216,510180.SH,4.183,4.183,4.205,4.17,4.205,0.022,0.5259,182246.0,76296.549,4.183,4.205,4.17,4.205
20211217,510180.SH,4.205,4.205,4.205,4.145,4.147,-0.058,-1.3793,185809.0,77584.81,4.205,4.205,4.145,4.147
20211220,510180.SH,4.147,4.141,4.164,4.098,4.105,-0.042,-1.0128,187907.0,77680.723,4.141,4.164,4.098,4.105
20211221,510180.SH,4.105,4.099,4.134,4.099,4.133,0.028,0.6821,164006.0,67513.196,4.099,4.134,4.099,4.133
20211222,510180.SH,4.133,4.135,4.143,4.11,4.119,-0.014,-0.3387,161188.25,66504.053,4.135,4.143,4.11,4.119
20211223,510180.SH,4.119,4.123,4.14,4.105,4.14,0.021,0.5098,178040.5,73349.935,4.123,4.14,4.105,4.14
20211224,510180.SH,4.14,4.145,4.16,4.116,4.131,-0.009,-0.2174,176244.01,72945.526,4.145,4.16,4.116,4.131
20211227,510180.SH,4.131,4.129,4.146,4.104,4.122,-0.009,-0.2179,170906.0,70560.016,4.129,4.146,4.104,4.122
20211228,510180.SH,4.122,4.124,4.155,4.119,4.154,0.032,0.7763,177320.0,73222.439,4.124,4.155,4.119,4.154
20211229,510180.SH,4.154,4.154,4.154,4.093,4.095,-0.059,-1.4203,192042.0,78988.541,4.154,4.154,4.093,4.095
20211230,510180.SH,4.095,4.095,4.134,4.088,4.118,0.023,0.5617,171309.0,70463.627,4.095,4.134,4.088,4.118
20211231,510180.SH,4.118,4.118,4.143,4.118,4.127,0.009,0.2186,185161.0,76501.39,4.118,4.143,4.118,4.127
20220104,510180.SH,4.127,4.127,4.133,4.071,4.113,-0.014,-0.3392,202190.5,82887.598,4.127,4.133,4.071,4.113
20220105,510180.SH,4.113,4.112,4.119,4.067,4.083,-0.03,-0.7294,201830.5,82665.212,4.112,4.119,4.067,4.083
20220106,510180.SH,4.083,4.076,4.079,4.023,4.046,-0.037,-0.9062,249123.0,100975.003,4.076,4.079,4.023,4.046
20220107,510180.SH,4.046,4.046,4.076,4.045,4.054,0.008,0.1977,195254.0,79322.875,4.046,4.076,4.045,4.054
20220110,510180.SH,4.054,4.054,4.072,4.027,4.066,0.012,0.296,199201.0,80750.835,4.054,4.072,4.027,4.066
20220111,510180.SH,4.066,4.061,4.082,4.034,4.048,-0.018,-0.4427,227296.0,92294.717,4.061,4.082,4.034,4.048
20220112,510180.SH,4.048,4.047,4.087,4.047,4.078,0.03,0.7411,210185.0,85381.397,4.047,4.087,4.047,4.078
20220113,510180.SH,4.078,4.079,4.079,4.023,4.025,-0.053,-1.2997,268390.5,108908.826,4.079,4.079,4.023,4.025
20220114,510180.SH,4.025,4.02,4.03,3.972,3.974,-0.051,-1.2671,253095.5,100966.352,4.02,4.03,3.972,3.974
20220117,510180.SH,3.974,3.963,4.0,3.963,3.988,0.014,0.3523,208993.0,83145.393,3.963,4.0,3.963,3.988
20220118,510180.SH,3.988,3.987,4.046,3.976,4.034,0.046,1.1535,212206.04,85214.043,3.987,4.046,3.976,4.034
20220119,510180.SH,4.034,4.03,4.049,4.009,4.028,-0.006,-0.1487,216326.25,87178.218,4.03,4.049,4.009,4.028
20220120,510180.SH,4.028,4.027,4.088,4.027,4.067,0.039,0.9682,233263.0,94709.722,4.027,4.088,4.027,4.067
20220121,510180.SH,4.067,4.067,4.067,4.024,4.039,-0.028,-0.6885,229281.0,92890.805,4.067,4.067,4.024,4.039
20220124,510180.SH,4.039,4.038,4.049,4.008,4.039,0.0,0.0,156667.0,63100.522,4.038,4.049,4.008,4.039
20220125,510180.SH,4.039,4.028,4.029,3.95,3.953,-0.086,-2.1292,208014.0,83290.704,4.028,4.029,3.95,3.953
20220126,510180.SH,3.953,3.965,3.991,3.938,3.984,0.031,0.7842,170859.01,67953.278,3.965,3.991,3.938,3.984
20220127,510180.SH,3.984,3.987,3.987,3.917,3.93,-0.054,-1.3554,199293.76,78749.012,3.987,3.987,3.917,3.93
20220128,510180.SH,3.93,3.931,3.95,3.852,3.863,-0.067,-1.7048,260828.5,101683.071,3.931,3.95,3.852,3.863
20220207,510180.SH,3.863,3.885,3.948,3.885,3.932,0.069,1.7862,189425.0,74294.979,3.885,3.948,3.885,3.932
20220208,510180.SH,3.932,3.934,3.941,3.871,3.94,0.008,0.2035,178769.5,69844.943,3.934,3.941,3.871,3.94
20220209,510180.SH,3.94,3.939,3.977,3.927,3.966,0.026,0.6599,185928.25,73431.955,3.939,3.977,3.927,3.966
20220210,510180.SH,3.966,3.966,3.977,3.949,3.971,0.005,0.1261,171313.0,67875.624,3.966,3.977,3.949,3.971
20220211,510180.SH,3.971,3.974,4.006,3.951,3.957,-0.014,-0.3526,160697.5,64011.356,3.974,4.006,3.951,3.957
20220214,510180.SH,3.957,3.953,3.953,3.898,3.912,-0.045,-1.1372,185224.0,72736.707,3.953,3.953,3.898,3.912
20220215,510180.SH,3.912,3.911,3.944,3.907,3.943,0.031,0.7924,169680.0,66666.077,3.911,3.944,3.907,3.943
20220216,510180.SH,3.943,3.951,3.973,3.943,3.957,0.014,0.3551,161427.0,63913.967,3.951,3.973,3.943,3.957
20220217,510180.SH,3.957,3.943,3.981,3.943,3.963,0.006,0.1516,153337.0,60779.135,3.943,3.981,3.943,3.963
20220218,510180.SH,3.963,3.959,3.987,3.937,3.986,0.023,0.5804,160789.25,63723.57,3.959,3.987,3.937,3.986
20220221,510180.SH,3.986,3.98,3.985,3.954,3.975,-0.011,-0.276,162510.5,64422.97,3.98,3.985,3.954,3.975
20220222,510180.SH,3.975,3.956,3.958,3.91,3.928,-0.047,-1.1824,175292.0,68757.435,3.956,3.958,3.91,3.928
20220223,510180.SH,3.928,3.928,3.965,3.925,3.963,0.035,0.891,154311.0,60879.277,3.928,3.965,3.925,3.963
20220224,510180.SH,3.963,3.948,3.948,3.858,3.885,-0.078,-1.9682,238883.75,93295.747,3.948,3.948,3.858,3.885
20220225,510180.SH,3.885,3.895,3.948,3.895,3.912,0.027,0.695,181176.0,71135.784,3.895,3.948,3.895,3.912
20220228,510180.SH,3.912,3.91,3.916,3.873,3.916,0.004,0.1022,201412.0,78413.247,3.91,3.916,3.873,3.916
20220301,510180.SH,3.916,3.933,3.962,3.926,3.958,0.042,1.0725,193716.1,76328.982,3.933,3.962,3.926,3.958
20220302,510180.SH,3.958,3.951,3.951,3.919,3.936,-0.022,-0.5558,158270.0,62195.722,3.951,3.951,3.919,3.936
20220303,510180.SH,3.936,3.938,3.959,3.916,3.922,-0.014,-0.3557,138887.78,54666.85,3.938,3.959,3.916,3.922
20220304,510180.SH,3.922,3.911,3.917,3.878,3.891,-0.031,-0.7904,179235.78,69811.796,3.911,3.917,3.878,3.891
20220307,510180.SH,3.891,3.882,3.882,3.775,3.785,-0.106,-2.7242,174023.75,66485.223,3.882,3.882,3.775,3.785
20220308,510180.SH,3.785,3.799,3.823,3.713,3.741,-0.044,-1.1625,261372.25,98630.651,3.799,3.823,3.713,3.741
20220309,510180.SH,3.741,3.75,3.756,3.577,3.676,-0.065,-1.7375,281818.5,104356.639,3.75,3.756,3.577,3.676
20220310,510180.SH,3.676,3.714,3.766,3.714,3.723,0.047,1.2786,201821.01,75550.292,3.714,3.766,3.714,3.723
20220311,510180.SH,3.723,3.689,3.74,3.617,3.731,0.008,0.2149,246562.5,90405.331,3.689,3.74,3.617,3.731
20220314,510180.SH,3.731,3.695,3.706,3.626,3.626,-0.105,-2.8143,234391.0,86121.605,3.695,3.706,3.626,3.626
20220315,510180.SH,3.626,3.601,3.61,3.463,3.484,-0.142,-3.9162,253680.94,89806.694,3.601,3.61,3.463,3.484
20220316,510180.SH,3.484,3.512,3.6,3.418,3.585,0.101,2.899,323266.44,113357.008,3.512,3.6,3.418,3.585
20220317,510180.SH,3.585,3.619,3.697,3.613,3.643,0.058,1.6179,220586.0,80483.506,3.619,3.697,3.613,3.643
20220318,510180.SH,3.643,3.643,3.691,3.614,3.677,0.034,0.9333,231860.76,84386.868,3.643,3.691,3.614,3.677
20220321,510180.SH,3.677,3.7,3.7,3.635,3.67,-0.007,-0.1904,211728.0,77637.111,3.7,3.7,3.635,3.67
20220322,510180.SH,3.67,3.665,3.694,3.654,3.672,0.002,0.0545,181616.5,66629.459,3.665,3.694,3.654,3.672
20220323,510180.SH,3.672,3.675,3.698,3.663,3.685,0.013,0.354,180978.46,66618.616,3.675,3.698,3.663,3.685
20220324,510180.SH,3.685,3.677,3.684,3.641,3.665,-0.02,-0.5427,194870.0,71265.383,3.677,3.684,3.641,3.665
20220325,510180.SH,3.665,3.656,3.675,3.605,3.61,-0.055,-1.5007,199349.0,72860.053,3.656,3.675,3.605,3.61
20220328,510180.SH,3.61,3.591,3.621,3.54,3.606,-0.004,-0.1108,192360.0,68835.358,3.591,3.621,3.54,3.606
20220329,510180.SH,3.606,3.615,3.631,3.587,3.593,-0.013,-0.3605,170066.5,61402.464,3.615,3.631,3.587,3.593
20220330,510180.SH,3.593,3.599,3.684,3.599,3.679,0.086,2.3935,195135.5,71077.647,3.599,3.684,3.599,3.679
20220331,510180.SH,3.679,3.674,3.675,3.651,3.655,-0.024,-0.6524,171108.0,62657.499,3.674,3.675,3.651,3.655
20220401,510180.SH,3.655,3.647,3.714,3.63,3.7,0.045,1.2312,202495.31,74556.507,3.647,3.714,3.63,3.7
20220406,510180.SH,3.7,3.694,3.699,3.661,3.689,-0.011,-0.2973,189739.0,69839.906,3.694,3.699,3.661,3.689
20220407,510180.SH,3.689,3.688,3.709,3.65,3.65,-0.039,-1.0572,189406.0,69679.595,3.688,3.709,3.65,3.65
20220408,510180.SH,3.65,3.651,3.685,3.632,3.677,0.027,0.7397,186166.0,68131.905,3.651,3.685,3.632,3.677
20220411,510180.SH,3.677,3.668,3.668,3.57,3.588,-0.089,-2.4205,177354.0,63922.054,3.668,3.668,3.57,3.588
20220412,510180.SH,3.588,3.581,3.64,3.557,3.635,0.047,1.3099,194423.0,69910.717,3.581,3.64,3.557,3.635
20220413,510180.SH,3.635,3.617,3.652,3.6,3.617,-0.018,-0.4952,210699.0,76292.931,3.617,3.652,3.6,3.617
20220414,510180.SH,3.617,3.633,3.683,3.631,3.665,0.048,1.3271,188700.5,68929.855,3.633,3.683,3.631,3.665
20220415,510180.SH,3.665,3.655,3.679,3.633,3.667,0.002,0.0546,199170.5,72889.222,3.655,3.679,3.633,3.667
20220418,510180.SH,3.667,3.642,3.642,3.605,3.63,-0.037,-1.009,207689.25,75217.746,3.642,3.642,3.605,3.63
20220419,510180.SH,3.63,3.63,3.641,3.584,3.602,-0.028,-0.7713,228587.0,82685.932,3.63,3.641,3.584,3.602
20220420,510180.SH,3.602,3.61,3.61,3.547,3.558,-0.044,-1.2215,233079.0,83418.299,3.61,3.61,3.547,3.558
20220421,510180.SH,3.558,3.542,3.575,3.488,3.511,-0.047,-1.321,306165.0,108525.892,3.542,3.575,3.488,3.511
20220422,510180.SH,3.511,3.498,3.534,3.47,3.525,0.014,0.3987,239690.5,83945.841,3.498,3.534,3.47,3.525
20220425,510180.SH,3.525,3.477,3.497,3.355,3.379,-0.146,-4.1418,266492.0,91665.471,3.477,3.497,3.355,3.379
20220426,510180.SH,3.379,3.386,3.406,3.317,3.334,-0.045,-1.3318,228073.0,76518.899,3.386,3.406,3.317,3.334
20220427,510180.SH,3.334,3.338,3.403,3.318,3.401,0.067,2.0096,221649.25,74532.481,3.338,3.403,3.318,3.401
20220428,510180.SH,3.401,3.396,3.447,3.37,3.433,0.032,0.9409,232578.0,79418.765,3.396,3.447,3.37,3.433
20220429,510180.SH,3.433,3.447,3.512,3.415,3.496,0.063,1.8351,239226.5,82544.44,3.447,3.512,3.415,3.496
20220505,510180.SH,3.496,3.503,3.524,3.496,3.501,0.005,0.143,199250.0,69869.477,3.503,3.524,3.496,3.501
20220506,510180.SH,3.501,3.468,3.468,3.398,3.405,-0.096,-2.7421,184631.0,63225.11,3.468,3.468,3.398,3.405
20220509,510180.SH,3.405,3.401,3.414,3.369,3.39,-0.015,-0.4405,174219.0,59059.13,3.401,3.414,3.369,3.39
20220510,510180.SH,3.39,3.359,3.441,3.336,3.428,0.038,1.1209,192262.25,65183.519,3.359,3.441,3.336,3.428
20220511,510180.SH,3.428,3.428,3.499,3.405,3.457,0.029,0.846,222008.0,76873.225,3.428,3.499,3.405,3.457
20220512,510180.SH,3.457,3.45,3.463,3.421,3.446,-0.011,-0.3182,192883.5,66384.838,3.45,3.463,3.421,3.446
20220513,510180.SH,3.446,3.451,3.482,3.445,3.464,0.018,0.5223,188158.0,65143.577,3.451,3.482,3.445,3.464
20220516,510180.SH,3.464,3.481,3.487,3.43,3.443,-0.021,-0.6062,191758.0,66216.3,3.481,3.487,3.43,3.443
20220517,510180.SH,3.443,3.449,3.483,3.439,3.482,0.039,1.1327,175531.0,60737.195,3.449,3.483,3.439,3.482
20220518,510180.SH,3.482,3.483,3.493,3.44,3.471,-0.011,-0.3159,196794.25,68121.911,3.483,3.493,3.44,3.471
20220519,510180.SH,3.471,3.442,3.48,3.428,3.472,0.001,0.0288,203446.5,70120.0,3.442,3.48,3.428,3.472
20220520,510180.SH,3.472,3.479,3.545,3.479,3.542,0.07,2.0161,223449.25,78728.413,3.479,3.545,3.479,3.542
20220523,510180.SH,3.542,3.546,3.556,3.501,3.52,-0.022,-0.6211,186293.0,65498.869,3.546,3.556,3.501,3.52
20220524,510180.SH,3.52,3.526,3.531,3.457,3.458,-0.062,-1.7614,208678.5,73122.132,3.526,3.531,3.457,3.458
20220525,510180.SH,3.458,3.462,3.479,3.449,3.474,0.016,0.4627,205032.0,71026.784,3.462,3.479,3.449,3.474
20220526,510180.SH,3.474,3.48,3.51,3.444,3.485,0.011,0.3166,259886.0,90301.939,3.48,3.51,3.444,3.485
20220527,510180.SH,3.485,3.498,3.531,3.481,3.496,0.011,0.3156,234665.04,82536.145,3.498,3.531,3.481,3.496
20220530,510180.SH,3.496,3.5,3.531,3.5,3.516,0.02,0.5721,235438.75,82818.386,3.5,3.531,3.5,3.516
20220531,510180.SH,3.516,3.521,3.57,3.503,3.562,0.046,1.3083,279971.0,98933.771,3.521,3.57,3.503,3.562
20220601,510180.SH,3.562,3.559,3.559,3.524,3.542,-0.02,-0.5615,223923.0,79317.175,3.559,3.559,3.524,3.542
20220602,510180.SH,3.542,3.535,3.55,3.52,3.547,0.005,0.1412,161589.0,57144.954,3.535,3.55,3.52,3.547
20220606,510180.SH,3.547,3.554,3.595,3.52,3.593,0.046,1.2969,205525.0,73265.377,3.554,3.595,3.52,3.593
20220607,510180.SH,3.593,3.575,3.624,3.575,3.615,0.022,0.6123,238544.77,86032.599,3.575,3.624,3.575,3.615
20220608,510180.SH,3.615,3.612,3.658,3.601,3.646,0.031,0.8575,267011.99,96870.744,3.612,3.658,3.601,3.646
20220609,510180.SH,3.646,3.636,3.664,3.615,3.63,-0.016,-0.4388,268764.5,97852.047,3.636,3.664,3.615,3.63
20220610,510180.SH,3.63,3.614,3.68,3.601,3.678,0.048,1.3223,200628.0,72952.245,3.614,3.68,3.601,3.678
20220613,510180.SH,3.678,3.65,3.65,3.601,3.627,-0.051,-1.3866,186341.0,67552.718,3.65,3.65,3.601,3.627
20220614,510180.SH,3.627,3.593,3.674,3.575,3.669,0.042,1.158,212411.25,76559.558,3.593,3.674,3.575,3.669
20220615,510180.SH,3.669,3.678,3.785,3.678,3.724,0.055,1.499,286295.0,106758.153,3.678,3.785,3.678,3.724
20220616,510180.SH,3.724,3.73,3.741,3.682,3.689,-0.035,-0.9398,228105.75,84906.587,3.73,3.741,3.682,3.689
20220617,510180.SH,3.689,3.66,3.746,3.66,3.737,0.048,1.3012,236332.0,87504.605,3.66,3.746,3.66,3.737
20220620,510180.SH,3.737,3.721,3.76,3.701,3.729,-0.008,-0.2141,242539.0,90370.26,3.721,3.76,3.701,3.729
20220621,510180.SH,3.729,3.729,3.761,3.701,3.73,0.001,0.0268,231172.5,86282.001,3.729,3.761,3.701,3.73
20220622,510180.SH,3.73,3.73,3.737,3.679,3.682,-0.048,-1.2869,212293.0,78873.55,3.73,3.737,3.679,3.682
20220623,510180.SH,3.682,3.681,3.744,3.681,3.74,0.058,1.5752,206765.0,76650.973,3.681,3.744,3.681,3.74
20220624,510180.SH,3.74,3.75,3.797,3.748,3.786,0.046,1.2299,240280.0,90478.374,3.75,3.797,3.748,3.786
20220627,510180.SH,3.786,3.799,3.849,3.798,3.818,0.032,0.8452,232176.5,88827.551,3.799,3.849,3.798,3.818
20220628,510180.SH,3.818,3.82,3.865,3.791,3.856,0.038,0.9953,194659.0,74386.515,3.82,3.865,3.791,3.856
20220629,510180.SH,3.856,3.854,3.869,3.808,3.816,-0.04,-1.0373,256187.0,98458.928,3.854,3.869,3.808,3.816
20220630,510180.SH,3.816,3.835,3.903,3.83,3.873,0.057,1.4937,247947.75,95816.434,3.835,3.903,3.83,3.873
20220701,510180.SH,3.873,3.873,3.882,3.843,3.856,-0.017,-0.4389,159794.75,61675.465,3.873,3.882,3.843,3.856
20220704,510180.SH,3.856,3.827,3.869,3.82,3.869,0.013,0.3371,231605.0,89149.013,3.827,3.869,3.82,3.869
20220705,510180.SH,3.869,3.874,3.898,3.829,3.868,-0.001,-0.0258,179830.0,69398.637,3.874,3.898,3.829,3.868
20220706,510180.SH,3.868,3.868,3.868,3.784,3.809,-0.059,-1.5253,238511.0,91181.207,3.868,3.868,3.784,3.809
20220707,510180.SH,3.809,3.814,3.826,3.78,3.805,-0.004,-0.105,124441.25,47401.933,3.814,3.826,3.78,3.805
20220708,510180.SH,3.805,3.814,3.842,3.799,3.804,-0.001,-0.0263,159296.5,60808.497,3.814,3.842,3.799,3.804
20220711,510180.SH,3.804,3.794,3.794,3.727,3.745,-0.059,-1.551,192892.0,72208.75,3.794,3.794,3.727,3.745
20220712,510180.SH,3.745,3.749,3.769,3.719,3.729,-0.016,-0.4272,177885.0,66598.634,3.749,3.769,3.719,3.729
20220713,510180.SH,3.729,3.731,3.744,3.71,3.724,-0.005,-0.1341,175083.5,65284.11,3.731,3.744,3.71,3.724
20220714,510180.SH,3.724,3.723,3.743,3.692,3.719,-0.005,-0.1343,188612.75,70098.387,3.723,3.743,3.692,3.719
20220715,510180.SH,3.719,3.715,3.747,3.664,3.666,-0.053,-1.4251,182045.0,67727.817,3.715,3.747,3.664,3.666
20220718,510180.SH,3.666,3.677,3.72,3.648,3.718,0.052,1.4184,191233.5,70393.19,3.677,3.72,3.648,3.718
20220719,510180.SH,3.718,3.72,3.72,3.67,3.702,-0.016,-0.4303,202734.0,74914.514,3.72,3.72,3.67,3.702
20220720,510180.SH,3.702,3.716,3.731,3.71,3.72,0.018,0.4862,180177.0,67032.149,3.716,3.731,3.71,3.72
20220721,510180.SH,3.72,3.707,3.718,3.679,3.683,-0.037,-0.9946,222011.0,82162.695,3.707,3.718,3.679,3.683
20220722,510180.SH,3.683,3.691,3.712,3.658,3.682,-0.001,-0.0272,215482.5,79483.017,3.691,3.712,3.658,3.682
20220725,510180.SH,3.682,3.677,3.68,3.653,3.66,-0.022,-0.5975,212230.0,77792.596,3.677,3.68,3.653,3.66
20220726,510180.SH,3.66,3.67,3.704,3.669,3.688,0.028,0.765,171287.0,63113.32,3.67,3.704,3.669,3.688
20220727,510180.SH,3.688,3.675,3.68,3.658,3.665,-0.023,-0.6236,177365.25,65093.958,3.675,3.68,3.658,3.665
20220728,510180.SH,3.665,3.672,3.706,3.661,3.665,0.0,0.0,189303.02,69742.35,3.672,3.706,3.661,3.665
20220729,510180.SH,3.665,3.671,3.688,3.611,3.622,-0.043,-1.1733,222982.0,81352.762,3.671,3.688,3.611,3.622
20220801,510180.SH,3.622,3.616,3.63,3.586,3.622,0.0,0.0,185632.0,66935.225,3.616,3.63,3.586,3.622
20220802,510180.SH,3.622,3.605,3.605,3.515,3.552,-0.07,-1.9326,221949.0,78823.108,3.605,3.605,3.515,3.552
20220803,510180.SH,3.552,3.559,3.583,3.518,3.525,-0.027,-0.7601,219570.0,78084.792,3.559,3.583,3.518,3.525
20220804,510180.SH,3.525,3.55,3.566,3.533,3.563,0.038,1.078,206737.0,73449.002,3.55,3.566,3.533,3.563
20220805,510180.SH,3.563,3.566,3.61,3.558,3.606,0.043,1.2068,188196.75,67235.197,3.566,3.61,3.558,3.606
20220808,510180.SH,3.606,3.595,3.606,3.587,3.603,-0.003,-0.0832,198490.02,71375.103,3.595,3.606,3.587,3.603
20220809,510180.SH,3.603,3.602,3.613,3.59,3.607,0.004,0.111,181557.0,65370.059,3.602,3.613,3.59,3.607
20220810,510180.SH,3.607,3.612,3.612,3.553,3.572,-0.035,-0.9703,160817.0,57581.728,3.612,3.612,3.553,3.572
20220811,510180.SH,3.572,3.574,3.645,3.572,3.643,0.071,1.9877,143266.51,51702.444,3.574,3.645,3.572,3.643
20220812,510180.SH,3.643,3.645,3.66,3.626,3.651,0.008,0.2196,196159.5,71457.087,3.645,3.66,3.626,3.651
20220815,510180.SH,3.651,3.639,3.666,3.631,3.641,-0.01,-0.2739,138627.5,50515.641,3.639,3.666,3.631,3.641
20220816,510180.SH,3.641,3.635,3.66,3.621,3.626,-0.015,-0.412,175646.0,64015.564,3.635,3.66,3.621,3.626
20220817,510180.SH,3.626,3.628,3.658,3.612,3.653,0.027,0.7446,265219.75,96447.356,3.628,3.658,3.612,3.653
20220818,510180.SH,3.653,3.653,3.653,3.615,3.622,-0.031,-0.8486,192068.0,69595.322,3.653,3.653,3.615,3.622
20220819,510180.SH,3.622,3.623,3.627,3.596,3.597,-0.025,-0.6902,196961.0,71151.135,3.623,3.627,3.596,3.597
20220822,510180.SH,3.597,3.603,3.627,3.585,3.614,0.017,0.4726,183437.55,66279.465,3.603,3.627,3.585,3.614
20220823,510180.SH,3.614,3.613,3.62,3.58,3.592,-0.022,-0.6087,174448.5,62694.913,3.613,3.62,3.58,3.592
20220824,510180.SH,3.592,3.599,3.611,3.534,3.542,-0.05,-1.392,253508.0,90564.351,3.599,3.611,3.534,3.542
20220825,510180.SH,3.542,3.557,3.598,3.536,3.593,0.051,1.4399,277027.51,98576.641,3.557,3.598,3.536,3.593
20220826,510180.SH,3.593,3.598,3.613,3.586,3.591,-0.002,-0.0557,216001.0,77721.086,3.598,3.613,3.586,3.591
20220829,510180.SH,3.591,3.571,3.575,3.548,3.574,-0.017,-0.4734,225114.0,80210.261,3.571,3.575,3.548,3.574
20220830,510180.SH,3.574,3.567,3.58,3.539,3.562,-0.012,-0.3358,176798.0,62884.013,3.567,3.58,3.539,3.562
20220831,510180.SH,3.562,3.56,3.614,3.554,3.583,0.021,0.5896,216893.0,77557.591,3.56,3.614,3.554,3.583
20220901,510180.SH,3.583,3.58,3.59,3.556,3.559,-0.024,-0.6698,239120.5,85578.581,3.58,3.59,3.556,3.559
20220902,510180.SH,3.559,3.561,3.569,3.522,3.536,-0.023,-0.6462,219416.0,77788.831,3.561,3.569,3.522,3.536
20220905,510180.SH,3.536,3.544,3.544,3.503,3.524,-0.012,-0.3394,354035.01,124453.161,3.544,3.544,3.503,3.524
20220906,510180.SH,3.524,3.528,3.575,3.528,3.573,0.049,1.3905,183897.0,65373.695,3.528,3.575,3.528,3.573
20220907,510180.SH,3.573,3.569,3.577,3.552,3.572,-0.001,-0.028,147105.0,52448.046,3.569,3.577,3.552,3.572
20220908,510180.SH,3.572,3.573,3.586,3.564,3.565,-0.007,-0.196,162066.0,57935.196,3.573,3.586,3.564,3.565
20220909,510180.SH,3.565,3.566,3.622,3.565,3.614,0.049,1.3745,163616.0,58954.072,3.566,3.622,3.565,3.614
20220913,510180.SH,3.614,3.619,3.638,3.609,3.618,0.004,0.1107,169091.0,61269.06,3.619,3.638,3.609,3.618
20220914,510180.SH,3.618,3.589,3.605,3.575,3.585,-0.033,-0.9121,200649.0,72036.194,3.589,3.605,3.575,3.585
20220915,510180.SH,3.585,3.596,3.604,3.544,3.558,-0.027,-0.7531,232111.0,83054.433,3.596,3.604,3.544,3.558
20220916,510180.SH,3.558,3.56,3.569,3.484,3.485,-0.073,-2.0517,386348.0,135575.384,3.56,3.569,3.484,3.485
20220919,510180.SH,3.485,3.486,3.501,3.468,3.481,-0.004,-0.1148,216406.01,75373.307,3.486,3.501,3.468,3.481
20220920,510180.SH,3.481,3.481,3.501,3.467,3.479,-0.002,-0.0575,170170.25,59300.763,3.481,3.501,3.467,3.479
20220921,510180.SH,3.479,3.478,3.479,3.441,3.461,-0.018,-0.5174,223720.0,77344.616,3.478,3.479,3.441,3.461
20220922,510180.SH,3.461,3.451,3.456,3.424,3.434,-0.027,-0.7801,229155.0,78718.975,3.451,3.456,3.424,3.434
20220923,510180.SH,3.434,3.434,3.458,3.411,3.429,-0.005,-0.1456,253584.0,87146.437,3.434,3.458,3.411,3.429
20220926,510180.SH,3.429,3.42,3.455,3.4,3.407,-0.022,-0.6416,246850.25,84803.4,3.42,3.455,3.4,3.407
20220927,510180.SH,3.407,3.412,3.446,3.392,3.441,0.034,0.9979,214265.01,73049.366,3.412,3.446,3.392,3.441
20220928,510180.SH,3.441,3.442,3.442,3.388,3.397,-0.044,-1.2787,207408.0,70770.955,3.442,3.442,3.388,3.397
20220929,510180.SH,3.397,3.412,3.435,3.372,3.39,-0.007,-0.2061,256258.5,87485.921,3.412,3.435,3.372,3.39
20220930,510180.SH,3.39,3.392,3.41,3.375,3.382,-0.008,-0.236,210007.0,71227.499,3.392,3.41,3.375,3.382
20221010,510180.SH,3.382,3.386,3.386,3.302,3.314,-0.068,-2.0106,220388.0,73789.886,3.386,3.386,3.302,3.314
20221011,510180.SH,3.314,3.323,3.323,3.292,3.303,-0.011,-0.3319,308215.0,101846.234,3.323,3.323,3.292,3.303
20221012,510180.SH,3.303,3.307,3.344,3.238,3.336,0.033,0.9991,275072.0,90114.597,3.307,3.344,3.238,3.336
20221013,510180.SH,3.336,3.303,3.329,3.301,3.305,-0.031,-0.9293,308760.0,102279.914,3.303,3.329,3.301,3.305
20221014,510180.SH,3.305,3.322,3.397,3.32,3.383,0.078,2.3601,355796.0,120138.287,3.322,3.397,3.32,3.383
20221017,510180.SH,3.383,3.379,3.386,3.351,3.382,-0.001,-0.0296,335004.0,112936.912,3.379,3.386,3.351,3.382
20221018,510180.SH,3.382,3.39,3.399,3.358,3.367,-0.015,-0.4435,399788.0,134797.525,3.39,3.399,3.358,3.367
20221019,510180.SH,3.367,3.372,3.375,3.313,3.315,-0.052,-1.5444,191551.0,63950.936,3.372,3.375,3.313,3.315
20221020,510180.SH,3.315,3.31,3.345,3.282,3.309,-0.006,-0.181,286489.0,94560.937,3.31,3.345,3.282,3.309
20221021,510180.SH,3.309,3.318,3.325,3.283,3.3,-0.009,-0.272,183805.0,60796.112,3.318,3.325,3.283,3.3
20221024,510180.SH,3.3,3.294,3.316,3.187,3.202,-0.098,-2.9697,191520.0,62072.555,3.294,3.316,3.187,3.202
20221025,510180.SH,3.202,3.203,3.252,3.177,3.208,0.006,0.1874,246708.0,79119.411,3.203,3.252,3.177,3.208
20221026,510180.SH,3.208,3.216,3.269,3.21,3.224,0.016,0.4988,232357.0,75238.089,3.216,3.269,3.21,3.224
20221027,510180.SH,3.224,3.23,3.258,3.202,3.206,-0.018,-0.5583,215248.0,69465.093,3.23,3.258,3.202,3.206
20221028,510180.SH,3.206,3.194,3.202,3.127,3.137,-0.069,-2.1522,237603.5,75509.334,3.194,3.202,3.127,3.137
20221031,510180.SH,3.137,3.129,3.146,3.092,3.104,-0.033,-1.052,269982.0,84072.57,3.129,3.146,3.092,3.104
20221101,510180.SH,3.104,3.107,3.216,3.107,3.214,0.11,3.5438,295133.0,93118.21,3.107,3.216,3.107,3.214
20221102,510180.SH,3.214,3.21,3.263,3.183,3.242,0.028,0.8712,364527.25,117710.233,3.21,3.263,3.183,3.242
20221103,510180.SH,3.242,3.213,3.232,3.196,3.213,-0.029,-0.8945,223611.5,71826.463,3.213,3.232,3.196,3.213
20221104,510180.SH,3.213,3.2,3.326,3.2,3.31,0.097,3.019,247084.13,81067.454,3.2,3.326,3.2,3.31
20221107,510180.SH,3.31,3.306,3.328,3.286,3.314,0.004,0.1208,230165.44,76188.424,3.306,3.328,3.286,3.314
20221108,510180.SH,3.314,3.313,3.319,3.278,3.298,-0.016,-0.4828,186266.25,61335.743,3.313,3.319,3.278,3.298
20221109,510180.SH,3.298,3.298,3.308,3.266,3.28,-0.018,-0.5458,251346.0,82541.779,3.298,3.308,3.266,3.28
20221110,510180.SH,3.28,3.278,3.28,3.243,3.268,-0.012,-0.3659,205619.0,67010.926,3.278,3.28,3.243,3.268
20221111,510180.SH,3.268,3.356,3.396,3.316,3.356,0.088,2.6928,405588.44,135942.471,3.356,3.396,3.316,3.356
20221114,510180.SH,3.356,3.38,3.409,3.348,3.357,0.001,0.0298,333174.0,112575.465,3.38,3.409,3.348,3.357
20221115,510180.SH,3.357,3.344,3.429,3.344,3.422,0.065,1.9363,292091.0,99310.682,3.344,3.429,3.344,3.422
20221116,510180.SH,3.422,3.417,3.431,3.399,3.407,-0.015,-0.4383,196003.0,66882.189,3.417,3.431,3.399,3.407
20221117,510180.SH,3.407,3.406,3.406,3.35,3.385,-0.022,-0.6457,195668.5,65937.817,3.406,3.406,3.35,3.385
20221118,510180.SH,3.385,3.387,3.404,3.364,3.372,-0.013,-0.384,202734.5,68555.892,3.387,3.404,3.364,3.372
20221121,510180.SH,3.372,3.357,3.357,3.305,3.344,-0.028,-0.8304,193702.5,64316.823,3.357,3.357,3.305,3.344
20221122,510180.SH,3.344,3.331,3.387,3.328,3.356,0.012,0.3589,232909.0,78025.802,3.331,3.387,3.328,3.356
20221123,510180.SH,3.356,3.346,3.389,3.346,3.369,0.013,0.3874,202933.0,68425.477,3.346,3.389,3.346,3.369
20221124,510180.SH,3.369,3.374,3.395,3.349,3.354,-0.015,-0.4452,172697.0,58148.52,3.374,3.395,3.349,3.354
20221125,510180.SH,3.354,3.348,3.389,3.344,3.378,0.024,0.7156,148682.75,50094.303,3.348,3.389,3.344,3.378
20221128,510180.SH,3.378,3.357,3.357,3.285,3.336,-0.042,-1.2433,254715.25,84492.623,3.357,3.357,3.285,3.336
20221129,510180.SH,3.336,3.34,3.448,3.34,3.446,0.11,3.2974,258365.75,88029.352,3.34,3.448,3.34,3.446
20221130,510180.SH,3.446,3.441,3.459,3.427,3.442,-0.004,-0.1161,207578.5,71485.139,3.441,3.459,3.427,3.442
20221201,510180.SH,3.442,3.487,3.52,3.466,3.474,0.032,0.9297,244325.25,85279.62,3.487,3.52,3.466,3.474
20221202,510180.SH,3.474,3.472,3.473,3.441,3.45,-0.024,-0.6908,170966.25,59112.544,3.472,3.473,3.441,3.45
20221205,510180.SH,3.45,3.469,3.536,3.469,3.533,0.083,2.4058,299135.0,104920.555,3.469,3.536,3.469,3.533
20221206,510180.SH,3.533,3.517,3.561,3.508,3.532,-0.001,-0.0283,268538.16,95043.897,3.517,3.561,3.508,3.532
20221207,510180.SH,3.532,3.532,3.556,3.504,3.517,-0.015,-0.4247,254997.75,89954.94,3.532,3.556,3.504,3.517
20221208,510180.SH,3.517,3.503,3.525,3.5,3.513,-0.004,-0.1137,218276.5,76655.209,3.503,3.525,3.5,3.513
20221209,510180.SH,3.513,3.511,3.552,3.5,3.544,0.031,0.8824,243496.0,85738.354,3.511,3.552,3.5,3.544
20221212,510180.SH,3.544,3.543,3.543,3.501,3.504,-0.04,-1.1287,196855.0,69316.67,3.543,3.543,3.501,3.504
20221213,510180.SH,3.504,3.5,3.517,3.494,3.502,-0.002,-0.0571,162725.5,57019.601,3.5,3.517,3.494,3.502
20221214,510180.SH,3.502,3.501,3.525,3.49,3.51,0.008,0.2284,352920.75,123797.629,3.501,3.525,3.49,3.51
20221215,510180.SH,3.51,3.514,3.52,3.483,3.5,-0.01,-0.2849,260440.5,91014.884,3.514,3.52,3.483,3.5
20221216,510180.SH,3.5,3.481,3.513,3.477,3.505,0.005,0.1429,267812.5,93723.336,3.481,3.513,3.477,3.505
20221219,510180.SH,3.505,3.507,3.522,3.43,3.442,-0.063,-1.7974,281802.5,97907.931,3.507,3.522,3.43,3.442
20221220,510180.SH,3.442,3.431,3.452,3.382,3.402,-0.04,-1.1621,277734.0,94901.325,3.431,3.452,3.382,3.402
20221221,510180.SH,3.402,3.398,3.419,3.391,3.402,0.0,0.0,216433.0,73731.322,3.398,3.419,3.391,3.402
20221222,510180.SH,3.402,3.407,3.444,3.392,3.403,0.001,0.0294,222847.0,76169.959,3.407,3.444,3.392,3.403
20221223,510180.SH,3.403,3.384,3.417,3.378,3.403,0.0,0.0,233911.0,79522.056,3.384,3.417,3.378,3.403
20221226,510180.SH,3.403,3.402,3.416,3.394,3.405,0.002,0.0588,184522.0,62864.495,3.402,3.416,3.394,3.405
20221227,510180.SH,3.405,3.409,3.448,3.409,3.443,0.038,1.116,209300.0,71862.456,3.409,3.448,3.409,3.443
20221228,510180.SH,3.443,3.423,3.454,3.423,3.441,-0.002,-0.0581,176690.75,60751.498,3.423,3.454,3.423,3.441
20221229,510180.SH,3.441,3.43,3.434,3.405,3.423,-0.018,-0.5231,220551.0,75482.478,3.43,3.434,3.405,3.423
20221230,510180.SH,3.423,3.433,3.461,3.431,3.449,0.026,0.7596,843962.0,291262.472,3.433,3.461,3.431,3.449
20230103,510180.SH,3.449,3.443,3.462,3.404,3.458,0.009,0.2609,225805.55,77587.147,3.443,3.462,3.404,3.458
20230104,510180.SH,3.458,3.456,3.473,3.448,3.466,0.008,0.2313,172855.0,59825.217,3.456,3.473,3.448,3.466
20230105,510180.SH,3.466,3.471,3.527,3.471,3.519,0.053,1.5291,243010.25,85305.426,3.471,3.527,3.471,3.519
20230106,510180.SH,3.519,3.519,3.542,3.517,3.532,0.013,0.3694,206569.76,72878.093,3.519,3.542,3.517,3.532
20230109,510180.SH,3.532,3.533,3.566,3.533,3.556,0.024,0.6795,264506.0,93977.174,3.533,3.566,3.533,3.556
20230110,510180.SH,3.556,3.559,3.567,3.546,3.55,-0.006,-0.1687,238471.0,84753.238,3.559,3.567,3.546,3.55
20230111,510180.SH,3.55,3.55,3.578,3.546,3.552,0.002,0.0563,232874.5,83029.684,3.55,3.578,3.546,3.552
20230112,510180.SH,3.552,3.56,3.569,3.545,3.557,0.005,0.1408,310716.0,110512.542,3.56,3.569,3.545,3.557
20230113,510180.SH,3.557,3.558,3.609,3.558,3.608,0.051,1.4338,300711.0,107742.021,3.558,3.609,3.558,3.608
20230116,510180.SH,3.608,3.603,3.692,3.603,3.659,0.051,1.4135,442007.5,161869.589,3.603,3.692,3.603,3.659
20230117,510180.SH,3.659,3.637,3.658,3.631,3.644,-0.015,-0.4099,236693.5,86234.071,3.637,3.658,3.631,3.644
20230118,510180.SH,3.644,3.643,3.656,3.632,3.632,-0.012,-0.3293,219424.0,79958.404,3.643,3.656,3.632,3.632
20230119,510180.SH,3.632,3.639,3.652,3.606,3.648,0.016,0.4405,224008.26,81267.712,3.639,3.652,3.606,3.648
20230120,510180.SH,3.648,3.65,3.686,3.65,3.677,0.029,0.795,303765.26,111586.35,3.65,3.686,3.65,3.677
20230130,510180.SH,3.677,3.714,3.747,3.677,3.677,0.0,0.0,620682.5,229825.323,3.714,3.747,3.677,3.677
20230131,510180.SH,3.677,3.678,3.694,3.636,3.64,-0.037,-1.0063,399595.51,146495.85,3.678,3.694,3.636,3.64
20230201,510180.SH,3.64,3.642,3.668,3.618,3.668,0.028,0.7692,360790.0,131534.678,3.642,3.668,3.618,3.668
20230202,510180.SH,3.668,3.685,3.685,3.642,3.658,-0.01,-0.2726,254897.5,93203.737,3.685,3.685,3.642,3.658
20230203,510180.SH,3.658,3.647,3.647,3.588,3.617,-0.041,-1.1208,342043.0,123372.795,3.647,3.647,3.588,3.617
20230206,510180.SH,3.617,3.594,3.595,3.55,3.569,-0.048,-1.3271,273016.25,97416.573,3.594,3.595,3.55,3.569
20230207,510180.SH,3.569,3.568,3.591,3.566,3.581,0.012,0.3362,328745.0,117730.289,3.568,3.591,3.566,3.581
20230208,510180.SH,3.581,3.581,3.598,3.566,3.575,-0.006,-0.1676,242656.5,86897.475,3.581,3.598,3.566,3.575
20230209,510180.SH,3.575,3.571,3.615,3.56,3.613,0.038,1.0629,361930.0,130401.829,3.571,3.615,3.56,3.613
20230210,510180.SH,3.613,3.614,3.614,3.58,3.591,-0.022,-0.6089,215338.25,77339.182,3.614,3.614,3.58,3.591
20230213,510180.SH,3.591,3.588,3.618,3.576,3.615,0.024,0.6683,295977.0,106650.104,3.588,3.618,3.576,3.615
20230214,510180.SH,3.615,3.619,3.626,3.606,3.626,0.011,0.3043,310411.25,112179.973,3.619,3.626,3.606,3.626
20230215,510180.SH,3.626,3.617,3.638,3.593,3.6,-0.026,-0.717,317020.0,114408.169,3.617,3.638,3.593,3.6
20230216,510180.SH,3.6,3.6,3.648,3.563,3.586,-0.014,-0.3889,397768.0,144229.601,3.6,3.648,3.563,3.586
20230217,510180.SH,3.586,3.589,3.598,3.538,3.54,-0.046,-1.2828,464767.5,165984.025,3.589,3.598,3.538,3.54
20230220,510180.SH,3.54,3.54,3.644,3.54,3.638,0.098,2.7684,578323.0,207204.054,3.54,3.644,3.54,3.638
20230221,510180.SH,3.638,3.637,3.66,3.626,3.653,0.015,0.4123,366582.0,133659.484,3.637,3.66,3.626,3.653
20230222,510180.SH,3.653,3.642,3.649,3.614,3.62,-0.033,-0.9034,292483.0,106160.561,3.642,3.649,3.614,3.62
20230223,510180.SH,3.62,3.626,3.64,3.601,3.614,-0.006,-0.1657,269406.0,97528.832,3.626,3.64,3.601,3.614
20230224,510180.SH,3.614,3.62,3.62,3.561,3.579,-0.035,-0.9685,350755.0,125546.989,3.62,3.62,3.561,3.579
20230227,510180.SH,3.579,3.571,3.59,3.557,3.57,-0.009,-0.2515,273322.0,97686.825,3.571,3.59,3.557,3.57
20230228,510180.SH,3.57,3.587,3.597,3.551,3.595,0.025,0.7003,248834.0,88859.244,3.587,3.597,3.551,3.595
20230301,510180.SH,3.595,3.595,3.65,3.58,3.642,0.047,1.3074,336869.75,122226.702,3.595,3.65,3.58,3.642
20230302,510180.SH,3.642,3.634,3.655,3.63,3.64,-0.002,-0.0549,354689.25,129213.636,3.634,3.655,3.63,3.64
20230303,510180.SH,3.64,3.644,3.663,3.632,3.659,0.019,0.522,840927.0,307014.082,3.644,3.663,3.632,3.659
20230306,510180.SH,3.659,3.66,3.663,3.617,3.628,-0.031,-0.8472,378470.0,137342.552,3.66,3.663,3.617,3.628
20230307,510180.SH,3.628,3.628,3.648,3.578,3.58,-0.048,-1.323,429889.25,155775.786,3.628,3.648,3.578,3.58
20230308,510180.SH,3.58,3.559,3.579,3.552,3.57,-0.01,-0.2793,337011.0,120194.869,3.559,3.579,3.552,3.57
20230309,510180.SH,3.57,3.57,3.576,3.535,3.556,-0.014,-0.3922,383812.5,136507.434,3.57,3.576,3.535,3.556
20230310,510180.SH,3.556,3.532,3.542,3.497,3.5,-0.056,-1.5748,372424.75,131093.005,3.532,3.542,3.497,3.5
20230313,510180.SH,3.5,3.494,3.55,3.494,3.548,0.048,1.3714,311119.0,109954.017,3.494,3.55,3.494,3.548
20230314,510180.SH,3.548,3.529,3.549,3.5,3.526,-0.022,-0.6201,218774.25,77070.529,3.529,3.549,3.5,3.526
20230315,510180.SH,3.526,3.545,3.558,3.53,3.538,0.012,0.3403,327705.0,116072.679,3.545,3.558,3.53,3.538
20230316,510180.SH,3.538,3.52,3.533,3.491,3.496,-0.042,-1.1871,401192.01,141127.98,3.52,3.533,3.491,3.496
20230317,510180.SH,3.496,3.521,3.566,3.5,3.521,0.025,0.7151,332819.25,117777.916,3.521,3.566,3.5,3.521
20230320,510180.SH,3.521,3.53,3.536,3.491,3.495,-0.026,-0.7384,298342.01,104940.737,3.53,3.536,3.491,3.495
20230321,510180.SH,3.495,3.505,3.53,3.5,3.517,0.022,0.6295,316151.0,111098.346,3.505,3.53,3.5,3.517
20230322,510180.SH,3.517,3.523,3.55,3.521,3.532,0.015,0.4265,293814.0,103809.762,3.523,3.55,3.521,3.532
20230323,510180.SH,3.532,3.52,3.565,3.518,3.565,0.033,0.9343,284153.0,100807.36,3.52,3.565,3.518,3.565
20230324,510180.SH,3.565,3.566,3.566,3.537,3.547,-0.018,-0.5049,341752.0,121182.95,3.566,3.566,3.537,3.547
20230327,510180.SH,3.547,3.546,3.546,3.505,3.519,-0.028,-0.7894,284203.0,99975.181,3.546,3.546,3.505,3.519
20230328,510180.SH,3.519,3.52,3.533,3.515,3.522,0.003,0.0853,258368.0,90995.759,3.52,3.533,3.515,3.522
20230329,510180.SH,3.522,3.52,3.534,3.506,3.517,-0.005,-0.142,315009.0,110813.722,3.52,3.534,3.506,3.517
20230330,510180.SH,3.517,3.517,3.546,3.501,3.545,0.028,0.7961,295203.0,104082.721,3.517,3.546,3.501,3.545
20230331,510180.SH,3.545,3.548,3.565,3.545,3.555,0.01,0.2821,281814.0,100185.654,3.548,3.565,3.545,3.555
20230403,510180.SH,3.555,3.555,3.582,3.553,3.58,0.025,0.7032,241871.5,86315.768,3.555,3.582,3.553,3.58
20230404,510180.SH,3.58,3.58,3.601,3.565,3.598,0.018,0.5028,263789.51,94622.231,3.58,3.601,3.565,3.598
20230406,510180.SH,3.598,3.581,3.601,3.581,3.594,-0.004,-0.1112,268586.5,96479.645,3.581,3.601,3.581,3.594
20230407,510180.SH,3.594,3.597,3.622,3.591,3.615,0.021,0.5843,244127.0,88185.728,3.597,3.622,3.591,3.615
20230410,510180.SH,3.615,3.62,3.623,3.599,3.601,-0.014,-0.3873,211196.0,76233.27,3.62,3.623,3.599,3.601
20230411,510180.SH,3.601,3.601,3.612,3.581,3.591,-0.01,-0.2777,297067.5,106792.783,3.601,3.612,3.581,3.591
20230412,510180.SH,3.591,3.591,3.601,3.586,3.594,0.003,0.0835,192286.0,69102.074,3.591,3.601,3.586,3.594
20230413,510180.SH,3.594,3.571,3.601,3.571,3.589,-0.005,-0.1391,212429.0,76217.575,3.571,3.601,3.571,3.589
20230414,510180.SH,3.589,3.6,3.613,3.592,3.611,0.022,0.613,198154.75,71423.516,3.6,3.613,3.592,3.611
20230417,510180.SH,3.611,3.61,3.676,3.61,3.676,0.065,1.8001,335548.0,122261.051,3.61,3.676,3.61,3.676
20230418,510180.SH,3.676,3.676,3.694,3.663,3.693,0.017,0.4625,266328.65,98112.999,3.676,3.694,3.663,3.693
20230419,510180.SH,3.693,3.685,3.69,3.658,3.666,-0.027,-0.7311,266188.0,97862.788,3.685,3.69,3.658,3.666
20230420,510180.SH,3.666,3.653,3.668,3.632,3.652,-0.014,-0.3819,367510.51,133948.057,3.653,3.668,3.632,3.652
20230421,510180.SH,3.652,3.659,3.659,3.578,3.583,-0.069,-1.8894,332410.0,120455.434,3.659,3.659,3.578,3.583
20230424,510180.SH,3.583,3.571,3.584,3.528,3.545,-0.038,-1.0606,404843.0,144054.921,3.571,3.584,3.528,3.545
20230425,510180.SH,3.545,3.544,3.556,3.504,3.54,-0.005,-0.141,374954.0,132390.375,3.544,3.556,3.504,3.54
20230426,510180.SH,3.54,3.54,3.54,3.51,3.527,-0.013,-0.3672,416029.0,146818.173,3.54,3.54,3.51,3.527
20230427,510180.SH,3.527,3.519,3.569,3.519,3.562,0.035,0.9923,229883.25,81402.558,3.519,3.569,3.519,3.562
20230428,510180.SH,3.562,3.561,3.603,3.561,3.601,0.039,1.0949,296266.0,106275.098,3.561,3.603,3.561,3.601
20230504,510180.SH,3.601,3.6,3.62,3.57,3.616,0.015,0.4166,279929.0,100843.91,3.6,3.62,3.57,3.616
20230505,510180.SH,3.616,3.623,3.644,3.596,3.608,-0.008,-0.2212,283477.75,102569.384,3.623,3.644,3.596,3.608
20230508,510180.SH,3.608,3.61,3.684,3.61,3.676,0.068,1.8847,352347.0,128705.098,3.61,3.684,3.61,3.676
20230509,510180.SH,3.676,3.686,3.703,3.638,3.64,-0.036,-0.9793,326977.75,120281.474,3.686,3.703,3.638,3.64
20230510,510180.SH,3.64,3.638,3.638,3.584,3.594,-0.046,-1.2637,311484.0,112344.05,3.638,3.638,3.584,3.594
20230511,510180.SH,3.594,3.594,3.61,3.574,3.578,-0.016,-0.4452,215031.0,77217.137,3.594,3.61,3.574,3.578
20230512,510180.SH,3.578,3.579,3.584,3.525,3.527,-0.051,-1.4254,632730.5,224069.713,3.579,3.584,3.525,3.527
20230515,510180.SH,3.527,3.526,3.585,3.511,3.58,0.053,1.5027,385134.0,136033.468,3.526,3.585,3.511,3.58
20230516,510180.SH,3.58,3.582,3.593,3.558,3.568,-0.012,-0.3352,345084.0,123472.233,3.582,3.593,3.558,3.568
20230517,510180.SH,3.568,3.553,3.575,3.533,3.544,-0.024,-0.6726,371458.0,131908.633,3.553,3.575,3.533,3.544
20230518,510180.SH,3.544,3.562,3.569,3.532,3.548,0.004,0.1129,389119.0,138302.25,3.562,3.569,3.532,3.548
20230519,510180.SH,3.548,3.535,3.555,3.515,3.531,-0.017,-0.4791,332345.0,117368.013,3.535,3.555,3.515,3.531
20230522,510180.SH,3.531,3.55,3.572,3.522,3.553,0.022,0.6231,384652.0,136460.282,3.55,3.572,3.522,3.553
20230523,510180.SH,3.553,3.557,3.557,3.495,3.495,-0.058,-1.6324,379657.5,133741.595,3.557,3.557,3.495,3.495
20230524,510180.SH,3.495,3.494,3.494,3.441,3.442,-0.053,-1.5165,352099.0,122045.854,3.494,3.494,3.441,3.442
20230525,510180.SH,3.442,3.441,3.441,3.405,3.435,-0.007,-0.2034,392061.0,134326.493,3.441,3.441,3.405,3.435
20230526,510180.SH,3.435,3.445,3.449,3.406,3.443,0.008,0.2329,358619.5,123009.229,3.445,3.449,3.406,3.443
20230529,510180.SH,3.443,3.441,3.458,3.42,3.434,-0.009,-0.2614,355796.5,122161.574,3.441,3.458,3.42,3.434
20230530,510180.SH,3.434,3.429,3.445,3.388,3.427,-0.007,-0.2038,447439.0,152858.95,3.429,3.445,3.388,3.427
20230531,510180.SH,3.427,3.428,3.428,3.379,3.392,-0.035,-1.0213,435482.0,147866.491,3.428,3.428,3.379,3.392
20230601,510180.SH,3.392,3.388,3.428,3.382,3.398,0.006,0.1769,399647.0,136293.349,3.388,3.428,3.382,3.398
20230602,510180.SH,3.398,3.41,3.45,3.41,3.443,0.045,1.3243,353777.75,121585.278,3.41,3.45,3.41,3.443
20230605,510180.SH,3.443,3.446,3.45,3.418,3.429,-0.014,-0.4066,334352.0,114765.938,3.446,3.45,3.418,3.429
20230606,510180.SH,3.429,3.428,3.462,3.396,3.402,-0.027,-0.7874,356567.75,122412.8,3.428,3.462,3.396,3.402
20230607,510180.SH,3.402,3.406,3.423,3.383,3.396,-0.006,-0.1764,398648.75,135703.127,3.406,3.423,3.383,3.396
20230608,510180.SH,3.396,3.4,3.441,3.38,3.426,0.03,0.8834,396996.0,135294.164,3.4,3.441,3.38,3.426
20230609,510180.SH,3.426,3.425,3.447,3.421,3.445,0.019,0.5546,283843.5,97524.797,3.425,3.447,3.421,3.445
20230612,510180.SH,3.445,3.438,3.455,3.423,3.436,-0.009,-0.2612,214023.0,73586.991,3.438,3.455,3.423,3.436
20230613,510180.SH,3.436,3.436,3.455,3.426,3.453,0.017,0.4948,208772.0,71860.304,3.436,3.455,3.426,3.453
20230614,510180.SH,3.453,3.45,3.481,3.449,3.452,-0.001,-0.029,276856.25,95956.527,3.45,3.481,3.449,3.452
20230615,510180.SH,3.452,3.458,3.496,3.456,3.494,0.042,1.2167,261684.05,90798.026,3.458,3.496,3.456,3.494
20230616,510180.SH,3.494,3.498,3.534,3.498,3.529,0.035,1.0017,287571.0,101058.446,3.498,3.534,3.498,3.529
20230619,510180.SH,3.529,3.525,3.525,3.491,3.496,-0.033,-0.9351,165776.01,58008.955,3.525,3.525,3.491,3.496
20230620,510180.SH,3.496,3.494,3.501,3.47,3.486,-0.01,-0.286,226285.0,78907.315,3.494,3.501,3.47,3.486
20230621,510180.SH,3.486,3.481,3.481,3.44,3.442,-0.044,-1.2622,180790.0,62632.705,3.481,3.481,3.44,3.442
20230626,510180.SH,3.442,3.426,3.44,3.385,3.394,-0.048,-1.3945,266681.0,90603.845,3.426,3.44,3.385,3.394
20230627,510180.SH,3.394,3.395,3.426,3.384,3.419,0.025,0.7366,208009.25,70917.634,3.395,3.426,3.384,3.419
20230628,510180.SH,3.419,3.414,3.431,3.398,3.43,0.011,0.3217,200301.66,68427.607,3.414,3.431,3.398,3.43
20230629,510180.SH,3.43,3.426,3.428,3.407,3.416,-0.014,-0.4082,130896.38,44713.206,3.426,3.428,3.407,3.416
20230630,510180.SH,3.416,3.414,3.448,3.412,3.435,0.019,0.5562,253477.25,86988.24,3.414,3.448,3.412,3.435
20230703,510180.SH,3.435,3.442,3.485,3.442,3.479,0.044,1.2809,188520.75,65448.471,3.442,3.485,3.442,3.479
20230704,510180.SH,3.479,3.475,3.484,3.47,3.483,0.004,0.115,129640.63,45083.303,3.475,3.484,3.47,3.483
20230705,510180.SH,3.483,3.481,3.482,3.456,3.462,-0.021,-0.6029,166180.5,57573.166,3.481,3.482,3.456,3.462
20230706,510180.SH,3.462,3.461,3.47,3.432,3.442,-0.02,-0.5777,185345.0,63964.02,3.461,3.47,3.432,3.442
20230707,510180.SH,3.442,3.437,3.448,3.425,3.438,-0.004,-0.1162,153846.0,52823.726,3.437,3.448,3.425,3.438
20230710,510180.SH,3.438,3.452,3.463,3.435,3.443,0.005,0.1454,186200.5,64184.967,3.452,3.463,3.435,3.443
20230711,510180.SH,3.443,3.446,3.466,3.445,3.463,0.02,0.5809,168474.75,58245.648,3.446,3.466,3.445,3.463
20230712,510180.SH,3.463,3.461,3.474,3.443,3.448,-0.015,-0.4332,207077.0,71716.586,3.461,3.474,3.443,3.448
20230713,510180.SH,3.448,3.468,3.505,3.467,3.503,0.055,1.5951,185497.0,64753.107,3.468,3.505,3.467,3.503
20230714,510180.SH,3.503,3.504,3.517,3.503,3.509,0.006,0.1713,149123.5,52352.279,3.504,3.517,3.503,3.509
20230717,510180.SH,3.509,3.507,3.507,3.47,3.487,-0.022,-0.627,159106.0,55327.212,3.507,3.507,3.47,3.487
20230718,510180.SH,3.487,3.486,3.49,3.467,3.477,-0.01,-0.2868,182792.25,63572.211,3.486,3.49,3.467,3.477
20230719,510180.SH,3.477,3.476,3.483,3.462,3.48,0.003,0.0863,233309.0,80991.068,3.476,3.483,3.462,3.48
20230720,510180.SH,3.48,3.482,3.502,3.456,3.459,-0.021,-0.6034,230751.03,80334.24,3.482,3.502,3.456,3.459
20230721,510180.SH,3.459,3.458,3.487,3.452,3.466,0.007,0.2024,181950.0,63129.836,3.458,3.487,3.452,3.466
20230724,510180.SH,3.466,3.458,3.471,3.444,3.454,-0.012,-0.3462,477007.0,164863.395,3.458,3.471,3.444,3.454
20230725,510180.SH,3.454,3.475,3.56,3.475,3.554,0.1,2.8952,497346.05,176189.188,3.475,3.56,3.475,3.554
20230726,510180.SH,3.554,3.552,3.56,3.54,3.553,-0.001,-0.0281,383213.0,136071.687,3.552,3.56,3.54,3.553
20230727,510180.SH,3.553,3.553,3.576,3.542,3.547,-0.006,-0.1689,379194.0,134913.609,3.553,3.576,3.542,3.547
20230728,510180.SH,3.547,3.535,3.652,3.524,3.64,0.093,2.6219,474268.56,170910.317,3.535,3.652,3.524,3.64
20230731,510180.SH,3.64,3.658,3.706,3.644,3.651,0.011,0.3022,383195.5,140515.354,3.658,3.706,3.644,3.651
20230801,510180.SH,3.651,3.649,3.668,3.631,3.637,-0.014,-0.3835,887590.0,323307.672,3.649,3.668,3.631,3.637
20230802,510180.SH,3.637,3.627,3.648,3.603,3.607,-0.03,-0.8249,843298.0,304644.728,3.627,3.648,3.603,3.607
20230803,510180.SH,3.607,3.601,3.643,3.6,3.642,0.035,0.9703,300966.75,108898.922,3.601,3.643,3.6,3.642
20230804,510180.SH,3.642,3.658,3.694,3.647,3.65,0.008,0.2197,247967.75,90973.71,3.658,3.694,3.647,3.65
20230807,510180.SH,3.65,3.644,3.644,3.618,3.634,-0.016,-0.4384,280446.0,101672.853,3.644,3.644,3.618,3.634
20230808,510180.SH,3.634,3.63,3.642,3.602,3.62,-0.014,-0.3853,239362.0,86624.678,3.63,3.642,3.602,3.62
20230809,510180.SH,3.62,3.615,3.628,3.605,3.611,-0.009,-0.2486,160900.0,58157.348,3.615,3.628,3.605,3.611
20230810,510180.SH,3.611,3.61,3.621,3.591,3.617,0.006,0.1662,210430.0,75905.474,3.61,3.621,3.591,3.617
20230811,510180.SH,3.617,3.61,3.617,3.53,3.535,-0.082,-2.2671,234707.0,83624.016,3.61,3.617,3.53,3.535
20230814,510180.SH,3.535,3.52,3.52,3.481,3.51,-0.025,-0.7072,309014.0,108193.367,3.52,3.52,3.481,3.51
20230815,510180.SH,3.51,3.501,3.525,3.48,3.51,0.0,0.0,327281.0,114780.478,3.501,3.525,3.48,3.51
20230816,510180.SH,3.51,3.499,3.519,3.486,3.487,-0.023,-0.6553,541409.0,189516.067,3.499,3.519,3.486,3.487
20230817,510180.SH,3.487,3.484,3.507,3.462,3.506,0.019,0.5449,233334.25,81290.798,3.484,3.507,3.462,3.506
20230818,510180.SH,3.506,3.504,3.516,3.463,3.466,-0.04,-1.1409,227007.75,79238.483,3.504,3.516,3.463,3.466
20230821,510180.SH,3.466,3.462,3.462,3.417,3.417,-0.049,-1.4137,249879.33,85982.189,3.462,3.462,3.417,3.417
20230822,510180.SH,3.417,3.422,3.454,3.399,3.449,0.032,0.9365,264387.0,90629.982,3.422,3.454,3.399,3.449
20230823,510180.SH,3.449,3.446,3.446,3.392,3.396,-0.053,-1.5367,257226.0,88077.86,3.446,3.446,3.392,3.396
20230824,510180.SH,3.396,3.403,3.441,3.4,3.413,0.017,0.5006,228986.0,78375.523,3.403,3.441,3.4,3.413
20230825,510180.SH,3.413,3.404,3.432,3.393,3.41,-0.003,-0.0879,272068.0,92739.931,3.404,3.432,3.393,3.41
20230828,510180.SH,3.41,3.59,3.6,3.438,3.456,0.046,1.349,348788.73,122374.677,3.59,3.6,3.438,3.456
20230829,510180.SH,3.456,3.441,3.489,3.441,3.476,0.02,0.5787,228690.0,79236.108,3.441,3.489,3.441,3.476
20230830,510180.SH,3.476,3.474,3.483,3.458,3.465,-0.011,-0.3165,211018.0,73205.662,3.474,3.483,3.458,3.465
20230831,510180.SH,3.465,3.462,3.471,3.439,3.448,-0.017,-0.4906,205763.01,70990.397,3.462,3.471,3.439,3.448
20230901,510180.SH,3.448,3.45,3.484,3.449,3.467,0.019,0.551,121764.8,42236.589,3.45,3.484,3.449,3.467
20230904,510180.SH,3.467,3.48,3.536,3.48,3.527,0.06,1.7306,195461.71,68721.202,3.48,3.536,3.48,3.527
20230905,510180.SH,3.527,3.525,3.525,3.499,3.503,-0.024,-0.6805,146662.0,51457.73,3.525,3.525,3.499,3.503
20230906,510180.SH,3.503,3.489,3.508,3.48,3.503,0.0,0.0,127627.23,44583.111,3.489,3.508,3.48,3.503
20230907,510180.SH,3.503,3.5,3.5,3.457,3.461,-0.042,-1.199,166128.0,57717.409,3.5,3.5,3.457,3.461
20230908,510180.SH,3.461,3.45,3.46,3.438,3.45,-0.011,-0.3178,108050.0,37241.838,3.45,3.46,3.438,3.45
20230911,510180.SH,3.45,3.45,3.491,3.442,3.471,0.021,0.6087,142284.75,49384.616,3.45,3.491,3.442,3.471
20230912,510180.SH,3.471,3.466,3.475,3.46,3.465,-0.006,-0.1729,127194.0,44069.365,3.466,3.475,3.46,3.465
20230913,510180.SH,3.465,3.465,3.475,3.432,3.45,-0.015,-0.4329,235428.01,81159.289,3.465,3.475,3.432,3.45
20230914,510180.SH,3.45,3.443,3.465,3.441,3.456,0.006,0.1739,143807.76,49676.874,3.443,3.465,3.441,3.456
20230915,510180.SH,3.456,3.466,3.476,3.43,3.441,-0.015,-0.434,166033.0,57293.502,3.466,3.476,3.43,3.441
20230918,510180.SH,3.441,3.437,3.457,3.42,3.451,0.01,0.2906,163643.0,56413.015,3.437,3.457,3.42,3.451
20230919,510180.SH,3.451,3.452,3.455,3.435,3.453,0.002,0.058,138554.0,47728.553,3.452,3.455,3.435,3.453
20230920,510180.SH,3.453,3.452,3.452,3.437,3.44,-0.013,-0.3765,96632.0,33275.931,3.452,3.452,3.437,3.44
20230921,510180.SH,3.44,3.439,3.445,3.41,3.411,-0.029,-0.843,169172.0,57869.491,3.439,3.445,3.41,3.411
20230922,510180.SH,3.411,3.409,3.475,3.403,3.474,0.063,1.847,193902.25,66721.509,3.409,3.475,3.403,3.474
20230925,510180.SH,3.474,3.473,3.473,3.446,3.455,-0.019,-0.5469,161914.01,55928.798,3.473,3.473,3.446,3.455
20230926,510180.SH,3.455,3.448,3.458,3.428,3.436,-0.019,-0.5499,126467.43,43505.133,3.448,3.458,3.428,3.436
20230927,510180.SH,3.436,3.436,3.464,3.433,3.446,0.01,0.291,159035.37,54836.655,3.436,3.464,3.433,3.446
20230928,510180.SH,3.446,3.444,3.451,3.424,3.425,-0.021,-0.6094,199612.0,68488.413,3.444,3.451,3.424,3.425
20231009,510180.SH,3.425,3.423,3.423,3.384,3.417,-0.008,-0.2336,124951.0,42553.33,3.423,3.423,3.384,3.417
20231010,510180.SH,3.417,3.422,3.432,3.384,3.385,-0.032,-0.9365,148742.0,50631.556,3.422,3.432,3.384,3.385
20231011,510180.SH,3.385,3.388,3.409,3.385,3.395,0.01,0.2954,165353.0,56137.099,3.388,3.409,3.385,3.395
20231012,510180.SH,3.395,3.412,3.437,3.412,3.429,0.034,1.0015,179022.5,61301.073,3.412,3.437,3.412,3.429
20231013,510180.SH,3.429,3.401,3.409,3.389,3.398,-0.031,-0.9041,146319.0,49709.208,3.401,3.409,3.389,3.398
20231016,510180.SH,3.398,3.398,3.401,3.358,3.372,-0.026,-0.7652,624095.0,210081.384,3.398,3.401,3.358,3.372
20231017,510180.SH,3.372,3.37,3.387,3.361,3.382,0.01,0.2966,222837.0,75254.87,3.37,3.387,3.361,3.382
20231018,510180.SH,3.382,3.377,3.383,3.359,3.364,-0.018,-0.5322,257043.01,86564.74,3.377,3.383,3.359,3.364
20231019,510180.SH,3.364,3.358,3.358,3.281,3.292,-0.072,-2.1403,741980.0,245446.327,3.358,3.358,3.281,3.292
20231020,510180.SH,3.292,3.288,3.291,3.26,3.273,-0.019,-0.5772,410126.0,134329.85,3.288,3.291,3.26,3.273
20231023,510180.SH,3.273,3.27,3.27,3.208,3.232,-0.041,-1.2527,490086.75,158252.848,3.27,3.27,3.208,3.232
20231024,510180.SH,3.232,3.24,3.253,3.215,3.248,0.016,0.495,376840.01,122038.505,3.24,3.253,3.215,3.248
20231025,510180.SH,3.248,3.271,3.291,3.261,3.267,0.019,0.585,257236.0,84250.497,3.271,3.291,3.261,3.267
20231026,510180.SH,3.267,3.26,3.278,3.248,3.274,0.007,0.2143,183785.0,59960.451,3.26,3.278,3.248,3.274
20231027,510180.SH,3.274,3.26,3.324,3.26,3.309,0.035,1.069,284921.0,93664.796,3.26,3.324,3.26,3.309
20231030,510180.SH,3.309,3.307,3.316,3.289,3.306,-0.003,-0.0907,578724.0,191118.007,3.307,3.316,3.289,3.306
20231031,510180.SH,3.306,3.305,3.308,3.285,3.303,-0.003,-0.0907,170089.0,56061.84,3.305,3.308,3.285,3.303
20231101,510180.SH,3.303,3.32,3.343,3.299,3.312,0.009,0.2725,354309.26,117271.617,3.32,3.343,3.299,3.312
20231102,510180.SH,3.312,3.305,3.337,3.299,3.3,-0.012,-0.3623,153587.01,50910.547,3.305,3.337,3.299,3.3
20231103,510180.SH,3.3,3.303,3.337,3.302,3.32,0.02,0.6061,216356.0,71900.413,3.303,3.337,3.302,3.32
20231106,510180.SH,3.32,3.336,3.355,3.331,3.35,0.03,0.9036,215153.0,71987.396,3.336,3.355,3.331,3.35
20231107,510180.SH,3.35,3.35,3.35,3.326,3.34,-0.01,-0.2985,151488.5,50553.25,3.35,3.35,3.326,3.34
20231108,510180.SH,3.34,3.34,3.34,3.312,3.327,-0.013,-0.3892,222116.0,73954.287,3.34,3.34,3.312,3.327
20231109,510180.SH,3.327,3.324,3.34,3.319,3.33,0.003,0.0902,196670.0,65491.658,3.324,3.34,3.319,3.33
20231110,510180.SH,3.33,3.321,3.321,3.296,3.305,-0.025,-0.7508,193504.25,63906.641,3.321,3.321,3.296,3.305
20231113,510180.SH,3.305,3.309,3.315,3.283,3.303,-0.002,-0.0605,209140.0,68860.652,3.309,3.315,3.283,3.303
20231114,510180.SH,3.303,3.296,3.321,3.291,3.307,0.004,0.1211,222979.0,73724.723,3.296,3.321,3.291,3.307
20231115,510180.SH,3.307,3.322,3.34,3.316,3.324,0.017,0.5141,244533.25,81371.777,3.322,3.34,3.316,3.324
20231116,510180.SH,3.324,3.326,3.326,3.295,3.298,-0.026,-0.7822,290815.0,96016.389,3.326,3.326,3.295,3.298
20231117,510180.SH,3.298,3.286,3.296,3.269,3.292,-0.006,-0.1819,414322.0,135856.183,3.286,3.296,3.269,3.292
20231120,510180.SH,3.292,3.292,3.31,3.27,3.3,0.008,0.243,296875.0,97768.802,3.292,3.31,3.27,3.3
20231121,510180.SH,3.3,3.307,3.336,3.303,3.309,0.009,0.2727,247173.0,82083.115,3.307,3.336,3.303,3.309
20231122,510180.SH,3.309,3.304,3.309,3.278,3.278,-0.031,-0.9368,209618.0,69087.678,3.304,3.309,3.278,3.278
20231123,510180.SH,3.278,3.277,3.298,3.267,3.295,0.017,0.5186,191988.25,62948.395,3.277,3.298,3.267,3.295
20231124,510180.SH,3.295,3.293,3.293,3.269,3.274,-0.021,-0.6373,208738.0,68422.261,3.293,3.293,3.269,3.274
20231127,510180.SH,3.274,3.268,3.268,3.228,3.251,-0.023,-0.7025,165879.0,53739.824,3.268,3.268,3.228,3.251
20231128,510180.SH,3.251,3.243,3.253,3.237,3.251,0.0,0.0,193075.25,62666.771,3.243,3.253,3.237,3.251
20231129,510180.SH,3.251,3.25,3.253,3.22,3.231,-0.02,-0.6152,209657.0,67777.346,3.25,3.253,3.22,3.231
20231130,510180.SH,3.231,3.229,3.247,3.223,3.24,0.009,0.2786,208478.4,67464.291,3.229,3.247,3.223,3.24
20231201,510180.SH,3.24,3.22,3.237,3.203,3.227,-0.013,-0.4012,249397.9,80274.018,3.22,3.237,3.203,3.227
20231204,510180.SH,3.227,3.23,3.234,3.208,3.209,-0.018,-0.5578,248868.0,80068.667,3.23,3.234,3.208,3.209
20231205,510180.SH,3.209,3.203,3.21,3.143,3.151,-0.058,-1.8074,256463.75,81432.729,3.203,3.21,3.143,3.151
20231206,510180.SH,3.151,3.145,3.166,3.13,3.144,-0.007,-0.2222,232789.75,73301.481,3.145,3.166,3.13,3.144
20231207,510180.SH,3.144,3.138,3.146,3.116,3.139,-0.005,-0.159,175750.5,55007.266,3.138,3.146,3.116,3.139
20231208,510180.SH,3.139,3.149,3.152,3.132,3.14,0.001,0.0319,151303.75,47576.076,3.149,3.152,3.132,3.14
20231211,510180.SH,3.14,3.14,3.171,3.096,3.16,0.02,0.6369,204506.0,63863.921,3.14,3.171,3.096,3.16
20231212,510180.SH,3.16,3.156,3.175,3.15,3.174,0.014,0.443,140272.0,44363.62,3.156,3.175,3.15,3.174
20231213,510180.SH,3.174,3.168,3.168,3.118,3.121,-0.053,-1.6698,166392.0,52301.737,3.168,3.168,3.118,3.121
20231214,510180.SH,3.121,3.13,3.147,3.107,3.108,-0.013,-0.4165,174746.15,54673.678,3.13,3.147,3.107,3.108
20231215,510180.SH,3.108,3.114,3.144,3.098,3.098,-0.01,-0.3218,205807.0,64247.379,3.114,3.144,3.098,3.098
20231218,510180.SH,3.098,3.098,3.111,3.072,3.092,-0.006,-0.1937,165867.0,51381.018,3.098,3.111,3.072,3.092
20231219,510180.SH,3.092,3.093,3.111,3.08,3.097,0.005,0.1617,193191.0,59794.695,3.093,3.111,3.08,3.097
20231220,510180.SH,3.097,3.104,3.107,3.07,3.071,-0.026,-0.8395,335509.0,103697.504,3.104,3.107,3.07,3.071
20231221,510180.SH,3.071,3.07,3.11,3.063,3.104,0.033,1.0746,338705.0,104817.445,3.07,3.11,3.063,3.104
20231222,510180.SH,3.104,3.104,3.129,3.088,3.112,0.008,0.2577,293573.1,91335.625,3.104,3.129,3.088,3.112
20231225,510180.SH,3.112,3.111,3.123,3.106,3.116,0.004,0.1285,195896.5,61017.584,3.111,3.123,3.106,3.116
20231226,510180.SH,3.116,3.113,3.113,3.091,3.101,-0.015,-0.4814,244524.0,75769.717,3.113,3.113,3.091,3.101
20231227,510180.SH,3.101,3.102,3.117,3.085,3.115,0.014,0.4515,289016.0,89636.562,3.102,3.117,3.085,3.115
20231228,510180.SH,3.115,3.105,3.187,3.105,3.185,0.07,2.2472,325441.0,102807.592,3.105,3.187,3.105,3.185
20231229,510180.SH,3.185,3.182,3.188,3.169,3.182,-0.003,-0.0942,257294.0,81823.093,3.182,3.188,3.169,3.182
20240102,510180.SH,3.182,3.182,3.184,3.149,3.15,-0.032,-1.0057,216024.5,68217.674,3.182,3.184,3.149,3.15
20240103,510180.SH,3.15,3.15,3.16,3.14,3.155,0.005,0.1587,384832.0,121168.249,3.15,3.16,3.14,3.155
20240104,510180.SH,3.155,3.142,3.152,3.109,3.132,-0.023,-0.729,213798.25,66764.135,3.142,3.152,3.109,3.132
20240105,510180.SH,3.132,3.13,3.153,3.104,3.118,-0.014,-0.447,204480.0,64109.958,3.13,3.153,3.104,3.118
20240108,510180.SH,3.118,3.109,3.12,3.073,3.075,-0.043,-1.3791,192062.0,59362.934,3.109,3.12,3.073,3.075
20240109,510180.SH,3.075,3.078,3.09,3.067,3.083,0.008,0.2602,197265.25,60744.99,3.078,3.09,3.067,3.083
20240110,510180.SH,3.083,3.08,3.101,3.066,3.069,-0.014,-0.4541,210120.0,64676.607,3.08,3.101,3.066,3.069
20240111,510180.SH,3.069,3.069,3.091,3.056,3.081,0.012,0.391,201296.25,61882.204,3.069,3.091,3.056,3.081
20240112,510180.SH,3.081,3.077,3.093,3.062,3.068,-0.013,-0.4219,174969.0,53872.983,3.077,3.093,3.062,3.068
20240115,510180.SH,3.068,3.062,3.094,3.052,3.066,-0.002,-0.0652,144602.0,44393.288,3.062,3.094,3.052,3.066
20240116,510180.SH,3.066,3.068,3.087,3.049,3.084,0.018,0.5871,171228.0,52497.736,3.068,3.087,3.049,3.084
20240117,510180.SH,3.084,3.077,3.077,3.021,3.026,-0.058,-1.8807,197778.25,60432.117,3.077,3.077,3.021,3.026
20240118,510180.SH,3.026,3.02,3.08,2.963,3.063,0.037,1.2227,298925.5,89865.236,3.02,3.08,2.963,3.063
20240119,510180.SH,3.063,3.052,3.072,3.034,3.065,0.002,0.0653,270512.25,82596.681,3.052,3.072,3.034,3.065
20240122,510180.SH,3.065,3.053,3.072,2.99,3.022,-0.043,-1.4029,208190.0,63486.435,3.053,3.072,2.99,3.022
20240123,510180.SH,3.022,3.021,3.045,2.989,3.03,0.008,0.2647,259469.0,78415.513,3.021,3.045,2.989,3.03
20240124,510180.SH,3.03,3.048,3.085,2.997,3.075,0.045,1.4851,210487.0,63695.518,3.048,3.085,2.997,3.075
20240125,510180.SH,3.075,3.076,3.157,3.07,3.146,0.071,2.3089,386082.25,120789.598,3.076,3.157,3.07,3.146
20240126,510180.SH,3.146,3.139,3.162,3.13,3.15,0.004,0.1271,222732.5,70033.947,3.139,3.162,3.13,3.15
20240129,510180.SH,3.15,3.151,3.167,3.132,3.133,-0.017,-0.5397,155320.25,48882.409,3.151,3.167,3.132,3.133
20240130,510180.SH,3.133,3.126,3.131,3.082,3.092,-0.041,-1.3086,254072.0,79023.077,3.126,3.131,3.082,3.092
20240131,510180.SH,3.092,3.08,3.088,3.038,3.046,-0.046,-1.4877,296692.0,90768.908,3.08,3.088,3.038,3.046
20240201,510180.SH,3.046,3.045,3.079,3.032,3.058,0.012,0.394,243049.75,74358.361,3.045,3.079,3.032,3.058
20240202,510180.SH,3.058,3.058,3.075,2.952,3.027,-0.031,-1.0137,314437.75,95262.498,3.058,3.075,2.952,3.027
20240205,510180.SH,3.027,3.005,3.06,2.969,3.038,0.011,0.3634,473489.0,142733.017,3.005,3.06,2.969,3.038
20240206,510180.SH,3.038,3.03,3.136,3.015,3.132,0.094,3.0941,188052.61,58136.504,3.03,3.136,3.015,3.132
20240207,510180.SH,3.132,3.135,3.166,3.117,3.165,0.033,1.0536,213989.04,67190.673,3.135,3.166,3.117,3.165
20240208,510180.SH,3.165,3.21,3.21,3.154,3.179,0.014,0.4423,197337.01,62544.467,3.21,3.21,3.154,3.179
20240219,510180.SH,3.179,3.208,3.212,3.177,3.211,0.032,1.0066,512944.51,163852.678,3.208,3.212,3.177,3.211
20240220,510180.SH,3.211,3.209,3.226,3.194,3.217,0.006,0.1869,292796.01,94015.783,3.209,3.226,3.194,3.217
20240221,510180.SH,3.217,3.209,3.309,3.205,3.271,0.054,1.6786,216292.0,70752.502,3.209,3.309,3.205,3.271
20240222,510180.SH,3.271,3.271,3.297,3.26,3.295,0.024,0.7337,287858.04,94313.261,3.271,3.297,3.26,3.295
20240223,510180.SH,3.295,3.295,3.316,3.288,3.3,0.005,0.1517,559257.0,184470.639,3.295,3.316,3.288,3.3
20240226,510180.SH,3.3,3.302,3.302,3.252,3.255,-0.045,-1.3636,227224.01,74401.818,3.302,3.302,3.252,3.255
20240227,510180.SH,3.255,3.25,3.289,3.242,3.288,0.033,1.0138,336329.0,109592.578,3.25,3.289,3.242,3.288
20240228,510180.SH,3.288,3.288,3.309,3.259,3.264,-0.024,-0.7299,324280.0,106568.617,3.288,3.309,3.259,3.264
20240229,510180.SH,3.264,3.268,3.303,3.245,3.302,0.038,1.1642,370731.0,121605.692,3.268,3.303,3.245,3.302
20240301,510180.SH,3.302,3.305,3.325,3.287,3.315,0.013,0.3937,1271985.0,421080.401,3.305,3.325,3.287,3.315
20240304,510180.SH,3.315,3.301,3.328,3.299,3.326,0.011,0.3318,287709.01,95462.801,3.301,3.328,3.299,3.326
20240305,510180.SH,3.326,3.314,3.357,3.308,3.351,0.025,0.7517,272031.0,90811.206,3.314,3.357,3.308,3.351
20240306,510180.SH,3.351,3.348,3.358,3.146,3.333,-0.018,-0.5372,227456.5,76063.775,3.348,3.358,3.146,3.333
20240307,510180.SH,3.333,3.327,3.357,3.313,3.319,-0.014,-0.42,222713.25,74112.544,3.327,3.357,3.313,3.319
20240308,510180.SH,3.319,3.317,3.338,3.308,3.331,0.012,0.3616,228357.0,75968.381,3.317,3.338,3.308,3.331
20240311,510180.SH,3.331,3.334,3.364,3.324,3.36,0.029,0.8706,169719.0,56738.385,3.334,3.364,3.324,3.36
20240312,510180.SH,3.36,3.361,3.373,3.347,3.357,-0.003,-0.0893,211129.0,70906.348,3.361,3.373,3.347,3.357
20240313,510180.SH,3.357,3.357,3.357,3.323,3.336,-0.021,-0.6256,183052.25,61116.551,3.357,3.357,3.323,3.336
20240314,510180.SH,3.336,3.325,3.354,3.308,3.322,-0.014,-0.4197,181060.75,60264.116,3.325,3.354,3.308,3.322
20240315,510180.SH,3.322,3.314,3.338,3.303,3.332,0.01,0.301,240640.0,79734.175,3.314,3.338,3.303,3.332
20240318,510180.SH,3.332,3.334,3.357,3.328,3.356,0.024,0.7203,243810.0,81614.18,3.334,3.357,3.328,3.356
20240319,510180.SH,3.356,3.358,3.359,3.327,3.328,-0.028,-0.8343,229457.0,76711.45,3.358,3.359,3.327,3.328
20240320,510180.SH,3.328,3.33,3.343,3.318,3.332,0.004,0.1202,191438.25,63806.992,3.33,3.343,3.318,3.332
20240321,510180.SH,3.332,3.334,3.356,3.332,3.339,0.007,0.2101,220204.75,73550.558,3.334,3.356,3.332,3.339
20240322,510180.SH,3.339,3.337,3.337,3.283,3.308,-0.031,-0.9284,265960.0,87786.546,3.337,3.337,3.283,3.308
20240325,510180.SH,3.308,3.29,3.327,3.29,3.302,-0.006,-0.1814,254086.5,84072.559,3.29,3.327,3.29,3.302
20240326,510180.SH,3.302,3.302,3.315,3.29,3.309,0.007,0.212,194595.1,64232.814,3.302,3.315,3.29,3.309
20240327,510180.SH,3.309,3.307,3.315,3.286,3.287,-0.022,-0.6649,202707.0,66926.889,3.307,3.315,3.286,3.287
20240328,510180.SH,3.287,3.285,3.32,3.272,3.294,0.007,0.213,273094.0,90015.847,3.285,3.32,3.272,3.294
20240329,510180.SH,3.294,3.291,3.313,3.287,3.306,0.012,0.3643,213649.62,70541.062,3.291,3.313,3.287,3.306
20240401,510180.SH,3.306,3.314,3.36,3.314,3.354,0.048,1.4519,229488.75,76848.644,3.314,3.36,3.314,3.354
20240402,510180.SH,3.354,3.358,3.358,3.329,3.34,-0.014,-0.4174,224548.5,75020.608,3.358,3.358,3.329,3.34
20240403,510180.SH,3.34,3.334,3.344,3.318,3.332,-0.008,-0.2395,267331.5,89046.885,3.334,3.344,3.318,3.332
20240408,510180.SH,3.332,3.329,3.335,3.301,3.311,-0.021,-0.6303,271915.26,90228.089,3.329,3.335,3.301,3.311
20240409,510180.SH,3.311,3.317,3.317,3.291,3.301,-0.01,-0.302,232810.25,76868.714,3.317,3.317,3.291,3.301
20240410,510180.SH,3.301,3.295,3.306,3.271,3.285,-0.016,-0.4847,260536.0,85640.874,3.295,3.306,3.271,3.285
20240411,510180.SH,3.285,3.275,3.301,3.268,3.285,0.0,0.0,272062.0,89428.666,3.275,3.301,3.268,3.285
20240412,510180.SH,3.285,3.281,3.3,3.258,3.264,-0.021,-0.6393,247509.0,81233.332,3.281,3.3,3.258,3.264
20240415,510180.SH,3.264,3.263,3.332,3.262,3.328,0.064,1.9608,216590.25,71782.757,3.263,3.332,3.262,3.328
20240416,510180.SH,3.328,3.332,3.332,3.289,3.304,-0.024,-0.7212,177939.0,58933.742,3.332,3.332,3.289,3.304
20240417,510180.SH,3.304,3.302,3.349,3.29,3.347,0.043,1.3015,196516.11,65190.324,3.302,3.349,3.29,3.347
20240418,510180.SH,3.347,3.343,3.385,3.337,3.351,0.004,0.1195,232924.91,78282.239,3.343,3.385,3.337,3.351
20240419,510180.SH,3.351,3.351,3.355,3.325,3.332,-0.019,-0.567,187368.0,62558.286,3.351,3.355,3.325,3.332
20240422,510180.SH,3.332,3.337,3.355,3.319,3.321,-0.011,-0.3301,128365.75,42824.072,3.337,3.355,3.319,3.321
20240423,510180.SH,3.321,3.319,3.325,3.29,3.299,-0.022,-0.6625,315489.0,104144.703,3.319,3.325,3.29,3.299
20240424,510180.SH,3.299,3.299,3.318,3.292,3.314,0.015,0.4547,200637.0,66363.588,3.299,3.318,3.292,3.314
20240425,510180.SH,3.314,3.313,3.335,3.3,3.324,0.01,0.3018,186003.52,61713.568,3.313,3.335,3.3,3.324
20240426,510180.SH,3.324,3.314,3.378,3.314,3.369,0.045,1.3538,188391.75,63284.386,3.314,3.378,3.314,3.369
20240429,510180.SH,3.369,3.374,3.411,3.364,3.393,0.024,0.7124,136993.0,46449.547,3.374,3.411,3.364,3.393
20240430,510180.SH,3.393,3.393,3.401,3.376,3.378,-0.015,-0.4421,148849.5,50386.062,3.393,3.401,3.376,3.378
20240506,510180.SH,3.378,3.421,3.428,3.405,3.419,0.041,1.2137,195240.5,66724.201,3.421,3.428,3.405,3.419
20240507,510180.SH,3.419,3.424,3.427,3.405,3.422,0.003,0.0877,141273.0,48294.045,3.424,3.427,3.405,3.422
20240508,510180.SH,3.422,3.42,3.443,3.396,3.398,-0.024,-0.7013,174196.5,59374.81,3.42,3.443,3.396,3.398
20240509,510180.SH,3.398,3.393,3.431,3.393,3.426,0.028,0.824,198995.5,68090.865,3.393,3.431,3.393,3.426
20240510,510180.SH,3.426,3.439,3.442,3.411,3.437,0.011,0.3211,288614.76,99025.677,3.439,3.442,3.411,3.437
20240513,510180.SH,3.437,3.424,3.446,3.409,3.439,0.002,0.0582,237133.25,81356.199,3.424,3.446,3.409,3.439
20240514,510180.SH,3.439,3.438,3.445,3.421,3.43,-0.009,-0.2617,183994.0,63075.486,3.438,3.445,3.421,3.43
20240515,510180.SH,3.43,3.423,3.43,3.395,3.399,-0.031,-0.9038,176286.0,60136.071,3.423,3.43,3.395,3.399
20240516,510180.SH,3.399,3.4,3.423,3.4,3.409,0.01,0.2942,150479.75,51337.228,3.4,3.423,3.4,3.409
20240517,510180.SH,3.409,3.408,3.448,3.328,3.443,0.034,0.9974,253048.34,86462.599,3.408,3.448,3.328,3.443
20240520,510180.SH,3.443,3.443,3.474,3.443,3.464,0.021,0.6099,243937.0,84407.441,3.443,3.474,3.443,3.464
20240521,510180.SH,3.464,3.45,3.458,3.44,3.449,-0.015,-0.433,138258.25,47707.96,3.45,3.458,3.44,3.449
20240522,510180.SH,3.449,3.447,3.462,3.443,3.457,0.008,0.232,144556.0,49943.844,3.447,3.462,3.443,3.457
20240523,510180.SH,3.457,3.449,3.449,3.409,3.416,-0.041,-1.186,267890.0,91741.356,3.449,3.449,3.409,3.416
20240524,510180.SH,3.416,3.415,3.422,3.374,3.382,-0.034,-0.9953,146773.0,49966.294,3.415,3.422,3.374,3.382
20240527,510180.SH,3.382,3.392,3.419,3.388,3.419,0.037,1.094,90759.5,30856.935,3.392,3.419,3.388,3.419
20240528,510180.SH,3.419,3.417,3.423,3.396,3.402,-0.017,-0.4972,156987.0,53579.151,3.417,3.423,3.396,3.402
20240529,510180.SH,3.402,3.396,3.428,3.396,3.407,0.005,0.147,131596.0,44888.553,3.396,3.428,3.396,3.407
20240530,510180.SH,3.407,3.406,3.415,3.377,3.384,-0.023,-0.6751,132471.0,44926.934,3.406,3.415,3.377,3.384
20240531,510180.SH,3.384,3.386,3.4,3.371,3.375,-0.009,-0.266,125469.0,42471.608,3.386,3.4,3.371,3.375
20240603,510180.SH,3.375,3.374,3.387,3.356,3.373,-0.002,-0.0593,128099.0,43171.895,3.374,3.387,3.356,3.373
20240604,510180.SH,3.373,3.373,3.406,3.366,3.398,0.025,0.7412,140928.5,47751.631,3.373,3.406,3.366,3.398
20240605,510180.SH,3.398,3.4,3.4,3.375,3.376,-0.022,-0.6474,95912.0,32467.725,3.4,3.4,3.375,3.376
20240606,510180.SH,3.376,3.381,3.407,3.37,3.379,0.003,0.0889,139286.9,47264.064,3.381,3.407,3.37,3.379
20240607,510180.SH,3.379,3.38,3.395,3.352,3.372,-0.007,-0.2072,235358.16,79238.985,3.38,3.395,3.352,3.372
20240611,510180.SH,3.372,3.37,3.37,3.327,3.341,-0.031,-0.9193,161062.0,53775.251,3.37,3.37,3.327,3.341
20240612,510180.SH,3.341,3.335,3.343,3.324,3.34,-0.001,-0.0299,82612.0,27560.213,3.335,3.343,3.324,3.34
20240613,510180.SH,3.34,3.343,3.344,3.316,3.325,-0.015,-0.4491,93279.0,31028.687,3.343,3.344,3.316,3.325
20240614,510180.SH,3.325,3.326,3.345,3.31,3.34,0.015,0.4511,163834.0,54500.515,3.326,3.345,3.31,3.34
20240617,510180.SH,3.34,3.328,3.329,3.313,3.32,-0.02,-0.5988,112604.0,37385.259,3.328,3.329,3.313,3.32
20240618,510180.SH,3.32,3.32,3.339,3.31,3.33,0.01,0.3012,166706.0,55454.749,3.32,3.339,3.31,3.33
20240619,510180.SH,3.33,3.328,3.339,3.323,3.33,0.0,0.0,191871.0,63942.125,3.328,3.339,3.323,3.33
20240620,510180.SH,3.33,3.33,3.34,3.314,3.318,-0.012,-0.3604,125650.5,41768.024,3.33,3.34,3.314,3.318
20240621,510180.SH,3.318,3.315,3.323,3.291,3.314,-0.004,-0.1206,237995.0,78750.255,3.315,3.323,3.291,3.314
20240624,510180.SH,3.314,3.301,3.325,3.289,3.3,-0.014,-0.4225,200917.35,66392.35,3.301,3.325,3.289,3.3
20240625,510180.SH,3.3,3.303,3.307,3.266,3.285,-0.015,-0.4545,205261.25,67461.952,3.303,3.307,3.266,3.285
20240626,510180.SH,3.285,3.281,3.306,3.269,3.302,0.017,0.5175,140505.0,46167.099,3.281,3.306,3.269,3.302
20240627,510180.SH,3.302,3.299,3.299,3.272,3.282,-0.02,-0.6057,97199.33,31928.715,3.299,3.299,3.272,3.282
20240628,510180.SH,3.282,3.288,3.318,3.278,3.302,0.02,0.6094,147992.0,48906.297,3.288,3.318,3.278,3.302
20240701,510180.SH,3.302,3.3,3.324,3.291,3.322,0.02,0.6057,172112.0,56916.798,3.3,3.324,3.291,3.322
20240702,510180.SH,3.322,3.312,3.333,3.312,3.329,0.007,0.2107,132266.75,43997.928,3.312,3.333,3.312,3.329
20240703,510180.SH,3.329,3.322,3.327,3.312,3.319,-0.01,-0.3004,134599.5,44657.677,3.322,3.327,3.312,3.319
20240704,510180.SH,3.319,3.322,3.339,3.305,3.307,-0.012,-0.3616,186199.0,61716.57,3.322,3.339,3.305,3.307
20240705,510180.SH,3.307,3.3,3.31,3.262,3.289,-0.018,-0.5443,263711.0,86546.8,3.3,3.31,3.262,3.289
20240708,510180.SH,3.289,3.288,3.294,3.265,3.275,-0.014,-0.4257,199573.25,65469.744,3.288,3.294,3.265,3.275
20240709,510180.SH,3.275,3.272,3.318,3.258,3.31,0.035,1.0687,230670.25,75792.374,3.272,3.318,3.258,3.31
20240710,510180.SH,3.31,3.313,3.319,3.299,3.304,-0.006,-0.1813,164324.0,54368.506,3.313,3.319,3.299,3.304
20240711,510180.SH,3.304,3.32,3.343,3.313,3.342,0.038,1.1501,204897.25,68286.808,3.32,3.343,3.313,3.342
20240712,510180.SH,3.342,3.343,3.353,3.338,3.351,0.009,0.2693,143055.25,47859.999,3.343,3.353,3.338,3.351
20240715,510180.SH,3.351,3.34,3.363,3.338,3.359,0.008,0.2387,141361.25,47442.928,3.34,3.363,3.338,3.359
20240716,510180.SH,3.359,3.359,3.378,3.35,3.378,0.019,0.5656,135212.0,45489.338,3.359,3.378,3.35,3.378
20240717,510180.SH,3.378,3.378,3.393,3.371,3.387,0.009,0.2664,180860.5,61166.877,3.378,3.393,3.371,3.387
20240718,510180.SH,3.387,3.385,3.403,3.364,3.403,0.016,0.4724,203271.0,68727.049,3.385,3.403,3.364,3.403
20240719,510180.SH,3.403,3.396,3.43,3.377,3.421,0.018,0.5289,187532.5,63928.791,3.396,3.43,3.377,3.421
20240722,510180.SH,3.421,3.419,3.42,3.376,3.397,-0.024,-0.7015,165943.0,56328.344,3.419,3.42,3.376,3.397
20240723,510180.SH,3.397,3.384,3.397,3.337,3.339,-0.058,-1.7074,220049.0,74073.136,3.384,3.397,3.337,3.339
20240724,510180.SH,3.339,3.339,3.35,3.317,3.326,-0.013,-0.3893,182161.0,60695.603,3.339,3.35,3.317,3.326
20240725,510180.SH,3.326,3.326,3.326,3.288,3.303,-0.023,-0.6915,191822.7,63319.534,3.326,3.326,3.288,3.303
20240726,510180.SH,3.303,3.294,3.316,3.287,3.304,0.001,0.0303,168100.0,55424.368,3.294,3.316,3.287,3.304
20240729,510180.SH,3.304,3.302,3.313,3.288,3.299,-0.005,-0.1513,192258.0,63451.235,3.302,3.313,3.288,3.299
20240730,510180.SH,3.299,3.293,3.293,3.262,3.28,-0.019,-0.5759,197420.5,64595.058,3.293,3.293,3.262,3.28
20240731,510180.SH,3.28,3.28,3.345,3.272,3.345,0.065,1.9817,181798.25,60094.755,3.28,3.345,3.272,3.345
20240801,510180.SH,3.345,3.335,3.348,3.325,3.325,-0.02,-0.5979,135938.0,45313.619,3.335,3.348,3.325,3.325
20240802,510180.SH,3.325,3.316,3.322,3.291,3.299,-0.026,-0.782,183138.5,60523.952,3.316,3.322,3.291,3.299
20240805,510180.SH,3.299,3.288,3.315,3.256,3.257,-0.042,-1.2731,303005.25,99595.385,3.288,3.315,3.256,3.257
20240806,510180.SH,3.257,3.276,3.285,3.23,3.25,-0.007,-0.2149,178930.0,58068.935,3.276,3.285,3.23,3.25
20240807,510180.SH,3.25,3.25,3.274,3.24,3.252,0.002,0.0615,145144.5,47289.931,3.25,3.274,3.24,3.252
20240808,510180.SH,3.252,3.246,3.276,3.237,3.259,0.007,0.2153,139097.0,45229.873,3.246,3.276,3.237,3.259
20240809,510180.SH,3.259,3.266,3.278,3.249,3.25,-0.009,-0.2762,152966.0,49901.59,3.266,3.278,3.249,3.25
20240812,510180.SH,3.25,3.245,3.255,3.238,3.249,-0.001,-0.0308,174201.0,56549.792,3.245,3.255,3.238,3.249
20240813,510180.SH,3.249,3.244,3.253,3.228,3.252,0.003,0.0923,147306.0,47727.92,3.244,3.253,3.228,3.252
20240814,510180.SH,3.252,3.255,3.256,3.232,3.234,-0.018,-0.5535,116368.5,37672.679,3.255,3.256,3.232,3.234
20240815,510180.SH,3.234,3.233,3.281,3.225,3.273,0.039,1.2059,142936.25,46559.395,3.233,3.281,3.225,3.273
20240816,510180.SH,3.273,3.273,3.285,3.265,3.279,0.006,0.1833,174525.0,57200.185,3.273,3.285,3.265,3.279
20240819,510180.SH,3.279,3.268,3.309,3.268,3.293,0.014,0.427,136532.0,45019.568,3.268,3.309,3.268,3.293
20240820,510180.SH,3.293,3.296,3.3,3.26,3.271,-0.022,-0.6681,165443.5,54144.179,3.296,3.3,3.26,3.271
20240821,510180.SH,3.271,3.27,3.272,3.248,3.261,-0.01,-0.3057,157921.0,51543.457,3.27,3.272,3.248,3.261
20240822,510180.SH,3.261,3.25,3.273,3.25,3.258,-0.003,-0.092,180850.0,58921.473,3.25,3.273,3.25,3.258
20240823,510180.SH,3.258,3.257,3.283,3.241,3.275,0.017,0.5218,145645.0,47542.454,3.257,3.283,3.241,3.275
20240826,510180.SH,3.275,3.273,3.288,3.255,3.271,-0.004,-0.1221,103135.5,33668.563,3.273,3.288,3.255,3.271
20240827,510180.SH,3.271,3.268,3.271,3.253,3.263,-0.008,-0.2446,112885.0,36781.1,3.268,3.271,3.253,3.263
20240828,510180.SH,3.263,3.259,3.264,3.23,3.242,-0.021,-0.6436,171377.5,55525.194,3.259,3.264,3.23,3.242
20240829,510180.SH,3.242,3.231,3.238,3.22,3.227,-0.015,-0.4627,181971.5,58730.039,3.231,3.238,3.22,3.227
20240830,510180.SH,3.227,3.227,3.279,3.212,3.259,0.032,0.9916,263464.0,85590.503,3.227,3.279,3.212,3.259
20240902,510180.SH,3.259,3.253,3.253,3.189,3.192,-0.067,-2.0558,209131.0,67180.298,3.253,3.253,3.189,3.192
20240903,510180.SH,3.192,3.19,3.2,3.183,3.19,-0.002,-0.0627,153414.0,48950.675,3.19,3.2,3.183,3.19
20240904,510180.SH,3.19,3.19,3.19,3.162,3.163,-0.027,-0.8464,107849.0,34200.034,3.19,3.19,3.162,3.163
20240905,510180.SH,3.163,3.165,3.183,3.157,3.169,0.006,0.1897,157298.0,49783.774,3.165,3.183,3.157,3.169
20240906,510180.SH,3.169,3.166,3.192,3.15,3.152,-0.017,-0.5364,269436.0,85274.674,3.166,3.192,3.15,3.152
20240909,510180.SH,3.152,3.137,3.148,3.1,3.115,-0.037,-1.1739,191678.5,59838.962,3.137,3.148,3.1,3.115
20240910,510180.SH,3.115,3.115,3.12,3.094,3.114,-0.001,-0.0321,149090.0,46289.078,3.115,3.12,3.094,3.114
20240911,510180.SH,3.114,3.112,3.112,3.087,3.099,-0.015,-0.4817,135088.0,41844.422,3.112,3.112,3.087,3.099
20240912,510180.SH,3.099,3.091,3.113,3.088,3.091,-0.008,-0.2581,137890.0,42732.845,3.091,3.113,3.088,3.091
20240913,510180.SH,3.091,3.094,3.108,3.081,3.084,-0.007,-0.2265,183505.01,56760.609,3.094,3.108,3.081,3.084
20240918,510180.SH,3.084,3.087,3.103,3.071,3.095,0.011,0.3567,178301.0,55046.775,3.087,3.103,3.071,3.095
20240919,510180.SH,3.095,3.096,3.133,3.073,3.117,0.022,0.7108,203286.25,63286.658,3.096,3.133,3.073,3.117
20240920,510180.SH,3.117,3.115,3.127,3.093,3.126,0.009,0.2887,205079.0,63718.004,3.115,3.127,3.093,3.126
20240923,510180.SH,3.126,3.117,3.15,3.117,3.132,0.006,0.1919,147085.75,46156.433,3.117,3.15,3.117,3.132
20240924,510180.SH,3.132,3.145,3.272,3.145,3.27,0.138,4.4061,360949.84,115477.27,3.145,3.272,3.145,3.27
20240925,510180.SH,3.27,3.326,3.378,3.305,3.315,0.045,1.3761,405136.0,135626.372,3.326,3.378,3.305,3.315
20240926,510180.SH,3.315,3.318,3.471,3.312,3.467,0.152,4.5852,265182.51,89429.727,3.318,3.471,3.312,3.467
20240927,510180.SH,3.467,3.51,3.6,3.5,3.599,0.132,3.8073,185407.25,65301.326,3.51,3.6,3.5,3.599
20240930,510180.SH,3.599,3.68,3.891,3.652,3.85,0.251,6.9742,638692.03,240811.424,3.68,3.891,3.652,3.85
20241008,510180.SH,3.85,4.235,4.235,3.945,4.04,0.19,4.9351,342663.75,140124.307,4.235,4.235,3.945,4.04
20241009,510180.SH,4.04,3.922,3.999,3.733,3.736,-0.304,-7.5248,440062.2,168582.442,3.922,3.999,3.733,3.736
20241010,510180.SH,3.736,3.741,3.917,3.736,3.828,0.092,2.4625,855255.52,328747.196,3.741,3.917,3.736,3.828
20241011,510180.SH,3.828,3.825,3.825,3.701,3.743,-0.085,-2.2205,251313.51,94830.429,3.825,3.825,3.701,3.743
20241014,510180.SH,3.743,3.74,3.822,3.725,3.807,0.064,1.7099,309592.76,117017.72,3.74,3.822,3.725,3.807
20241015,510180.SH,3.807,3.775,3.809,3.706,3.708,-0.099,-2.6005,249989.51,94276.716,3.775,3.809,3.706,3.708
20241016,510180.SH,3.708,3.676,3.745,3.67,3.699,-0.009,-0.2427,250035.75,92651.086,3.676,3.745,3.67,3.699
20241017,510180.SH,3.699,3.711,3.749,3.655,3.659,-0.04,-1.0814,238949.0,88499.385,3.711,3.749,3.655,3.659
20241018,510180.SH,3.659,3.658,3.848,3.635,3.779,0.12,3.2796,328496.5,122904.474,3.658,3.848,3.635,3.779
20241021,510180.SH,3.779,3.782,3.814,3.749,3.78,0.001,0.0265,224920.75,85106.847,3.782,3.814,3.749,3.78
20241022,510180.SH,3.78,3.76,3.81,3.76,3.797,0.017,0.4497,97298.0,36880.106,3.76,3.81,3.76,3.797
20241023,510180.SH,3.797,3.798,3.847,3.787,3.815,0.018,0.4741,494658.6,189005.97,3.798,3.847,3.787,3.815
20241024,510180.SH,3.815,3.81,3.81,3.76,3.779,-0.036,-0.9436,182781.27,69070.644,3.81,3.81,3.76,3.779
20241025,510180.SH,3.779,3.773,3.82,3.767,3.789,0.01,0.2646,177664.25,67392.969,3.773,3.82,3.767,3.789
20241028,510180.SH,3.789,3.786,3.8,3.752,3.798,0.009,0.2375,188024.0,71105.307,3.786,3.8,3.752,3.798
20241029,510180.SH,3.798,3.798,3.832,3.769,3.777,-0.021,-0.5529,260408.25,98848.602,3.798,3.832,3.769,3.777
20241030,510180.SH,3.777,3.774,3.779,3.72,3.739,-0.038,-1.0061,123641.5,46395.67,3.774,3.779,3.72,3.739
20241031,510180.SH,3.739,3.751,3.77,3.714,3.74,0.001,0.0267,219571.25,82164.515,3.751,3.77,3.714,3.74
20241101,510180.SH,3.74,3.725,3.794,3.725,3.756,0.016,0.4278,251806.5,94846.531,3.725,3.794,3.725,3.756
20241104,510180.SH,3.756,3.765,3.799,3.739,3.798,0.042,1.1182,179873.0,67784.043,3.765,3.799,3.739,3.798
20241105,510180.SH,3.798,3.786,3.883,3.78,3.883,0.085,2.238,251570.26,96784.229,3.786,3.883,3.78,3.883
20241106,510180.SH,3.883,3.885,3.924,3.849,3.877,-0.006,-0.1545,238266.5,92485.601,3.885,3.924,3.849,3.877
20241107,510180.SH,3.877,3.842,3.994,3.831,3.993,0.116,2.992,356703.0,139857.281,3.842,3.994,3.831,3.993
20241108,510180.SH,3.993,4.018,4.038,3.935,3.953,-0.04,-1.0018,368678.75,146848.324,4.018,4.038,3.935,3.953
20241111,510180.SH,3.953,3.934,3.952,3.882,3.95,-0.003,-0.0759,267287.6,104712.12,3.934,3.952,3.882,3.95
20241112,510180.SH,3.95,3.948,3.985,3.87,3.887,-0.063,-1.5949,246655.5,96935.56,3.948,3.985,3.87,3.887
20241113,510180.SH,3.887,3.899,3.919,3.87,3.911,0.024,0.6174,297754.0,116133.274,3.899,3.919,3.87,3.911
20241114,510180.SH,3.911,3.911,3.923,3.853,3.857,-0.054,-1.3807,225059.0,87633.007,3.911,3.923,3.853,3.857
20241115,510180.SH,3.707,3.72,3.757,3.655,3.658,-0.049,-1.3218,196456.5,72744.252,3.72,3.757,3.655,3.658
20241118,510180.SH,3.658,3.677,3.728,3.642,3.664,0.006,0.164,274416.5,101113.852,3.677,3.728,3.642,3.664
20241119,510180.SH,3.664,3.669,3.675,3.607,3.667,0.003,0.0819,190011.5,69252.559,3.669,3.675,3.607,3.667
20241120,510180.SH,3.667,3.662,3.688,3.646,3.675,0.008,0.2182,174177.5,63852.067,3.662,3.688,3.646,3.675
20241121,510180.SH,3.675,3.683,3.688,3.663,3.68,0.005,0.1361,227398.75,83503.422,3.683,3.688,3.663,3.68
20241122,510180.SH,3.68,3.688,3.689,3.571,3.577,-0.103,-2.7989,250568.5,91357.876,3.688,3.689,3.571,3.577
20241125,510180.SH,3.577,3.574,3.589,3.519,3.551,-0.026,-0.7269,237671.25,84657.052,3.574,3.589,3.519,3.551
20241126,510180.SH,3.551,3.54,3.578,3.533,3.55,-0.001,-0.0282,151571.5,53881.41,3.54,3.578,3.533,3.55
20241127,510180.SH,3.55,3.552,3.602,3.532,3.598,0.048,1.3521,219792.0,78376.806,3.552,3.602,3.532,3.598
20241128,510180.SH,3.598,3.596,3.605,3.57,3.583,-0.015,-0.4169,218939.0,78572.208,3.596,3.605,3.57,3.583
20241129,510180.SH,3.583,3.584,3.659,3.584,3.616,0.033,0.921,207691.5,75200.363,3.584,3.659,3.584,3.616
20241202,510180.SH,3.616,3.617,3.648,3.604,3.639,0.023,0.6361,185814.51,67455.048,3.617,3.648,3.604,3.639
20241203,510180.SH,3.639,3.645,3.663,3.623,3.651,0.012,0.3298,123828.0,45088.087,3.645,3.663,3.623,3.651
20241204,510180.SH,3.651,3.652,3.661,3.63,3.637,-0.014,-0.3835,126307.15,46040.626,3.652,3.661,3.63,3.637
20241205,510180.SH,3.637,3.63,3.643,3.62,3.629,-0.008,-0.22,177829.0,64618.884,3.63,3.643,3.62,3.629
20241206,510180.SH,3.629,3.619,3.69,3.619,3.67,0.041,1.1298,358868.0,131562.475,3.619,3.69,3.619,3.67
20241209,510180.SH,3.67,3.666,3.696,3.649,3.666,-0.004,-0.109,177635.0,65169.195,3.666,3.696,3.649,3.666
20241210,510180.SH,3.666,3.831,3.84,3.69,3.697,0.031,0.8456,246712.26,91962.479,3.831,3.84,3.69,3.697
20241211,510180.SH,3.697,3.684,3.702,3.674,3.684,-0.013,-0.3516,169946.25,62673.48,3.684,3.702,3.674,3.684
20241212,510180.SH,3.684,3.68,3.721,3.676,3.718,0.034,0.9229,120123.75,44429.405,3.68,3.721,3.676,3.718
20241213,510180.SH,3.718,3.7,3.7,3.631,3.632,-0.086,-2.3131,1102895.0,403414.584,3.7,3.7,3.631,3.632
20241216,510180.SH,3.632,3.637,3.637,3.611,3.621,-0.011,-0.3029,163094.25,59100.124,3.637,3.637,3.611,3.621
20241217,510180.SH,3.621,3.619,3.662,3.619,3.631,0.01,0.2762,263821.0,96084.001,3.619,3.662,3.619,3.631
20241218,510180.SH,3.631,3.634,3.665,3.634,3.657,0.026,0.7161,198023.0,72351.319,3.634,3.665,3.634,3.657
20241219,510180.SH,3.657,3.64,3.663,3.616,3.655,-0.002,-0.0547,141142.25,51451.825,3.64,3.663,3.616,3.655
20241220,510180.SH,3.655,3.655,3.669,3.632,3.641,-0.014,-0.383,1102248.0,402606.938,3.655,3.669,3.632,3.641
20241223,510180.SH,3.641,3.641,3.679,3.63,3.648,0.007,0.1923,386230.0,141647.98,3.641,3.679,3.63,3.648
20241224,510180.SH,3.648,3.648,3.695,3.648,3.693,0.045,1.2336,266329.0,97960.231,3.648,3.695,3.648,3.693
20241225,510180.SH,3.693,3.69,3.716,3.684,3.701,0.008,0.2166,146582.75,54203.024,3.69,3.716,3.684,3.701
20241226,510180.SH,3.701,3.701,3.702,3.682,3.697,-0.004,-0.1081,104397.0,38574.0,3.701,3.702,3.682,3.697
20241227,510180.SH,3.697,3.69,3.715,3.683,3.695,-0.002,-0.0541,163942.6,60596.616,3.69,3.715,3.683,3.695
20241230,510180.SH,3.695,3.695,3.717,3.695,3.712,0.017,0.4601,209723.5,77747.179,3.695,3.717,3.695,3.712
20241231,510180.SH,3.712,3.713,3.716,3.653,3.655,-0.057,-1.5356,181695.25,67207.184,3.713,3.716,3.653,3.655
20250102,510180.SH,3.655,3.661,3.668,3.524,3.55,-0.105,-2.8728,273526.0,98093.912,3.661,3.668,3.524,3.55
20250103,510180.SH,3.55,3.544,3.56,3.5,3.514,-0.036,-1.0141,181569.75,64293.93,3.544,3.56,3.5,3.514
20250106,510180.SH,3.514,3.514,3.517,3.474,3.502,-0.012,-0.3415,162675.75,56838.446,3.514,3.517,3.474,3.502
20250107,510180.SH,3.502,3.502,3.529,3.487,3.528,0.026,0.7424,142856.25,50068.743,3.502,3.529,3.487,3.528
20250108,510180.SH,3.528,3.529,3.549,3.476,3.526,-0.002,-0.0567,146709.5,51432.932,3.529,3.549,3.476,3.526
20250109,510180.SH,3.526,3.525,3.525,3.504,3.515,-0.011,-0.312,95060.0,33422.454,3.525,3.525,3.504,3.515
20250110,510180.SH,3.515,3.514,3.526,3.481,3.481,-0.034,-0.9673,143460.0,50316.667,3.514,3.526,3.481,3.481
20250113,510180.SH,3.481,3.464,3.482,3.453,3.47,-0.011,-0.316,138007.0,47842.253,3.464,3.482,3.453,3.47
20250114,510180.SH,3.47,3.479,3.557,3.47,3.547,0.077,2.219,180253.0,63400.357,3.479,3.557,3.47,3.547
20250115,510180.SH,3.547,3.547,3.55,3.524,3.533,-0.014,-0.3947,131197.0,46360.737,3.547,3.55,3.524,3.533
20250116,510180.SH,3.533,3.538,3.571,3.509,3.53,-0.003,-0.0849,136123.0,48190.718,3.538,3.571,3.509,3.53
20250117,510180.SH,3.475,3.486,3.495,3.45,3.48,0.005,0.1439,132075.5,45933.21,3.486,3.495,3.45,3.48
20250120,510180.SH,3.48,3.488,3.517,3.48,3.488,0.008,0.2299,109456.01,38327.367,3.488,3.517,3.48,3.488
20250121,510180.SH,3.488,3.498,3.501,3.472,3.484,-0.004,-0.1147,140743.0,49021.709,3.498,3.501,3.472,3.484
20250122,510180.SH,3.484,3.505,3.505,3.439,3.452,-0.032,-0.9185,230627.0,79643.951,3.505,3.505,3.439,3.452
20250123,510180.SH,3.452,3.483,3.52,3.461,3.466,0.014,0.4056,144682.5,50480.72,3.483,3.52,3.461,3.466
20250124,510180.SH,3.466,3.466,3.503,3.458,3.494,0.028,0.8078,222048.53,77321.498,3.466,3.503,3.458,3.494
20250127,510180.SH,3.494,3.496,3.508,3.484,3.485,-0.009,-0.2576,154089.25,53862.004,3.496,3.508,3.484,3.485
20250205,510180.SH,3.485,3.498,3.509,3.462,3.474,-0.011,-0.3156,209164.75,72718.469,3.498,3.509,3.462,3.474
20250206,510180.SH,3.474,3.473,3.518,3.468,3.51,0.036,1.0363,160555.0,56093.636,3.473,3.518,3.468,3.51
20250207,510180.SH,3.51,3.51,3.577,3.5,3.555,0.045,1.2821,160133.26,56743.457,3.51,3.577,3.5,3.555
20250210,510180.SH,3.555,3.56,3.576,3.55,3.569,0.014,0.3938,185216.25,65994.754,3.56,3.576,3.55,3.569
20250211,510180.SH,3.569,3.567,3.571,3.544,3.558,-0.011,-0.3082,108281.0,38535.426,3.567,3.571,3.544,3.558
20250212,510180.SH,3.558,3.563,3.584,3.546,3.579,0.021,0.5902,102433.7,36483.437,3.563,3.584,3.546,3.579
20250213,510180.SH,3.579,3.579,3.599,3.569,3.571,-0.008,-0.2235,153827.0,55161.265,3.579,3.599,3.569,3.571
20250214,510180.SH,3.571,3.586,3.598,3.564,3.596,0.025,0.7001,135210.9,48455.365,3.586,3.598,3.564,3.596
20250217,510180.SH,3.596,3.603,3.612,3.575,3.599,0.003,0.0834,114075.26,40970.954,3.603,3.612,3.575,3.599
20250218,510180.SH,3.599,3.598,3.61,3.558,3.569,-0.03,-0.8336,140471.0,50482.449,3.598,3.61,3.558,3.569
20250219,510180.SH,3.569,3.579,3.598,3.561,3.587,0.018,0.5043,92595.0,33171.921,3.579,3.598,3.561,3.587
20250220,510180.SH,3.587,3.584,3.584,3.561,3.57,-0.017,-0.4739,108870.0,38866.617,3.584,3.584,3.561,3.57
20250221,510180.SH,3.57,3.572,3.622,3.569,3.619,0.049,1.3725,143997.6,51940.6,3.572,3.622,3.569,3.619
20250224,510180.SH,3.619,3.618,3.633,3.592,3.612,-0.007,-0.1934,195210.0,70509.488,3.618,3.633,3.592,3.612
20250225,510180.SH,3.612,3.593,3.601,3.566,3.576,-0.036,-0.9967,178664.25,64079.588,3.593,3.601,3.566,3.576
20250226,510180.SH,3.576,3.576,3.61,3.576,3.609,0.033,0.9228,147990.0,53206.035,3.576,3.61,3.576,3.609
20250227,510180.SH,3.609,3.61,3.617,3.583,3.614,0.005,0.1385,113181.5,40708.376,3.61,3.617,3.583,3.614
20250228,510180.SH,3.614,3.6,3.616,3.546,3.554,-0.06,-1.6602,168417.97,60300.337,3.6,3.616,3.546,3.554
20250303,510180.SH,3.554,3.55,3.579,3.531,3.545,-0.009,-0.2532,212012.0,75378.398,3.55,3.579,3.531,3.545
20250304,510180.SH,3.545,3.541,3.551,3.519,3.545,0.0,0.0,182313.0,64471.365,3.541,3.551,3.519,3.545
20250305,510180.SH,3.545,3.545,3.566,3.536,3.56,0.015,0.4231,216049.0,76735.859,3.545,3.566,3.536,3.56
20250306,510180.SH,3.56,3.565,3.622,3.565,3.616,0.056,1.573,248911.35,89611.338,3.565,3.622,3.565,3.616
20250307,510180.SH,3.616,3.61,3.63,3.602,3.61,-0.006,-0.1659,169753.75,61371.361,3.61,3.63,3.602,3.61
20250310,510180.SH,3.61,3.612,3.613,3.578,3.601,-0.009,-0.2493,164391.01,59049.083,3.612,3.613,3.578,3.601
20250311,510180.SH,3.601,3.59,3.61,3.563,3.607,0.006,0.1666,532656.5,190774.124,3.59,3.61,3.563,3.607
20250312,510180.SH,3.607,3.605,3.618,3.589,3.594,-0.013,-0.3604,158496.0,57067.258,3.605,3.618,3.589,3.594
20250313,510180.SH,3.594,3.61,3.61,3.563,3.578,-0.016,-0.4452,165631.0,59402.298,3.61,3.61,3.563,3.578
20250314,510180.SH,3.578,3.583,3.668,3.583,3.656,0.078,2.18,533533.0,194475.195,3.583,3.668,3.583,3.656
20250317,510180.SH,3.656,3.674,3.674,3.647,3.65,-0.006,-0.1641,112303.0,41093.395,3.674,3.674,3.647,3.65
20250318,510180.SH,3.65,3.682,3.682,3.65,3.659,0.009,0.2466,116199.5,42517.434,3.682,3.682,3.65,3.659
20250319,510180.SH,3.659,3.658,3.668,3.64,3.652,-0.007,-0.1913,97327.5,35548.56,3.658,3.668,3.64,3.652
20250320,510180.SH,3.652,3.654,3.655,3.622,3.624,-0.028,-0.7667,115099.5,41808.296,3.654,3.655,3.622,3.624
20250321,510180.SH,3.624,3.62,3.629,3.562,3.57,-0.054,-1.4901,188465.0,67917.675,3.62,3.629,3.562,3.57
20250324,510180.SH,3.57,3.574,3.592,3.568,3.592,0.022,0.6162,115937.25,41539.307,3.574,3.592,3.568,3.592
20250325,510180.SH,3.592,3.59,3.597,3.581,3.592,0.0,0.0,85203.0,30575.207,3.59,3.597,3.581,3.592
20250326,510180.SH,3.592,3.592,3.6,3.577,3.581,-0.011,-0.3062,79215.0,28419.839,3.592,3.6,3.577,3.581
20250327,510180.SH,3.581,3.581,3.609,3.564,3.592,0.011,0.3072,167643.0,60176.254,3.581,3.609,3.564,3.592
20250328,510180.SH,3.592,3.592,3.592,3.565,3.576,-0.016,-0.4454,149370.25,53428.43,3.592,3.592,3.565,3.576
20250331,510180.SH,3.576,3.573,3.586,3.532,3.547,-0.029,-0.811,161305.0,57291.336,3.573,3.586,3.532,3.547
20250401,510180.SH,3.547,3.552,3.57,3.549,3.556,0.009,0.2537,166184.0,59137.004,3.552,3.57,3.549,3.556
20250402,510180.SH,3.556,3.551,3.565,3.544,3.552,-0.004,-0.1125,132428.0,47096.891,3.551,3.565,3.544,3.552
20250403,510180.SH,3.552,3.546,3.557,3.526,3.537,-0.015,-0.4223,146697.02,51954.481,3.546,3.557,3.526,3.537
20250407,510180.SH,3.537,3.494,3.494,3.208,3.311,-0.226,-6.3896,315883.0,105312.153,3.494,3.494,3.208,3.311
20250408,510180.SH,3.311,3.311,3.376,3.282,3.368,0.057,1.7215,169528.15,56443.235,3.311,3.376,3.282,3.368
20250409,510180.SH,3.368,3.35,3.425,3.32,3.421,0.053,1.5736,166418.5,56279.697,3.35,3.425,3.32,3.421
20250410,510180.SH,3.421,3.438,3.478,3.438,3.463,0.042,1.2277,143859.0,49786.304,3.438,3.478,3.438,3.463
20250411,510180.SH,3.463,3.455,3.484,3.443,3.472,0.009,0.2599,95915.0,33204.67,3.455,3.484,3.443,3.472
20250414,510180.SH,3.472,3.477,3.499,3.467,3.488,0.016,0.4608,202424.0,70625.299,3.477,3.499,3.467,3.488
20250415,510180.SH,3.488,3.487,3.487,3.463,3.479,-0.009,-0.258,113567.25,39405.4,3.487,3.487,3.463,3.479
20250416,510180.SH,3.479,3.481,3.513,3.456,3.503,0.024,0.6899,231047.5,80413.907,3.481,3.513,3.456,3.503
20250417,510180.SH,3.45,3.458,3.458,3.436,3.45,0.0,0.0,209689.5,72301.786,3.458,3.458,3.436,3.45
20250418,510180.SH,3.45,3.438,3.464,3.434,3.461,0.011,0.3188,239165.5,82457.77,3.438,3.464,3.434,3.461
20250421,510180.SH,3.461,3.461,3.469,3.433,3.462,0.001,0.0289,150805.0,52116.075,3.461,3.469,3.433,3.462
20250422,510180.SH,3.462,3.451,3.477,3.451,3.465,0.003,0.0867,169710.25,58830.253,3.451,3.477,3.451,3.465
20250423,510180.SH,3.465,3.474,3.48,3.451,3.458,-0.007,-0.202,100148.0,34669.596,3.474,3.48,3.451,3.458
20250424,510180.SH,3.458,3.458,3.472,3.443,3.456,-0.002,-0.0578,56256.0,19449.054,3.458,3.472,3.443,3.456
20250425,510180.SH,3.456,3.454,3.466,3.444,3.451,-0.005,-0.1447,65628.0,22683.896,3.454,3.466,3.444,3.451
20250428,510180.SH,3.451,3.455,3.458,3.438,3.452,0.001,0.029,141226.05,48761.826,3.455,3.458,3.438,3.452
20250429,510180.SH,3.452,3.453,3.457,3.443,3.447,-0.005,-0.1448,81255.0,28024.981,3.453,3.457,3.443,3.447
20250430,510180.SH,3.447,3.441,3.463,3.441,3.445,-0.002,-0.058,56984.01,19650.873,3.441,3.463,3.441,3.445
20250506,510180.SH,3.445,3.457,3.481,3.455,3.48,0.035,1.016,143110.25,49676.17,3.457,3.481,3.455,3.48
20250507,510180.SH,3.48,3.516,3.533,3.485,3.502,0.022,0.6322,88143.01,30820.407,3.516,3.533,3.485,3.502
20250508,510180.SH,3.502,3.496,3.521,3.488,3.51,0.008,0.2284,91780.0,32215.568,3.496,3.521,3.488,3.51
20250509,510180.SH,3.51,3.51,3.51,3.497,3.507,-0.003,-0.0855,36757.0,12881.361,3.51,3.51,3.497,3.507
20250512,510180.SH,3.507,3.51,3.539,3.507,3.533,0.026,0.7414,90761.0,31947.593,3.51,3.539,3.507,3.533
20250513,510180.SH,3.533,3.539,3.549,3.529,3.539,0.006,0.1698,84267.25,29794.695,3.539,3.549,3.529,3.539
20250514,510180.SH,3.539,3.528,3.592,3.528,3.577,0.038,1.0737,158901.75,56533.309,3.528,3.592,3.528,3.577
20250515,510180.SH,3.577,3.577,3.578,3.547,3.553,-0.024,-0.671,90076.0,32033.095,3.577,3.578,3.547,3.553
20250516,510180.SH,3.553,3.542,3.564,3.519,3.534,-0.019,-0.5348,61005.0,21534.571,3.542,3.564,3.519,3.534
20250519,510180.SH,3.534,3.535,3.535,3.516,3.528,-0.006,-0.1698,63884.25,22518.156,3.535,3.535,3.516,3.528
20250520,510180.SH,3.528,3.526,3.553,3.526,3.542,0.014,0.3968,43908.25,15542.082,3.526,3.553,3.526,3.542
20250521,510180.SH,3.542,3.542,3.564,3.542,3.556,0.014,0.3953,95968.0,34134.815,3.542,3.564,3.542,3.556
20250522,510180.SH,3.556,3.543,3.564,3.543,3.552,-0.004,-0.1125,94414.0,33550.084,3.543,3.564,3.543,3.552
20250523,510180.SH,3.552,3.554,3.571,3.531,3.533,-0.019,-0.5349,143567.5,51001.314,3.554,3.571,3.531,3.533
20250526,510180.SH,3.533,3.529,3.539,3.506,3.515,-0.018,-0.5095,81498.0,28680.111,3.529,3.539,3.506,3.515
20250527,510180.SH,3.515,3.51,3.523,3.494,3.506,-0.009,-0.256,76674.0,26871.994,3.51,3.523,3.494,3.506
20250528,510180.SH,3.506,3.506,3.506,3.493,3.494,-0.012,-0.3423,102870.24,35980.292,3.506,3.506,3.493,3.494
20250529,510180.SH,3.494,3.501,3.522,3.49,3.514,0.02,0.5724,64130.0,22506.835,3.501,3.522,3.49,3.514
20250530,510180.SH,3.514,3.507,3.517,3.488,3.506,-0.008,-0.2277,135515.0,47432.886,3.507,3.517,3.488,3.506
20250603,510180.SH,3.506,3.5,3.52,3.492,3.51,0.004,0.1141,75117.0,26352.191,3.5,3.52,3.492,3.51
20250604,510180.SH,3.51,3.514,3.527,3.509,3.519,0.009,0.2564,81701.5,28756.049,3.514,3.527,3.509,3.519
20250605,510180.SH,3.519,3.518,3.531,3.513,3.527,0.008,0.2273,105560.0,37176.871,3.518,3.531,3.513,3.527
20250606,510180.SH,3.527,3.53,3.54,3.524,3.532,0.005,0.1418,100139.82,35333.469,3.53,3.54,3.524,3.532
20250609,510180.SH,3.532,3.534,3.546,3.527,3.538,0.006,0.1699,90671.0,32071.876,3.534,3.546,3.527,3.538
20250610,510180.SH,3.538,3.533,3.553,3.513,3.52,-0.018,-0.5088,115779.25,40930.46,3.533,3.553,3.513,3.52
20250611,510180.SH,3.52,3.521,3.56,3.521,3.547,0.027,0.767,91512.0,32467.038,3.521,3.56,3.521,3.547
20250612,510180.SH,3.547,3.539,3.553,3.524,3.55,0.003,0.0846,94553.0,33497.207,3.539,3.553,3.524,3.55
20250613,510180.SH,3.55,3.563,3.563,3.525,3.531,-0.019,-0.5352,125129.0,44260.518,3.563,3.563,3.525,3.531
20250616,510180.SH,3.531,3.531,3.544,3.526,3.542,0.011,0.3115,71393.5,25236.011,3.531,3.544,3.526,3.542
20250617,510180.SH,3.542,3.544,3.544,3.526,3.534,-0.008,-0.2259,156105.5,55197.215,3.544,3.544,3.526,3.534
20250618,510180.SH,3.534,3.529,3.542,3.516,3.535,0.001,0.0283,113023.0,39916.463,3.529,3.542,3.516,3.535
20250619,510180.SH,3.535,3.528,3.531,3.5,3.508,-0.027,-0.7638,78145.0,27481.649,3.528,3.531,3.5,3.508
20250620,510180.SH,3.508,3.507,3.524,3.507,3.516,0.008,0.2281,95824.0,33704.611,3.507,3.524,3.507,3.516
20250623,510180.SH,3.516,3.51,3.534,3.499,3.527,0.011,0.3129,86590.5,30469.968,3.51,3.534,3.499,3.527
20250624,510180.SH,3.527,3.535,3.571,3.523,3.561,0.034,0.964,429492.0,152740.169,3.535,3.571,3.523,3.561
20250625,510180.SH,3.561,3.561,3.608,3.545,3.606,0.045,1.2637,156407.06,56059.869,3.561,3.608,3.545,3.606
20250626,510180.SH,3.606,3.595,3.615,3.595,3.603,-0.003,-0.0832,416813.51,150303.501,3.595,3.615,3.595,3.603
20250627,510180.SH,3.603,3.605,3.619,3.572,3.575,-0.028,-0.7771,129708.25,46597.812,3.605,3.619,3.572,3.575
20250630,510180.SH,3.575,3.575,3.604,3.573,3.604,0.029,0.8112,183042.32,65787.507,3.575,3.604,3.573,3.604
20250701,510180.SH,3.604,3.603,3.606,3.59,3.604,0.0,0.0,86191.21,31039.644,3.603,3.606,3.59,3.604
20250702,510180.SH,3.604,3.594,3.617,3.594,3.606,0.002,0.0555,81547.0,29422.138,3.594,3.617,3.594,3.606
20250703,510180.SH,3.606,3.604,3.619,3.601,3.618,0.012,0.3328,97094.0,35079.679,3.604,3.619,3.601,3.618
20250704,510180.SH,3.618,3.621,3.658,3.608,3.628,0.01,0.2764,131745.0,47898.695,3.621,3.658,3.608,3.628
20250707,510180.SH,3.628,3.63,3.633,3.619,3.626,-0.002,-0.0551,100327.0,36384.579,3.63,3.633,3.619,3.626
20250708,510180.SH,3.626,3.623,3.66,3.623,3.653,0.027,0.7446,118390.75,43172.62,3.623,3.66,3.623,3.653
20250709,510180.SH,3.653,3.653,3.667,3.645,3.645,-0.008,-0.219,261152.26,95520.179,3.653,3.667,3.645,3.645
20250710,510180.SH,3.645,3.645,3.683,3.645,3.661,0.016,0.439,119900.0,43951.253,3.645,3.683,3.645,3.661
20250711,510180.SH,3.661,3.661,3.719,3.661,3.672,0.011,0.3005,187826.0,69234.542,3.661,3.719,3.661,3.672
20250714,510180.SH,3.672,3.682,3.69,3.674,3.677,0.005,0.1362,463198.97,170509.55,3.682,3.69,3.674,3.677
20250715,510180.SH,3.623,3.623,3.636,3.592,3.611,-0.012,-0.3312,117633.99,42492.072,3.623,3.636,3.592,3.611
20250716,510180.SH,3.611,3.628,3.628,3.596,3.609,-0.002,-0.0554,98002.99,35358.961,3.628,3.628,3.596,3.609
20250717,510180.SH,3.609,3.608,3.63,3.607,3.629,0.02,0.5542,98383.25,35597.879,3.608,3.63,3.607,3.629
20250718,510180.SH,3.629,3.631,3.662,3.631,3.66,0.031,0.8542,115466.25,42169.21,3.631,3.662,3.631,3.66
20250721,510180.SH,3.66,3.671,3.692,3.671,3.692,0.032,0.8743,136631.01,50292.901,3.671,3.692,3.671,3.692
20250722,510180.SH,3.692,3.684,3.731,3.681,3.725,0.033,0.8938,152482.01,56544.025,3.684,3.731,3.681,3.725
20250723,510180.SH,3.725,3.732,3.76,3.718,3.721,-0.004,-0.1074,153864.01,57566.218,3.732,3.76,3.718,3.721
20250724,510180.SH,3.721,3.72,3.759,3.715,3.755,0.034,0.9137,102237.5,38226.472,3.72,3.759,3.715,3.755
20250725,510180.SH,3.755,3.757,3.759,3.728,3.739,-0.016,-0.4261,142378.0,53263.139,3.757,3.759,3.728,3.739
20250728,510180.SH,3.739,3.74,3.755,3.729,3.75,0.011,0.2942,168638.0,63163.766,3.74,3.755,3.729,3.75
20250729,510180.SH,3.75,3.752,3.769,3.736,3.768,0.018,0.48,1513931.31,568924.843,3.752,3.769,3.736,3.768
20250730,510180.SH,3.768,3.767,3.807,3.755,3.779,0.011,0.2919,143711.44,54379.374,3.767,3.807,3.755,3.779
20250731,510180.SH,3.779,3.77,3.77,3.704,3.718,-0.061,-1.6142,230596.0,85958.662,3.77,3.77,3.704,3.718
20250801,510180.SH,3.718,3.712,3.719,3.677,3.687,-0.031,-0.8338,130405.99,48220.076,3.712,3.719,3.677,3.687
20250804,510180.SH,3.687,3.686,3.703,3.675,3.701,0.014,0.3797,148500.0,54783.319,3.686,3.703,3.675,3.701
20250805,510180.SH,3.701,3.705,3.734,3.702,3.73,0.029,0.7836,115920.52,43101.207,3.705,3.734,3.702,3.73
20250806,510180.SH,3.73,3.731,3.742,3.723,3.736,0.006,0.1609,72798.5,27184.825,3.731,3.742,3.723,3.736
20250807,510180.SH,3.736,3.739,3.752,3.722,3.744,0.008,0.2141,121659.25,45442.138,3.739,3.752,3.722,3.744
20250808,510180.SH,3.744,3.733,3.753,3.73,3.74,-0.004,-0.1068,116189.75,43498.689,3.733,3.753,3.73,3.74
20250811,510180.SH,3.74,3.743,3.752,3.729,3.744,0.004,0.107,121186.5,45365.427,3.743,3.752,3.729,3.744
20250812,510180.SH,3.744,3.741,3.766,3.739,3.756,0.012,0.3205,204879.5,76954.29,3.741,3.766,3.739,3.756
20250813,510180.SH,3.756,3.756,3.785,3.756,3.783,0.027,0.7188,278110.76,104985.422,3.756,3.785,3.756,3.783
20250814,510180.SH,3.783,3.783,3.821,3.777,3.781,-0.002,-0.0529,224850.25,85437.702,3.783,3.821,3.777,3.781
20250815,510180.SH,3.781,3.779,3.813,3.768,3.809,0.028,0.7405,122824.26,46582.507,3.779,3.813,3.768,3.809
20250818,510180.SH,3.809,3.816,3.848,3.8,3.824,0.015,0.3938,201324.0,76989.172,3.816,3.848,3.8,3.824
20250819,510180.SH,3.824,3.826,3.844,3.789,3.794,-0.03,-0.7845,195626.5,74622.425,3.826,3.844,3.789,3.794
20250820,510180.SH,3.794,3.792,3.847,3.773,3.846,0.052,1.3706,203913.0,77574.146,3.792,3.847,3.773,3.846
20250821,510180.SH,3.846,3.848,3.883,3.848,3.868,0.022,0.572,180140.0,69731.895,3.848,3.883,3.848,3.868
20250822,510180.SH,3.868,3.869,3.958,3.869,3.955,0.087,2.2492,247390.5,96797.159,3.869,3.958,3.869,3.955
20250825,510180.SH,3.955,3.962,4.063,3.962,4.062,0.107,2.7054,194742.5,78265.491,3.962,4.063,3.962,4.062
20250826,510180.SH,4.062,4.055,4.055,4.015,4.034,-0.028,-0.6893,261831.0,105484.946,4.055,4.055,4.015,4.034
20250827,510180.SH,4.034,4.034,4.053,3.949,3.955,-0.079,-1.9584,635351.9,254410.022,4.034,4.053,3.949,3.955
20250828,510180.SH,3.955,3.968,4.035,3.937,4.034,0.079,1.9975,387150.5,154139.539,3.968,4.035,3.937,4.034
20250829,510180.SH,4.034,4.012,4.072,4.011,4.07,0.036,0.8924,297540.28,120677.195,4.012,4.072,4.011,4.07
20250901,510180.SH,4.07,4.097,4.104,4.059,4.094,0.024,0.5897,403942.5,164930.774,4.097,4.104,4.059,4.094
20250902,510180.SH,4.094,4.082,4.12,4.045,4.084,-0.01,-0.2443,125764.0,51379.396,4.082,4.12,4.045,4.084
20250903,510180.SH,4.084,4.081,4.096,4.009,4.038,-0.046,-1.1263,131296.0,53070.863,4.081,4.096,4.009,4.038
20250904,510180.SH,4.038,4.014,4.042,3.923,3.95,-0.088,-2.1793,512059.26,202786.202,4.014,4.042,3.923,3.95
20250905,510180.SH,3.95,3.95,4.026,3.934,4.022,0.072,1.8228,272283.01,108427.262,3.95,4.026,3.934,4.022
20250908,510180.SH,4.022,4.02,4.041,3.999,4.026,0.004,0.0995,235985.0,94841.833,4.02,4.041,3.999,4.026
20250909,510180.SH,4.026,4.001,4.036,3.967,4.008,-0.018,-0.4471,215624.75,86518.346,4.001,4.036,3.967,4.008
20250910,510180.SH,4.008,4.008,4.033,3.961,4.016,0.008,0.1996,231549.0,92909.76,4.008,4.033,3.961,4.016
20250911,510180.SH,4.016,4.015,4.091,3.981,4.091,0.075,1.8675,279447.18,112936.55,4.015,4.091,3.981,4.091
20250912,510180.SH,4.091,4.09,4.109,4.073,4.08,-0.011,-0.2689,264221.5,108241.428,4.09,4.109,4.073,4.08
20250915,510180.SH,4.08,4.085,4.104,4.074,4.08,0.0,0.0,310384.26,126845.442,4.085,4.104,4.074,4.08
20250916,510180.SH,4.08,4.082,4.1,4.053,4.071,-0.009,-0.2206,330180.0,134491.609,4.082,4.1,4.053,4.071
20250917,510180.SH,4.071,4.069,4.099,4.054,4.091,0.02,0.4913,196538.51,80266.223,4.069,4.099,4.054,4.091
20250918,510180.SH,4.091,4.091,4.123,4.011,4.059,-0.032,-0.7822,413702.25,168546.285,4.091,4.123,4.011,4.059
20250919,510180.SH,4.059,4.051,4.074,4.04,4.051,-0.008,-0.1971,273863.5,111183.584,4.051,4.074,4.04,4.051
20250922,510180.SH,4.051,4.047,4.076,4.036,4.075,0.024,0.5924,192551.25,78165.71,4.047,4.076,4.036,4.075
20250923,510180.SH,4.075,4.072,4.094,4.008,4.06,-0.015,-0.3681,442587.25,178678.776,4.072,4.094,4.008,4.06
20250924,510180.SH,4.06,4.055,4.092,4.035,4.086,0.026,0.6404,278152.51,113354.633,4.055,4.092,4.035,4.086
20250925,510180.SH,4.086,4.082,4.13,4.082,4.11,0.024,0.5874,303362.33,124824.703,4.082,4.13,4.082,4.11
20250926,510180.SH,4.11,4.11,4.119,4.086,4.087,-0.023,-0.5596,164356.0,67461.103,4.11,4.119,4.086,4.087
20250929,510180.SH,4.087,4.077,4.157,4.06,4.136,0.049,1.1989,182344.51,74851.302,4.077,4.157,4.06,4.136
20250930,510180.SH,4.136,4.132,4.183,4.132,4.182,0.046,1.1122,94380.5,39309.286,4.132,4.183,4.132,4.182
20251009,510180.SH,4.182,4.182,4.266,4.182,4.263,0.081,1.9369,246451.25,104334.041,4.182,4.266,4.182,4.263
20251010,510180.SH,4.263,4.26,4.26,4.165,4.181,-0.082,-1.9235,315757.0,132845.37,4.26,4.26,4.165,4.181
20251013,510180.SH,4.181,4.096,4.189,4.079,4.175,-0.006,-0.1435,422143.0,174859.717,4.096,4.189,4.079,4.175
20251014,510180.SH,4.175,4.19,4.218,4.107,4.134,-0.041,-0.982,433499.75,180296.97,4.19,4.218,4.107,4.134
20251015,510180.SH,4.134,4.123,4.185,4.113,4.175,0.041,0.9918,313485.0,129987.771,4.123,4.185,4.113,4.175
20251016,510180.SH,4.175,4.177,4.209,4.162,4.192,0.017,0.4072,356154.25,149179.358,4.177,4.209,4.162,4.192
20251017,510180.SH,4.192,4.191,4.195,4.097,4.104,-0.088,-2.0992,527691.0,218086.629,4.191,4.195,4.097,4.104
20251020,510180.SH,4.104,4.108,4.137,4.091,4.109,0.005,0.1218,396092.0,162882.235,4.108,4.137,4.091,4.109
20251021,510180.SH,4.109,4.111,4.167,4.109,4.162,0.053,1.2899,319474.0,132699.752,4.111,4.167,4.109,4.162
20251022,510180.SH,4.162,4.14,4.16,4.12,4.146,-0.016,-0.3844,266093.5,110213.587,4.14,4.16,4.12,4.146
20251023,510180.SH,4.083,4.099,4.101,4.034,4.096,0.013,0.3184,202753.0,82517.922,4.099,4.101,4.034,4.096
20251024,510180.SH,4.096,4.094,4.137,4.094,4.137,0.041,1.001,427155.0,176241.773,4.094,4.137,4.094,4.137
20251027,510180.SH,4.137,4.146,4.198,4.146,4.194,0.057,1.3778,424271.4,177609.239,4.146,4.198,4.146,4.194
20251028,510180.SH,4.194,4.191,4.202,4.154,4.166,-0.028,-0.6676,288816.0,120713.483,4.191,4.202,4.154,4.166
20251029,510180.SH,4.166,4.161,4.218,4.158,4.215,0.049,1.1762,137772.51,57673.38,4.161,4.218,4.158,4.215
20251030,510180.SH,4.215,4.206,4.223,4.177,4.181,-0.034,-0.8066,215012.0,90320.078,4.206,4.223,4.177,4.181
20251031,510180.SH,4.181,4.176,4.176,4.122,4.127,-0.054,-1.2916,372167.0,154317.588,4.176,4.176,4.122,4.127
20251103,510180.SH,4.127,4.13,4.131,4.084,4.128,0.001,0.0242,166731.5,68435.372,4.13,4.131,4.084,4.128
20251104,510180.SH,4.128,4.127,4.135,4.08,4.108,-0.02,-0.4845,348469.0,143119.213,4.127,4.135,4.08,4.108
20251105,510180.SH,4.108,4.086,4.114,4.046,4.101,-0.007,-0.1704,216007.0,88373.756,4.086,4.114,4.046,4.101
20251106,510180.SH,4.101,4.101,4.165,4.101,4.164,0.063,1.5362,247505.03,102748.765,4.101,4.165,4.101,4.164
20251107,510180.SH,4.164,4.154,4.174,4.142,4.156,-0.008,-0.1921,163975.0,68204.614,4.154,4.174,4.142,4.156
20251110,510180.SH,4.156,4.156,4.17,4.137,4.168,0.012,0.2887,165461.0,68689.152,4.156,4.17,4.137,4.168
20251111,510180.SH,4.168,4.172,4.18,4.125,4.134,-0.034,-0.8157,184276.0,76291.253,4.172,4.18,4.125,4.134
20251112,510180.SH,4.134,4.118,4.15,4.103,4.127,-0.007,-0.1693,113350.0,46772.049,4.118,4.15,4.103,4.127
20251113,510180.SH,4.127,4.12,4.172,4.12,4.172,0.045,1.0904,99229.01,41231.983,4.12,4.172,4.12,4.172
20251114,510180.SH,4.172,4.165,4.165,4.101,4.105,-0.067,-1.6059,177601.25,73519.411,4.165,4.165,4.101,4.105
20251117,510180.SH,4.105,4.111,4.114,4.063,4.076,-0.029,-0.7065,147092.0,59991.821,4.111,4.114,4.063,4.076
20251118,510180.SH,4.076,4.068,4.083,4.041,4.059,-0.017,-0.4171,297554.04,120877.1,4.068,4.083,4.041,4.059
20251119,510180.SH,4.059,4.057,4.086,4.05,4.07,0.011,0.271,131863.0,53584.913,4.057,4.086,4.05,4.07
20251120,510180.SH,4.07,4.087,4.09,4.045,4.05,-0.02,-0.4914,117646.0,47956.28,4.087,4.09,4.045,4.05
20251121,510180.SH,4.05,4.007,4.024,3.956,3.957,-0.093,-2.2963,295067.01,117715.392,4.007,4.024,3.956,3.957
20251124,510180.SH,3.957,3.959,3.975,3.932,3.95,-0.007,-0.1769,234297.0,92443.079,3.959,3.975,3.932,3.95
20251125,510180.SH,3.95,3.963,3.996,3.963,3.977,0.027,0.6835,283488.29,112825.616,3.963,3.996,3.963,3.977
20251126,510180.SH,3.977,3.98,4.002,3.971,3.99,0.013,0.3269,219080.25,87400.647,3.98,4.002,3.971,3.99
20251127,510180.SH,3.99,3.99,4.022,3.98,3.984,-0.006,-0.1504,112930.0,45174.996,3.99,4.022,3.98,3.984
20251128,510180.SH,3.984,3.985,3.999,3.968,3.996,0.012,0.3012,77602.0,30951.29,3.985,3.999,3.968,3.996
20251201,510180.SH,3.996,4.004,4.039,4.004,4.037,0.041,1.026,172017.0,69121.366,4.004,4.039,4.004,4.037
20251202,510180.SH,4.037,4.004,4.042,4.004,4.014,-0.023,-0.5697,105066.75,42193.048,4.004,4.042,4.004,4.014
20251203,510180.SH,4.014,4.02,4.027,3.996,4.003,-0.011,-0.274,134843.0,54101.237,4.02,4.027,3.996,4.003
20251204,510180.SH,4.003,4.018,4.025,3.992,4.012,0.009,0.2248,112621.5,45132.942,4.018,4.025,3.992,4.012
20251205,510180.SH,4.012,4.01,4.054,4.005,4.043,0.031,0.7727,188983.01,76012.638,4.01,4.054,4.005,4.043
20251208,510180.SH,4.043,4.043,4.078,4.043,4.06,0.017,0.4205,505440.5,205392.509,4.043,4.078,4.043,4.06
20251209,510180.SH,4.06,4.062,4.062,4.029,4.04,-0.02,-0.4926,289274.5,117033.049,4.062,4.062,4.029,4.04
20251210,510180.SH,4.04,4.035,4.037,4.001,4.031,-0.009,-0.2228,222720.5,89350.32,4.035,4.037,4.001,4.031
20251211,510180.SH,4.031,4.027,4.046,4.003,4.006,-0.025,-0.6202,156870.75,63081.265,4.027,4.046,4.003,4.006
20251212,510180.SH,4.006,4.009,4.035,3.993,4.035,0.029,0.7239,279959.5,112290.312,4.009,4.035,3.993,4.035
20251215,510180.SH,4.035,4.019,4.049,4.009,4.015,-0.02,-0.4957,181493.0,73081.105,4.019,4.049,4.009,4.015
20251216,510180.SH,4.015,4.006,4.014,3.95,3.967,-0.048,-1.1955,325493.1,129352.008,4.006,4.014,3.95,3.967
20251217,510180.SH,3.967,3.965,4.034,3.957,4.017,0.05,1.2604,311346.0,124226.678,3.965,4.034,3.957,4.017
20251218,510180.SH,4.017,4.006,4.029,4.0,4.011,-0.006,-0.1494,251319.25,100867.957,4.006,4.029,4.0,4.011
20251219,510180.SH,4.011,4.023,4.049,4.014,4.029,0.018,0.4488,200078.01,80700.574,4.023,4.049,4.014,4.029
20251222,510180.SH,4.029,4.029,4.066,4.029,4.063,0.034,0.8439,212372.5,86225.124,4.029,4.066,4.029,4.063
20251223,510180.SH,4.063,4.064,4.086,4.057,4.063,0.0,0.0,147877.75,60164.061,4.064,4.086,4.057,4.063
20251224,510180.SH,4.063,4.063,4.087,4.05,4.077,0.014,0.3446,147326.0,59931.231,4.063,4.087,4.05,4.077
20251225,510180.SH,4.077,4.09,4.097,4.071,4.088,0.011,0.2698,145195.0,59305.142,4.09,4.097,4.071,4.088
20251226,510180.SH,4.088,4.088,4.119,4.083,4.106,0.018,0.4403,135398.5,55559.848,4.088,4.119,4.083,4.106
20251229,510180.SH,4.106,4.103,4.119,4.081,4.093,-0.013,-0.3166,179563.0,73730.291,4.103,4.119,4.081,4.093
20251230,510180.SH,4.093,4.09,4.109,4.068,4.093,0.0,0.0,108186.25,44261.831,4.09,4.109,4.068,4.093
20251231,510180.SH,4.093,4.088,4.112,4.077,4.087,-0.006,-0.1466,231156.53,94605.783,4.088,4.112,4.077,4.087
20260105,510180.SH,4.087,4.089,4.17,4.089,4.165,0.078,1.9085,164168.53,68037.022,4.089,4.17,4.089,4.165
20260106,510180.SH,4.165,4.181,4.245,4.166,4.243,0.078,1.8727,500333.0,211459.93,4.181,4.245,4.166,4.243
20260107,510180.SH,4.243,4.244,4.263,4.222,4.245,0.002,0.0471,370280.76,157307.376,4.244,4.263,4.222,4.245
20260108,510180.SH,4.245,4.23,4.247,4.207,4.226,-0.019,-0.4476,136500.0,57770.349,4.23,4.247,4.207,4.226
20260109,510180.SH,4.226,4.226,4.266,4.219,4.248,0.022,0.5206,177393.5,75250.075,4.226,4.266,4.219,4.248
20260112,510180.SH,4.248,4.256,4.29,4.243,4.273,0.025,0.5885,545557.0,232755.015,4.256,4.29,4.243,4.273
20260113,510180.SH,4.273,4.282,4.398,4.245,4.263,-0.01,-0.234,290244.75,124629.68,4.282,4.398,4.245,4.263
20260114,510180.SH,4.263,4.27,4.308,4.215,4.238,-0.025,-0.5864,358408.25,153226.289,4.27,4.308,4.215,4.238
20260115,510180.SH,4.238,4.235,4.254,4.209,4.222,-0.016,-0.3775,254918.03,107820.843,4.235,4.254,4.209,4.222
20260116,510180.SH,4.181,4.18,4.228,4.162,4.166,-0.015,-0.3588,368258.0,154595.276,4.18,4.228,4.162,4.166
20260119,510180.SH,4.166,4.16,4.205,4.15,4.185,0.019,0.4561,246796.17,103148.986,4.16,4.205,4.15,4.185
20260120,510180.SH,4.185,4.185,4.212,4.16,4.199,0.014,0.3345,128172.75,53640.439,4.185,4.212,4.16,4.199
20260121,510180.SH,4.199,4.18,4.226,4.18,4.199,0.0,0.0,158176.0,66589.176,4.18,4.226,4.18,4.199
20260122,510180.SH,4.199,4.201,4.234,4.178,4.196,-0.003,-0.0714,238801.75,100231.606,4.201,4.234,4.178,4.196
20260123,510180.SH,4.196,4.2,4.208,4.164,4.176,-0.02,-0.4766,191911.0,80361.419,4.2,4.208,4.164,4.176
20260126,510180.SH,4.176,4.17,4.229,4.17,4.197,0.021,0.5029,105212.5,44250.248,4.17,4.229,4.17,4.197
20260127,510180.SH,4.197,4.196,4.215,4.167,4.199,0.002,0.0477,63004.0,26409.647,4.196,4.215,4.167,4.199
20260128,510180.SH,4.199,4.2,4.234,4.195,4.22,0.021,0.5001,116979.25,49309.705,4.2,4.234,4.195,4.22
20260129,510180.SH,4.22,4.225,4.266,4.189,4.264,0.044,1.0427,123177.0,51941.378,4.225,4.266,4.189,4.264
20260130,510180.SH,4.264,4.25,4.258,4.128,4.183,-0.081,-1.8996,241615.75,101163.981,4.25,4.258,4.128,4.183
20260202,510180.SH,4.183,4.171,4.171,4.05,4.065,-0.118,-2.8209,309590.0,127336.932,4.171,4.171,4.05,4.065
20260203,510180.SH,4.065,4.06,4.123,4.047,4.12,0.055,1.353,334721.5,136413.425,4.06,4.123,4.047,4.12
20260204,510180.SH,4.12,4.103,4.165,4.103,4.164,0.044,1.068,135790.0,56187.781,4.103,4.165,4.103,4.164
20260205,510180.SH,4.164,4.151,4.151,4.105,4.137,-0.027,-0.6484,146860.0,60599.235,4.151,4.151,4.105,4.137
20260206,510180.SH,4.137,4.123,4.145,4.08,4.123,-0.014,-0.3384,142843.0,58860.546,4.123,4.145,4.08,4.123
20260209,510180.SH,4.123,4.133,4.181,4.133,4.179,0.056,1.3582,115036.01,47949.034,4.133,4.181,4.133,4.179
20260210,510180.SH,4.179,4.181,4.194,4.175,4.193,0.014,0.335,89780.25,37587.547,4.181,4.194,4.175,4.193
20260211,510180.SH,4.193,4.19,4.208,4.184,4.2,0.007,0.1669,86690.02,36398.91,4.19,4.208,4.184,4.2
20260212,510180.SH,4.2,4.193,4.213,4.193,4.208,0.008,0.1905,83932.25,35297.903,4.193,4.213,4.193,4.208
20260213,510180.SH,4.208,4.207,4.207,4.151,4.162,-0.046,-1.0932,124889.0,52100.889,4.207,4.207,4.151,4.162
20260224,510180.SH,4.162,4.17,4.205,4.17,4.189,0.027,0.6487,89466.25,37507.444,4.17,4.205,4.17,4.189
20260225,510180.SH,4.189,4.184,4.243,4.184,4.216,0.027,0.6445,102049.5,43062.376,4.184,4.243,4.184,4.216
20260226,510180.SH,4.216,4.22,4.22,4.181,4.199,-0.017,-0.4032,134254.0,56355.768,4.22,4.22,4.181,4.199
20260227,510180.SH,4.199,4.19,4.22,4.182,4.212,0.013,0.3096,126850.75,53334.286,4.19,4.22,4.182,4.212
