trade_date,ts_code,pre_close,open,high,low,close,change,pct_chg,vol,amount,adj_open,adj_high,adj_low,adj_close
20130515,513100.SH,1.001,0.99,0.999,0.989,0.997,-0.004,-0.3996,877116.2,87379.278,0.99,0.999,0.989,0.997
20130516,513100.SH,0.997,0.997,0.999,0.994,0.999,0.002,0.2006,265570.2,26501.42,0.997,0.999,0.994,0.999
20130517,513100.SH,0.999,0.999,1.0,0.996,0.997,-0.002,-0.2002,36379.0,3630.062,0.999,1.0,0.996,0.997
20130520,513100.SH,0.997,1.002,1.004,0.996,0.997,0.0,0.0,80490.17,8033.039,1.002,1.004,0.996,0.997
20130521,513100.SH,0.997,0.997,0.998,0.994,0.997,0.0,0.0,161123.91,16023.195,0.997,0.998,0.994,0.997
20130522,513100.SH,0.997,0.998,1.001,0.998,0.999,0.002,0.2006,46257.0,4622.031,0.998,1.001,0.998,0.999
20130523,513100.SH,0.999,0.996,0.996,0.989,0.991,-0.008,-0.8008,21817.0,2160.731,0.996,0.996,0.989,0.991
20130524,513100.SH,0.991,0.992,0.995,0.991,0.994,0.003,0.3027,16604.0,1647.992,0.992,0.995,0.991,0.994
20130527,513100.SH,0.994,0.995,0.995,0.991,0.995,0.001,0.1006,6492.78,645.097,0.995,0.995,0.991,0.995
20130528,513100.SH,0.995,0.996,0.996,0.991,0.992,-0.003,-0.3015,54124.78,5375.504,0.996,0.996,0.991,0.992
20130529,513100.SH,0.992,0.994,0.997,0.991,0.996,0.004,0.4032,26639.0,2647.352,0.994,0.997,0.991,0.996
20130530,513100.SH,0.996,0.992,0.993,0.991,0.992,-0.004,-0.4016,6701.0,664.511,0.992,0.993,0.991,0.992
20130531,513100.SH,0.992,0.992,0.998,0.992,0.998,0.006,0.6048,10308.0,1026.402,0.992,0.998,0.992,0.998
20130603,513100.SH,0.998,0.995,0.995,0.989,0.99,-0.008,-0.8016,9492.0,939.507,0.995,0.995,0.989,0.99
20130604,513100.SH,0.99,0.992,0.994,0.991,0.993,0.003,0.303,27615.78,2740.707,0.992,0.994,0.991,0.993
20130605,513100.SH,0.993,0.993,0.993,0.987,0.989,-0.004,-0.4028,4503.0,445.24,0.993,0.993,0.987,0.989
20130606,513100.SH,0.989,0.985,0.985,0.97,0.973,-0.016,-1.6178,50635.0,4922.812,0.985,0.985,0.97,0.973
20130607,513100.SH,0.973,0.978,0.98,0.971,0.973,0.0,0.0,26352.21,2566.606,0.978,0.98,0.971,0.973
20130613,513100.SH,0.973,0.962,0.972,0.962,0.966,-0.007,-0.7194,15230.2,1472.109,0.962,0.972,0.962,0.966
20130614,513100.SH,0.966,0.977,0.979,0.975,0.979,0.013,1.3458,29617.77,2892.363,0.977,0.979,0.975,0.979
20130617,513100.SH,0.979,0.975,0.976,0.973,0.976,-0.003,-0.3064,3863.0,376.773,0.975,0.976,0.973,0.976
20130618,513100.SH,0.976,0.981,0.985,0.981,0.984,0.008,0.8197,6568.79,646.251,0.981,0.985,0.981,0.984
20130619,513100.SH,0.984,0.994,0.999,0.992,0.998,0.014,1.4228,29003.77,2887.213,0.994,0.999,0.992,0.998
20130620,513100.SH,0.998,0.985,0.985,0.93,0.981,-0.017,-1.7034,33926.0,3299.454,0.985,0.985,0.93,0.981
20130621,513100.SH,0.981,0.95,0.96,0.947,0.96,-0.021,-2.1407,40060.94,3821.737,0.95,0.96,0.947,0.96
20130624,513100.SH,0.96,0.96,0.96,0.951,0.952,-0.008,-0.8333,8423.99,801.933,0.96,0.96,0.951,0.952
20130625,513100.SH,0.952,0.952,0.952,0.942,0.947,-0.005,-0.5252,11993.99,1133.144,0.952,0.952,0.942,0.947
20130626,513100.SH,0.947,0.95,0.96,0.941,0.946,-0.001,-0.1056,21788.01,2062.152,0.95,0.96,0.941,0.946
20130627,513100.SH,0.946,0.96,0.96,0.954,0.957,0.011,1.1628,13522.5,1293.459,0.96,0.96,0.954,0.957
20130628,513100.SH,0.957,0.961,0.965,0.961,0.963,0.006,0.627,17638.82,1699.745,0.961,0.965,0.961,0.963
20130701,513100.SH,0.963,0.963,0.965,0.96,0.965,0.002,0.2077,5940.66,572.263,0.963,0.965,0.96,0.965
20130702,513100.SH,0.965,0.974,0.974,0.968,0.972,0.007,0.7254,17769.71,1725.76,0.974,0.974,0.968,0.972
20130703,513100.SH,0.972,0.972,0.973,0.97,0.973,0.001,0.1029,9453.61,918.041,0.972,0.973,0.97,0.973
20130704,513100.SH,0.973,0.973,0.978,0.973,0.978,0.005,0.5139,7937.03,774.942,0.973,0.978,0.973,0.978
20130705,513100.SH,0.978,0.986,0.989,0.976,0.989,0.011,1.1247,16698.7,1642.111,0.986,0.989,0.976,0.989
20130708,513100.SH,0.989,0.995,1.0,0.987,0.998,0.009,0.91,32218.4,3204.852,0.995,1.0,0.987,0.998
20130709,513100.SH,0.998,0.997,1.0,0.995,0.996,-0.002,-0.2004,15497.95,1546.46,0.997,1.0,0.995,0.996
20130710,513100.SH,0.996,1.002,1.009,0.993,0.999,0.003,0.3012,37007.43,3698.861,1.002,1.009,0.993,0.999
20130711,513100.SH,0.999,1.0,1.005,0.998,1.004,0.005,0.5005,34670.44,3469.293,1.0,1.005,0.998,1.004
20130712,513100.SH,1.004,1.011,1.02,1.011,1.019,0.015,1.494,56644.5,5767.604,1.011,1.02,1.011,1.019
20130715,513100.SH,1.019,1.026,1.028,1.02,1.023,0.004,0.3925,30694.73,3138.795,1.026,1.028,1.02,1.023
20130716,513100.SH,1.023,1.023,1.023,1.018,1.019,-0.004,-0.391,17099.02,1743.023,1.023,1.023,1.018,1.019
20130717,513100.SH,1.019,1.016,1.021,1.015,1.019,0.0,0.0,9661.34,984.805,1.016,1.021,1.015,1.019
20130718,513100.SH,1.019,1.02,1.022,1.019,1.02,0.001,0.0981,13508.51,1378.244,1.02,1.022,1.019,1.02
20130719,513100.SH,1.02,1.02,1.022,1.018,1.019,-0.001,-0.098,19280.15,1966.169,1.02,1.022,1.018,1.019
20130722,513100.SH,1.019,1.019,1.019,1.013,1.015,-0.004,-0.3925,13668.43,1388.07,1.019,1.019,1.013,1.015
20130723,513100.SH,1.015,1.016,1.017,1.014,1.016,0.001,0.0985,21943.27,2228.584,1.016,1.017,1.014,1.016
20130724,513100.SH,1.016,1.013,1.013,0.995,1.0,-0.016,-1.5748,35217.4,3527.895,1.013,1.013,0.995,1.0
20130725,513100.SH,1.0,1.002,1.004,0.998,1.0,0.0,0.0,24467.14,2447.828,1.002,1.004,0.998,1.0
20130726,513100.SH,1.0,1.009,1.01,1.006,1.01,0.01,1.0,8105.1,817.653,1.009,1.01,1.006,1.01
20130729,513100.SH,1.01,1.01,1.016,1.01,1.015,0.005,0.495,10917.99,1107.134,1.01,1.016,1.01,1.015
20130730,513100.SH,1.015,1.013,1.013,1.01,1.011,-0.004,-0.3941,6559.9,663.067,1.013,1.013,1.01,1.011
20130731,513100.SH,1.011,1.016,1.018,1.013,1.013,0.002,0.1978,12782.9,1297.057,1.016,1.018,1.013,1.013
20130801,513100.SH,1.013,1.014,1.016,1.013,1.014,0.001,0.0987,18476.59,1873.999,1.014,1.016,1.013,1.014
20130802,513100.SH,1.014,1.03,1.033,1.02,1.023,0.009,0.8876,58280.79,5960.456,1.03,1.033,1.02,1.023
20130805,513100.SH,1.023,1.028,1.033,1.028,1.031,0.008,0.782,33408.98,3441.001,1.028,1.033,1.028,1.031
20130806,513100.SH,1.031,1.03,1.031,1.025,1.03,-0.001,-0.097,36447.85,3746.97,1.03,1.031,1.025,1.03
20130807,513100.SH,1.03,1.019,1.02,1.015,1.017,-0.013,-1.2621,29186.09,2968.094,1.019,1.02,1.015,1.017
20130808,513100.SH,1.017,1.02,1.02,1.016,1.018,0.001,0.0983,14304.27,1457.042,1.02,1.02,1.016,1.018
20130809,513100.SH,1.018,1.019,1.026,1.019,1.026,0.008,0.7859,14901.0,1526.663,1.019,1.026,1.019,1.026
20130812,513100.SH,1.026,1.024,1.024,1.014,1.019,-0.007,-0.6823,15893.45,1616.635,1.024,1.024,1.014,1.019
20130813,513100.SH,1.019,1.019,1.023,1.016,1.019,0.0,0.0,10661.47,1087.177,1.019,1.023,1.016,1.019
20130814,513100.SH,1.019,1.023,1.03,1.019,1.021,0.002,0.1963,23877.37,2440.549,1.023,1.03,1.019,1.021
20130815,513100.SH,1.021,1.016,1.02,1.01,1.017,-0.004,-0.3918,27029.01,2742.577,1.016,1.02,1.01,1.017
20130816,513100.SH,1.017,1.0,1.003,1.0,1.001,-0.016,-1.5733,17245.88,1726.323,1.0,1.003,1.0,1.001
20130819,513100.SH,1.001,1.001,1.003,0.999,1.0,-0.001,-0.0999,11012.1,1101.666,1.001,1.003,0.999,1.0
20130820,513100.SH,1.0,0.998,0.999,0.994,0.995,-0.005,-0.5,40554.33,4043.894,0.998,0.999,0.994,0.995
20130821,513100.SH,0.995,1.0,1.004,1.0,1.001,0.006,0.603,7858.0,787.4,1.0,1.004,1.0,1.001
20130822,513100.SH,1.001,1.0,1.001,0.998,0.998,-0.003,-0.2997,7635.22,763.006,1.0,1.001,0.998,0.998
20130823,513100.SH,0.998,1.008,1.015,1.008,1.015,0.017,1.7034,25874.98,2615.619,1.008,1.015,1.008,1.015
20130826,513100.SH,1.015,1.019,1.021,1.016,1.019,0.004,0.3941,31162.0,3176.104,1.019,1.021,1.016,1.019
20130827,513100.SH,1.019,1.018,1.018,1.015,1.017,-0.002,-0.1963,7093.33,720.755,1.018,1.018,1.015,1.017
20130828,513100.SH,1.017,0.998,0.999,0.995,0.996,-0.021,-2.0649,16818.99,1676.997,0.998,0.999,0.995,0.996
20130829,513100.SH,0.996,1.0,1.002,0.999,1.002,0.006,0.6024,6706.98,671.519,1.0,1.002,0.999,1.002
20130830,513100.SH,1.002,1.004,1.011,1.004,1.009,0.007,0.6986,11388.99,1147.622,1.004,1.011,1.004,1.009
20130902,513100.SH,1.009,1.005,1.013,1.004,1.012,0.003,0.2973,32282.98,3253.559,1.005,1.013,1.004,1.012
20130903,513100.SH,1.012,1.012,1.015,1.009,1.015,0.003,0.2964,19403.92,1965.67,1.012,1.015,1.009,1.015
20130904,513100.SH,1.015,1.01,1.016,1.005,1.013,-0.002,-0.197,12062.1,1218.605,1.01,1.016,1.005,1.013
20130905,513100.SH,1.013,1.018,1.022,1.016,1.019,0.006,0.5923,26344.1,2685.493,1.018,1.022,1.016,1.019
20130906,513100.SH,1.019,1.02,1.021,1.015,1.016,-0.003,-0.2944,10036.0,1022.434,1.02,1.021,1.015,1.016
20130909,513100.SH,1.016,1.02,1.028,1.019,1.026,0.01,0.9843,45849.1,4700.028,1.02,1.028,1.019,1.026
20130910,513100.SH,1.026,1.028,1.032,1.027,1.028,0.002,0.1949,28471.18,2927.213,1.028,1.032,1.027,1.028
20130911,513100.SH,1.028,1.028,1.037,1.028,1.03,0.002,0.1946,29465.67,3042.044,1.028,1.037,1.028,1.03
20130912,513100.SH,1.03,1.029,1.037,1.027,1.031,0.001,0.0971,22774.99,2348.687,1.029,1.037,1.027,1.031
20130913,513100.SH,1.031,1.028,1.033,1.026,1.028,-0.003,-0.291,7212.0,742.171,1.028,1.033,1.026,1.028
20130916,513100.SH,1.028,1.036,1.043,1.036,1.04,0.012,1.1673,24648.99,2563.45,1.036,1.043,1.036,1.04
20130917,513100.SH,1.04,1.037,1.037,1.029,1.029,-0.011,-1.0577,8523.0,879.451,1.037,1.037,1.029,1.029
20130918,513100.SH,1.029,1.034,1.042,1.032,1.041,0.012,1.1662,13122.0,1364.84,1.034,1.042,1.032,1.041
20130923,513100.SH,1.041,1.042,1.063,1.042,1.063,0.022,2.1134,39298.74,4137.077,1.042,1.063,1.042,1.063
20130924,513100.SH,1.063,1.043,1.064,1.043,1.06,-0.003,-0.2822,10439.0,1103.618,1.043,1.064,1.043,1.06
20130925,513100.SH,1.06,1.06,1.063,1.054,1.06,0.0,0.0,20854.1,2208.686,1.06,1.063,1.054,1.06
20130926,513100.SH,1.06,1.068,1.068,1.054,1.06,0.0,0.0,11559.0,1226.533,1.068,1.068,1.054,1.06
20130927,513100.SH,1.06,1.07,1.075,1.063,1.071,0.011,1.0377,11635.73,1243.139,1.07,1.075,1.063,1.071
20130930,513100.SH,1.071,1.07,1.07,1.05,1.056,-0.015,-1.4006,16539.0,1755.274,1.07,1.07,1.05,1.056
20131008,513100.SH,1.056,1.06,1.06,1.054,1.054,-0.002,-0.1894,9952.0,1051.338,1.06,1.06,1.054,1.054
20131009,513100.SH,1.054,1.035,1.04,1.035,1.04,-0.014,-1.3283,14615.99,1515.825,1.035,1.04,1.035,1.04
20131010,513100.SH,1.04,1.026,1.042,1.026,1.042,0.002,0.1923,7336.01,760.977,1.026,1.042,1.026,1.042
20131011,513100.SH,1.042,1.052,1.065,1.049,1.065,0.023,2.2073,9364.0,994.147,1.052,1.065,1.049,1.065
20131014,513100.SH,1.065,1.07,1.07,1.064,1.067,0.002,0.1878,5954.0,635.58,1.07,1.07,1.064,1.067
20131015,513100.SH,1.067,1.074,1.081,1.074,1.081,0.014,1.3121,10836.99,1168.906,1.074,1.081,1.074,1.081
20131016,513100.SH,1.081,1.073,1.08,1.07,1.079,-0.002,-0.185,11227.0,1208.327,1.073,1.08,1.07,1.079
20131017,513100.SH,1.079,1.086,1.096,1.086,1.096,0.017,1.5755,11788.8,1287.337,1.086,1.096,1.086,1.096
20131018,513100.SH,1.096,1.107,1.107,1.094,1.101,0.005,0.4562,12348.05,1356.91,1.107,1.107,1.094,1.101
20131021,513100.SH,1.101,1.101,1.116,1.101,1.114,0.013,1.1807,9029.73,1005.538,1.101,1.116,1.101,1.114
20131022,513100.SH,1.114,1.117,1.162,1.114,1.156,0.042,3.7702,62963.08,7177.423,1.117,1.162,1.114,1.156
20131023,513100.SH,1.156,1.156,1.171,1.137,1.14,-0.016,-1.3841,24002.99,2745.515,1.156,1.171,1.137,1.14
20131024,513100.SH,1.14,1.13,1.143,1.108,1.121,-0.019,-1.6667,38336.0,4286.237,1.13,1.143,1.108,1.121
20131025,513100.SH,1.121,1.125,1.155,1.125,1.139,0.018,1.6057,26664.67,3038.599,1.125,1.155,1.125,1.139
20131028,513100.SH,1.139,1.151,1.151,1.134,1.141,0.002,0.1756,21513.0,2457.572,1.151,1.151,1.134,1.141
20131029,513100.SH,1.141,1.142,1.142,1.121,1.123,-0.018,-1.5776,12661.0,1425.097,1.142,1.142,1.121,1.123
20131030,513100.SH,1.123,1.128,1.129,1.124,1.128,0.005,0.4452,12511.0,1410.745,1.128,1.129,1.124,1.128
20131031,513100.SH,1.128,1.12,1.12,1.114,1.116,-0.012,-1.0638,10520.35,1175.667,1.12,1.12,1.114,1.116
20131101,513100.SH,1.116,1.097,1.12,1.097,1.118,0.002,0.1792,8807.1,979.642,1.097,1.12,1.097,1.118
20131104,513100.SH,1.118,1.112,1.123,1.112,1.122,0.004,0.3578,6196.0,693.267,1.112,1.123,1.112,1.122
20131105,513100.SH,1.122,1.13,1.13,1.122,1.126,0.004,0.3565,7769.0,873.216,1.13,1.13,1.122,1.126
20131106,513100.SH,1.126,1.126,1.134,1.121,1.134,0.008,0.7105,9389.68,1058.519,1.126,1.134,1.121,1.134
20131107,513100.SH,1.134,1.131,1.136,1.123,1.134,0.0,0.0,9802.0,1106.625,1.131,1.136,1.123,1.134
20131108,513100.SH,1.134,1.112,1.133,1.104,1.125,-0.009,-0.7937,15537.0,1744.367,1.112,1.133,1.104,1.125
20131111,513100.SH,1.125,1.145,1.145,1.122,1.128,0.003,0.2667,12806.99,1445.611,1.145,1.145,1.122,1.128
20131112,513100.SH,1.128,1.128,1.128,1.124,1.126,-0.002,-0.1773,6110.0,687.898,1.128,1.128,1.124,1.126
20131113,513100.SH,1.126,1.121,1.121,1.116,1.117,-0.009,-0.7993,5707.0,638.532,1.121,1.121,1.116,1.117
20131114,513100.SH,1.117,1.138,1.139,1.128,1.134,0.017,1.5219,27003.0,3055.995,1.138,1.139,1.128,1.134
20131115,513100.SH,1.134,1.14,1.14,1.129,1.132,-0.002,-0.1764,21062.9,2385.021,1.14,1.14,1.129,1.132
20131118,513100.SH,1.132,1.135,1.138,1.129,1.132,0.0,0.0,16923.75,1914.118,1.135,1.138,1.129,1.132
20131119,513100.SH,1.132,1.128,1.128,1.111,1.116,-0.016,-1.4134,24746.43,2760.716,1.128,1.128,1.111,1.116
20131120,513100.SH,1.116,1.113,1.113,1.085,1.098,-0.018,-1.6129,167325.97,18340.474,1.113,1.113,1.085,1.098
20131121,513100.SH,1.098,1.095,1.1,1.085,1.089,-0.009,-0.8197,22282.51,2430.279,1.095,1.1,1.085,1.089
20131122,513100.SH,1.089,1.111,1.111,1.103,1.108,0.019,1.7447,10510.45,1162.417,1.111,1.111,1.103,1.108
20131125,513100.SH,1.108,1.108,1.125,1.108,1.125,0.017,1.5343,11368.11,1273.586,1.108,1.125,1.108,1.125
20131126,513100.SH,1.125,1.12,1.122,1.118,1.121,-0.004,-0.3556,7120.76,797.425,1.12,1.122,1.118,1.121
20131127,513100.SH,1.121,1.126,1.133,1.126,1.133,0.012,1.0705,12997.0,1468.75,1.126,1.133,1.126,1.133
20131128,513100.SH,1.133,1.138,1.142,1.132,1.142,0.009,0.7944,17144.0,1947.189,1.138,1.142,1.132,1.142
20131129,513100.SH,1.142,1.142,1.142,1.135,1.137,-0.005,-0.4378,6357.98,722.713,1.142,1.142,1.135,1.137
20131202,513100.SH,1.137,1.139,1.142,1.134,1.136,-0.001,-0.088,7841.0,891.249,1.139,1.142,1.134,1.136
20131203,513100.SH,1.136,1.136,1.138,1.13,1.131,-0.005,-0.4401,10755.45,1217.235,1.136,1.138,1.13,1.131
20131204,513100.SH,1.131,1.126,1.136,1.126,1.132,0.001,0.0884,5978.67,676.138,1.126,1.136,1.126,1.132
20131205,513100.SH,1.132,1.134,1.134,1.131,1.132,0.0,0.0,3309.0,374.678,1.134,1.134,1.131,1.132
20131206,513100.SH,1.132,1.133,1.134,1.131,1.132,0.0,0.0,5406.0,612.057,1.133,1.134,1.131,1.132
20131209,513100.SH,1.132,1.138,1.144,1.138,1.144,0.012,1.0601,8201.0,936.673,1.138,1.144,1.138,1.144
20131210,513100.SH,1.144,1.142,1.145,1.141,1.145,0.001,0.0874,8917.0,1019.662,1.142,1.145,1.141,1.145
20131211,513100.SH,1.145,1.143,1.143,1.135,1.135,-0.01,-0.8734,7619.0,867.32,1.143,1.143,1.135,1.135
20131212,513100.SH,1.135,1.13,1.138,1.115,1.118,-0.017,-1.4978,19511.24,2196.204,1.13,1.138,1.115,1.118
20131213,513100.SH,1.118,1.117,1.125,1.117,1.122,0.004,0.3578,5222.0,584.973,1.117,1.125,1.117,1.122
20131216,513100.SH,1.122,1.121,1.125,1.119,1.121,-0.001,-0.0891,8668.0,971.728,1.121,1.125,1.119,1.121
20131217,513100.SH,1.121,1.126,1.128,1.126,1.128,0.007,0.6244,5657.0,637.667,1.126,1.128,1.126,1.128
20131218,513100.SH,1.128,1.116,1.126,1.116,1.122,-0.006,-0.5319,8246.0,924.011,1.116,1.126,1.116,1.122
20131219,513100.SH,1.122,1.133,1.14,1.133,1.136,0.014,1.2478,12430.0,1414.28,1.133,1.14,1.133,1.136
20131220,513100.SH,1.136,1.133,1.138,1.132,1.137,0.001,0.088,13211.99,1500.942,1.133,1.138,1.132,1.137
20131223,513100.SH,1.137,1.148,1.155,1.145,1.155,0.018,1.5831,12076.99,1390.75,1.148,1.155,1.145,1.155
20131224,513100.SH,1.155,1.159,1.173,1.159,1.173,0.018,1.5584,18928.0,2213.294,1.159,1.173,1.159,1.173
20131225,513100.SH,1.173,1.174,1.179,1.167,1.175,0.002,0.1705,7869.0,921.95,1.174,1.179,1.167,1.175
20131226,513100.SH,1.175,1.17,1.177,1.167,1.175,0.0,0.0,15008.09,1758.592,1.17,1.177,1.167,1.175
20131227,513100.SH,1.175,1.178,1.187,1.176,1.179,0.004,0.3404,11041.87,1303.793,1.178,1.187,1.176,1.179
20131230,513100.SH,1.179,1.176,1.176,1.159,1.162,-0.017,-1.4419,27174.0,3164.6,1.176,1.176,1.159,1.162
20131231,513100.SH,1.162,1.16,1.163,1.153,1.163,0.001,0.0861,10572.0,1225.938,1.16,1.163,1.153,1.163
20140102,513100.SH,1.163,1.167,1.172,1.167,1.169,0.006,0.5159,12136.0,1419.482,1.167,1.172,1.167,1.169
20140103,513100.SH,1.169,1.16,1.161,1.156,1.161,-0.008,-0.6843,14366.99,1665.535,1.16,1.161,1.156,1.161
20140106,513100.SH,1.161,1.164,1.164,1.154,1.157,-0.004,-0.3445,6839.0,790.852,1.164,1.164,1.154,1.157
20140107,513100.SH,1.157,1.156,1.157,1.152,1.156,-0.001,-0.0864,10908.0,1259.099,1.156,1.157,1.152,1.156
20140108,513100.SH,1.156,1.169,1.173,1.16,1.173,0.017,1.4706,31803.04,3703.986,1.169,1.173,1.16,1.173
20140109,513100.SH,1.173,1.173,1.174,1.17,1.172,-0.001,-0.0853,6201.0,726.344,1.173,1.174,1.17,1.172
20140110,513100.SH,1.172,1.17,1.172,1.164,1.171,-0.001,-0.0853,7862.01,918.786,1.17,1.172,1.164,1.171
20140113,513100.SH,1.171,1.17,1.172,1.169,1.17,-0.001,-0.0854,7936.0,928.637,1.17,1.172,1.169,1.17
20140114,513100.SH,1.17,1.156,1.158,1.15,1.157,-0.013,-1.1111,15859.31,1829.622,1.156,1.158,1.15,1.157
20140115,513100.SH,1.157,1.168,1.176,1.16,1.168,0.011,0.9507,12143.76,1421.091,1.168,1.176,1.16,1.168
20140116,513100.SH,1.168,1.175,1.182,1.175,1.181,0.013,1.113,13292.42,1568.886,1.175,1.182,1.175,1.181
20140117,513100.SH,1.181,1.176,1.185,1.176,1.183,0.002,0.1693,6267.27,740.999,1.176,1.185,1.176,1.183
20140120,513100.SH,1.183,1.181,1.182,1.175,1.18,-0.003,-0.2536,6925.22,816.702,1.181,1.182,1.175,1.18
20140121,513100.SH,1.18,1.179,1.183,1.177,1.182,0.002,0.1695,6626.64,782.125,1.179,1.183,1.177,1.182
20140122,513100.SH,1.182,1.185,1.187,1.182,1.182,0.0,0.0,8345.0,988.057,1.185,1.187,1.182,1.182
20140123,513100.SH,1.182,1.188,1.194,1.185,1.191,0.009,0.7614,13938.31,1657.257,1.188,1.194,1.185,1.191
20140124,513100.SH,1.191,1.189,1.189,1.181,1.186,-0.005,-0.4198,13957.9,1653.094,1.189,1.189,1.181,1.186
20140127,513100.SH,1.186,1.174,1.174,1.155,1.162,-0.024,-2.0236,23330.51,2703.009,1.174,1.174,1.155,1.162
20140128,513100.SH,1.162,1.152,1.16,1.15,1.16,-0.002,-0.1721,27161.15,3134.312,1.152,1.16,1.15,1.16
20140129,513100.SH,1.16,1.162,1.186,1.159,1.174,0.014,1.2069,12413.82,1448.09,1.162,1.186,1.159,1.174
20140130,513100.SH,1.174,1.159,1.168,1.148,1.163,-0.011,-0.937,22096.0,2550.992,1.159,1.168,1.148,1.163
20140207,513100.SH,1.163,1.162,1.162,1.147,1.16,-0.003,-0.258,23346.02,2694.739,1.162,1.162,1.147,1.16
20140210,513100.SH,1.16,1.173,1.173,1.17,1.172,0.012,1.0345,17294.54,2024.9,1.173,1.173,1.17,1.172
20140211,513100.SH,1.172,1.173,1.177,1.169,1.171,-0.001,-0.0853,13605.99,1594.376,1.173,1.177,1.169,1.171
20140212,513100.SH,1.171,1.18,1.184,1.18,1.184,0.013,1.1102,9994.06,1180.947,1.18,1.184,1.18,1.184
20140213,513100.SH,1.184,1.183,1.183,1.177,1.177,-0.007,-0.5912,15379.0,1812.717,1.183,1.183,1.177,1.177
20140214,513100.SH,1.177,1.187,1.194,1.179,1.183,0.006,0.5098,43957.49,5203.835,1.187,1.194,1.179,1.183
20140217,513100.SH,1.183,1.184,1.189,1.181,1.187,0.004,0.3381,20550.6,2433.425,1.184,1.189,1.181,1.187
20140218,513100.SH,1.187,1.187,1.187,1.181,1.184,-0.003,-0.2527,9688.85,1146.287,1.187,1.187,1.181,1.184
20140219,513100.SH,1.184,1.184,1.197,1.184,1.196,0.012,1.0135,19577.61,2336.669,1.184,1.197,1.184,1.196
20140220,513100.SH,1.196,1.189,1.189,1.182,1.189,-0.007,-0.5853,10586.0,1255.64,1.189,1.189,1.182,1.189
20140221,513100.SH,1.189,1.192,1.204,1.192,1.203,0.014,1.1775,14188.7,1702.903,1.192,1.204,1.192,1.203
20140224,513100.SH,1.203,1.201,1.201,1.197,1.2,-0.003,-0.2494,13607.0,1632.449,1.201,1.201,1.197,1.2
20140225,513100.SH,1.2,1.203,1.215,1.203,1.215,0.015,1.25,18178.01,2200.252,1.203,1.215,1.203,1.215
20140226,513100.SH,1.215,1.213,1.229,1.207,1.225,0.01,0.823,23129.02,2809.765,1.213,1.229,1.207,1.225
20140227,513100.SH,1.225,1.223,1.228,1.21,1.227,0.002,0.1633,19270.2,2350.874,1.223,1.228,1.21,1.227
20140228,513100.SH,1.227,1.228,1.267,1.226,1.25,0.023,1.8745,32266.42,4011.482,1.228,1.267,1.226,1.25
20140303,513100.SH,1.25,1.245,1.246,1.204,1.239,-0.011,-0.88,32158.25,3938.835,1.245,1.246,1.204,1.239
20140304,513100.SH,1.239,1.213,1.23,1.211,1.225,-0.014,-1.1299,34161.01,4157.285,1.213,1.23,1.211,1.225
20140305,513100.SH,1.225,1.241,1.242,1.228,1.24,0.015,1.2245,36394.1,4492.463,1.241,1.242,1.228,1.24
20140306,513100.SH,1.24,1.239,1.239,1.228,1.233,-0.007,-0.5645,19007.0,2341.716,1.239,1.239,1.228,1.233
20140307,513100.SH,1.233,1.23,1.236,1.226,1.231,-0.002,-0.1622,19539.0,2403.897,1.23,1.236,1.226,1.231
20140310,513100.SH,1.231,1.231,1.231,1.218,1.22,-0.011,-0.8936,24600.26,3002.247,1.231,1.231,1.218,1.22
20140311,513100.SH,1.22,1.218,1.221,1.218,1.221,0.001,0.082,10279.0,1253.534,1.218,1.221,1.218,1.221
20140312,513100.SH,1.221,1.216,1.216,1.211,1.215,-0.006,-0.4914,13137.99,1594.6,1.216,1.216,1.211,1.215
20140313,513100.SH,1.215,1.221,1.221,1.217,1.219,0.004,0.3292,8510.99,1037.347,1.221,1.221,1.217,1.219
20140314,513100.SH,1.219,1.201,1.202,1.195,1.197,-0.022,-1.8048,23596.0,2826.563,1.201,1.202,1.195,1.197
20140317,513100.SH,1.197,1.192,1.193,1.185,1.189,-0.008,-0.6683,35455.44,4211.294,1.192,1.193,1.185,1.189
20140318,513100.SH,1.189,1.199,1.208,1.197,1.208,0.019,1.598,31495.74,3783.944,1.199,1.208,1.197,1.208
20140319,513100.SH,1.208,1.22,1.226,1.22,1.226,0.018,1.4901,27239.59,3334.468,1.22,1.226,1.22,1.226
20140320,513100.SH,1.226,1.218,1.218,1.211,1.213,-0.013,-1.0604,14233.0,1726.634,1.218,1.218,1.211,1.213
20140321,513100.SH,1.213,1.216,1.22,1.215,1.22,0.007,0.5771,16647.59,2028.567,1.216,1.22,1.215,1.22
20140324,513100.SH,1.22,1.21,1.21,1.203,1.206,-0.014,-1.1475,22448.9,2709.577,1.21,1.21,1.203,1.206
20140325,513100.SH,1.206,1.193,1.197,1.191,1.197,-0.009,-0.7463,19323.39,2308.119,1.193,1.197,1.191,1.197
20140326,513100.SH,1.197,1.199,1.199,1.195,1.198,0.001,0.0835,9598.5,1148.467,1.199,1.199,1.195,1.198
20140327,513100.SH,1.198,1.181,1.184,1.176,1.179,-0.019,-1.586,23249.99,2745.124,1.181,1.184,1.176,1.179
20140328,513100.SH,1.179,1.175,1.175,1.171,1.173,-0.006,-0.5089,18869.59,2212.246,1.175,1.175,1.171,1.173
20140331,513100.SH,1.173,1.174,1.176,1.174,1.176,0.003,0.2558,10742.0,1262.635,1.174,1.176,1.174,1.176
20140401,513100.SH,1.176,1.187,1.194,1.185,1.193,0.017,1.4456,23031.0,2739.298,1.187,1.194,1.185,1.193
20140402,513100.SH,1.193,1.209,1.216,1.208,1.214,0.021,1.7603,26395.8,3197.719,1.209,1.216,1.208,1.214
20140403,513100.SH,1.214,1.216,1.216,1.208,1.21,-0.004,-0.3295,15342.0,1855.386,1.216,1.216,1.208,1.21
20140404,513100.SH,1.21,1.197,1.199,1.194,1.199,-0.011,-0.9091,16970.03,2029.812,1.197,1.199,1.194,1.199
20140408,513100.SH,1.199,1.16,1.162,1.154,1.161,-0.038,-3.1693,51052.03,5905.016,1.16,1.162,1.154,1.161
20140409,513100.SH,1.161,1.168,1.172,1.161,1.168,0.007,0.6029,34477.02,4020.812,1.168,1.172,1.161,1.168
20140410,513100.SH,1.168,1.186,1.186,1.177,1.18,0.012,1.0274,31855.99,3760.881,1.186,1.186,1.177,1.18
20140411,513100.SH,1.18,1.149,1.149,1.14,1.142,-0.038,-3.2203,53038.0,6065.152,1.149,1.149,1.14,1.142
20140414,513100.SH,1.142,1.123,1.134,1.122,1.134,-0.008,-0.7005,22656.29,2556.797,1.123,1.134,1.122,1.134
20140415,513100.SH,1.134,1.136,1.141,1.136,1.139,0.005,0.4409,19525.0,2222.456,1.136,1.141,1.136,1.139
20140416,513100.SH,1.139,1.14,1.145,1.14,1.145,0.006,0.5268,19870.0,2268.841,1.14,1.145,1.14,1.145
20140417,513100.SH,1.145,1.153,1.16,1.153,1.155,0.01,0.8734,13921.0,1610.113,1.153,1.16,1.153,1.155
20140418,513100.SH,1.155,1.157,1.159,1.153,1.154,-0.001,-0.0866,19289.0,2229.888,1.157,1.159,1.153,1.154
20140421,513100.SH,1.154,1.154,1.159,1.154,1.157,0.003,0.26,4714.0,545.694,1.154,1.159,1.154,1.157
20140422,513100.SH,1.157,1.162,1.167,1.16,1.166,0.009,0.7779,11561.35,1346.808,1.162,1.167,1.16,1.166
20140423,513100.SH,1.166,1.175,1.178,1.172,1.172,0.006,0.5146,11070.39,1300.654,1.175,1.178,1.172,1.172
20140424,513100.SH,1.172,1.163,1.178,1.163,1.177,0.005,0.4266,34554.48,4048.887,1.163,1.178,1.163,1.177
20140425,513100.SH,1.177,1.176,1.177,1.174,1.177,0.0,0.0,12044.0,1415.622,1.176,1.177,1.174,1.177
20140428,513100.SH,1.177,1.161,1.162,1.153,1.155,-0.022,-1.8692,15812.0,1827.061,1.161,1.162,1.153,1.155
20140429,513100.SH,1.155,1.16,1.161,1.157,1.159,0.004,0.3463,5328.99,617.553,1.16,1.161,1.157,1.159
20140430,513100.SH,1.159,1.167,1.172,1.167,1.17,0.011,0.9491,8673.0,1014.403,1.167,1.172,1.167,1.17
20140505,513100.SH,1.17,1.171,1.174,1.17,1.174,0.004,0.3419,10331.0,1211.527,1.171,1.174,1.17,1.174
20140506,513100.SH,1.174,1.178,1.182,1.178,1.181,0.007,0.5963,8772.0,1034.963,1.178,1.182,1.178,1.181
20140507,513100.SH,1.181,1.163,1.166,1.161,1.164,-0.017,-1.4395,7653.0,890.264,1.163,1.166,1.161,1.164
20140508,513100.SH,1.164,1.161,1.161,1.159,1.161,-0.003,-0.2577,10247.33,1188.474,1.161,1.161,1.159,1.161
20140509,513100.SH,1.161,1.161,1.161,1.156,1.159,-0.002,-0.1723,7571.67,876.429,1.161,1.161,1.156,1.159
20140512,513100.SH,1.159,1.163,1.166,1.161,1.164,0.005,0.4314,19955.23,2321.853,1.163,1.166,1.161,1.164
20140513,513100.SH,1.164,1.18,1.187,1.18,1.186,0.022,1.89,31204.98,3697.685,1.18,1.187,1.18,1.186
20140514,513100.SH,1.186,1.184,1.192,1.184,1.19,0.004,0.3373,13752.75,1633.271,1.184,1.192,1.184,1.19
20140515,513100.SH,1.19,1.18,1.186,1.18,1.186,-0.004,-0.3361,7200.0,852.442,1.18,1.186,1.18,1.186
20140516,513100.SH,1.186,1.182,1.182,1.176,1.179,-0.007,-0.5902,4668.0,549.657,1.182,1.182,1.176,1.179
20140519,513100.SH,1.179,1.18,1.184,1.18,1.182,0.003,0.2545,6437.0,761.091,1.18,1.184,1.18,1.182
20140520,513100.SH,1.182,1.19,1.192,1.19,1.19,0.008,0.6768,8992.51,1071.184,1.19,1.192,1.19,1.19
20140521,513100.SH,1.19,1.189,1.189,1.182,1.183,-0.007,-0.5882,6130.97,725.094,1.189,1.189,1.182,1.183
20140522,513100.SH,1.183,1.195,1.198,1.194,1.197,0.014,1.1834,6706.0,801.969,1.195,1.198,1.194,1.197
20140523,513100.SH,1.197,1.199,1.202,1.199,1.202,0.005,0.4177,6947.0,834.475,1.199,1.202,1.199,1.202
20140526,513100.SH,1.202,1.21,1.212,1.209,1.211,0.009,0.7488,7108.74,860.521,1.21,1.212,1.209,1.211
20140527,513100.SH,1.211,1.212,1.216,1.212,1.216,0.005,0.4129,8767.0,1064.903,1.212,1.216,1.212,1.216
20140528,513100.SH,1.216,1.225,1.232,1.225,1.229,0.013,1.0691,17779.76,2186.455,1.225,1.232,1.225,1.229
20140529,513100.SH,1.229,1.231,1.231,1.22,1.224,-0.005,-0.4068,16217.99,1982.371,1.231,1.231,1.22,1.224
20140530,513100.SH,1.224,1.234,1.239,1.232,1.239,0.015,1.2255,15164.0,1873.678,1.234,1.239,1.232,1.239
20140603,513100.SH,1.239,1.236,1.236,1.231,1.236,-0.003,-0.2421,7051.0,870.077,1.236,1.236,1.231,1.236
20140604,513100.SH,1.236,1.235,1.235,1.231,1.233,-0.003,-0.2427,8067.35,994.169,1.235,1.235,1.231,1.233
20140605,513100.SH,1.233,1.24,1.242,1.237,1.242,0.009,0.7299,6050.01,749.762,1.24,1.242,1.237,1.242
20140606,513100.SH,1.242,1.252,1.256,1.249,1.255,0.013,1.0467,10705.0,1340.67,1.252,1.256,1.249,1.255
20140609,513100.SH,1.255,1.261,1.261,1.253,1.256,0.001,0.0797,9596.33,1204.713,1.261,1.261,1.253,1.256
20140610,513100.SH,1.256,1.258,1.258,1.246,1.249,-0.007,-0.5573,20233.99,2528.751,1.258,1.258,1.246,1.249
20140611,513100.SH,1.249,1.249,1.255,1.249,1.255,0.006,0.4804,16436.0,2057.629,1.249,1.255,1.249,1.255
20140612,513100.SH,1.255,1.251,1.253,1.246,1.248,-0.007,-0.5578,9239.38,1153.715,1.251,1.253,1.246,1.248
20140613,513100.SH,1.248,1.24,1.243,1.238,1.241,-0.007,-0.5609,23393.32,2901.583,1.24,1.243,1.238,1.241
20140616,513100.SH,1.241,1.247,1.247,1.239,1.239,-0.002,-0.1612,6603.0,819.143,1.247,1.247,1.239,1.239
20140617,513100.SH,1.239,1.242,1.246,1.241,1.243,0.004,0.3228,5130.49,637.612,1.242,1.246,1.241,1.243
20140618,513100.SH,1.243,1.245,1.245,1.241,1.242,-0.001,-0.0805,6058.0,753.044,1.245,1.245,1.241,1.242
20140619,513100.SH,1.242,1.246,1.258,1.246,1.257,0.015,1.2077,11585.32,1454.335,1.246,1.258,1.246,1.257
20140620,513100.SH,1.257,1.255,1.257,1.253,1.254,-0.003,-0.2387,5307.5,666.154,1.255,1.257,1.253,1.254
20140623,513100.SH,1.254,1.26,1.26,1.253,1.256,0.002,0.1595,6941.0,871.74,1.26,1.26,1.253,1.256
20140624,513100.SH,1.256,1.256,1.257,1.253,1.256,0.0,0.0,3803.0,477.209,1.256,1.257,1.253,1.256
20140625,513100.SH,1.256,1.25,1.255,1.247,1.254,-0.002,-0.1592,13130.0,1644.027,1.25,1.255,1.247,1.254
20140626,513100.SH,1.254,1.262,1.265,1.261,1.264,0.01,0.7974,7528.09,951.05,1.262,1.265,1.261,1.264
20140627,513100.SH,1.264,1.264,1.268,1.26,1.268,0.004,0.3165,9151.09,1156.807,1.264,1.268,1.26,1.268
20140630,513100.SH,1.268,1.268,1.271,1.267,1.271,0.003,0.2366,5872.0,745.541,1.268,1.271,1.267,1.271
20140701,513100.SH,1.271,1.272,1.273,1.269,1.273,0.002,0.1574,8243.0,1047.703,1.272,1.273,1.269,1.273
20140702,513100.SH,1.273,1.281,1.289,1.281,1.286,0.013,1.0212,10776.84,1385.536,1.281,1.289,1.281,1.286
20140703,513100.SH,1.286,1.286,1.288,1.285,1.288,0.002,0.1555,3809.0,490.181,1.286,1.288,1.285,1.288
20140704,513100.SH,1.288,1.296,1.306,1.295,1.305,0.017,1.3199,16494.06,2145.807,1.296,1.306,1.295,1.305
20140707,513100.SH,1.305,1.305,1.308,1.291,1.308,0.003,0.2299,8161.15,1063.438,1.305,1.308,1.291,1.308
20140708,513100.SH,1.308,1.3,1.307,1.3,1.304,-0.004,-0.3058,11949.0,1557.212,1.3,1.307,1.3,1.304
20140709,513100.SH,1.304,1.295,1.295,1.277,1.284,-0.02,-1.5337,19159.64,2456.564,1.295,1.295,1.277,1.284
20140710,513100.SH,1.284,1.286,1.293,1.286,1.291,0.007,0.5452,14402.0,1859.129,1.286,1.293,1.286,1.291
20140711,513100.SH,1.291,1.284,1.285,1.28,1.281,-0.01,-0.7746,13458.0,1725.12,1.284,1.285,1.28,1.281
20140714,513100.SH,1.281,1.285,1.291,1.285,1.29,0.009,0.7026,8315.0,1071.214,1.285,1.291,1.285,1.29
20140715,513100.SH,1.29,1.297,1.302,1.295,1.301,0.011,0.8527,11741.8,1525.862,1.297,1.302,1.295,1.301
20140716,513100.SH,1.301,1.296,1.296,1.292,1.296,-0.005,-0.3843,8692.0,1124.874,1.296,1.296,1.292,1.296
20140717,513100.SH,1.296,1.298,1.3,1.297,1.3,0.004,0.3086,4158.02,539.932,1.298,1.3,1.297,1.3
20140718,513100.SH,1.3,1.282,1.29,1.274,1.29,-0.01,-0.7692,21013.0,2696.354,1.282,1.29,1.274,1.29
20140721,513100.SH,1.29,1.298,1.302,1.297,1.302,0.012,0.9302,16780.86,2180.097,1.298,1.302,1.297,1.302
20140722,513100.SH,1.302,1.291,1.299,1.291,1.299,-0.003,-0.2304,4539.0,589.144,1.291,1.299,1.291,1.299
20140723,513100.SH,1.299,1.303,1.305,1.3,1.304,0.005,0.3849,10944.99,1425.855,1.303,1.305,1.3,1.304
20140724,513100.SH,1.304,1.307,1.316,1.307,1.314,0.01,0.7669,9310.0,1222.635,1.307,1.316,1.307,1.314
20140725,513100.SH,1.314,1.311,1.312,1.309,1.311,-0.003,-0.2283,7366.99,965.47,1.311,1.312,1.309,1.311
20140728,513100.SH,1.311,1.307,1.31,1.304,1.306,-0.005,-0.3814,28626.99,3737.286,1.307,1.31,1.304,1.306
20140729,513100.SH,1.306,1.305,1.305,1.299,1.304,-0.002,-0.1531,21895.65,2848.714,1.305,1.305,1.299,1.304
20140730,513100.SH,1.304,1.302,1.305,1.3,1.303,-0.001,-0.0767,12328.0,1605.975,1.302,1.305,1.3,1.303
20140731,513100.SH,1.303,1.308,1.31,1.304,1.308,0.005,0.3837,9166.35,1198.651,1.308,1.31,1.304,1.308
20140801,513100.SH,1.308,1.283,1.287,1.282,1.287,-0.021,-1.6055,21511.09,2762.82,1.283,1.287,1.282,1.287
20140804,513100.SH,1.287,1.281,1.286,1.28,1.286,-0.001,-0.0777,7566.0,971.087,1.281,1.286,1.28,1.286
20140805,513100.SH,1.286,1.294,1.294,1.284,1.288,0.002,0.1555,20065.55,2581.829,1.294,1.294,1.284,1.288
20140806,513100.SH,1.288,1.28,1.281,1.278,1.279,-0.009,-0.6988,8838.79,1130.581,1.28,1.281,1.278,1.279
20140807,513100.SH,1.279,1.275,1.281,1.275,1.281,0.002,0.1564,7038.5,900.288,1.275,1.281,1.275,1.281
20140808,513100.SH,1.281,1.278,1.278,1.271,1.272,-0.009,-0.7026,11000.0,1400.359,1.278,1.278,1.271,1.272
20140811,513100.SH,1.272,1.278,1.286,1.278,1.286,0.014,1.1006,12731.0,1633.085,1.278,1.286,1.278,1.286
20140812,513100.SH,1.286,1.293,1.293,1.289,1.29,0.004,0.311,7501.0,968.46,1.293,1.293,1.289,1.29
20140813,513100.SH,1.29,1.29,1.29,1.283,1.285,-0.005,-0.3876,4139.0,531.902,1.29,1.29,1.283,1.285
20140814,513100.SH,1.285,1.293,1.302,1.293,1.302,0.017,1.323,11536.0,1499.771,1.293,1.302,1.293,1.302
20140815,513100.SH,1.302,1.305,1.311,1.305,1.311,0.009,0.6912,10429.0,1366.223,1.305,1.311,1.305,1.311
20140818,513100.SH,1.311,1.316,1.316,1.308,1.309,-0.002,-0.1526,11956.0,1566.823,1.316,1.316,1.308,1.309
20140819,513100.SH,1.309,1.318,1.325,1.318,1.325,0.016,1.2223,14823.67,1960.57,1.318,1.325,1.318,1.325
20140820,513100.SH,1.325,1.328,1.333,1.328,1.333,0.008,0.6038,9487.09,1263.404,1.328,1.333,1.328,1.333
20140821,513100.SH,1.333,1.331,1.333,1.327,1.329,-0.004,-0.3001,10830.0,1438.782,1.331,1.333,1.327,1.329
20140822,513100.SH,1.329,1.334,1.334,1.331,1.333,0.004,0.301,5204.0,693.47,1.334,1.334,1.331,1.333
20140825,513100.SH,1.333,1.334,1.337,1.334,1.337,0.004,0.3001,8391.0,1120.589,1.334,1.337,1.334,1.337
20140826,513100.SH,1.337,1.34,1.348,1.34,1.348,0.011,0.8227,10947.49,1472.556,1.34,1.348,1.34,1.348
20140827,513100.SH,1.348,1.351,1.361,1.345,1.35,0.002,0.1484,10391.05,1399.395,1.351,1.361,1.345,1.35
20140828,513100.SH,1.35,1.346,1.346,1.342,1.344,-0.006,-0.4444,7321.0,983.454,1.346,1.346,1.342,1.344
20140829,513100.SH,1.344,1.34,1.34,1.334,1.336,-0.008,-0.5952,13792.0,1844.012,1.34,1.34,1.334,1.336
20140901,513100.SH,1.336,1.34,1.347,1.34,1.345,0.009,0.6737,8539.0,1148.955,1.34,1.347,1.34,1.345
20140902,513100.SH,1.345,1.346,1.357,1.346,1.356,0.011,0.8178,16585.0,2242.725,1.346,1.357,1.346,1.356
20140903,513100.SH,1.356,1.357,1.365,1.355,1.36,0.004,0.295,11708.09,1590.847,1.357,1.365,1.355,1.36
20140904,513100.SH,1.36,1.354,1.354,1.341,1.341,-0.019,-1.3971,18443.16,2481.211,1.354,1.354,1.341,1.341
20140905,513100.SH,1.341,1.341,1.341,1.337,1.339,-0.002,-0.1491,9934.99,1330.147,1.341,1.341,1.337,1.339
20140909,513100.SH,1.339,1.345,1.35,1.345,1.348,0.009,0.6721,15961.01,2150.002,1.345,1.35,1.345,1.348
20140910,513100.SH,1.348,1.335,1.34,1.331,1.34,-0.008,-0.5935,11040.0,1471.135,1.335,1.34,1.331,1.34
20140911,513100.SH,1.34,1.345,1.345,1.341,1.342,0.002,0.1493,6426.0,863.323,1.345,1.345,1.341,1.342
20140912,513100.SH,1.342,1.346,1.346,1.341,1.341,-0.001,-0.0745,6922.0,929.216,1.346,1.346,1.341,1.341
20140915,513100.SH,1.341,1.336,1.337,1.334,1.337,-0.004,-0.2983,4774.16,637.364,1.336,1.337,1.334,1.337
20140916,513100.SH,1.337,1.329,1.329,1.321,1.322,-0.015,-1.1219,9905.6,1310.391,1.329,1.329,1.321,1.322
20140917,513100.SH,1.322,1.325,1.336,1.325,1.334,0.012,0.9077,11559.0,1540.95,1.325,1.336,1.325,1.334
20140918,513100.SH,1.334,1.339,1.339,1.336,1.338,0.004,0.2999,3892.0,520.272,1.339,1.339,1.336,1.338
20140919,513100.SH,1.338,1.34,1.354,1.34,1.354,0.016,1.1958,12770.01,1724.521,1.34,1.354,1.34,1.354
20140922,513100.SH,1.354,1.35,1.35,1.345,1.346,-0.008,-0.5908,4123.0,555.182,1.35,1.35,1.345,1.346
20140923,513100.SH,1.346,1.331,1.335,1.329,1.335,-0.011,-0.8172,13854.54,1844.749,1.331,1.335,1.329,1.335
20140924,513100.SH,1.335,1.33,1.33,1.323,1.326,-0.009,-0.6742,19041.0,2523.444,1.33,1.33,1.323,1.326
20140925,513100.SH,1.326,1.339,1.341,1.337,1.339,0.013,0.9804,10037.04,1343.698,1.339,1.341,1.337,1.339
20140926,513100.SH,1.339,1.314,1.314,1.312,1.313,-0.026,-1.9417,12518.0,1643.56,1.314,1.314,1.312,1.313
20140929,513100.SH,1.313,1.326,1.33,1.326,1.327,0.014,1.0663,10408.0,1381.151,1.326,1.33,1.326,1.327
20140930,513100.SH,1.327,1.327,1.327,1.323,1.325,-0.002,-0.1507,22633.5,2998.102,1.327,1.327,1.323,1.325
20141008,513100.SH,1.325,1.294,1.297,1.29,1.294,-0.031,-2.3396,44776.73,5789.999,1.294,1.297,1.29,1.294
20141009,513100.SH,1.294,1.312,1.322,1.312,1.314,0.02,1.5456,26265.0,3456.892,1.312,1.322,1.312,1.314
20141010,513100.SH,1.314,1.291,1.296,1.29,1.296,-0.018,-1.3699,14552.0,1881.671,1.291,1.296,1.29,1.296
20141013,513100.SH,1.296,1.268,1.278,1.267,1.278,-0.018,-1.3889,26138.0,3321.978,1.268,1.278,1.267,1.278
20141014,513100.SH,1.278,1.264,1.268,1.256,1.268,-0.01,-0.7825,37904.54,4786.998,1.264,1.268,1.256,1.268
20141015,513100.SH,1.268,1.268,1.272,1.262,1.268,0.0,0.0,17393.0,2203.797,1.268,1.272,1.262,1.268
20141016,513100.SH,1.268,1.264,1.275,1.254,1.265,-0.003,-0.2366,20679.44,2605.743,1.264,1.275,1.254,1.265
20141017,513100.SH,1.265,1.266,1.266,1.251,1.256,-0.009,-0.7115,28307.15,3554.916,1.266,1.266,1.251,1.256
20141020,513100.SH,1.256,1.262,1.265,1.26,1.265,0.009,0.7166,19692.15,2485.645,1.262,1.265,1.26,1.265
20141021,513100.SH,1.265,1.276,1.277,1.275,1.276,0.011,0.8696,21010.0,2681.03,1.276,1.277,1.275,1.276
20141022,513100.SH,1.276,1.3,1.307,1.298,1.307,0.031,2.4295,42897.04,5594.689,1.3,1.307,1.298,1.307
20141023,513100.SH,1.307,1.301,1.301,1.296,1.299,-0.008,-0.6121,18594.0,2412.412,1.301,1.301,1.296,1.299
20141024,513100.SH,1.299,1.31,1.313,1.31,1.31,0.011,0.8468,16699.05,2190.455,1.31,1.313,1.31,1.31
20141027,513100.SH,1.31,1.317,1.325,1.316,1.324,0.014,1.0687,18008.9,2378.236,1.317,1.325,1.316,1.324
20141028,513100.SH,1.324,1.324,1.327,1.319,1.319,-0.005,-0.3776,19935.01,2634.536,1.324,1.327,1.319,1.319
20141029,513100.SH,1.319,1.334,1.342,1.334,1.334,0.015,1.1372,18827.0,2517.622,1.334,1.342,1.334,1.334
20141030,513100.SH,1.334,1.329,1.334,1.324,1.334,0.0,0.0,20367.0,2711.972,1.329,1.334,1.324,1.334
20141031,513100.SH,1.334,1.338,1.347,1.338,1.347,0.013,0.9745,17248.0,2317.43,1.338,1.347,1.338,1.347
20141103,513100.SH,1.347,1.361,1.361,1.357,1.357,0.01,0.7424,7248.0,984.863,1.361,1.361,1.357,1.357
20141104,513100.SH,1.357,1.334,1.362,1.334,1.359,0.002,0.1474,10713.1,1455.899,1.334,1.362,1.334,1.359
20141105,513100.SH,1.359,1.353,1.357,1.352,1.354,-0.005,-0.3679,9693.0,1312.962,1.353,1.357,1.352,1.354
20141106,513100.SH,1.354,1.352,1.357,1.352,1.354,0.0,0.0,7712.0,1044.595,1.352,1.357,1.352,1.354
20141107,513100.SH,1.354,1.357,1.363,1.357,1.363,0.009,0.6647,10171.0,1383.831,1.357,1.363,1.357,1.363
20141110,513100.SH,1.363,1.362,1.367,1.362,1.363,0.0,0.0,7846.0,1070.428,1.362,1.367,1.362,1.363
20141111,513100.SH,1.363,1.365,1.365,1.36,1.363,0.0,0.0,11175.0,1521.765,1.365,1.365,1.36,1.363
20141112,513100.SH,1.363,1.365,1.365,1.36,1.362,-0.001,-0.0734,5494.0,748.462,1.365,1.365,1.36,1.362
20141113,513100.SH,1.362,1.363,1.367,1.363,1.364,0.002,0.1468,11191.0,1527.755,1.363,1.367,1.363,1.364
20141114,513100.SH,1.364,1.363,1.373,1.363,1.365,0.001,0.0733,10380.0,1419.931,1.363,1.373,1.363,1.365
20141117,513100.SH,1.365,1.366,1.374,1.366,1.368,0.003,0.2198,10473.0,1434.462,1.366,1.374,1.366,1.368
20141118,513100.SH,1.368,1.365,1.369,1.365,1.368,0.0,0.0,7818.0,1068.832,1.365,1.369,1.365,1.368
20141119,513100.SH,1.368,1.371,1.385,1.371,1.385,0.017,1.2427,8909.0,1229.64,1.371,1.385,1.371,1.385
20141120,513100.SH,1.385,1.379,1.379,1.37,1.372,-0.013,-0.9386,4407.0,604.717,1.379,1.379,1.37,1.372
20141121,513100.SH,1.372,1.374,1.381,1.374,1.378,0.006,0.4373,5325.0,734.306,1.374,1.381,1.374,1.378
20141124,513100.SH,1.378,1.378,1.381,1.368,1.37,-0.008,-0.5806,36257.0,4974.158,1.378,1.381,1.368,1.37
20141125,513100.SH,1.37,1.379,1.392,1.379,1.383,0.013,0.9489,15496.01,2148.222,1.379,1.392,1.379,1.383
20141126,513100.SH,1.383,1.383,1.391,1.383,1.389,0.006,0.4338,6565.0,911.904,1.383,1.391,1.383,1.389
20141127,513100.SH,1.389,1.395,1.403,1.395,1.4,0.011,0.7919,9271.5,1298.156,1.395,1.403,1.395,1.4
20141128,513100.SH,1.4,1.4,1.401,1.397,1.4,0.0,0.0,11997.0,1679.231,1.4,1.401,1.397,1.4
20141201,513100.SH,1.4,1.4,1.407,1.396,1.398,-0.002,-0.1429,21956.0,3074.376,1.4,1.407,1.396,1.398
20141202,513100.SH,1.398,1.38,1.39,1.379,1.382,-0.016,-1.1445,24026.0,3320.998,1.38,1.39,1.379,1.382
20141203,513100.SH,1.382,1.384,1.397,1.384,1.395,0.013,0.9407,8678.99,1209.83,1.384,1.397,1.384,1.395
20141204,513100.SH,1.395,1.398,1.4,1.394,1.397,0.002,0.1434,11289.11,1575.608,1.398,1.4,1.394,1.397
20141205,513100.SH,1.397,1.39,1.399,1.38,1.39,-0.007,-0.5011,14704.54,2047.63,1.39,1.399,1.38,1.39
20141208,513100.SH,1.39,1.393,1.398,1.388,1.391,0.001,0.0719,15110.0,2104.658,1.393,1.398,1.388,1.391
20141209,513100.SH,1.391,1.381,1.385,1.372,1.373,-0.018,-1.294,19332.0,2664.601,1.381,1.385,1.372,1.373
20141210,513100.SH,1.373,1.373,1.394,1.373,1.394,0.021,1.5295,9877.0,1373.729,1.373,1.394,1.373,1.394
20141211,513100.SH,1.394,1.374,1.374,1.362,1.364,-0.03,-2.1521,10315.0,1407.348,1.374,1.374,1.362,1.364
20141212,513100.SH,1.364,1.372,1.372,1.359,1.365,0.001,0.0733,29378.0,4008.616,1.372,1.372,1.359,1.365
20141215,513100.SH,1.365,1.356,1.357,1.352,1.353,-0.012,-0.8791,9280.71,1256.663,1.356,1.357,1.352,1.353
20141216,513100.SH,1.353,1.341,1.35,1.341,1.35,-0.003,-0.2217,19368.0,2605.06,1.341,1.35,1.341,1.35
20141217,513100.SH,1.35,1.343,1.343,1.325,1.33,-0.02,-1.4815,24831.0,3301.539,1.343,1.343,1.325,1.33
20141218,513100.SH,1.33,1.355,1.362,1.351,1.362,0.032,2.406,42033.0,5712.843,1.355,1.362,1.351,1.362
20141219,513100.SH,1.362,1.393,1.403,1.392,1.403,0.041,3.0103,32558.0,4552.495,1.393,1.403,1.392,1.403
20141222,513100.SH,1.403,1.407,1.408,1.391,1.397,-0.006,-0.4277,23873.1,3338.111,1.407,1.408,1.391,1.397
20141223,513100.SH,1.397,1.398,1.401,1.395,1.4,0.003,0.2147,8516.5,1190.16,1.398,1.401,1.395,1.4
20141224,513100.SH,1.4,1.396,1.399,1.391,1.395,-0.005,-0.3571,14096.01,1965.648,1.396,1.399,1.391,1.395
20141225,513100.SH,1.395,1.396,1.396,1.393,1.395,0.0,0.0,5747.11,801.456,1.396,1.396,1.393,1.395
20141226,513100.SH,1.395,1.395,1.395,1.391,1.394,-0.001,-0.0717,4774.0,665.077,1.395,1.395,1.391,1.394
20141229,513100.SH,1.394,1.397,1.406,1.397,1.404,0.01,0.7174,12453.1,1747.461,1.397,1.406,1.397,1.404
20141230,513100.SH,1.404,1.402,1.403,1.398,1.401,-0.003,-0.2137,8769.11,1228.168,1.402,1.403,1.398,1.401
20141231,513100.SH,1.401,1.39,1.392,1.38,1.392,-0.009,-0.6424,11066.01,1537.824,1.39,1.392,1.38,1.392
20150105,513100.SH,1.392,1.385,1.385,1.363,1.367,-0.025,-1.796,32278.0,4413.479,1.385,1.385,1.363,1.367
20150106,513100.SH,1.367,1.355,1.355,1.345,1.349,-0.018,-1.3168,15843.6,2135.719,1.355,1.355,1.345,1.349
20150107,513100.SH,1.349,1.338,1.351,1.332,1.351,0.002,0.1483,26476.0,3549.668,1.338,1.351,1.332,1.351
20150108,513100.SH,1.351,1.365,1.371,1.354,1.37,0.019,1.4064,27899.99,3802.862,1.365,1.371,1.354,1.37
20150109,513100.SH,1.37,1.386,1.39,1.383,1.389,0.019,1.3869,22922.0,3178.677,1.386,1.39,1.383,1.389
20150112,513100.SH,1.389,1.374,1.386,1.374,1.378,-0.011,-0.7919,18949.0,2607.224,1.374,1.386,1.374,1.378
20150113,513100.SH,1.378,1.365,1.365,1.356,1.36,-0.018,-1.3062,11534.0,1568.246,1.365,1.365,1.356,1.36
20150114,513100.SH,1.36,1.364,1.364,1.352,1.353,-0.007,-0.5147,10951.0,1482.88,1.364,1.364,1.352,1.353
20150115,513100.SH,1.353,1.351,1.352,1.345,1.352,-0.001,-0.0739,15198.0,2049.046,1.351,1.352,1.345,1.352
20150116,513100.SH,1.352,1.333,1.35,1.331,1.35,-0.002,-0.1479,33309.0,4460.809,1.333,1.35,1.331,1.35
20150119,513100.SH,1.35,1.358,1.379,1.336,1.339,-0.011,-0.8148,112122.0,15145.576,1.358,1.379,1.336,1.339
20150120,513100.SH,1.339,1.345,1.353,1.343,1.349,0.01,0.7468,42752.0,5756.532,1.345,1.353,1.343,1.349
20150121,513100.SH,1.349,1.351,1.363,1.351,1.359,0.01,0.7413,49551.01,6720.201,1.351,1.363,1.351,1.359
20150122,513100.SH,1.359,1.359,1.377,1.359,1.373,0.014,1.0302,80119.37,10976.893,1.359,1.377,1.359,1.373
20150123,513100.SH,1.373,1.404,1.405,1.392,1.394,0.021,1.5295,65953.78,9199.191,1.404,1.405,1.392,1.394
20150126,513100.SH,1.394,1.387,1.398,1.387,1.393,-0.001,-0.0717,35858.0,4998.299,1.387,1.398,1.387,1.393
20150127,513100.SH,1.393,1.393,1.398,1.393,1.394,0.001,0.0718,45222.0,6313.334,1.393,1.398,1.393,1.394
20150128,513100.SH,1.394,1.366,1.373,1.361,1.372,-0.022,-1.5782,27976.62,3822.071,1.366,1.373,1.361,1.372
20150129,513100.SH,1.372,1.351,1.358,1.35,1.354,-0.018,-1.312,21375.0,2890.585,1.351,1.358,1.35,1.354
20150130,513100.SH,1.354,1.363,1.371,1.363,1.371,0.017,1.2555,23014.0,3144.467,1.363,1.371,1.363,1.371
20150202,513100.SH,1.371,1.36,1.36,1.35,1.357,-0.014,-1.0212,13127.0,1776.473,1.36,1.36,1.35,1.357
20150203,513100.SH,1.357,1.369,1.371,1.367,1.367,0.01,0.7369,13859.0,1898.35,1.369,1.371,1.367,1.367
20150204,513100.SH,1.367,1.38,1.382,1.378,1.381,0.014,1.0241,57454.0,7928.268,1.38,1.382,1.378,1.381
20150205,513100.SH,1.381,1.378,1.378,1.373,1.376,-0.005,-0.3621,8492.0,1167.513,1.378,1.378,1.373,1.376
20150206,513100.SH,1.376,1.388,1.39,1.386,1.387,0.011,0.7994,86013.0,11933.769,1.388,1.39,1.386,1.387
20150209,513100.SH,1.387,1.382,1.382,1.37,1.373,-0.014,-1.0094,15009.0,2062.073,1.382,1.382,1.37,1.373
20150210,513100.SH,1.373,1.368,1.371,1.365,1.367,-0.006,-0.437,13944.89,1907.844,1.368,1.371,1.365,1.367
20150211,513100.SH,1.367,1.378,1.391,1.378,1.385,0.018,1.3168,266912.0,36945.376,1.378,1.391,1.378,1.385
20150212,513100.SH,1.385,1.389,1.395,1.389,1.393,0.008,0.5776,1433268.0,199726.079,1.389,1.395,1.389,1.393
20150213,513100.SH,1.393,1.404,1.42,1.403,1.419,0.026,1.8665,1918706.0,270732.97,1.404,1.42,1.403,1.419
20150216,513100.SH,1.419,1.43,1.45,1.421,1.435,0.016,1.1276,515815.67,73685.712,1.43,1.45,1.421,1.435
20150217,513100.SH,1.435,1.435,1.437,1.426,1.437,0.002,0.1394,284719.0,40739.142,1.435,1.437,1.426,1.437
20150225,513100.SH,1.437,1.45,1.471,1.45,1.45,0.013,0.9047,424704.0,61737.787,1.45,1.471,1.45,1.45
20150226,513100.SH,1.45,1.451,1.452,1.444,1.444,-0.006,-0.4138,1267520.49,183769.114,1.451,1.452,1.444,1.444
20150227,513100.SH,1.444,1.447,1.452,1.447,1.449,0.005,0.3463,589919.09,85502.829,1.447,1.452,1.447,1.449
20150302,513100.SH,1.449,1.452,1.452,1.444,1.452,0.003,0.207,175225.41,25378.953,1.452,1.452,1.444,1.452
20150303,513100.SH,1.452,1.466,1.475,1.462,1.474,0.022,1.5152,635701.0,93529.691,1.466,1.475,1.462,1.474
20150304,513100.SH,1.474,1.472,1.472,1.46,1.468,-0.006,-0.4071,425621.0,62347.73,1.472,1.472,1.46,1.468
20150305,513100.SH,1.468,1.46,1.462,1.456,1.457,-0.011,-0.7493,213623.0,31213.422,1.46,1.462,1.456,1.457
20150306,513100.SH,1.457,1.462,1.465,1.459,1.463,0.006,0.4118,1006047.0,147047.36,1.462,1.465,1.459,1.463
20150309,513100.SH,1.463,1.444,1.454,1.443,1.449,-0.014,-0.9569,1766424.0,255952.495,1.444,1.454,1.443,1.449
20150310,513100.SH,1.449,1.445,1.455,1.445,1.45,0.001,0.069,1501686.0,218209.528,1.445,1.455,1.445,1.45
20150311,513100.SH,1.45,1.439,1.439,1.348,1.426,-0.024,-1.6552,1421103.0,202940.093,1.439,1.439,1.348,1.426
20150312,513100.SH,1.426,1.424,1.424,1.417,1.424,-0.002,-0.1403,1022097.0,145147.485,1.424,1.424,1.417,1.424
20150313,513100.SH,1.424,1.44,1.44,1.428,1.431,0.007,0.4916,2033914.36,291570.876,1.44,1.44,1.428,1.431
20150316,513100.SH,1.431,1.43,1.43,1.419,1.427,-0.004,-0.2795,506968.0,72146.536,1.43,1.43,1.419,1.427
20150317,513100.SH,1.427,1.442,1.442,1.434,1.441,0.014,0.9811,727233.61,104617.207,1.442,1.442,1.434,1.441
20150318,513100.SH,1.441,1.444,1.445,1.44,1.44,-0.001,-0.0694,2118867.2,305611.376,1.444,1.445,1.44,1.44
20150319,513100.SH,1.44,1.449,1.458,1.447,1.455,0.015,1.0417,1222323.17,177848.992,1.449,1.458,1.447,1.455
20150320,513100.SH,1.455,1.458,1.458,1.45,1.454,-0.001,-0.0687,2803842.0,407791.968,1.458,1.458,1.45,1.454
20150323,513100.SH,1.454,1.46,1.465,1.46,1.46,0.006,0.4127,2220670.09,324861.305,1.46,1.465,1.46,1.46
20150324,513100.SH,1.46,1.454,1.462,1.454,1.458,-0.002,-0.137,6556156.0,955847.868,1.454,1.462,1.454,1.458
20150325,513100.SH,1.458,1.456,1.463,1.45,1.46,0.002,0.1372,2262187.0,329760.232,1.456,1.463,1.45,1.46
20150326,513100.SH,1.46,1.436,1.439,1.424,1.439,-0.021,-1.4384,332748.0,47766.569,1.436,1.439,1.424,1.439
20150327,513100.SH,1.439,1.433,1.441,1.42,1.439,0.0,0.0,221261.0,31746.284,1.433,1.441,1.42,1.439
20150330,513100.SH,1.439,1.439,1.439,1.425,1.432,-0.007,-0.4864,2180187.0,312410.338,1.439,1.439,1.425,1.432
20150331,513100.SH,1.432,1.445,1.445,1.435,1.437,0.005,0.3492,645669.0,92803.859,1.445,1.445,1.435,1.437
20150401,513100.SH,1.437,1.427,1.427,1.413,1.415,-0.022,-1.531,570117.01,80775.517,1.427,1.427,1.413,1.415
20150402,513100.SH,1.415,1.411,1.414,1.408,1.412,-0.003,-0.212,1007577.24,142167.98,1.411,1.414,1.408,1.412
20150403,513100.SH,1.412,1.413,1.416,1.412,1.416,0.004,0.2833,1542798.3,218191.446,1.413,1.416,1.412,1.416
20150407,513100.SH,1.416,1.424,1.424,1.416,1.42,0.004,0.2825,1753758.0,248756.512,1.424,1.424,1.416,1.42
20150408,513100.SH,1.42,1.418,1.418,1.411,1.415,-0.005,-0.3521,1674063.0,237014.247,1.418,1.418,1.411,1.415
20150409,513100.SH,1.415,1.416,1.422,1.416,1.421,0.006,0.424,813341.62,115532.927,1.416,1.422,1.416,1.421
20150410,513100.SH,1.421,1.424,1.432,1.424,1.431,0.01,0.7037,1001054.38,143153.504,1.424,1.432,1.424,1.431
20150413,513100.SH,1.431,1.436,1.437,1.429,1.431,0.0,0.0,954901.76,136969.636,1.436,1.437,1.429,1.431
20150414,513100.SH,1.431,1.429,1.436,1.424,1.426,-0.005,-0.3494,704484.78,100796.247,1.429,1.436,1.424,1.426
20150415,513100.SH,1.426,1.423,1.432,1.423,1.43,0.004,0.2805,430115.0,61515.915,1.423,1.432,1.423,1.43
20150416,513100.SH,1.43,1.433,1.44,1.433,1.439,0.009,0.6294,354527.04,50986.57,1.433,1.44,1.433,1.439
20150417,513100.SH,1.439,1.439,1.439,1.432,1.438,-0.001,-0.0695,362377.49,52032.719,1.439,1.439,1.432,1.438
20150420,513100.SH,1.438,1.421,1.421,1.411,1.416,-0.022,-1.5299,689840.14,97806.798,1.421,1.421,1.411,1.416
20150421,513100.SH,1.416,1.429,1.435,1.429,1.429,0.013,0.9181,724518.5,103736.722,1.429,1.435,1.429,1.429
20150422,513100.SH,1.429,1.431,1.44,1.431,1.434,0.005,0.3499,849810.82,122068.509,1.431,1.44,1.431,1.434
20150423,513100.SH,1.434,1.439,1.442,1.438,1.439,0.005,0.3487,470916.0,67832.765,1.439,1.442,1.438,1.439
20150424,513100.SH,1.439,1.444,1.462,1.444,1.462,0.023,1.5983,834038.8,121522.635,1.444,1.462,1.444,1.462
20150427,513100.SH,1.462,1.47,1.481,1.47,1.477,0.015,1.026,871685.28,128885.264,1.47,1.481,1.47,1.477
20150428,513100.SH,1.477,1.473,1.473,1.466,1.467,-0.01,-0.677,677822.0,99604.862,1.473,1.473,1.466,1.467
20150429,513100.SH,1.467,1.466,1.468,1.462,1.467,0.0,0.0,1069000.6,156640.449,1.466,1.468,1.462,1.467
20150430,513100.SH,1.467,1.46,1.46,1.454,1.458,-0.009,-0.6135,794765.5,115715.388,1.46,1.46,1.454,1.458
20150504,513100.SH,1.458,1.46,1.46,1.454,1.457,-0.001,-0.0686,630421.0,91788.275,1.46,1.46,1.454,1.457
20150505,513100.SH,1.457,1.458,1.458,1.454,1.456,-0.001,-0.0686,479529.0,69847.921,1.458,1.458,1.454,1.456
20150506,513100.SH,1.456,1.443,1.443,1.429,1.437,-0.019,-1.3049,687256.74,98634.098,1.443,1.443,1.429,1.437
20150507,513100.SH,1.437,1.43,1.437,1.418,1.435,-0.002,-0.1392,935144.89,133392.634,1.43,1.437,1.418,1.435
20150508,513100.SH,1.435,1.438,1.451,1.435,1.45,0.015,1.0453,570436.1,81972.722,1.438,1.451,1.435,1.45
20150511,513100.SH,1.45,1.458,1.459,1.454,1.457,0.007,0.4828,556032.0,80942.868,1.458,1.459,1.454,1.457
20150512,513100.SH,1.457,1.457,1.457,1.445,1.453,-0.004,-0.2745,582815.0,84419.314,1.457,1.457,1.445,1.453
20150513,513100.SH,1.453,1.45,1.451,1.441,1.45,-0.003,-0.2065,396001.03,57249.595,1.45,1.451,1.441,1.45
20150514,513100.SH,1.45,1.447,1.457,1.443,1.456,0.006,0.4138,781703.93,113251.784,1.447,1.457,1.443,1.456
20150515,513100.SH,1.456,1.469,1.48,1.463,1.464,0.008,0.5495,609142.0,89489.713,1.469,1.48,1.463,1.464
20150518,513100.SH,1.464,1.464,1.466,1.459,1.46,-0.004,-0.2732,1303487.75,190775.487,1.464,1.466,1.459,1.46
20150519,513100.SH,1.46,1.468,1.468,1.461,1.462,0.002,0.137,716347.0,104868.719,1.468,1.468,1.461,1.462
20150520,513100.SH,1.462,1.46,1.461,1.453,1.453,-0.009,-0.6156,1131778.01,165073.663,1.46,1.461,1.453,1.453
20150521,513100.SH,1.453,1.453,1.461,1.453,1.46,0.007,0.4818,602463.5,87691.59,1.453,1.461,1.453,1.46
20150522,513100.SH,1.46,1.462,1.471,1.461,1.468,0.008,0.5479,903106.07,132495.441,1.462,1.471,1.461,1.468
20150525,513100.SH,1.468,1.464,1.47,1.451,1.468,0.0,0.0,1592537.64,232441.782,1.464,1.47,1.451,1.468
20150526,513100.SH,1.468,1.47,1.471,1.465,1.466,-0.002,-0.1362,1101618.8,161729.754,1.47,1.471,1.465,1.466
20150527,513100.SH,1.466,1.461,1.461,1.448,1.454,-0.012,-0.8186,949398.61,137760.416,1.461,1.461,1.448,1.454
20150528,513100.SH,1.454,1.461,1.5,1.461,1.481,0.027,1.8569,869207.96,127843.362,1.461,1.5,1.461,1.481
20150529,513100.SH,1.481,1.479,1.479,1.469,1.475,-0.006,-0.4051,477744.0,70234.554,1.479,1.479,1.469,1.475
20150601,513100.SH,1.475,1.469,1.469,1.457,1.467,-0.008,-0.5424,926425.11,135649.866,1.469,1.469,1.457,1.467
20150602,513100.SH,1.467,1.468,1.471,1.465,1.468,0.001,0.0682,690954.35,101373.47,1.468,1.471,1.465,1.468
20150603,513100.SH,1.468,1.455,1.464,1.455,1.459,-0.009,-0.6131,1334365.64,194931.12,1.455,1.464,1.455,1.459
20150604,513100.SH,1.459,1.46,1.469,1.46,1.465,0.006,0.4112,2067455.92,302469.71,1.46,1.469,1.46,1.465
20150605,513100.SH,1.465,1.465,1.465,1.451,1.464,-0.001,-0.0683,91456.76,13332.641,1.465,1.465,1.451,1.464
20150608,513100.SH,1.464,1.464,1.464,1.452,1.458,-0.006,-0.4098,1722212.94,251251.413,1.464,1.464,1.452,1.458
20150609,513100.SH,1.458,1.456,1.456,1.441,1.449,-0.009,-0.6173,1612868.0,233336.459,1.456,1.456,1.441,1.449
20150610,513100.SH,1.449,1.45,1.452,1.444,1.452,0.003,0.207,1320957.0,191275.458,1.45,1.452,1.444,1.452
20150611,513100.SH,1.452,1.462,1.465,1.46,1.46,0.008,0.551,1467603.76,214659.209,1.462,1.465,1.46,1.46
20150612,513100.SH,1.46,1.46,1.463,1.441,1.46,0.0,0.0,960485.12,140275.126,1.46,1.463,1.441,1.46
20150615,513100.SH,1.46,1.456,1.458,1.448,1.456,-0.004,-0.274,996485.0,144921.692,1.456,1.458,1.448,1.456
20150616,513100.SH,1.456,1.469,1.469,1.443,1.45,-0.006,-0.4121,1413050.43,204730.243,1.469,1.469,1.443,1.45
20150617,513100.SH,1.45,1.458,1.46,1.445,1.446,-0.004,-0.2759,1529173.0,222890.204,1.458,1.46,1.445,1.446
20150618,513100.SH,1.446,1.455,1.455,1.44,1.441,-0.005,-0.3458,1784701.72,258068.194,1.455,1.455,1.44,1.441
20150619,513100.SH,1.441,1.459,1.465,1.458,1.462,0.021,1.4573,906990.0,132636.509,1.459,1.465,1.458,1.462
20150623,513100.SH,1.462,1.465,1.493,1.465,1.485,0.023,1.5732,1341645.78,197427.164,1.465,1.493,1.465,1.485
20150624,513100.SH,1.485,1.488,1.49,1.478,1.481,-0.004,-0.2694,1634978.04,242392.041,1.488,1.49,1.478,1.481
20150625,513100.SH,1.481,1.48,1.48,1.464,1.471,-0.01,-0.6752,1037874.0,152835.744,1.48,1.48,1.464,1.471
20150626,513100.SH,1.471,1.471,1.471,1.465,1.47,-0.001,-0.068,317604.48,46618.706,1.471,1.471,1.465,1.47
20150629,513100.SH,1.47,1.463,1.463,1.455,1.456,-0.014,-0.9524,1783501.0,260279.434,1.463,1.463,1.455,1.456
20150630,513100.SH,1.456,1.44,1.441,1.423,1.44,-0.016,-1.0989,2265427.32,324431.199,1.44,1.441,1.423,1.44
20150701,513100.SH,1.44,1.44,1.441,1.436,1.44,0.0,0.0,280860.0,40388.047,1.44,1.441,1.436,1.44
20150702,513100.SH,1.44,1.442,1.451,1.442,1.447,0.007,0.4861,232849.0,33701.472,1.442,1.451,1.442,1.447
20150703,513100.SH,1.447,1.447,1.449,1.431,1.443,-0.004,-0.2764,261510.0,37737.121,1.447,1.449,1.431,1.443
20150706,513100.SH,1.443,1.443,1.448,1.41,1.414,-0.029,-2.0097,133805.0,18966.398,1.443,1.448,1.41,1.414
20150707,513100.SH,1.414,1.421,1.424,1.383,1.419,0.005,0.3536,296971.0,42021.273,1.421,1.424,1.383,1.419
20150708,513100.SH,1.419,1.413,1.425,1.3,1.38,-0.039,-2.7484,213855.0,30227.325,1.413,1.425,1.3,1.38
20150709,513100.SH,1.38,1.37,1.447,1.342,1.382,0.002,0.1449,188516.04,26544.352,1.37,1.447,1.342,1.382
20150710,513100.SH,1.382,1.381,1.43,1.375,1.386,0.004,0.2894,203361.02,28636.563,1.381,1.43,1.375,1.386
20150713,513100.SH,1.386,1.401,1.406,1.394,1.4,0.014,1.0101,346137.0,48488.504,1.401,1.406,1.394,1.4
20150714,513100.SH,1.4,1.419,1.45,1.411,1.441,0.041,2.9286,201065.0,28826.835,1.419,1.45,1.411,1.441
20150715,513100.SH,1.441,1.451,1.468,1.451,1.462,0.021,1.4573,67307.0,9853.294,1.451,1.468,1.451,1.462
20150716,513100.SH,1.462,1.466,1.466,1.4,1.439,-0.023,-1.5732,212281.0,30650.465,1.466,1.466,1.4,1.439
20150717,513100.SH,1.439,1.461,1.48,1.458,1.475,0.036,2.5017,73406.01,10808.312,1.461,1.48,1.458,1.475
20150720,513100.SH,1.475,1.48,1.53,1.48,1.508,0.033,2.2373,105041.0,15871.379,1.48,1.53,1.48,1.508
20150721,513100.SH,1.508,1.523,1.529,1.502,1.525,0.017,1.1273,150633.0,22822.289,1.523,1.529,1.502,1.525
20150722,513100.SH,1.525,1.512,1.512,1.503,1.507,-0.018,-1.1803,213903.0,32273.343,1.512,1.512,1.503,1.507
20150723,513100.SH,1.507,1.5,1.51,1.498,1.51,0.003,0.1991,180351.0,27144.368,1.5,1.51,1.498,1.51
20150724,513100.SH,1.51,1.5,1.511,1.496,1.498,-0.012,-0.7947,299421.0,44968.165,1.5,1.511,1.496,1.498
20150727,513100.SH,1.498,1.488,1.49,1.477,1.478,-0.02,-1.3351,311780.01,46114.703,1.488,1.49,1.477,1.478
20150728,513100.SH,1.478,1.476,1.476,1.464,1.472,-0.006,-0.406,160155.0,23520.345,1.476,1.476,1.464,1.472
20150729,513100.SH,1.472,1.481,1.505,1.481,1.499,0.027,1.8342,13536.02,2023.797,1.481,1.505,1.481,1.499
20150730,513100.SH,1.499,1.503,1.521,1.503,1.52,0.021,1.4009,118336.0,17866.085,1.503,1.521,1.503,1.52
20150731,513100.SH,1.52,1.54,1.541,1.521,1.526,0.006,0.3947,262460.0,40254.029,1.54,1.541,1.521,1.526
20150803,513100.SH,1.526,1.53,1.538,1.515,1.528,0.002,0.1311,141210.0,21585.048,1.53,1.538,1.515,1.528
20150804,513100.SH,1.528,1.528,1.528,1.51,1.511,-0.017,-1.1126,179828.66,27356.188,1.528,1.528,1.51,1.511
20150805,513100.SH,1.511,1.51,1.51,1.501,1.502,-0.009,-0.5956,174129.0,26227.395,1.51,1.51,1.501,1.502
20150806,513100.SH,1.502,1.507,1.522,1.507,1.52,0.018,1.1984,196342.36,29776.391,1.507,1.522,1.507,1.52
20150807,513100.SH,1.52,1.518,1.518,1.493,1.497,-0.023,-1.5132,241890.0,36329.401,1.518,1.518,1.493,1.497
20150810,513100.SH,1.497,1.498,1.5,1.49,1.49,-0.007,-0.4676,119985.0,17978.886,1.498,1.5,1.49,1.49
20150811,513100.SH,1.49,1.504,1.565,1.502,1.564,0.074,4.9664,196361.9,29669.542,1.504,1.565,1.502,1.564
20150812,513100.SH,1.564,1.532,1.56,1.513,1.529,-0.035,-2.2379,162506.68,25053.292,1.532,1.56,1.513,1.529
20150813,513100.SH,1.529,1.523,1.55,1.523,1.544,0.015,0.981,191513.0,29496.868,1.523,1.55,1.523,1.544
20150814,513100.SH,1.544,1.545,1.553,1.535,1.552,0.008,0.5181,205647.0,31651.824,1.545,1.553,1.535,1.552
20150817,513100.SH,1.552,1.553,1.558,1.549,1.557,0.005,0.3222,180015.0,27933.983,1.553,1.558,1.549,1.557
20150818,513100.SH,1.557,1.566,1.598,1.566,1.577,0.02,1.2845,219903.0,34555.821,1.566,1.598,1.566,1.577
20150819,513100.SH,1.577,1.568,1.57,1.546,1.558,-0.019,-1.2048,358177.22,55786.566,1.568,1.57,1.546,1.558
20150820,513100.SH,1.558,1.555,1.555,1.53,1.537,-0.021,-1.3479,222228.3,34154.731,1.555,1.555,1.53,1.537
20150821,513100.SH,1.537,1.498,1.499,1.485,1.487,-0.05,-3.2531,133344.68,19861.702,1.498,1.499,1.485,1.487
20150824,513100.SH,1.487,1.405,1.425,1.364,1.375,-0.112,-7.5319,59791.3,8354.758,1.405,1.425,1.364,1.375
20150825,513100.SH,1.375,1.339,1.387,1.339,1.378,0.003,0.2182,29306.52,3998.069,1.339,1.387,1.339,1.378
20150826,513100.SH,1.378,1.389,1.403,1.36,1.384,0.006,0.4354,178534.9,24870.897,1.389,1.403,1.36,1.384
20150827,513100.SH,1.384,1.43,1.45,1.43,1.448,0.064,4.6243,134620.0,19363.948,1.43,1.45,1.43,1.448
20150828,513100.SH,1.448,1.482,1.484,1.46,1.48,0.032,2.2099,188064.0,27766.467,1.482,1.484,1.46,1.48
20150831,513100.SH,1.48,1.478,1.478,1.467,1.468,-0.012,-0.8108,83317.0,12257.385,1.478,1.478,1.467,1.468
20150901,513100.SH,1.468,1.456,1.46,1.425,1.426,-0.042,-2.861,206200.11,29762.671,1.456,1.46,1.425,1.426
20150902,513100.SH,1.426,1.403,1.428,1.391,1.427,0.001,0.0701,198657.43,28158.691,1.403,1.428,1.391,1.427
20150907,513100.SH,1.427,1.428,1.429,1.412,1.419,-0.008,-0.5606,191626.0,27151.038,1.428,1.429,1.412,1.419
20150908,513100.SH,1.419,1.426,1.469,1.42,1.46,0.041,2.8894,115639.11,16554.974,1.426,1.469,1.42,1.46
20150909,513100.SH,1.46,1.477,1.478,1.463,1.471,0.011,0.7534,88611.0,13013.663,1.477,1.478,1.463,1.471
20150910,513100.SH,1.471,1.46,1.464,1.43,1.442,-0.029,-1.9714,96692.5,13958.123,1.46,1.464,1.43,1.442
20150911,513100.SH,1.442,1.45,1.467,1.45,1.466,0.024,1.6644,87286.5,12777.276,1.45,1.467,1.45,1.466
20150914,513100.SH,1.466,1.477,1.477,1.464,1.464,-0.002,-0.1364,9024.0,1324.84,1.477,1.477,1.464,1.464
20150915,513100.SH,1.464,1.464,1.464,1.438,1.439,-0.025,-1.7077,3010.0,437.324,1.464,1.464,1.438,1.439
20150916,513100.SH,1.439,1.461,1.477,1.461,1.476,0.037,2.5712,123296.0,18171.017,1.461,1.477,1.461,1.476
20150917,513100.SH,1.476,1.48,1.489,1.478,1.478,0.002,0.1355,114622.0,16997.658,1.48,1.489,1.478,1.478
20150918,513100.SH,1.478,1.475,1.482,1.475,1.479,0.001,0.0677,118963.11,17612.934,1.475,1.482,1.475,1.479
20150921,513100.SH,1.479,1.458,1.461,1.452,1.461,-0.018,-1.217,8664.0,1262.421,1.458,1.461,1.452,1.461
20150922,513100.SH,1.461,1.462,1.469,1.462,1.468,0.007,0.4791,4069.11,596.46,1.462,1.469,1.462,1.468
20150923,513100.SH,1.468,1.45,1.45,1.436,1.446,-0.022,-1.4986,11850.0,1711.222,1.45,1.45,1.436,1.446
20150924,513100.SH,1.446,1.445,1.447,1.444,1.446,0.0,0.0,2458.0,355.298,1.445,1.447,1.444,1.446
20150925,513100.SH,1.446,1.44,1.45,1.44,1.45,0.004,0.2766,6826.12,987.169,1.44,1.45,1.44,1.45
20150928,513100.SH,1.45,1.44,1.44,1.428,1.434,-0.016,-1.1034,8408.01,1204.411,1.44,1.44,1.428,1.434
20150929,513100.SH,1.434,1.4,1.4,1.381,1.393,-0.041,-2.8591,15435.11,2144.987,1.4,1.4,1.381,1.393
20150930,513100.SH,1.393,1.383,1.394,1.38,1.394,0.001,0.0718,31790.0,4403.028,1.383,1.394,1.38,1.394
20151008,513100.SH,1.394,1.451,1.458,1.431,1.443,0.049,3.5151,37169.44,5379.851,1.451,1.458,1.431,1.443
20151009,513100.SH,1.443,1.443,1.452,1.443,1.45,0.007,0.4851,13281.0,1924.604,1.443,1.452,1.443,1.45
20151012,513100.SH,1.45,1.452,1.461,1.452,1.461,0.011,0.7586,8623.0,1258.095,1.452,1.461,1.452,1.461
20151013,513100.SH,1.461,1.461,1.465,1.455,1.459,-0.002,-0.1369,9190.0,1344.608,1.461,1.465,1.455,1.459
20151014,513100.SH,1.459,1.445,1.454,1.437,1.451,-0.008,-0.5483,16231.0,2355.517,1.445,1.454,1.437,1.451
20151015,513100.SH,1.451,1.442,1.462,1.442,1.46,0.009,0.6203,54392.77,7931.351,1.442,1.462,1.442,1.46
20151016,513100.SH,1.46,1.472,1.484,1.472,1.484,0.024,1.6438,9658.0,1429.224,1.472,1.484,1.472,1.484
20151019,513100.SH,1.484,1.484,1.488,1.482,1.485,0.001,0.0674,12171.01,1807.939,1.484,1.488,1.482,1.485
20151020,513100.SH,1.485,1.485,1.497,1.485,1.495,0.01,0.6734,7401.0,1105.844,1.485,1.497,1.485,1.495
20151021,513100.SH,1.495,1.496,1.496,1.487,1.488,-0.007,-0.4682,4383.0,653.058,1.496,1.496,1.487,1.488
20151022,513100.SH,1.488,1.486,1.486,1.473,1.484,-0.004,-0.2688,8304.01,1229.809,1.486,1.486,1.473,1.484
20151023,513100.SH,1.484,1.51,1.539,1.51,1.531,0.047,3.1671,35495.0,5418.2,1.51,1.539,1.51,1.531
20151026,513100.SH,1.531,1.568,1.568,1.549,1.549,0.018,1.1757,9921.0,1540.469,1.568,1.568,1.549,1.549
20151027,513100.SH,1.549,1.552,1.563,1.542,1.542,-0.007,-0.4519,6536.01,1009.655,1.552,1.563,1.542,1.542
20151028,513100.SH,1.542,1.542,1.556,1.541,1.553,0.011,0.7134,12953.0,2010.698,1.542,1.556,1.541,1.553
20151029,513100.SH,1.553,1.565,1.565,1.559,1.56,0.007,0.4507,6381.0,996.55,1.565,1.565,1.559,1.56
20151030,513100.SH,1.56,1.56,1.569,1.56,1.569,0.009,0.5769,4765.0,745.025,1.56,1.569,1.56,1.569
20151102,513100.SH,1.569,1.564,1.565,1.552,1.552,-0.017,-1.0835,4849.0,754.195,1.564,1.565,1.552,1.552
20151103,513100.SH,1.552,1.569,1.576,1.568,1.575,0.023,1.482,10203.0,1603.128,1.569,1.576,1.568,1.575
20151104,513100.SH,1.575,1.579,1.58,1.574,1.58,0.005,0.3175,8059.0,1270.695,1.579,1.58,1.574,1.58
20151105,513100.SH,1.58,1.58,1.58,1.572,1.579,-0.001,-0.0633,2901.0,457.027,1.58,1.58,1.572,1.579
20151106,513100.SH,1.579,1.579,1.579,1.571,1.574,-0.005,-0.3167,5250.6,826.564,1.579,1.579,1.571,1.574
20151109,513100.SH,1.574,1.575,1.583,1.574,1.583,0.009,0.5718,17116.0,2701.479,1.575,1.583,1.574,1.583
20151110,513100.SH,1.583,1.558,1.567,1.558,1.563,-0.02,-1.2634,11904.0,1860.785,1.558,1.567,1.558,1.563
20151111,513100.SH,1.563,1.558,1.561,1.556,1.558,-0.005,-0.3199,4564.09,711.047,1.558,1.561,1.556,1.558
20151112,513100.SH,1.558,1.554,1.563,1.553,1.559,0.001,0.0642,3834.0,597.457,1.554,1.563,1.553,1.559
20151113,513100.SH,1.559,1.541,1.549,1.541,1.543,-0.016,-1.0263,5209.0,803.852,1.541,1.549,1.541,1.543
20151116,513100.SH,1.543,1.525,1.525,1.505,1.516,-0.027,-1.7498,17203.0,2603.562,1.525,1.525,1.505,1.516
20151117,513100.SH,1.516,1.536,1.552,1.536,1.552,0.036,2.3747,14622.0,2259.648,1.536,1.552,1.536,1.552
20151118,513100.SH,1.552,1.55,1.55,1.542,1.548,-0.004,-0.2577,3486.0,538.647,1.55,1.55,1.542,1.548
20151119,513100.SH,1.548,1.564,1.583,1.564,1.583,0.035,2.261,12710.11,2006.113,1.564,1.583,1.564,1.583
20151120,513100.SH,1.583,1.583,1.585,1.574,1.581,-0.002,-0.1263,4783.0,754.972,1.583,1.585,1.574,1.581
20151123,513100.SH,1.581,1.582,1.59,1.582,1.587,0.006,0.3795,5817.0,922.834,1.582,1.59,1.582,1.587
20151124,513100.SH,1.587,1.587,1.589,1.581,1.586,-0.001,-0.063,1872.0,296.683,1.587,1.589,1.581,1.586
20151125,513100.SH,1.586,1.581,1.584,1.577,1.58,-0.006,-0.3783,5273.0,833.229,1.581,1.584,1.577,1.58
20151126,513100.SH,1.58,1.584,1.585,1.578,1.581,0.001,0.0633,5425.95,857.005,1.584,1.585,1.578,1.581
20151127,513100.SH,1.581,1.578,1.588,1.578,1.584,0.003,0.1898,7349.0,1162.965,1.578,1.588,1.578,1.584
20151130,513100.SH,1.584,1.582,1.588,1.582,1.583,-0.001,-0.0631,3404.0,539.353,1.582,1.588,1.582,1.583
20151201,513100.SH,1.583,1.59,1.59,1.581,1.582,-0.001,-0.0632,4470.0,707.828,1.59,1.59,1.581,1.582
20151202,513100.SH,1.582,1.588,1.605,1.588,1.605,0.023,1.4539,7598.0,1215.361,1.588,1.605,1.588,1.605
20151203,513100.SH,1.605,1.601,1.601,1.589,1.593,-0.012,-0.7477,4744.0,755.8,1.601,1.601,1.589,1.593
20151204,513100.SH,1.593,1.58,1.58,1.567,1.572,-0.021,-1.3183,9255.0,1452.843,1.58,1.58,1.567,1.572
20151207,513100.SH,1.572,1.6,1.61,1.598,1.604,0.032,2.0356,11511.0,1844.626,1.6,1.61,1.598,1.604
20151208,513100.SH,1.604,1.598,1.599,1.594,1.598,-0.006,-0.3741,9640.0,1538.769,1.598,1.599,1.594,1.598
20151209,513100.SH,1.598,1.593,1.6,1.593,1.6,0.002,0.1252,6626.0,1058.413,1.593,1.6,1.593,1.6
20151210,513100.SH,1.6,1.595,1.595,1.572,1.582,-0.018,-1.125,6158.0,972.806,1.595,1.595,1.572,1.582
20151211,513100.SH,1.582,1.583,1.591,1.582,1.585,0.003,0.1896,6338.0,1005.984,1.583,1.591,1.582,1.585
20151214,513100.SH,1.585,1.567,1.567,1.55,1.56,-0.025,-1.5773,10929.0,1702.561,1.567,1.567,1.55,1.56
20151215,513100.SH,1.56,1.561,1.572,1.561,1.572,0.012,0.7692,5090.0,798.191,1.561,1.572,1.561,1.572
20151216,513100.SH,1.572,1.589,1.592,1.58,1.585,0.013,0.827,9002.0,1425.781,1.589,1.592,1.58,1.585
20151217,513100.SH,1.585,1.599,1.659,1.599,1.611,0.026,1.6404,19388.0,3119.148,1.599,1.659,1.599,1.611
20151218,513100.SH,1.611,1.589,1.597,1.578,1.585,-0.026,-1.6139,9709.0,1538.295,1.589,1.597,1.578,1.585
20151221,513100.SH,1.585,1.57,1.578,1.556,1.574,-0.011,-0.694,19344.0,3022.68,1.57,1.578,1.556,1.574
20151222,513100.SH,1.574,1.588,1.588,1.571,1.574,0.0,0.0,4598.0,724.533,1.588,1.588,1.571,1.574
20151223,513100.SH,1.574,1.579,1.583,1.577,1.578,0.004,0.2541,5234.0,826.35,1.579,1.583,1.577,1.578
20151224,513100.SH,1.578,1.584,1.589,1.578,1.588,0.01,0.6337,6941.0,1100.332,1.584,1.589,1.578,1.588
20151225,513100.SH,1.588,1.588,1.588,1.5,1.581,-0.007,-0.4408,22268.0,3474.912,1.588,1.588,1.5,1.581
20151228,513100.SH,1.581,1.581,1.59,1.572,1.575,-0.006,-0.3795,5519.0,871.609,1.581,1.59,1.572,1.575
20151229,513100.SH,1.575,1.578,1.585,1.578,1.582,0.007,0.4444,4217.0,666.467,1.578,1.585,1.578,1.582
20151230,513100.SH,1.582,1.6,1.612,1.599,1.607,0.025,1.5803,12237.0,1964.153,1.6,1.612,1.599,1.607
20151231,513100.SH,1.607,1.605,1.617,1.593,1.617,0.01,0.6223,7182.0,1152.097,1.605,1.617,1.593,1.617
20160104,513100.SH,1.617,1.617,1.617,1.584,1.593,-0.024,-1.4842,12030.0,1923.127,1.617,1.617,1.584,1.593
20160105,513100.SH,1.593,1.585,1.585,1.556,1.57,-0.023,-1.4438,36685.5,5747.787,1.585,1.585,1.556,1.57
20160106,513100.SH,1.57,1.568,1.593,1.557,1.578,0.008,0.5096,26134.0,4090.098,1.568,1.593,1.557,1.578
20160107,513100.SH,1.578,1.564,1.564,1.558,1.56,-0.018,-1.1407,1001.0,156.274,1.564,1.564,1.558,1.56
20160108,513100.SH,1.56,1.53,1.554,1.516,1.536,-0.024,-1.5385,35515.0,5425.279,1.53,1.554,1.516,1.536
20160111,513100.SH,1.536,1.529,1.53,1.515,1.522,-0.014,-0.9115,15380.0,2336.787,1.529,1.53,1.515,1.522
20160112,513100.SH,1.522,1.522,1.53,1.505,1.512,-0.01,-0.657,14085.0,2129.185,1.522,1.53,1.505,1.512
20160113,513100.SH,1.512,1.513,1.525,1.513,1.525,0.013,0.8598,8878.0,1350.768,1.513,1.525,1.513,1.525
20160114,513100.SH,1.525,1.5,1.5,1.418,1.497,-0.028,-1.8361,32467.0,4778.55,1.5,1.5,1.418,1.497
20160115,513100.SH,1.497,1.506,1.51,1.479,1.48,-0.017,-1.1356,26221.0,3903.006,1.506,1.51,1.479,1.48
20160118,513100.SH,1.48,1.45,1.467,1.443,1.464,-0.016,-1.0811,35063.0,5097.517,1.45,1.467,1.443,1.464
20160119,513100.SH,1.464,1.453,1.495,1.45,1.487,0.023,1.571,12536.0,1848.011,1.453,1.495,1.45,1.487
20160120,513100.SH,1.487,1.471,1.471,1.443,1.45,-0.037,-2.4882,16458.0,2395.654,1.471,1.471,1.443,1.45
20160121,513100.SH,1.45,1.45,1.459,1.429,1.43,-0.02,-1.3793,20298.0,2935.698,1.45,1.459,1.429,1.43
20160122,513100.SH,1.43,1.441,1.459,1.441,1.456,0.026,1.8182,19666.0,2855.292,1.441,1.459,1.441,1.456
20160125,513100.SH,1.456,1.47,1.489,1.47,1.487,0.031,2.1291,12059.0,1789.881,1.47,1.489,1.47,1.487
20160126,513100.SH,1.487,1.452,1.46,1.43,1.431,-0.056,-3.766,12740.0,1848.687,1.452,1.46,1.43,1.431
20160127,513100.SH,1.431,1.462,1.468,1.441,1.453,0.022,1.5374,31242.0,4553.742,1.462,1.468,1.441,1.453
20160128,513100.SH,1.453,1.438,1.445,1.431,1.438,-0.015,-1.0323,12592.0,1811.652,1.438,1.445,1.431,1.438
20160129,513100.SH,1.438,1.45,1.459,1.445,1.458,0.02,1.3908,13867.49,2015.872,1.45,1.459,1.445,1.458
20160201,513100.SH,1.458,1.471,1.487,1.471,1.485,0.027,1.8519,11636.08,1725.397,1.471,1.487,1.471,1.485
20160202,513100.SH,1.485,1.49,1.49,1.482,1.488,0.003,0.202,5966.0,887.143,1.49,1.49,1.482,1.488
20160203,513100.SH,1.488,1.456,1.465,1.451,1.458,-0.03,-2.0161,18312.0,2664.4,1.456,1.465,1.451,1.458
20160204,513100.SH,1.458,1.457,1.466,1.457,1.466,0.008,0.5487,11860.0,1733.157,1.457,1.466,1.457,1.466
20160205,513100.SH,1.466,1.461,1.5,1.456,1.481,0.015,1.0232,31567.0,4630.573,1.461,1.5,1.456,1.481
20160215,513100.SH,1.481,1.438,1.479,1.43,1.459,-0.022,-1.4855,14134.0,2060.544,1.438,1.479,1.43,1.459
20160216,513100.SH,1.459,1.461,1.47,1.458,1.464,0.005,0.3427,19133.0,2798.648,1.461,1.47,1.458,1.464
20160217,513100.SH,1.464,1.471,1.479,1.444,1.453,-0.011,-0.7514,22522.0,3281.699,1.471,1.479,1.444,1.453
20160218,513100.SH,1.453,1.467,1.47,1.456,1.457,0.004,0.2753,19298.0,2816.966,1.467,1.47,1.456,1.457
20160219,513100.SH,1.457,1.453,1.453,1.439,1.446,-0.011,-0.755,12987.0,1872.218,1.453,1.453,1.439,1.446
20160222,513100.SH,1.446,1.446,1.456,1.446,1.451,0.005,0.3458,11784.0,1709.678,1.446,1.456,1.446,1.451
20160223,513100.SH,1.451,1.46,1.46,1.456,1.458,0.007,0.4824,8621.0,1256.875,1.46,1.46,1.456,1.458
20160224,513100.SH,1.458,1.442,1.446,1.442,1.443,-0.015,-1.0288,6406.0,925.05,1.442,1.446,1.442,1.443
20160225,513100.SH,1.443,1.451,1.464,1.451,1.453,0.01,0.693,12981.0,1892.064,1.451,1.464,1.451,1.453
20160226,513100.SH,1.453,1.464,1.474,1.463,1.472,0.019,1.3076,13488.0,1982.624,1.464,1.474,1.463,1.472
20160229,513100.SH,1.472,1.48,1.48,1.463,1.463,-0.009,-0.6114,10249.0,1508.74,1.48,1.48,1.463,1.463
20160301,513100.SH,1.463,1.463,1.47,1.452,1.459,-0.004,-0.2734,7703.0,1122.342,1.463,1.47,1.452,1.459
20160302,513100.SH,1.459,1.495,1.516,1.491,1.515,0.056,3.8382,23707.0,3569.754,1.495,1.516,1.491,1.515
20160303,513100.SH,1.515,1.51,1.52,1.509,1.515,0.0,0.0,13467.0,2037.028,1.51,1.52,1.509,1.515
20160304,513100.SH,1.515,1.517,1.518,1.503,1.508,-0.007,-0.462,13476.0,2028.764,1.517,1.518,1.503,1.508
20160307,513100.SH,1.508,1.519,1.519,1.5,1.508,0.0,0.0,7702.0,1157.083,1.519,1.519,1.5,1.508
20160308,513100.SH,1.508,1.5,1.5,1.487,1.488,-0.02,-1.3263,7551.0,1124.665,1.5,1.5,1.487,1.488
20160309,513100.SH,1.488,1.479,1.479,1.462,1.469,-0.019,-1.2769,11622.0,1708.491,1.479,1.479,1.462,1.469
20160310,513100.SH,1.469,1.473,1.484,1.473,1.482,0.013,0.885,6812.0,1009.02,1.473,1.484,1.473,1.482
20160311,513100.SH,1.482,1.482,1.483,1.474,1.482,0.0,0.0,5888.0,871.682,1.482,1.483,1.474,1.482
20160314,513100.SH,1.482,1.508,1.508,1.501,1.505,0.023,1.552,8718.0,1311.663,1.508,1.508,1.501,1.505
20160315,513100.SH,1.505,1.505,1.506,1.5,1.505,0.0,0.0,5752.0,864.615,1.505,1.506,1.5,1.505
20160316,513100.SH,1.505,1.502,1.508,1.501,1.501,-0.004,-0.2658,778233.0,117122.508,1.502,1.508,1.501,1.501
20160317,513100.SH,1.501,1.509,1.518,1.505,1.515,0.014,0.9327,13132.0,1987.163,1.509,1.518,1.505,1.515
20160318,513100.SH,1.515,1.516,1.516,1.512,1.514,-0.001,-0.066,8355.0,1265.414,1.516,1.516,1.512,1.514
20160321,513100.SH,1.514,1.516,1.516,1.48,1.51,-0.004,-0.2642,10633.0,1603.42,1.516,1.516,1.48,1.51
20160322,513100.SH,1.51,1.513,1.516,1.507,1.511,0.001,0.0662,164493.0,24895.131,1.513,1.516,1.507,1.511
20160323,513100.SH,1.511,1.519,1.527,1.519,1.523,0.012,0.7942,374393.0,57071.173,1.519,1.527,1.519,1.523
20160324,513100.SH,1.523,1.515,1.515,1.508,1.509,-0.014,-0.9192,9917.0,1498.875,1.515,1.515,1.508,1.509
20160325,513100.SH,1.509,1.512,1.523,1.51,1.516,0.007,0.4639,5429.0,821.6,1.512,1.523,1.51,1.516
20160328,513100.SH,1.516,1.516,1.522,1.513,1.522,0.006,0.3958,13282.0,2014.667,1.516,1.522,1.513,1.522
20160329,513100.SH,1.522,1.515,1.523,1.514,1.515,-0.007,-0.4599,11236.0,1706.239,1.515,1.523,1.514,1.515
20160330,513100.SH,1.515,1.529,1.538,1.529,1.533,0.018,1.1881,6770.0,1038.334,1.529,1.538,1.529,1.533
20160331,513100.SH,1.533,1.534,1.539,1.534,1.535,0.002,0.1305,5149.0,790.54,1.534,1.539,1.534,1.535
20160401,513100.SH,1.535,1.535,1.535,1.527,1.527,-0.008,-0.5212,5816.0,889.169,1.535,1.535,1.527,1.527
20160405,513100.SH,1.527,1.531,1.538,1.528,1.536,0.009,0.5894,19459.0,2982.843,1.531,1.538,1.528,1.536
20160406,513100.SH,1.536,1.533,1.538,1.523,1.536,0.0,0.0,18702.0,2867.226,1.533,1.538,1.523,1.536
20160407,513100.SH,1.536,1.552,1.562,1.552,1.553,0.017,1.1068,12118.0,1888.375,1.552,1.562,1.552,1.553
20160408,513100.SH,1.553,1.552,1.552,1.53,1.536,-0.017,-1.0947,11126.0,1707.567,1.552,1.552,1.53,1.536
20160411,513100.SH,1.536,1.536,1.54,1.53,1.533,-0.003,-0.1953,6142.01,941.559,1.536,1.54,1.53,1.533
20160412,513100.SH,1.533,1.532,1.532,1.52,1.522,-0.011,-0.7175,32411.01,4937.0,1.532,1.532,1.52,1.522
20160413,513100.SH,1.522,1.53,1.533,1.53,1.532,0.01,0.657,7031.98,1077.151,1.53,1.533,1.53,1.532
20160414,513100.SH,1.532,1.546,1.551,1.546,1.549,0.017,1.1097,9895.0,1532.139,1.546,1.551,1.546,1.549
20160415,513100.SH,1.549,1.55,1.555,1.546,1.554,0.005,0.3228,5488.01,850.612,1.55,1.555,1.546,1.554
20160418,513100.SH,1.554,1.553,1.554,1.549,1.55,-0.004,-0.2574,4848.0,751.508,1.553,1.554,1.549,1.55
20160419,513100.SH,1.55,1.556,1.557,1.554,1.556,0.006,0.3871,4561.0,709.464,1.556,1.557,1.554,1.556
20160420,513100.SH,1.556,1.555,1.555,1.54,1.546,-0.01,-0.6427,10191.0,1574.502,1.555,1.555,1.54,1.546
20160421,513100.SH,1.546,1.546,1.551,1.542,1.551,0.005,0.3234,8598.0,1331.348,1.546,1.551,1.542,1.551
20160422,513100.SH,1.551,1.557,1.563,1.542,1.547,-0.004,-0.2579,8221.0,1270.619,1.557,1.563,1.542,1.547
20160425,513100.SH,1.547,1.533,1.534,1.526,1.534,-0.013,-0.8403,12954.0,1981.669,1.533,1.534,1.526,1.534
20160426,513100.SH,1.534,1.534,1.534,1.53,1.533,-0.001,-0.0652,3577.0,547.945,1.534,1.534,1.53,1.533
20160427,513100.SH,1.533,1.523,1.53,1.52,1.522,-0.011,-0.7175,14103.0,2147.402,1.523,1.53,1.52,1.522
20160428,513100.SH,1.522,1.519,1.52,1.515,1.519,-0.003,-0.1971,12107.0,1836.937,1.519,1.52,1.515,1.519
20160429,513100.SH,1.519,1.509,1.509,1.495,1.505,-0.014,-0.9217,14595.09,2191.536,1.509,1.509,1.495,1.505
20160503,513100.SH,1.505,1.505,1.508,1.5,1.507,0.002,0.1329,13271.0,1995.016,1.505,1.508,1.5,1.507
20160504,513100.SH,1.507,1.494,1.5,1.492,1.495,-0.012,-0.7963,18375.0,2747.291,1.494,1.5,1.492,1.495
20160505,513100.SH,1.495,1.487,1.49,1.486,1.49,-0.005,-0.3344,9257.0,1377.586,1.487,1.49,1.486,1.49
20160506,513100.SH,1.49,1.49,1.494,1.488,1.494,0.004,0.2685,5945.0,886.909,1.49,1.494,1.488,1.494
20160509,513100.SH,1.494,1.494,1.503,1.494,1.503,0.009,0.6024,9515.0,1426.339,1.494,1.503,1.494,1.503
20160510,513100.SH,1.503,1.503,1.505,1.5,1.503,0.0,0.0,8396.0,1261.685,1.503,1.505,1.5,1.503
20160511,513100.SH,1.503,1.515,1.524,1.515,1.524,0.021,1.3972,11412.0,1734.231,1.515,1.524,1.515,1.524
20160512,513100.SH,1.524,1.509,1.511,1.506,1.51,-0.014,-0.9186,6905.0,1041.323,1.509,1.511,1.506,1.51
20160513,513100.SH,1.51,1.509,1.509,1.498,1.498,-0.012,-0.7947,7601.0,1140.23,1.509,1.509,1.498,1.498
20160516,513100.SH,1.498,1.498,1.5,1.494,1.499,0.001,0.0668,4213.0,630.461,1.498,1.5,1.494,1.499
20160517,513100.SH,1.499,1.508,1.518,1.508,1.516,0.017,1.1341,7267.0,1100.784,1.508,1.518,1.508,1.516
20160518,513100.SH,1.516,1.497,1.499,1.495,1.498,-0.018,-1.1873,6753.0,1011.197,1.497,1.499,1.495,1.498
20160519,513100.SH,1.498,1.504,1.504,1.5,1.501,0.003,0.2003,3329.0,500.303,1.504,1.504,1.5,1.501
20160520,513100.SH,1.501,1.498,1.502,1.498,1.502,0.001,0.0666,3675.0,550.913,1.498,1.502,1.498,1.502
20160523,513100.SH,1.502,1.51,1.517,1.51,1.513,0.011,0.7324,3934.0,595.36,1.51,1.517,1.51,1.513
20160524,513100.SH,1.513,1.513,1.514,1.51,1.513,0.0,0.0,2460.0,371.983,1.513,1.514,1.51,1.513
20160525,513100.SH,1.513,1.532,1.54,1.532,1.54,0.027,1.7845,15487.0,2382.036,1.532,1.54,1.532,1.54
20160526,513100.SH,1.54,1.545,1.55,1.545,1.546,0.006,0.3896,11560.0,1788.903,1.545,1.55,1.545,1.546
20160527,513100.SH,1.546,1.549,1.557,1.549,1.553,0.007,0.4528,34329.0,5327.091,1.549,1.557,1.549,1.553
20160530,513100.SH,1.553,1.555,1.57,1.555,1.568,0.015,0.9659,26516.99,4148.017,1.555,1.57,1.555,1.568
20160531,513100.SH,1.568,1.568,1.579,1.568,1.576,0.008,0.5102,7158.0,1127.598,1.568,1.579,1.568,1.576
20160601,513100.SH,1.576,1.577,1.582,1.576,1.577,0.001,0.0635,7217.0,1138.848,1.577,1.582,1.576,1.577
20160602,513100.SH,1.577,1.571,1.576,1.57,1.571,-0.006,-0.3805,9238.0,1453.308,1.571,1.576,1.57,1.571
20160603,513100.SH,1.571,1.575,1.576,1.569,1.571,0.0,0.0,7205.0,1132.053,1.575,1.576,1.569,1.571
20160606,513100.SH,1.571,1.565,1.565,1.56,1.56,-0.011,-0.7002,10679.0,1667.918,1.565,1.565,1.56,1.56
20160607,513100.SH,1.56,1.57,1.571,1.562,1.566,0.006,0.3846,7630.0,1194.289,1.57,1.571,1.562,1.566
20160608,513100.SH,1.566,1.565,1.565,1.56,1.56,-0.006,-0.3831,7914.0,1236.007,1.565,1.565,1.56,1.56
20160613,513100.SH,1.56,1.555,1.555,1.536,1.54,-0.02,-1.2821,18178.0,2800.094,1.555,1.555,1.536,1.54
20160614,513100.SH,1.54,1.538,1.541,1.533,1.539,-0.001,-0.0649,5503.0,845.327,1.538,1.541,1.533,1.539
20160615,513100.SH,1.539,1.539,1.55,1.536,1.55,0.011,0.7147,6008.0,927.418,1.539,1.55,1.536,1.55
20160616,513100.SH,1.55,1.548,1.548,1.541,1.548,-0.002,-0.129,2752.0,425.037,1.548,1.548,1.541,1.548
20160617,513100.SH,1.548,1.548,1.554,1.546,1.55,0.002,0.1292,5848.0,905.572,1.548,1.554,1.546,1.55
20160620,513100.SH,1.55,1.55,1.555,1.537,1.554,0.004,0.2581,3768.0,583.43,1.55,1.555,1.537,1.554
20160621,513100.SH,1.554,1.556,1.561,1.538,1.546,-0.008,-0.5148,15176.0,2344.054,1.556,1.561,1.538,1.546
20160622,513100.SH,1.546,1.548,1.548,1.541,1.541,-0.005,-0.3234,2613.0,403.484,1.548,1.548,1.541,1.541
20160623,513100.SH,1.541,1.546,1.551,1.541,1.544,0.003,0.1947,3385.0,522.996,1.546,1.551,1.541,1.544
20160624,513100.SH,1.544,1.554,1.559,1.5,1.53,-0.014,-0.9067,28372.97,4342.549,1.554,1.559,1.5,1.53
20160627,513100.SH,1.53,1.509,1.53,1.492,1.525,-0.005,-0.3268,21320.0,3204.882,1.509,1.53,1.492,1.525
20160628,513100.SH,1.525,1.511,1.523,1.495,1.522,-0.003,-0.1967,18593.75,2815.901,1.511,1.523,1.495,1.522
20160629,513100.SH,1.522,1.53,1.534,1.521,1.525,0.003,0.1971,32170.0,4904.58,1.53,1.534,1.521,1.525
20160630,513100.SH,1.525,1.534,1.538,1.532,1.537,0.012,0.7869,20421.0,3134.984,1.534,1.538,1.532,1.537
20160701,513100.SH,1.537,1.545,1.554,1.545,1.55,0.013,0.8458,34830.0,5400.813,1.545,1.554,1.545,1.55
20160704,513100.SH,1.55,1.552,1.56,1.548,1.557,0.007,0.4516,23100.5,3588.059,1.552,1.56,1.548,1.557
20160705,513100.SH,1.557,1.556,1.556,1.551,1.555,-0.002,-0.1285,3154.5,489.974,1.556,1.556,1.551,1.555
20160706,513100.SH,1.555,1.55,1.552,1.545,1.551,-0.004,-0.2572,14228.0,2201.685,1.55,1.552,1.545,1.551
20160707,513100.SH,1.551,1.559,1.569,1.557,1.568,0.017,1.0961,30665.5,4796.713,1.559,1.569,1.557,1.568
20160708,513100.SH,1.568,1.57,1.575,1.566,1.567,-0.001,-0.0638,12655.5,1985.754,1.57,1.575,1.566,1.567
20160711,513100.SH,1.567,1.584,1.597,1.584,1.597,0.03,1.9145,22360.0,3560.183,1.584,1.597,1.584,1.597
20160712,513100.SH,1.597,1.599,1.607,1.599,1.603,0.006,0.3757,26557.94,4259.354,1.599,1.607,1.599,1.603
20160713,513100.SH,1.603,1.609,1.615,1.609,1.61,0.007,0.4367,6684.0,1077.618,1.609,1.615,1.609,1.61
20160714,513100.SH,1.61,1.608,1.612,1.606,1.608,-0.002,-0.1242,17119.66,2752.032,1.608,1.612,1.606,1.608
20160715,513100.SH,1.608,1.612,1.623,1.612,1.621,0.013,0.8085,9078.0,1470.878,1.612,1.623,1.612,1.621
20160718,513100.SH,1.621,1.62,1.62,1.613,1.619,-0.002,-0.1234,10026.94,1620.675,1.62,1.62,1.613,1.619
20160719,513100.SH,1.619,1.623,1.633,1.623,1.633,0.014,0.8647,19642.6,3200.063,1.623,1.633,1.623,1.633
20160720,513100.SH,1.633,1.632,1.632,1.625,1.631,-0.002,-0.1225,7922.0,1290.235,1.632,1.632,1.625,1.631
20160721,513100.SH,1.631,1.643,1.649,1.641,1.644,0.013,0.7971,13918.0,2290.063,1.643,1.649,1.641,1.644
20160722,513100.SH,1.644,1.646,1.646,1.637,1.637,-0.007,-0.4258,4156.0,681.487,1.646,1.646,1.637,1.637
20160725,513100.SH,1.637,1.642,1.655,1.641,1.643,0.006,0.3665,5282.0,868.566,1.642,1.655,1.641,1.643
20160726,513100.SH,1.643,1.642,1.648,1.637,1.647,0.004,0.2435,4856.0,798.694,1.642,1.648,1.637,1.647
20160727,513100.SH,1.647,1.648,1.651,1.645,1.649,0.002,0.1214,7657.72,1261.58,1.648,1.651,1.645,1.649
20160728,513100.SH,1.649,1.651,1.656,1.651,1.656,0.007,0.4245,5389.0,892.027,1.651,1.656,1.651,1.656
20160729,513100.SH,1.656,1.659,1.665,1.659,1.665,0.009,0.5435,10556.0,1754.066,1.659,1.665,1.659,1.665
20160801,513100.SH,1.665,1.742,1.742,1.665,1.67,0.005,0.3003,8502.0,1423.337,1.742,1.742,1.665,1.67
20160802,513100.SH,1.67,1.671,1.684,1.671,1.678,0.008,0.479,7009.0,1174.009,1.671,1.684,1.671,1.678
20160803,513100.SH,1.678,1.663,1.664,1.654,1.654,-0.024,-1.4303,15101.0,2502.615,1.663,1.664,1.654,1.654
20160804,513100.SH,1.654,1.66,1.662,1.653,1.656,0.002,0.1209,5361.66,888.488,1.66,1.662,1.653,1.656
20160805,513100.SH,1.656,1.66,1.669,1.66,1.668,0.012,0.7246,9810.72,1633.364,1.66,1.669,1.66,1.668
20160808,513100.SH,1.668,1.678,1.729,1.678,1.688,0.02,1.199,6481.0,1092.094,1.678,1.729,1.678,1.688
20160809,513100.SH,1.688,1.685,1.695,1.681,1.695,0.007,0.4147,6002.0,1013.616,1.685,1.695,1.681,1.695
20160810,513100.SH,1.695,1.704,1.707,1.692,1.7,0.005,0.295,15062.0,2553.4,1.704,1.707,1.692,1.7
20160811,513100.SH,1.7,1.7,1.7,1.688,1.693,-0.007,-0.4118,8184.0,1384.433,1.7,1.7,1.688,1.693
20160812,513100.SH,1.693,1.697,1.706,1.694,1.702,0.009,0.5316,15216.0,2585.621,1.697,1.706,1.694,1.702
20160815,513100.SH,1.702,1.701,1.702,1.69,1.698,-0.004,-0.235,7421.0,1261.366,1.701,1.702,1.69,1.698
20160816,513100.SH,1.698,1.708,1.713,1.699,1.702,0.004,0.2356,4867.0,828.085,1.708,1.713,1.699,1.702
20160817,513100.SH,1.702,1.698,1.698,1.685,1.688,-0.014,-0.8226,7073.0,1193.459,1.698,1.698,1.685,1.688
20160818,513100.SH,1.688,1.69,1.693,1.686,1.692,0.004,0.237,5052.0,853.08,1.69,1.693,1.686,1.692
20160819,513100.SH,1.692,1.692,1.692,1.688,1.691,-0.001,-0.0591,4132.75,698.288,1.692,1.692,1.688,1.691
20160822,513100.SH,1.691,1.689,1.694,1.687,1.691,0.0,0.0,3252.0,549.912,1.689,1.694,1.687,1.691
20160823,513100.SH,1.691,1.694,1.703,1.694,1.703,0.012,0.7096,2872.0,488.219,1.694,1.703,1.694,1.703
20160824,513100.SH,1.703,1.705,1.708,1.703,1.707,0.004,0.2349,5294.0,902.793,1.705,1.708,1.703,1.707
20160825,513100.SH,1.707,1.698,1.698,1.686,1.695,-0.012,-0.703,8316.0,1406.66,1.698,1.698,1.686,1.695
20160826,513100.SH,1.695,1.695,1.699,1.695,1.699,0.004,0.236,4639.0,786.926,1.695,1.699,1.695,1.699
20160829,513100.SH,1.699,1.699,1.699,1.69,1.694,-0.005,-0.2943,2577.0,436.865,1.699,1.699,1.69,1.694
20160830,513100.SH,1.694,1.698,1.704,1.698,1.703,0.009,0.5313,4725.0,804.359,1.698,1.704,1.698,1.703
20160831,513100.SH,1.703,1.703,1.703,1.691,1.693,-0.01,-0.5872,6585.0,1114.747,1.703,1.703,1.691,1.693
20160901,513100.SH,1.693,1.693,1.696,1.688,1.695,0.002,0.1181,2566.0,434.507,1.693,1.696,1.688,1.695
20160902,513100.SH,1.695,1.694,1.695,1.691,1.694,-0.001,-0.059,1615.0,273.338,1.694,1.695,1.691,1.694
20160905,513100.SH,1.694,1.709,1.709,1.698,1.704,0.01,0.5903,7880.01,1342.274,1.709,1.709,1.698,1.704
20160906,513100.SH,1.704,1.704,1.711,1.701,1.71,0.006,0.3521,7666.0,1308.507,1.704,1.711,1.701,1.71
20160907,513100.SH,1.71,1.719,1.722,1.71,1.722,0.012,0.7018,6806.0,1169.497,1.719,1.722,1.71,1.722
20160908,513100.SH,1.722,1.722,1.728,1.71,1.717,-0.005,-0.2904,16002.0,2743.079,1.722,1.728,1.71,1.717
20160909,513100.SH,1.717,1.714,1.715,1.703,1.715,-0.002,-0.1165,3943.0,673.519,1.714,1.715,1.703,1.715
20160912,513100.SH,1.715,1.68,1.685,1.651,1.661,-0.054,-3.1487,20825.66,3458.65,1.68,1.685,1.651,1.661
20160913,513100.SH,1.661,1.686,1.695,1.682,1.685,0.024,1.4449,9490.32,1600.848,1.686,1.695,1.682,1.685
20160914,513100.SH,1.685,1.667,1.674,1.663,1.672,-0.013,-0.7715,7447.6,1243.597,1.667,1.674,1.663,1.672
20160919,513100.SH,1.672,1.686,1.712,1.686,1.712,0.04,2.3923,8518.0,1449.34,1.686,1.712,1.686,1.712
20160920,513100.SH,1.712,1.709,1.709,1.697,1.701,-0.011,-0.6425,5045.0,857.383,1.709,1.709,1.697,1.701
20160921,513100.SH,1.701,1.718,1.718,1.697,1.701,0.0,0.0,4455.0,756.884,1.718,1.718,1.697,1.701
20160922,513100.SH,1.701,1.712,1.73,1.712,1.728,0.027,1.5873,8486.0,1463.392,1.712,1.73,1.712,1.728
20160923,513100.SH,1.728,1.735,1.775,1.735,1.773,0.045,2.6042,9708.0,1706.771,1.735,1.775,1.735,1.773
20160926,513100.SH,1.773,1.736,1.76,1.72,1.745,-0.028,-1.5792,15169.0,2629.664,1.736,1.76,1.72,1.745
20160927,513100.SH,1.745,1.727,1.738,1.716,1.722,-0.023,-1.3181,18276.0,3155.273,1.727,1.738,1.716,1.722
20160928,513100.SH,1.722,1.74,1.743,1.72,1.724,0.002,0.1161,18849.0,3252.543,1.74,1.743,1.72,1.724
20160929,513100.SH,1.724,1.726,1.728,1.723,1.724,0.0,0.0,12665.0,2184.219,1.726,1.728,1.723,1.724
20160930,513100.SH,1.724,1.72,1.72,1.706,1.707,-0.017,-0.9861,15927.0,2720.684,1.72,1.72,1.706,1.707
20161010,513100.SH,1.707,1.714,1.723,1.714,1.721,0.014,0.8202,9656.01,1659.314,1.714,1.723,1.714,1.721
20161011,513100.SH,1.721,1.73,1.745,1.729,1.743,0.022,1.2783,23208.01,4031.479,1.73,1.745,1.729,1.743
20161012,513100.SH,1.743,1.72,1.749,1.718,1.74,-0.003,-0.1721,11878.0,2061.178,1.72,1.749,1.718,1.74
20161013,513100.SH,1.74,1.74,1.743,1.72,1.735,-0.005,-0.2874,18238.0,3152.447,1.74,1.743,1.72,1.735
20161014,513100.SH,1.735,1.732,1.736,1.722,1.734,-0.001,-0.0576,4607.0,796.939,1.732,1.736,1.722,1.734
20161017,513100.SH,1.734,1.734,1.734,1.713,1.717,-0.017,-0.9804,28791.0,4939.08,1.734,1.734,1.713,1.717
20161018,513100.SH,1.717,1.717,1.724,1.712,1.717,0.0,0.0,9547.0,1637.263,1.717,1.724,1.712,1.717
20161019,513100.SH,1.717,1.718,1.726,1.718,1.725,0.008,0.4659,5096.0,878.257,1.718,1.726,1.718,1.725
20161020,513100.SH,1.725,1.725,1.733,1.723,1.733,0.008,0.4638,10851.0,1875.678,1.725,1.733,1.723,1.733
20161021,513100.SH,1.733,1.731,1.731,1.725,1.728,-0.005,-0.2885,8693.0,1502.693,1.731,1.731,1.725,1.728
20161024,513100.SH,1.728,1.729,1.739,1.729,1.739,0.011,0.6366,9902.01,1719.34,1.729,1.739,1.729,1.739
20161025,513100.SH,1.739,1.754,1.763,1.753,1.762,0.023,1.3226,11546.0,2031.555,1.754,1.763,1.753,1.762
20161026,513100.SH,1.762,1.759,1.759,1.747,1.751,-0.011,-0.6243,11379.0,1991.352,1.759,1.759,1.747,1.751
20161027,513100.SH,1.751,1.749,1.749,1.735,1.738,-0.013,-0.7424,9593.0,1667.562,1.749,1.749,1.735,1.738
20161028,513100.SH,1.738,1.738,1.738,1.73,1.737,-0.001,-0.0575,3843.0,666.882,1.738,1.738,1.73,1.737
20161031,513100.SH,1.737,1.733,1.735,1.728,1.734,-0.003,-0.1727,9455.0,1636.608,1.733,1.735,1.728,1.734
20161101,513100.SH,1.734,1.735,1.738,1.73,1.738,0.004,0.2307,5621.0,974.534,1.735,1.738,1.73,1.738
20161102,513100.SH,1.738,1.725,1.725,1.712,1.719,-0.019,-1.0932,15326.0,2631.266,1.725,1.725,1.712,1.719
20161103,513100.SH,1.719,1.71,1.71,1.698,1.702,-0.017,-0.9889,20059.0,3416.937,1.71,1.71,1.698,1.702
20161104,513100.SH,1.702,1.683,1.706,1.679,1.706,0.004,0.235,23044.0,3893.92,1.683,1.706,1.679,1.706
20161107,513100.SH,1.706,1.709,1.728,1.709,1.727,0.021,1.2309,10241.0,1762.384,1.709,1.728,1.709,1.727
20161108,513100.SH,1.727,1.738,1.75,1.721,1.723,-0.004,-0.2316,22580.0,3905.161,1.738,1.75,1.721,1.723
20161109,513100.SH,1.723,1.727,1.731,1.63,1.674,-0.049,-2.8439,54905.99,9280.7,1.727,1.731,1.63,1.674
20161110,513100.SH,1.674,1.719,1.739,1.712,1.732,0.058,3.4648,58883.99,10170.075,1.719,1.739,1.712,1.732
20161111,513100.SH,1.732,1.723,1.723,1.706,1.709,-0.023,-1.3279,22056.0,3773.172,1.723,1.723,1.706,1.709
20161114,513100.SH,1.709,1.713,1.72,1.713,1.719,0.01,0.5851,13008.67,2233.445,1.713,1.72,1.713,1.719
20161115,513100.SH,1.719,1.718,1.718,1.695,1.703,-0.016,-0.9308,16370.01,2794.046,1.718,1.718,1.695,1.703
20161116,513100.SH,1.703,1.718,1.733,1.718,1.733,0.03,1.7616,18483.01,3195.756,1.718,1.733,1.718,1.733
20161117,513100.SH,1.733,1.734,1.742,1.733,1.739,0.006,0.3462,92224.0,16043.887,1.734,1.742,1.733,1.739
20161118,513100.SH,1.739,1.749,1.76,1.747,1.759,0.02,1.1501,235538.66,41278.336,1.749,1.76,1.747,1.759
20161121,513100.SH,1.759,1.753,1.76,1.751,1.752,-0.007,-0.398,256411.0,44996.466,1.753,1.76,1.751,1.752
20161122,513100.SH,1.752,1.769,1.78,1.769,1.778,0.026,1.484,53031.0,9429.084,1.769,1.78,1.769,1.778
20161123,513100.SH,1.778,1.78,1.782,1.776,1.779,0.001,0.0562,105761.0,18824.051,1.78,1.782,1.776,1.779
20161124,513100.SH,1.779,1.78,1.782,1.771,1.782,0.003,0.1686,38782.0,6884.068,1.78,1.782,1.771,1.782
20161125,513100.SH,1.782,1.782,1.849,1.773,1.8,0.018,1.0101,30723.0,5585.855,1.782,1.849,1.773,1.8
20161128,513100.SH,1.8,1.8,1.824,1.792,1.814,0.014,0.7778,10965.0,1990.696,1.8,1.824,1.792,1.814
20161129,513100.SH,1.814,1.808,1.808,1.78,1.797,-0.017,-0.9372,26349.0,4722.353,1.808,1.808,1.78,1.797
20161130,513100.SH,1.797,1.797,1.797,1.783,1.79,-0.007,-0.3895,19017.0,3401.284,1.797,1.797,1.783,1.79
20161201,513100.SH,1.79,1.783,1.783,1.758,1.768,-0.022,-1.2291,29953.0,5286.249,1.783,1.783,1.758,1.768
20161202,513100.SH,1.768,1.745,1.755,1.744,1.755,-0.013,-0.7353,14484.01,2533.291,1.745,1.755,1.744,1.755
20161205,513100.SH,1.755,1.755,1.756,1.73,1.753,-0.002,-0.114,21378.0,3720.789,1.755,1.756,1.73,1.753
20161206,513100.SH,1.753,1.785,1.785,1.761,1.769,0.016,0.9127,24350.0,4313.081,1.785,1.785,1.761,1.769
20161207,513100.SH,1.769,1.775,1.784,1.759,1.767,-0.002,-0.1131,61413.01,10870.664,1.775,1.784,1.759,1.767
20161208,513100.SH,1.767,1.784,1.81,1.774,1.801,0.034,1.9242,45652.69,8162.124,1.784,1.81,1.774,1.801
20161209,513100.SH,1.801,1.804,1.804,1.78,1.784,-0.017,-0.9439,45175.0,8107.26,1.804,1.804,1.78,1.784
20161212,513100.SH,1.784,1.79,1.815,1.79,1.794,0.01,0.5605,78713.0,14159.921,1.79,1.815,1.79,1.794
20161213,513100.SH,1.794,1.793,1.796,1.782,1.794,0.0,0.0,99750.0,17844.336,1.793,1.796,1.782,1.794
20161214,513100.SH,1.794,1.822,1.822,1.807,1.808,0.014,0.7804,37212.0,6737.251,1.822,1.822,1.807,1.808
20161215,513100.SH,1.808,1.8,1.815,1.793,1.81,0.002,0.1106,35639.61,6415.4,1.8,1.815,1.793,1.81
20161216,513100.SH,1.81,1.818,1.828,1.817,1.818,0.008,0.442,25392.0,4625.939,1.818,1.828,1.817,1.818
20161219,513100.SH,1.818,1.817,1.818,1.81,1.813,-0.005,-0.275,56776.0,10303.911,1.817,1.818,1.81,1.813
20161220,513100.SH,1.813,1.814,1.822,1.813,1.816,0.003,0.1655,28753.01,5224.444,1.814,1.822,1.813,1.816
20161221,513100.SH,1.816,1.821,1.846,1.821,1.846,0.03,1.652,147734.01,27027.681,1.821,1.846,1.821,1.846
20161222,513100.SH,1.846,1.834,1.846,1.828,1.838,-0.008,-0.4334,1027182.0,189159.589,1.834,1.846,1.828,1.838
20161223,513100.SH,1.838,1.825,1.844,1.825,1.836,-0.002,-0.1088,130604.0,24004.702,1.825,1.844,1.825,1.836
20161226,513100.SH,1.836,1.839,1.887,1.838,1.865,0.029,1.5795,52118.0,9735.886,1.839,1.887,1.838,1.865
20161227,513100.SH,1.865,1.872,1.88,1.825,1.834,-0.031,-1.6622,39268.0,7254.098,1.872,1.88,1.825,1.834
20161228,513100.SH,1.834,1.851,1.851,1.834,1.843,0.009,0.4907,95178.0,17490.164,1.851,1.851,1.834,1.843
20161229,513100.SH,1.843,1.83,1.832,1.823,1.825,-0.018,-0.9767,84534.0,15447.422,1.83,1.832,1.823,1.825
20161230,513100.SH,1.825,1.821,1.825,1.813,1.817,-0.008,-0.4384,55491.66,10100.661,1.821,1.825,1.813,1.817
20170103,513100.SH,1.817,1.806,1.806,1.784,1.801,-0.016,-0.8806,48521.98,8713.022,1.806,1.806,1.784,1.801
20170104,513100.SH,1.801,1.813,1.814,1.808,1.812,0.011,0.6108,27057.0,4901.184,1.813,1.814,1.808,1.812
20170105,513100.SH,1.812,1.82,1.831,1.811,1.811,-0.001,-0.0552,18924.0,3438.999,1.82,1.831,1.811,1.811
20170106,513100.SH,1.811,1.811,1.814,1.809,1.812,0.001,0.0552,13235.0,2396.898,1.811,1.814,1.809,1.812
20170109,513100.SH,1.812,1.822,1.825,1.817,1.823,0.011,0.6071,26148.0,4759.966,1.822,1.825,1.817,1.823
20170110,513100.SH,1.823,1.828,1.832,1.822,1.832,0.009,0.4937,19837.0,3627.216,1.828,1.832,1.822,1.832
20170111,513100.SH,1.832,1.838,1.844,1.838,1.842,0.01,0.5459,16600.0,3057.784,1.838,1.844,1.838,1.842
20170112,513100.SH,1.842,1.849,1.85,1.84,1.84,-0.002,-0.1086,12497.0,2305.919,1.849,1.85,1.84,1.84
20170113,513100.SH,1.84,1.835,1.839,1.832,1.837,-0.003,-0.163,15260.0,2799.051,1.835,1.839,1.832,1.837
20170116,513100.SH,1.837,1.839,1.847,1.839,1.845,0.008,0.4355,22291.0,4109.495,1.839,1.847,1.839,1.845
20170117,513100.SH,1.845,1.845,1.845,1.834,1.836,-0.009,-0.4878,17238.0,3169.381,1.845,1.845,1.834,1.836
20170118,513100.SH,1.836,1.827,1.833,1.823,1.832,-0.004,-0.2179,22889.0,4182.459,1.827,1.833,1.823,1.832
20170119,513100.SH,1.832,1.827,1.841,1.826,1.833,0.001,0.0546,13056.0,2393.21,1.827,1.841,1.826,1.833
20170120,513100.SH,1.833,1.83,1.835,1.828,1.833,0.0,0.0,7697.0,1409.408,1.83,1.835,1.828,1.833
20170123,513100.SH,1.833,1.83,1.836,1.827,1.83,-0.003,-0.1637,13876.0,2539.0,1.83,1.836,1.827,1.83
20170124,513100.SH,1.83,1.829,1.836,1.827,1.836,0.006,0.3279,5808.0,1063.802,1.829,1.836,1.827,1.836
20170125,513100.SH,1.836,1.839,1.852,1.839,1.851,0.015,0.817,16948.0,3132.277,1.839,1.852,1.839,1.851
20170126,513100.SH,1.851,1.865,1.881,1.865,1.881,0.03,1.6207,33295.0,6241.888,1.865,1.881,1.865,1.881
20170203,513100.SH,1.881,1.864,1.87,1.856,1.868,-0.013,-0.6911,18852.01,3515.013,1.864,1.87,1.856,1.868
20170206,513100.SH,1.868,1.871,1.88,1.864,1.874,0.006,0.3212,19986.0,3738.904,1.871,1.88,1.864,1.874
20170207,513100.SH,1.874,1.872,1.876,1.869,1.874,0.0,0.0,12535.0,2346.471,1.872,1.876,1.869,1.874
20170208,513100.SH,1.874,1.883,1.889,1.879,1.889,0.015,0.8004,18429.0,3473.989,1.883,1.889,1.879,1.889
20170209,513100.SH,1.889,1.889,1.897,1.883,1.894,0.005,0.2647,19493.0,3692.507,1.889,1.897,1.883,1.894
20170210,513100.SH,1.894,1.897,1.913,1.897,1.913,0.019,1.0032,30777.0,5863.14,1.897,1.913,1.897,1.913
20170213,513100.SH,1.913,1.918,1.918,1.91,1.916,0.003,0.1568,28709.0,5494.623,1.918,1.918,1.91,1.916
20170214,513100.SH,1.916,1.932,1.933,1.913,1.915,-0.001,-0.0522,18750.0,3606.183,1.932,1.933,1.913,1.915
20170215,513100.SH,1.915,1.925,1.93,1.917,1.929,0.014,0.7311,32412.0,6241.262,1.925,1.93,1.917,1.929
20170216,513100.SH,1.929,1.937,1.943,1.937,1.938,0.009,0.4666,27264.0,5287.71,1.937,1.943,1.937,1.938
20170217,513100.SH,1.938,1.937,1.938,1.924,1.931,-0.007,-0.3612,20204.0,3899.333,1.937,1.938,1.924,1.931
20170220,513100.SH,1.931,1.935,1.94,1.932,1.937,0.006,0.3107,35836.0,6938.783,1.935,1.94,1.932,1.937
20170221,513100.SH,1.937,1.94,1.943,1.937,1.939,0.002,0.1033,21261.0,4122.89,1.94,1.943,1.937,1.939
20170222,513100.SH,1.939,1.947,1.965,1.947,1.965,0.026,1.3409,31501.0,6161.421,1.947,1.965,1.947,1.965
20170223,513100.SH,1.965,1.966,1.969,1.955,1.963,-0.002,-0.1018,22026.0,4319.007,1.966,1.969,1.955,1.963
20170224,513100.SH,1.963,1.952,1.966,1.951,1.957,-0.006,-0.3057,27442.0,5367.793,1.952,1.966,1.951,1.957
20170227,513100.SH,1.957,1.958,1.958,1.945,1.947,-0.01,-0.511,21613.0,4213.727,1.958,1.958,1.945,1.947
20170228,513100.SH,1.947,1.952,1.957,1.949,1.955,0.008,0.4109,25841.0,5046.491,1.952,1.957,1.949,1.955
20170301,513100.SH,1.955,1.947,1.948,1.941,1.947,-0.008,-0.4092,23828.0,4633.385,1.947,1.948,1.941,1.947
20170302,513100.SH,1.947,1.977,2.054,1.965,1.989,0.042,2.1572,118538.01,23451.36,1.977,2.054,1.965,1.989
20170303,513100.SH,1.989,1.975,1.981,1.966,1.978,-0.011,-0.553,79626.0,15705.342,1.975,1.981,1.966,1.978
20170306,513100.SH,1.978,1.977,2.022,1.972,2.02,0.042,2.1234,82580.0,16500.352,1.977,2.022,1.972,2.02
20170307,513100.SH,2.02,2.0,2.016,1.971,1.993,-0.027,-1.3366,68384.0,13665.871,2.0,2.016,1.971,1.993
20170308,513100.SH,1.993,1.984,1.986,1.971,1.978,-0.015,-0.7526,36771.0,7267.591,1.984,1.986,1.971,1.978
20170309,513100.SH,1.978,1.98,1.988,1.965,1.979,0.001,0.0506,47733.0,9424.124,1.98,1.988,1.965,1.979
20170310,513100.SH,1.979,1.979,1.996,1.975,1.995,0.016,0.8085,39397.0,7822.566,1.979,1.996,1.975,1.995
20170313,513100.SH,1.995,2.004,2.015,2.0,2.01,0.015,0.7519,37611.0,7548.086,2.004,2.015,2.0,2.01
20170314,513100.SH,2.01,2.014,2.027,2.013,2.025,0.015,0.7463,24835.18,5016.013,2.014,2.027,2.013,2.025
20170315,513100.SH,2.025,2.015,2.019,2.002,2.019,-0.006,-0.2963,16787.09,3376.971,2.015,2.019,2.002,2.019
20170316,513100.SH,2.019,2.03,2.049,2.03,2.04,0.021,1.0401,34525.0,7047.141,2.03,2.049,2.03,2.04
20170317,513100.SH,2.04,2.04,2.04,2.026,2.034,-0.006,-0.2941,33780.0,6862.948,2.04,2.04,2.026,2.034
20170320,513100.SH,2.034,2.034,2.035,2.024,2.028,-0.006,-0.295,25199.0,5109.712,2.034,2.035,2.024,2.028
20170321,513100.SH,2.028,2.03,2.04,2.026,2.04,0.012,0.5917,14667.0,2983.199,2.03,2.04,2.026,2.04
20170322,513100.SH,2.04,1.999,1.999,1.975,1.977,-0.063,-3.0882,71536.0,14215.531,1.999,1.999,1.975,1.977
20170323,513100.SH,1.977,1.987,1.995,1.978,1.982,0.005,0.2529,23317.0,4630.402,1.987,1.995,1.978,1.982
20170324,513100.SH,1.982,1.982,1.982,1.945,1.955,-0.027,-1.3623,52603.02,10292.726,1.982,1.982,1.945,1.955
20170327,513100.SH,1.955,1.953,1.953,1.934,1.936,-0.019,-0.9719,45497.0,8835.952,1.953,1.953,1.934,1.936
20170328,513100.SH,1.936,1.94,1.96,1.94,1.959,0.023,1.188,25572.0,4997.039,1.94,1.96,1.94,1.959
20170329,513100.SH,1.959,1.977,1.99,1.977,1.99,0.031,1.5824,23404.0,4645.448,1.977,1.99,1.977,1.99
20170330,513100.SH,1.99,2.006,2.007,1.982,1.992,0.002,0.1005,41201.0,8192.957,2.006,2.007,1.982,1.992
20170331,513100.SH,1.992,2.0,2.008,1.991,2.007,0.015,0.753,30012.0,6009.84,2.0,2.008,1.991,2.007
20170405,513100.SH,2.007,2.0,2.0,1.987,1.99,-0.017,-0.847,38723.0,7711.554,2.0,2.0,1.987,1.99
20170406,513100.SH,1.99,1.972,1.986,1.963,1.969,-0.021,-1.0553,31790.0,6259.509,1.972,1.986,1.963,1.969
20170407,513100.SH,1.969,1.974,1.974,1.963,1.963,-0.006,-0.3047,30376.37,5978.726,1.974,1.974,1.963,1.963
20170410,513100.SH,1.963,1.964,1.975,1.963,1.972,0.009,0.4585,16613.0,3271.461,1.964,1.975,1.963,1.972
20170411,513100.SH,1.972,1.975,1.976,1.966,1.969,-0.003,-0.1521,15793.0,3110.727,1.975,1.976,1.966,1.969
20170412,513100.SH,1.969,1.97,1.97,1.96,1.968,-0.001,-0.0508,9653.34,1895.545,1.97,1.97,1.96,1.968
20170413,513100.SH,1.968,1.963,1.963,1.952,1.954,-0.014,-0.7114,13548.0,2647.448,1.963,1.963,1.952,1.954
20170414,513100.SH,1.954,1.949,1.949,1.933,1.935,-0.019,-0.9724,29991.0,5811.119,1.949,1.949,1.933,1.935
20170417,513100.SH,1.935,1.932,1.937,1.907,1.936,0.001,0.0517,18377.0,3539.329,1.932,1.937,1.907,1.936
20170418,513100.SH,1.936,1.951,1.968,1.951,1.964,0.028,1.4463,33585.0,6577.888,1.951,1.968,1.951,1.964
20170419,513100.SH,1.964,1.96,1.963,1.95,1.952,-0.012,-0.611,15260.0,2981.43,1.96,1.963,1.95,1.952
20170420,513100.SH,1.952,1.955,1.956,1.945,1.949,-0.003,-0.1537,23682.0,4616.994,1.955,1.956,1.945,1.949
20170421,513100.SH,1.949,1.97,1.973,1.966,1.968,0.019,0.9749,42215.0,8311.3,1.97,1.973,1.966,1.968
20170424,513100.SH,1.968,1.97,1.987,1.969,1.984,0.016,0.813,39803.92,7882.278,1.97,1.987,1.969,1.984
20170425,513100.SH,1.984,1.998,2.001,1.993,2.0,0.016,0.8065,46691.0,9324.239,1.998,2.001,1.993,2.0
20170426,513100.SH,2.0,2.012,2.024,2.011,2.02,0.02,1.0,88098.54,17776.305,2.012,2.024,2.011,2.02
20170427,513100.SH,2.02,2.02,2.02,2.001,2.006,-0.014,-0.6931,43521.25,8732.222,2.02,2.02,2.001,2.006
20170428,513100.SH,2.006,2.018,2.024,2.014,2.019,0.013,0.6481,23971.0,4838.356,2.018,2.024,2.014,2.019
20170502,513100.SH,2.019,2.035,2.043,2.035,2.042,0.023,1.1392,39624.25,8084.564,2.035,2.043,2.035,2.042
20170503,513100.SH,2.042,2.043,2.049,2.037,2.039,-0.003,-0.1469,37550.0,7662.927,2.043,2.049,2.037,2.039
20170504,513100.SH,2.039,2.033,2.035,2.027,2.033,-0.006,-0.2943,28688.0,5825.511,2.033,2.035,2.027,2.033
20170505,513100.SH,2.033,2.033,2.038,2.024,2.027,-0.006,-0.2951,21090.0,4284.7,2.033,2.038,2.024,2.027
20170508,513100.SH,2.027,2.04,2.067,2.036,2.063,0.036,1.776,56647.0,11653.309,2.04,2.067,2.036,2.063
20170509,513100.SH,2.063,2.063,2.076,2.063,2.072,0.009,0.4363,61842.0,12800.485,2.063,2.076,2.063,2.072
20170510,513100.SH,2.072,2.079,2.08,2.066,2.071,-0.001,-0.0483,43074.0,8919.641,2.079,2.08,2.066,2.071
20170511,513100.SH,2.071,2.069,2.078,2.067,2.07,-0.001,-0.0483,25625.0,5304.643,2.069,2.078,2.067,2.07
20170512,513100.SH,2.07,2.061,2.062,2.05,2.051,-0.019,-0.9179,55429.02,11383.422,2.061,2.062,2.05,2.051
20170515,513100.SH,2.051,2.054,2.062,2.054,2.06,0.009,0.4388,26827.63,5522.52,2.054,2.062,2.054,2.06
20170516,513100.SH,2.06,2.072,2.076,2.07,2.073,0.013,0.6311,37528.0,7781.628,2.072,2.076,2.07,2.073
20170517,513100.SH,2.073,2.073,2.073,2.06,2.064,-0.009,-0.4342,32351.98,6679.546,2.073,2.073,2.06,2.064
20170518,513100.SH,2.064,2.001,2.025,1.999,2.02,-0.044,-2.1318,119910.0,24157.194,2.001,2.025,1.999,2.02
20170519,513100.SH,2.02,2.039,2.04,2.029,2.033,0.013,0.6436,32609.0,6627.712,2.039,2.04,2.029,2.033
20170522,513100.SH,2.033,2.042,2.05,2.039,2.05,0.017,0.8362,51928.0,10605.792,2.042,2.05,2.039,2.05
20170523,513100.SH,2.05,2.062,2.071,2.062,2.07,0.02,0.9756,34554.0,7143.132,2.062,2.071,2.062,2.07
20170524,513100.SH,2.07,2.071,2.072,2.062,2.069,-0.001,-0.0483,31987.96,6614.057,2.071,2.072,2.062,2.069
20170525,513100.SH,2.069,2.074,2.082,2.073,2.082,0.013,0.6283,23659.0,4917.731,2.074,2.082,2.073,2.082
20170526,513100.SH,2.082,2.089,2.109,2.089,2.108,0.026,1.2488,49411.0,10395.31,2.089,2.109,2.089,2.108
20170531,513100.SH,2.108,2.108,2.109,2.099,2.107,-0.001,-0.0474,24989.0,5264.156,2.108,2.109,2.099,2.107
20170601,513100.SH,2.107,2.1,2.1,2.078,2.087,-0.02,-0.9492,49678.0,10363.612,2.1,2.1,2.078,2.087
20170602,513100.SH,2.087,2.105,2.128,2.104,2.117,0.03,1.4375,44047.18,9317.803,2.105,2.128,2.104,2.117
20170605,513100.SH,2.117,2.14,2.148,2.134,2.135,0.018,0.8503,33728.94,7214.421,2.14,2.148,2.134,2.135
20170606,513100.SH,2.135,2.121,2.125,2.114,2.123,-0.012,-0.5621,34203.0,7248.94,2.121,2.125,2.114,2.123
20170607,513100.SH,2.123,2.117,2.117,2.105,2.112,-0.011,-0.5181,59095.89,12463.159,2.117,2.117,2.105,2.112
20170608,513100.SH,2.112,2.122,2.122,2.114,2.119,0.007,0.3314,23113.7,4896.613,2.122,2.122,2.114,2.119
20170609,513100.SH,2.119,2.128,2.128,2.116,2.123,0.004,0.1888,40950.7,8694.587,2.128,2.128,2.116,2.123
20170612,513100.SH,2.123,2.076,2.1,2.067,2.097,-0.026,-1.2247,73055.7,15244.882,2.076,2.1,2.067,2.097
20170613,513100.SH,2.097,2.08,2.087,2.067,2.079,-0.018,-0.8584,63541.12,13171.458,2.08,2.087,2.067,2.079
20170614,513100.SH,2.079,2.093,2.094,2.074,2.078,-0.001,-0.0481,40566.09,8450.365,2.093,2.094,2.074,2.078
20170615,513100.SH,2.078,2.068,2.068,2.04,2.044,-0.034,-1.6362,73502.02,15055.874,2.068,2.068,2.04,2.044
20170616,513100.SH,2.044,2.032,2.055,2.03,2.052,0.008,0.3914,29183.18,5971.484,2.032,2.055,2.03,2.052
20170619,513100.SH,2.052,2.049,2.051,2.036,2.051,-0.001,-0.0487,26264.99,5365.244,2.049,2.051,2.036,2.051
20170620,513100.SH,2.051,2.079,2.08,2.069,2.079,0.028,1.3652,45289.17,9391.656,2.079,2.08,2.069,2.079
20170621,513100.SH,2.079,2.054,2.058,2.048,2.054,-0.025,-1.2025,40666.0,8344.385,2.054,2.058,2.048,2.054
20170622,513100.SH,2.054,2.058,2.076,2.058,2.072,0.018,0.8763,47462.0,9824.769,2.058,2.076,2.058,2.072
20170623,513100.SH,2.072,2.072,2.073,2.068,2.072,0.0,0.0,21859.0,4526.977,2.072,2.073,2.068,2.072
20170626,513100.SH,2.072,2.078,2.085,2.078,2.084,0.012,0.5792,34641.6,7211.502,2.078,2.085,2.078,2.084
20170627,513100.SH,2.084,2.078,2.079,2.069,2.073,-0.011,-0.5278,38467.0,7969.793,2.078,2.079,2.069,2.073
20170628,513100.SH,2.073,2.035,2.039,2.03,2.034,-0.039,-1.8813,107351.67,21819.239,2.035,2.039,2.03,2.034
20170629,513100.SH,2.034,2.059,2.062,2.034,2.049,0.015,0.7375,76489.0,15687.424,2.059,2.062,2.034,2.049
20170630,513100.SH,2.049,2.016,2.018,2.007,2.013,-0.036,-1.757,87177.17,17528.745,2.016,2.018,2.007,2.013
20170703,513100.SH,2.013,2.012,2.017,2.006,2.017,0.004,0.1987,83519.09,16785.634,2.012,2.017,2.006,2.017
20170704,513100.SH,2.017,2.001,2.001,1.991,1.993,-0.024,-1.1899,56156.0,11195.594,2.001,2.001,1.991,1.993
20170705,513100.SH,1.993,1.993,2.0,1.992,2.0,0.007,0.3512,27452.0,5479.952,1.993,2.0,1.992,2.0
20170706,513100.SH,2.0,2.01,2.016,2.007,2.013,0.013,0.65,30701.57,6174.163,2.01,2.016,2.007,2.013
20170707,513100.SH,2.013,1.992,2.004,1.992,1.998,-0.015,-0.7452,33500.12,6693.086,1.992,2.004,1.992,1.998
20170710,513100.SH,1.998,2.013,2.024,2.011,2.021,0.023,1.1512,36146.0,7301.621,2.013,2.024,2.011,2.021
20170711,513100.SH,2.021,2.026,2.035,2.023,2.026,0.005,0.2474,33078.0,6707.158,2.026,2.035,2.023,2.026
20170712,513100.SH,2.026,2.03,2.034,2.027,2.032,0.006,0.2962,34220.94,6949.428,2.03,2.034,2.027,2.032
20170713,513100.SH,2.032,2.059,2.061,2.056,2.06,0.028,1.378,42001.15,8649.481,2.059,2.061,2.056,2.06
20170714,513100.SH,2.06,2.062,2.065,2.056,2.056,-0.004,-0.1942,32057.0,6603.27,2.062,2.065,2.056,2.056
20170717,513100.SH,2.056,2.069,2.077,2.067,2.07,0.014,0.6809,48946.6,10142.961,2.069,2.077,2.067,2.07
20170718,513100.SH,2.07,2.063,2.074,2.062,2.073,0.003,0.1449,46182.0,9565.728,2.063,2.074,2.062,2.073
20170719,513100.SH,2.073,2.082,2.092,2.082,2.089,0.016,0.7718,41249.0,8615.938,2.082,2.092,2.082,2.089
20170720,513100.SH,2.089,2.1,2.103,2.094,2.098,0.009,0.4308,31818.0,6677.507,2.1,2.103,2.094,2.098
20170721,513100.SH,2.098,2.095,2.098,2.092,2.095,-0.003,-0.143,28762.0,6022.848,2.095,2.098,2.092,2.095
20170724,513100.SH,2.095,2.094,2.094,2.086,2.094,-0.001,-0.0477,23218.0,4855.123,2.094,2.094,2.086,2.094
20170725,513100.SH,2.094,2.096,2.1,2.096,2.098,0.004,0.191,19352.99,4061.278,2.096,2.1,2.096,2.098
20170726,513100.SH,2.098,2.096,2.1,2.095,2.098,0.0,0.0,26390.0,5533.569,2.096,2.1,2.095,2.098
20170727,513100.SH,2.098,2.105,2.116,2.102,2.116,0.018,0.858,25583.61,5391.159,2.105,2.116,2.102,2.116
20170728,513100.SH,2.116,2.091,2.091,2.077,2.079,-0.037,-1.7486,42334.12,8823.859,2.091,2.091,2.077,2.079
20170731,513100.SH,2.079,2.081,2.082,2.074,2.077,-0.002,-0.0962,40189.0,8347.762,2.081,2.082,2.074,2.077
20170801,513100.SH,2.077,2.072,2.081,2.06,2.081,0.004,0.1926,48034.0,9949.874,2.072,2.081,2.06,2.081
20170802,513100.SH,2.081,2.088,2.098,2.085,2.098,0.017,0.8169,29762.0,6225.965,2.088,2.098,2.085,2.098
20170803,513100.SH,2.098,2.094,2.094,2.081,2.083,-0.015,-0.715,20732.0,4320.852,2.094,2.094,2.081,2.083
20170804,513100.SH,2.083,2.079,2.079,2.072,2.075,-0.008,-0.3841,22994.99,4768.532,2.079,2.079,2.072,2.075
20170807,513100.SH,2.075,2.077,2.088,2.077,2.087,0.012,0.5783,21717.99,4524.659,2.077,2.088,2.077,2.087
20170808,513100.SH,2.087,2.096,2.1,2.087,2.092,0.005,0.2396,29510.69,6174.767,2.096,2.1,2.087,2.092
20170809,513100.SH,2.092,2.077,2.084,2.074,2.075,-0.017,-0.8126,16151.43,3354.541,2.077,2.084,2.074,2.075
20170810,513100.SH,2.075,2.072,2.073,2.064,2.066,-0.009,-0.4337,25083.0,5183.716,2.072,2.073,2.064,2.066
20170811,513100.SH,2.066,2.03,2.034,2.02,2.031,-0.035,-1.6941,36471.0,7393.535,2.03,2.034,2.02,2.031
20170814,513100.SH,2.031,2.04,2.053,2.04,2.044,0.013,0.6401,25737.0,5268.334,2.04,2.053,2.04,2.044
20170815,513100.SH,2.044,2.069,2.076,2.068,2.075,0.031,1.5166,28009.7,5804.968,2.069,2.076,2.068,2.075
20170816,513100.SH,2.075,2.07,2.074,2.062,2.063,-0.012,-0.5783,31972.0,6605.617,2.07,2.074,2.062,2.063
20170817,513100.SH,2.063,2.069,2.069,2.06,2.062,-0.001,-0.0485,25808.0,5322.506,2.069,2.069,2.06,2.062
20170818,513100.SH,2.062,2.022,2.044,2.022,2.044,-0.018,-0.8729,20939.0,4258.799,2.022,2.044,2.022,2.044
20170821,513100.SH,2.044,2.041,2.046,2.033,2.04,-0.004,-0.1957,8493.0,1731.559,2.041,2.046,2.033,2.04
20170822,513100.SH,2.04,2.038,2.054,2.033,2.053,0.013,0.6373,15962.98,3257.714,2.038,2.054,2.033,2.053
20170823,513100.SH,2.053,2.069,2.072,2.061,2.062,0.009,0.4384,13496.0,2786.787,2.069,2.072,2.061,2.062
20170824,513100.SH,2.062,2.06,2.06,2.044,2.045,-0.017,-0.8244,11161.0,2287.065,2.06,2.06,2.044,2.045
20170825,513100.SH,2.045,2.046,2.055,2.038,2.05,0.005,0.2445,16454.0,3364.745,2.046,2.055,2.038,2.05
20170828,513100.SH,2.05,2.049,2.049,2.035,2.039,-0.011,-0.5366,26200.7,5339.911,2.049,2.049,2.035,2.039
20170829,513100.SH,2.039,2.037,2.04,2.022,2.03,-0.009,-0.4414,17152.0,3483.788,2.037,2.04,2.022,2.03
20170830,513100.SH,2.03,2.039,2.042,2.035,2.038,0.008,0.3941,16033.0,3266.025,2.039,2.042,2.035,2.038
20170831,513100.SH,2.038,2.057,2.059,2.052,2.056,0.018,0.8832,25647.0,5272.482,2.057,2.059,2.052,2.056
20170901,513100.SH,2.056,2.068,2.07,2.065,2.069,0.013,0.6323,24568.7,5080.564,2.068,2.07,2.065,2.069
20170904,513100.SH,2.069,2.059,2.067,2.055,2.056,-0.013,-0.6283,18576.0,3823.331,2.059,2.067,2.055,2.056
20170905,513100.SH,2.056,2.056,2.058,2.054,2.055,-0.001,-0.0486,6399.0,1315.08,2.056,2.058,2.054,2.055
20170906,513100.SH,2.055,2.042,2.042,2.036,2.041,-0.014,-0.6813,13281.55,2706.95,2.042,2.042,2.036,2.041
20170907,513100.SH,2.041,2.041,2.044,2.035,2.036,-0.005,-0.245,12611.0,2569.661,2.041,2.044,2.035,2.036
20170908,513100.SH,2.036,2.038,2.048,2.038,2.039,0.003,0.1473,10937.0,2232.15,2.038,2.048,2.038,2.039
20170911,513100.SH,2.039,2.035,2.037,2.025,2.036,-0.003,-0.1471,15235.0,3094.761,2.035,2.037,2.025,2.036
20170912,513100.SH,2.036,2.048,2.06,2.043,2.048,0.012,0.5894,27870.0,5710.236,2.048,2.06,2.043,2.048
20170913,513100.SH,2.048,2.052,2.052,2.045,2.048,0.0,0.0,18343.0,3755.918,2.052,2.052,2.045,2.048
20170914,513100.SH,2.048,2.05,2.059,2.047,2.059,0.011,0.5371,27106.0,5564.925,2.05,2.059,2.047,2.059
20170915,513100.SH,2.059,2.05,2.052,2.044,2.05,-0.009,-0.4371,15894.0,3254.253,2.05,2.052,2.044,2.05
20170918,513100.SH,2.05,2.051,2.058,2.051,2.058,0.008,0.3902,18209.0,3742.952,2.051,2.058,2.051,2.058
20170919,513100.SH,2.058,2.053,2.058,2.052,2.058,0.0,0.0,10361.0,2128.888,2.053,2.058,2.052,2.058
20170920,513100.SH,2.058,2.059,2.061,2.058,2.06,0.002,0.0972,10820.0,2227.833,2.059,2.061,2.058,2.06
20170921,513100.SH,2.06,2.059,2.06,2.055,2.058,-0.002,-0.0971,9224.0,1897.447,2.059,2.06,2.055,2.058
20170922,513100.SH,2.058,2.058,2.058,2.049,2.051,-0.007,-0.3401,12478.0,2562.077,2.058,2.058,2.049,2.051
20170925,513100.SH,2.051,2.055,2.055,2.048,2.048,-0.003,-0.1463,8880.0,1819.653,2.055,2.055,2.048,2.048
20170926,513100.SH,2.048,2.038,2.038,2.028,2.033,-0.015,-0.7324,31881.32,6475.806,2.038,2.038,2.028,2.033
20170927,513100.SH,2.033,2.038,2.044,2.036,2.044,0.011,0.5411,18692.0,3814.856,2.038,2.044,2.036,2.044
20170928,513100.SH,2.044,2.057,2.063,2.056,2.062,0.018,0.8806,19549.0,4028.789,2.057,2.063,2.056,2.062
20170929,513100.SH,2.062,2.064,2.071,2.062,2.07,0.008,0.388,26261.0,5430.104,2.064,2.071,2.062,2.07
20171009,513100.SH,2.07,2.104,2.109,2.08,2.093,0.023,1.1111,42706.49,8986.872,2.104,2.109,2.08,2.093
20171010,513100.SH,2.093,2.096,2.101,2.092,2.092,-0.001,-0.0478,15393.0,3229.58,2.096,2.101,2.092,2.092
20171011,513100.SH,2.092,2.094,2.104,2.094,2.101,0.009,0.4302,10569.9,2220.489,2.094,2.104,2.094,2.101
20171012,513100.SH,2.101,2.103,2.105,2.099,2.104,0.003,0.1428,18490.0,3886.465,2.103,2.105,2.099,2.104
20171013,513100.SH,2.104,2.103,2.103,2.098,2.102,-0.002,-0.0951,17370.94,3651.33,2.103,2.103,2.098,2.102
20171016,513100.SH,2.102,2.106,2.112,2.102,2.112,0.01,0.4757,13327.0,2811.398,2.106,2.112,2.102,2.112
20171017,513100.SH,2.112,2.12,2.122,2.113,2.122,0.01,0.4735,8854.25,1876.315,2.12,2.122,2.113,2.122
20171018,513100.SH,2.122,2.123,2.128,2.118,2.119,-0.003,-0.1414,18334.25,3891.029,2.123,2.128,2.118,2.119
20171019,513100.SH,2.119,2.126,2.126,2.12,2.123,0.004,0.1888,11756.0,2496.559,2.126,2.126,2.12,2.123
20171020,513100.SH,2.123,2.115,2.124,2.106,2.123,0.0,0.0,37659.0,7976.234,2.115,2.124,2.106,2.123
20171023,513100.SH,2.123,2.125,2.129,2.123,2.128,0.005,0.2355,10440.94,2219.966,2.125,2.129,2.123,2.128
20171024,513100.SH,2.128,2.123,2.123,2.112,2.119,-0.009,-0.4229,10765.0,2279.511,2.123,2.123,2.112,2.119
20171025,513100.SH,2.119,2.118,2.124,2.115,2.123,0.004,0.1888,12009.0,2547.17,2.118,2.124,2.115,2.123
20171026,513100.SH,2.123,2.123,2.123,2.111,2.113,-0.01,-0.471,14114.0,2982.312,2.123,2.123,2.111,2.113
20171027,513100.SH,2.113,2.113,2.128,2.113,2.125,0.012,0.5679,40552.99,8604.873,2.113,2.128,2.113,2.125
20171030,513100.SH,2.125,2.162,2.17,2.162,2.168,0.043,2.0235,22613.25,4900.017,2.162,2.17,2.162,2.168
20171031,513100.SH,2.168,2.168,2.176,2.168,2.172,0.004,0.1845,12749.99,2769.531,2.168,2.176,2.168,2.172
20171101,513100.SH,2.172,2.178,2.198,2.177,2.183,0.011,0.5064,18851.94,4111.424,2.178,2.198,2.177,2.183
20171102,513100.SH,2.183,2.185,2.185,2.172,2.176,-0.007,-0.3207,9291.94,2022.065,2.185,2.185,2.172,2.176
20171103,513100.SH,2.176,2.176,2.182,2.17,2.179,0.003,0.1379,16709.0,3634.863,2.176,2.182,2.17,2.179
20171106,513100.SH,2.179,2.186,2.193,2.179,2.186,0.007,0.3212,16034.0,3502.734,2.186,2.193,2.179,2.186
20171107,513100.SH,2.186,2.193,2.196,2.19,2.191,0.005,0.2287,17961.0,3939.374,2.193,2.196,2.19,2.191
20171108,513100.SH,2.191,2.189,2.196,2.182,2.195,0.004,0.1826,26850.0,5882.24,2.189,2.196,2.182,2.195
20171109,513100.SH,2.195,2.207,2.207,2.192,2.202,0.007,0.3189,11568.0,2545.526,2.207,2.207,2.192,2.202
20171110,513100.SH,2.202,2.193,2.197,2.193,2.196,-0.006,-0.2725,13736.0,3014.984,2.193,2.197,2.193,2.196
20171113,513100.SH,2.196,2.194,2.197,2.186,2.197,0.001,0.0455,55849.96,12229.639,2.194,2.197,2.186,2.197
20171114,513100.SH,2.197,2.196,2.2,2.196,2.2,0.003,0.1365,11652.96,2562.113,2.196,2.2,2.196,2.2
20171115,513100.SH,2.2,2.197,2.197,2.184,2.185,-0.015,-0.6818,18154.0,3972.908,2.197,2.197,2.184,2.185
20171116,513100.SH,2.185,2.18,2.18,2.171,2.177,-0.008,-0.3661,19494.69,4242.302,2.18,2.18,2.171,2.177
20171117,513100.SH,2.177,2.197,2.206,2.197,2.203,0.026,1.1943,20556.9,4529.969,2.197,2.206,2.197,2.203
20171120,513100.SH,2.203,2.2,2.2,2.191,2.194,-0.009,-0.4085,10768.9,2363.948,2.2,2.2,2.191,2.194
20171121,513100.SH,2.194,2.197,2.2,2.194,2.198,0.004,0.1823,14454.9,3176.571,2.197,2.2,2.194,2.198
20171122,513100.SH,2.198,2.211,2.222,2.211,2.215,0.017,0.7734,22052.0,4892.716,2.211,2.222,2.211,2.215
20171123,513100.SH,2.215,2.218,2.218,2.207,2.208,-0.007,-0.316,18381.57,4062.476,2.218,2.218,2.207,2.208
20171124,513100.SH,2.208,2.211,2.214,2.203,2.208,0.0,0.0,17422.99,3842.837,2.211,2.214,2.203,2.208
20171127,513100.SH,2.208,2.21,2.219,2.21,2.219,0.011,0.4982,22343.0,4950.302,2.21,2.219,2.21,2.219
20171128,513100.SH,2.219,2.218,2.224,2.217,2.224,0.005,0.2253,14164.99,3146.399,2.218,2.224,2.217,2.224
20171129,513100.SH,2.224,2.229,2.247,2.229,2.246,0.022,0.9892,43533.99,9736.253,2.229,2.247,2.229,2.246
20171130,513100.SH,2.246,2.218,2.218,2.206,2.214,-0.032,-1.4248,27183.82,6014.94,2.218,2.218,2.206,2.214
20171201,513100.SH,2.214,2.232,2.243,2.228,2.241,0.027,1.2195,18462.0,4131.523,2.232,2.243,2.228,2.241
20171204,513100.SH,2.241,2.241,2.289,2.235,2.262,0.021,0.9371,48493.0,10950.434,2.241,2.289,2.235,2.262
20171205,513100.SH,2.262,2.229,2.229,2.195,2.2,-0.062,-2.7409,48015.0,10608.99,2.229,2.229,2.195,2.2
20171206,513100.SH,2.2,2.194,2.208,2.169,2.175,-0.025,-1.1364,47896.0,10425.308,2.194,2.208,2.169,2.175
20171207,513100.SH,2.175,2.189,2.194,2.179,2.19,0.015,0.6897,17638.5,3863.973,2.189,2.194,2.179,2.19
20171208,513100.SH,2.19,2.2,2.21,2.2,2.21,0.02,0.9132,30727.25,6775.583,2.2,2.21,2.2,2.21
20171211,513100.SH,2.21,2.211,2.22,2.21,2.22,0.01,0.4525,21353.0,4726.131,2.211,2.22,2.21,2.22
20171212,513100.SH,2.22,2.229,2.235,2.227,2.235,0.015,0.6757,23426.25,5229.578,2.229,2.235,2.227,2.235
20171213,513100.SH,2.235,2.231,2.238,2.228,2.237,0.002,0.0895,14217.0,3175.739,2.231,2.238,2.228,2.237
20171214,513100.SH,2.237,2.24,2.245,2.235,2.243,0.006,0.2682,18770.0,4207.338,2.24,2.245,2.235,2.243
20171215,513100.SH,2.243,2.231,2.242,2.227,2.232,-0.011,-0.4904,10010.0,2233.305,2.231,2.242,2.227,2.232
20171218,513100.SH,2.232,2.257,2.266,2.253,2.266,0.034,1.5233,20126.0,4548.779,2.257,2.266,2.253,2.266
20171219,513100.SH,2.266,2.289,2.295,2.27,2.28,0.014,0.6178,23626.0,5387.485,2.289,2.295,2.27,2.28
20171220,513100.SH,2.28,2.27,2.277,2.265,2.276,-0.004,-0.1754,18383.0,4168.332,2.27,2.277,2.265,2.276
20171221,513100.SH,2.276,2.273,2.275,2.26,2.262,-0.014,-0.6151,25032.0,5669.498,2.273,2.275,2.26,2.262
20171222,513100.SH,2.262,2.262,2.27,2.26,2.269,0.007,0.3095,9096.0,2058.704,2.262,2.27,2.26,2.269
20171225,513100.SH,2.269,2.265,2.268,2.252,2.262,-0.007,-0.3085,17162.0,3879.792,2.265,2.268,2.252,2.262
20171226,513100.SH,2.262,2.261,2.264,2.253,2.261,-0.001,-0.0442,18478.0,4173.059,2.261,2.264,2.253,2.261
20171227,513100.SH,2.261,2.256,2.256,2.229,2.234,-0.027,-1.1942,28906.0,6473.126,2.256,2.256,2.229,2.234
20171228,513100.SH,2.234,2.234,2.239,2.221,2.227,-0.007,-0.3133,28880.0,6430.79,2.234,2.239,2.221,2.227
20171229,513100.SH,2.227,2.228,2.231,2.222,2.229,0.002,0.0898,18514.0,4123.673,2.228,2.231,2.222,2.229
20180102,513100.SH,2.229,2.219,2.219,2.206,2.218,-0.011,-0.4935,32037.0,7093.731,2.219,2.219,2.206,2.218
20180103,513100.SH,2.218,2.243,2.251,2.24,2.248,0.03,1.3526,35036.0,7863.53,2.243,2.251,2.24,2.248
20180104,513100.SH,2.248,2.26,2.264,2.248,2.256,0.008,0.3559,31518.0,7107.021,2.26,2.264,2.248,2.256
20180105,513100.SH,2.256,2.256,2.257,2.248,2.25,-0.006,-0.266,31803.0,7162.616,2.256,2.257,2.248,2.25
20180108,513100.SH,2.25,2.263,2.269,2.259,2.268,0.018,0.8,42486.0,9610.597,2.263,2.269,2.259,2.268
20180109,513100.SH,2.268,2.27,2.275,2.266,2.274,0.006,0.2646,35115.0,7977.034,2.27,2.275,2.266,2.274
20180110,513100.SH,2.274,2.273,2.287,2.271,2.285,0.011,0.4837,41158.0,9378.827,2.273,2.287,2.271,2.285
20180111,513100.SH,2.285,2.279,2.289,2.275,2.283,-0.002,-0.0875,43689.0,9967.423,2.279,2.289,2.275,2.283
20180112,513100.SH,2.283,2.295,2.317,2.291,2.312,0.029,1.2703,41553.0,9563.087,2.295,2.317,2.291,2.312
20180115,513100.SH,2.312,2.311,2.319,2.305,2.309,-0.003,-0.1298,27016.0,6242.462,2.311,2.319,2.305,2.309
20180116,513100.SH,2.309,2.311,2.311,2.3,2.306,-0.003,-0.1299,24160.0,5565.465,2.311,2.311,2.3,2.306
20180117,513100.SH,2.306,2.296,2.296,2.284,2.293,-0.013,-0.5637,31040.0,7105.117,2.296,2.296,2.284,2.293
20180118,513100.SH,2.293,2.309,2.316,2.308,2.313,0.02,0.8722,29653.09,6859.781,2.309,2.316,2.308,2.313
20180119,513100.SH,2.313,2.309,2.314,2.305,2.31,-0.003,-0.1297,25994.24,5999.014,2.309,2.314,2.305,2.31
20180122,513100.SH,2.31,2.318,2.318,2.3,2.3,-0.01,-0.4329,28193.0,6495.969,2.318,2.318,2.3,2.3
20180123,513100.SH,2.3,2.317,2.328,2.316,2.326,0.026,1.1304,38737.0,8991.01,2.317,2.328,2.316,2.326
20180124,513100.SH,2.326,2.33,2.344,2.33,2.344,0.018,0.7739,47158.0,11023.323,2.33,2.344,2.33,2.344
20180125,513100.SH,2.344,2.328,2.328,2.32,2.324,-0.02,-0.8532,20156.0,4681.552,2.328,2.328,2.32,2.324
20180126,513100.SH,2.324,2.324,2.324,2.314,2.32,-0.004,-0.1721,32263.0,7482.064,2.324,2.324,2.314,2.32
20180129,513100.SH,2.32,2.341,2.345,2.34,2.344,0.024,1.0345,28895.0,6766.962,2.341,2.345,2.34,2.344
20180130,513100.SH,2.344,2.333,2.333,2.318,2.32,-0.024,-1.0239,30821.0,7164.461,2.333,2.333,2.318,2.32
20180131,513100.SH,2.32,2.303,2.309,2.293,2.309,-0.011,-0.4741,26970.0,6212.475,2.303,2.309,2.293,2.309
20180201,513100.SH,2.309,2.311,2.32,2.304,2.305,-0.004,-0.1732,26033.0,6018.64,2.311,2.32,2.304,2.305
20180202,513100.SH,2.305,2.293,2.3,2.29,2.294,-0.011,-0.4772,41840.0,9595.17,2.293,2.3,2.29,2.294
20180205,513100.SH,2.294,2.245,2.245,2.201,2.227,-0.067,-2.9207,71254.58,15846.142,2.245,2.245,2.201,2.227
20180206,513100.SH,2.227,2.09,2.126,2.09,2.095,-0.132,-5.9273,120700.0,25377.299,2.09,2.126,2.09,2.095
20180207,513100.SH,2.095,2.16,2.19,2.158,2.164,0.069,3.2936,88650.0,19272.738,2.16,2.19,2.158,2.164
20180208,513100.SH,2.164,2.16,2.174,2.142,2.169,0.005,0.2311,23140.0,5002.576,2.16,2.174,2.142,2.169
20180209,513100.SH,2.169,2.079,2.095,2.058,2.092,-0.077,-3.55,111139.67,23154.357,2.079,2.095,2.058,2.092
20180212,513100.SH,2.092,2.114,2.132,2.103,2.131,0.039,1.8642,46360.0,9810.794,2.114,2.132,2.103,2.131
20180213,513100.SH,2.131,2.161,2.172,2.155,2.164,0.033,1.5486,24185.0,5230.367,2.161,2.172,2.155,2.164
20180214,513100.SH,2.164,2.177,2.193,2.174,2.193,0.029,1.3401,16909.0,3693.896,2.177,2.193,2.174,2.193
20180222,513100.SH,2.193,2.231,2.236,2.223,2.232,0.039,1.7784,34219.0,7630.247,2.231,2.236,2.223,2.232
20180223,513100.SH,2.232,2.243,2.257,2.236,2.249,0.017,0.7616,45020.02,10120.874,2.243,2.257,2.236,2.249
20180226,513100.SH,2.249,2.282,2.298,2.282,2.292,0.043,1.912,26799.0,6143.799,2.282,2.298,2.282,2.292
20180227,513100.SH,2.292,2.323,2.325,2.317,2.32,0.028,1.2216,23350.0,5417.973,2.323,2.325,2.317,2.32
20180228,513100.SH,2.32,2.283,2.289,2.279,2.286,-0.034,-1.4655,38639.0,8818.159,2.283,2.289,2.279,2.286
20180301,513100.SH,2.286,2.281,2.288,2.266,2.288,0.002,0.0875,27910.57,6361.562,2.281,2.288,2.266,2.288
20180302,513100.SH,2.288,2.263,2.263,2.248,2.253,-0.035,-1.5297,31589.9,7112.372,2.263,2.263,2.248,2.253
20180305,513100.SH,2.253,2.271,2.273,2.263,2.268,0.015,0.6658,16344.0,3707.801,2.271,2.273,2.263,2.268
20180306,513100.SH,2.268,2.298,2.299,2.292,2.298,0.03,1.3228,12330.0,2830.498,2.298,2.299,2.292,2.298
20180307,513100.SH,2.298,2.295,2.295,2.281,2.284,-0.014,-0.6092,17087.0,3908.335,2.295,2.295,2.281,2.284
20180308,513100.SH,2.284,2.297,2.304,2.297,2.302,0.018,0.7881,13232.0,3043.616,2.297,2.304,2.297,2.302
20180309,513100.SH,2.302,2.311,2.321,2.311,2.319,0.017,0.7385,15341.0,3556.566,2.311,2.321,2.311,2.319
20180312,513100.SH,2.319,2.37,2.38,2.361,2.368,0.049,2.113,33523.0,7931.256,2.37,2.38,2.361,2.368
20180313,513100.SH,2.368,2.369,2.373,2.363,2.368,0.0,0.0,25493.0,6033.214,2.369,2.373,2.363,2.368
20180314,513100.SH,2.368,2.34,2.342,2.333,2.338,-0.03,-1.2669,10244.0,2392.67,2.34,2.342,2.333,2.338
20180315,513100.SH,2.338,2.332,2.346,2.322,2.337,-0.001,-0.0428,19606.0,4582.972,2.332,2.346,2.322,2.337
20180316,513100.SH,2.337,2.338,2.341,2.334,2.338,0.001,0.0428,13193.0,3083.192,2.338,2.341,2.334,2.338
20180319,513100.SH,2.338,2.338,2.34,2.333,2.333,-0.005,-0.2139,9872.0,2306.253,2.338,2.34,2.333,2.333
20180320,513100.SH,2.333,2.296,2.296,2.282,2.293,-0.04,-1.7145,24866.0,5692.903,2.296,2.296,2.282,2.293
20180321,513100.SH,2.293,2.293,2.307,2.293,2.294,0.001,0.0436,8427.0,1933.996,2.293,2.307,2.293,2.294
20180322,513100.SH,2.294,2.294,2.294,2.287,2.288,-0.006,-0.2616,8743.0,2002.522,2.294,2.294,2.287,2.288
20180323,513100.SH,2.288,2.218,2.218,2.198,2.204,-0.084,-3.6713,47864.0,10561.585,2.218,2.218,2.198,2.204
20180326,513100.SH,2.204,2.162,2.2,2.162,2.187,-0.017,-0.7713,35861.57,7799.212,2.162,2.2,2.162,2.187
20180327,513100.SH,2.187,2.238,2.277,2.231,2.27,0.083,3.7952,30737.57,6918.95,2.238,2.277,2.231,2.27
20180328,513100.SH,2.27,2.191,2.2,2.175,2.185,-0.085,-3.7445,39500.0,8650.64,2.191,2.2,2.175,2.185
20180329,513100.SH,2.185,2.176,2.187,2.16,2.186,0.001,0.0458,28755.0,6237.978,2.176,2.187,2.16,2.186
20180330,513100.SH,2.186,2.195,2.207,2.186,2.194,0.008,0.366,18628.0,4087.402,2.195,2.207,2.186,2.194
20180402,513100.SH,2.194,2.189,2.189,2.172,2.177,-0.017,-0.7748,16598.0,3619.382,2.189,2.189,2.172,2.177
20180403,513100.SH,2.177,2.133,2.133,2.119,2.126,-0.051,-2.3427,38881.0,8257.613,2.133,2.133,2.119,2.126
20180404,513100.SH,2.126,2.133,2.137,2.13,2.13,0.004,0.1881,19066.0,4066.468,2.133,2.137,2.13,2.13
20180409,513100.SH,2.13,2.132,2.145,2.131,2.143,0.013,0.6103,33596.0,7187.951,2.132,2.145,2.131,2.143
20180410,513100.SH,2.143,2.156,2.187,2.153,2.186,0.043,2.0065,42037.0,9113.555,2.156,2.187,2.153,2.186
20180411,513100.SH,2.186,2.199,2.21,2.183,2.185,-0.001,-0.0457,24388.0,5346.321,2.199,2.21,2.183,2.185
20180412,513100.SH,2.185,2.182,2.183,2.175,2.181,-0.004,-0.1831,21301.01,4641.067,2.182,2.183,2.175,2.181
20180413,513100.SH,2.181,2.195,2.203,2.194,2.203,0.022,1.0087,19184.0,4216.635,2.195,2.203,2.194,2.203
20180416,513100.SH,2.203,2.195,2.195,2.185,2.189,-0.014,-0.6355,20506.0,4487.786,2.195,2.195,2.185,2.189
20180417,513100.SH,2.189,2.197,2.209,2.197,2.208,0.019,0.868,19619.0,4324.809,2.197,2.209,2.197,2.208
20180418,513100.SH,2.208,2.262,2.262,2.242,2.247,0.039,1.7663,34514.0,7761.097,2.262,2.262,2.242,2.247
20180419,513100.SH,2.247,2.249,2.253,2.249,2.249,0.002,0.089,20628.0,4644.107,2.249,2.253,2.249,2.249
20180420,513100.SH,2.249,2.237,2.245,2.23,2.236,-0.013,-0.578,13366.0,2987.056,2.237,2.245,2.23,2.236
20180423,513100.SH,2.236,2.209,2.228,2.198,2.202,-0.034,-1.5206,28087.0,6193.016,2.209,2.228,2.198,2.202
20180424,513100.SH,2.202,2.194,2.215,2.185,2.215,0.013,0.5904,35000.01,7709.492,2.194,2.215,2.185,2.215
20180425,513100.SH,2.215,2.167,2.173,2.166,2.171,-0.044,-1.9865,31466.95,6824.957,2.167,2.173,2.166,2.171
20180426,513100.SH,2.171,2.174,2.178,2.167,2.171,0.0,0.0,24437.95,5306.277,2.174,2.178,2.167,2.171
20180427,513100.SH,2.171,2.201,2.235,2.201,2.233,0.062,2.8558,51279.87,11375.584,2.201,2.235,2.201,2.233
20180502,513100.SH,2.233,2.235,2.235,2.217,2.231,-0.002,-0.0896,15536.0,3462.095,2.235,2.235,2.217,2.231
20180503,513100.SH,2.231,2.219,2.225,2.211,2.221,-0.01,-0.4482,21123.96,4688.944,2.219,2.225,2.211,2.221
20180504,513100.SH,2.221,2.219,2.228,2.216,2.228,0.007,0.3152,13553.0,3014.106,2.219,2.228,2.216,2.228
20180507,513100.SH,2.228,2.27,2.273,2.262,2.27,0.042,1.8851,38303.0,8687.698,2.27,2.273,2.262,2.27
20180508,513100.SH,2.27,2.277,2.285,2.273,2.274,0.004,0.1762,32720.0,7453.549,2.277,2.285,2.273,2.274
20180509,513100.SH,2.274,2.274,2.279,2.271,2.272,-0.002,-0.088,14624.0,3323.916,2.274,2.279,2.271,2.272
20180510,513100.SH,2.272,2.305,2.306,2.298,2.304,0.032,1.4085,18170.0,4182.904,2.305,2.306,2.298,2.304
20180511,513100.SH,2.304,2.325,2.33,2.316,2.317,0.013,0.5642,22150.0,5139.64,2.325,2.33,2.316,2.317
20180514,513100.SH,2.317,2.317,2.32,2.309,2.315,-0.002,-0.0863,22626.0,5233.606,2.317,2.32,2.309,2.315
20180515,513100.SH,2.315,2.315,2.315,2.302,2.311,-0.004,-0.1728,54594.0,12595.976,2.315,2.315,2.302,2.311
20180516,513100.SH,2.311,2.292,2.308,2.285,2.289,-0.022,-0.952,16651.0,3812.375,2.292,2.308,2.285,2.289
20180517,513100.SH,2.289,2.303,2.312,2.303,2.309,0.02,0.8737,21463.18,4953.652,2.303,2.312,2.303,2.309
20180518,513100.SH,2.309,2.304,2.31,2.304,2.308,-0.001,-0.0433,9786.0,2258.587,2.304,2.31,2.304,2.308
20180521,513100.SH,2.308,2.31,2.327,2.308,2.324,0.016,0.6932,30842.34,7159.345,2.31,2.327,2.308,2.324
20180522,513100.SH,2.324,2.323,2.323,2.308,2.316,-0.008,-0.3442,17602.65,4078.153,2.323,2.323,2.308,2.316
20180523,513100.SH,2.316,2.312,2.312,2.297,2.298,-0.018,-0.7772,15430.0,3549.912,2.312,2.312,2.297,2.298
20180524,513100.SH,2.298,2.336,2.336,2.312,2.323,0.025,1.0879,18959.0,4395.971,2.336,2.336,2.312,2.323
20180525,513100.SH,2.323,2.323,2.328,2.322,2.327,0.004,0.1722,17082.0,3971.382,2.323,2.328,2.322,2.327
20180528,513100.SH,2.327,2.327,2.34,2.325,2.337,0.01,0.4297,11109.0,2592.082,2.327,2.34,2.325,2.337
20180529,513100.SH,2.337,2.337,2.342,2.327,2.335,-0.002,-0.0856,15691.0,3668.454,2.337,2.342,2.327,2.335
20180530,513100.SH,2.335,2.32,2.324,2.312,2.319,-0.016,-0.6852,21209.0,4917.897,2.32,2.324,2.312,2.319
20180531,513100.SH,2.319,2.335,2.35,2.335,2.35,0.031,1.3368,16353.0,3837.236,2.335,2.35,2.335,2.35
20180601,513100.SH,2.35,2.345,2.348,2.333,2.341,-0.009,-0.383,19364.0,4526.53,2.345,2.348,2.333,2.341
20180604,513100.SH,2.341,2.375,2.384,2.375,2.384,0.043,1.8368,31690.0,7545.583,2.375,2.384,2.375,2.384
20180605,513100.SH,2.384,2.394,2.415,2.391,2.414,0.03,1.2584,53943.0,12991.675,2.394,2.415,2.391,2.414
20180606,513100.SH,2.414,2.415,2.429,2.415,2.42,0.006,0.2486,27496.0,6651.052,2.415,2.429,2.415,2.42
20180607,513100.SH,2.42,2.433,2.441,2.433,2.439,0.019,0.7851,40072.0,9769.358,2.433,2.441,2.433,2.439
20180608,513100.SH,2.439,2.422,2.423,2.404,2.405,-0.034,-1.394,31906.0,7690.247,2.422,2.423,2.404,2.405
20180611,513100.SH,2.405,2.405,2.44,2.405,2.431,0.026,1.0811,27596.0,6702.166,2.405,2.44,2.405,2.431
20180612,513100.SH,2.431,2.437,2.438,2.421,2.438,0.007,0.2879,24655.0,5990.719,2.437,2.438,2.421,2.438
20180613,513100.SH,2.438,2.449,2.466,2.449,2.451,0.013,0.5332,22464.55,5527.051,2.449,2.466,2.449,2.451
20180614,513100.SH,2.451,2.443,2.443,2.43,2.436,-0.015,-0.612,31414.0,7646.994,2.443,2.443,2.43,2.436
20180615,513100.SH,2.436,2.452,2.476,2.452,2.472,0.036,1.4778,33100.01,8157.968,2.452,2.476,2.452,2.472
20180619,513100.SH,2.472,2.472,2.472,2.435,2.442,-0.03,-1.2136,48496.0,11895.225,2.472,2.472,2.435,2.442
20180620,513100.SH,2.442,2.44,2.47,2.44,2.458,0.016,0.6552,43772.0,10711.242,2.44,2.47,2.44,2.458
20180621,513100.SH,2.458,2.475,2.513,2.475,2.505,0.047,1.9121,69013.0,17255.276,2.475,2.513,2.475,2.505
20180622,513100.SH,2.505,2.464,2.493,2.464,2.488,-0.017,-0.6786,77777.0,19237.447,2.464,2.493,2.464,2.488
20180625,513100.SH,2.488,2.47,2.486,2.462,2.471,-0.017,-0.6833,59133.0,14623.987,2.47,2.486,2.462,2.471
20180626,513100.SH,2.471,2.42,2.442,2.41,2.431,-0.04,-1.6188,88929.0,21537.862,2.42,2.442,2.41,2.431
20180627,513100.SH,2.431,2.449,2.449,2.412,2.413,-0.018,-0.7404,82988.0,20160.924,2.449,2.449,2.412,2.413
20180628,513100.SH,2.413,2.388,2.397,2.385,2.396,-0.017,-0.7045,54016.96,12920.898,2.388,2.397,2.385,2.396
20180629,513100.SH,2.396,2.427,2.449,2.422,2.449,0.053,2.212,57900.0,14120.565,2.427,2.449,2.422,2.449
20180702,513100.SH,2.449,2.448,2.448,2.434,2.437,-0.012,-0.49,37927.0,9264.634,2.448,2.448,2.434,2.437
20180703,513100.SH,2.437,2.465,2.506,2.465,2.503,0.066,2.7082,80276.0,20008.209,2.465,2.506,2.465,2.503
20180704,513100.SH,2.503,2.471,2.48,2.451,2.459,-0.044,-1.7579,60765.0,14976.771,2.471,2.48,2.451,2.459
20180705,513100.SH,2.459,2.451,2.463,2.445,2.46,0.001,0.0407,28144.0,6915.359,2.451,2.463,2.445,2.46
20180706,513100.SH,2.46,2.492,2.5,2.48,2.497,0.037,1.5041,49742.0,12392.082,2.492,2.5,2.48,2.497
20180709,513100.SH,2.497,2.539,2.574,2.527,2.574,0.077,3.0837,83228.0,21263.686,2.539,2.574,2.527,2.574
20180710,513100.SH,2.574,2.592,2.62,2.57,2.604,0.03,1.1655,63324.0,16432.242,2.592,2.62,2.57,2.604
20180711,513100.SH,2.604,2.57,2.585,2.539,2.554,-0.05,-1.9201,146300.0,37442.23,2.57,2.585,2.539,2.554
20180712,513100.SH,2.554,2.559,2.578,2.55,2.578,0.024,0.9397,114523.7,29396.726,2.559,2.578,2.55,2.578
20180713,513100.SH,2.578,2.6,2.616,2.591,2.603,0.025,0.9697,117473.0,30585.529,2.6,2.616,2.591,2.603
20180716,513100.SH,2.603,2.6,2.6,2.58,2.584,-0.019,-0.7299,54178.0,14034.811,2.6,2.6,2.58,2.584
20180717,513100.SH,2.584,2.577,2.578,2.555,2.559,-0.025,-0.9675,120867.96,30959.309,2.577,2.578,2.555,2.559
20180718,513100.SH,2.559,2.594,2.597,2.584,2.595,0.036,1.4068,85737.0,22215.169,2.594,2.597,2.584,2.595
20180719,513100.SH,2.595,2.596,2.608,2.59,2.607,0.012,0.4624,59514.0,15474.539,2.596,2.608,2.59,2.607
20180720,513100.SH,2.607,2.598,2.614,2.596,2.61,0.003,0.1151,71153.01,18548.598,2.598,2.614,2.596,2.61
20180723,513100.SH,2.61,2.596,2.604,2.594,2.602,-0.008,-0.3065,57004.0,14809.373,2.596,2.604,2.594,2.602
20180724,513100.SH,2.602,2.622,2.642,2.622,2.641,0.039,1.4988,83072.0,21886.736,2.622,2.642,2.622,2.641
20180725,513100.SH,2.641,2.633,2.651,2.626,2.65,0.009,0.3408,97365.0,25719.657,2.633,2.651,2.626,2.65
20180726,513100.SH,2.65,2.666,2.666,2.651,2.656,0.006,0.2264,119182.0,31696.99,2.666,2.666,2.651,2.656
20180727,513100.SH,2.656,2.651,2.691,2.646,2.658,0.002,0.0753,148067.0,39520.963,2.651,2.691,2.646,2.658
20180730,513100.SH,2.658,2.613,2.648,2.609,2.646,-0.012,-0.4515,87830.0,23086.09,2.613,2.648,2.609,2.646
20180731,513100.SH,2.646,2.61,2.615,2.572,2.584,-0.062,-2.3432,188343.7,48752.976,2.61,2.615,2.572,2.584
20180801,513100.SH,2.584,2.603,2.618,2.593,2.617,0.033,1.2771,116109.0,30228.949,2.603,2.618,2.593,2.617
20180802,513100.SH,2.617,2.618,2.636,2.615,2.623,0.006,0.2293,115472.0,30336.054,2.618,2.636,2.615,2.623
20180803,513100.SH,2.623,2.657,2.708,2.653,2.702,0.079,3.0118,169392.0,45335.876,2.657,2.708,2.653,2.702
20180806,513100.SH,2.702,2.691,2.773,2.683,2.768,0.066,2.4426,294377.0,80220.538,2.691,2.773,2.683,2.768
20180807,513100.SH,2.768,2.764,2.819,2.741,2.754,-0.014,-0.5058,361860.0,100692.349,2.764,2.819,2.741,2.754
20180808,513100.SH,2.754,2.758,2.758,2.692,2.71,-0.044,-1.5977,300659.03,81581.111,2.758,2.758,2.692,2.71
20180809,513100.SH,2.71,2.7,2.7,2.659,2.673,-0.037,-1.3653,435574.0,116557.303,2.7,2.7,2.659,2.673
20180810,513100.SH,2.673,2.663,2.68,2.653,2.667,-0.006,-0.2245,247033.0,65815.319,2.663,2.68,2.653,2.667
20180813,513100.SH,2.667,2.649,2.673,2.635,2.66,-0.007,-0.2625,259113.25,68950.216,2.649,2.673,2.635,2.66
20180814,513100.SH,2.66,2.668,2.682,2.663,2.679,0.019,0.7143,146671.25,39207.309,2.668,2.682,2.663,2.679
20180815,513100.SH,2.679,2.698,2.72,2.694,2.71,0.031,1.1571,263227.25,71270.326,2.698,2.72,2.694,2.71
20180816,513100.SH,2.71,2.666,2.685,2.661,2.662,-0.048,-1.7712,212910.65,56904.726,2.666,2.685,2.661,2.662
20180817,513100.SH,2.662,2.673,2.675,2.667,2.668,0.006,0.2254,163667.0,43692.568,2.673,2.675,2.667,2.668
20180820,513100.SH,2.668,2.672,2.672,2.643,2.655,-0.013,-0.4873,201404.25,53452.958,2.672,2.672,2.643,2.655
20180821,513100.SH,2.655,2.649,2.649,2.632,2.638,-0.017,-0.6403,242570.0,63989.149,2.649,2.649,2.632,2.638
20180822,513100.SH,2.638,2.64,2.643,2.632,2.636,-0.002,-0.0758,163284.0,43061.997,2.64,2.643,2.632,2.636
20180823,513100.SH,2.636,2.646,2.668,2.646,2.665,0.029,1.1002,185709.0,49426.016,2.646,2.668,2.646,2.665
20180824,513100.SH,2.665,2.663,2.67,2.661,2.666,0.001,0.0375,124687.0,33242.88,2.663,2.67,2.661,2.666
20180827,513100.SH,2.666,2.678,2.686,2.672,2.678,0.012,0.4501,210669.0,56384.252,2.678,2.686,2.672,2.678
20180828,513100.SH,2.678,2.7,2.713,2.695,2.705,0.027,1.0082,216728.0,58638.847,2.7,2.713,2.695,2.705
20180829,513100.SH,2.705,2.707,2.711,2.701,2.708,0.003,0.1109,125515.0,33977.297,2.707,2.711,2.701,2.708
20180830,513100.SH,2.708,2.731,2.755,2.731,2.748,0.04,1.4771,254350.0,69819.463,2.731,2.755,2.731,2.748
20180831,513100.SH,2.748,2.74,2.746,2.733,2.74,-0.008,-0.2911,202799.0,55544.892,2.74,2.746,2.733,2.74
20180903,513100.SH,2.74,2.743,2.752,2.739,2.742,0.002,0.073,133570.0,36673.744,2.743,2.752,2.739,2.742
20180904,513100.SH,2.742,2.747,2.754,2.743,2.754,0.012,0.4376,122488.3,33659.577,2.747,2.754,2.743,2.754
20180905,513100.SH,2.754,2.743,2.743,2.724,2.728,-0.026,-0.9441,168401.0,45999.887,2.743,2.743,2.724,2.728
20180906,513100.SH,2.728,2.69,2.693,2.683,2.684,-0.044,-1.6129,190771.0,51287.047,2.69,2.693,2.683,2.684
20180907,513100.SH,2.684,2.662,2.665,2.658,2.662,-0.022,-0.8197,186183.0,49547.832,2.662,2.665,2.658,2.662
20180910,513100.SH,2.662,2.66,2.681,2.66,2.68,0.018,0.6762,136226.6,36406.337,2.66,2.681,2.66,2.68
20180911,513100.SH,2.68,2.686,2.696,2.684,2.693,0.013,0.4851,191398.65,51548.07,2.686,2.696,2.684,2.693
20180912,513100.SH,2.693,2.728,2.728,2.706,2.722,0.029,1.0769,157697.0,42845.763,2.728,2.728,2.706,2.722
20180913,513100.SH,2.722,2.71,2.71,2.69,2.695,-0.027,-0.9919,142382.0,38378.664,2.71,2.71,2.69,2.695
20180914,513100.SH,2.695,2.712,2.723,2.71,2.722,0.027,1.0019,142772.0,38782.802,2.712,2.723,2.71,2.722
20180917,513100.SH,2.722,2.714,2.715,2.709,2.709,-0.013,-0.4776,96943.0,26283.879,2.714,2.715,2.709,2.709
20180918,513100.SH,2.709,2.663,2.673,2.658,2.673,-0.036,-1.3289,217691.0,57972.777,2.663,2.673,2.658,2.673
20180919,513100.SH,2.673,2.695,2.699,2.686,2.696,0.023,0.8605,218011.0,58758.38,2.695,2.699,2.686,2.696
20180920,513100.SH,2.696,2.691,2.697,2.689,2.691,-0.005,-0.1855,147553.0,39739.48,2.691,2.697,2.689,2.691
20180921,513100.SH,2.691,2.722,2.723,2.713,2.72,0.029,1.0777,215359.0,58496.169,2.722,2.723,2.713,2.72
20180925,513100.SH,2.72,2.702,2.71,2.701,2.709,-0.011,-0.4044,125520.0,33947.896,2.702,2.71,2.701,2.709
20180926,513100.SH,2.709,2.713,2.742,2.707,2.726,0.017,0.6275,281320.7,76593.72,2.713,2.742,2.707,2.726
20180927,513100.SH,2.726,2.714,2.723,2.714,2.721,-0.005,-0.1834,134285.0,36514.468,2.714,2.723,2.714,2.721
20180928,513100.SH,2.721,2.745,2.759,2.745,2.754,0.033,1.2128,231498.0,63730.947,2.745,2.759,2.745,2.754
20181008,513100.SH,2.754,2.662,2.688,2.662,2.677,-0.077,-2.7959,128801.0,34516.485,2.662,2.688,2.662,2.677
20181009,513100.SH,2.677,2.676,2.682,2.667,2.675,-0.002,-0.0747,100181.02,26788.292,2.676,2.682,2.667,2.675
20181010,513100.SH,2.675,2.679,2.685,2.676,2.685,0.01,0.3738,99360.0,26626.122,2.679,2.685,2.676,2.685
20181011,513100.SH,2.685,2.55,2.55,2.503,2.51,-0.175,-6.5177,527984.12,132898.463,2.55,2.55,2.503,2.51
20181012,513100.SH,2.51,2.51,2.566,2.506,2.564,0.054,2.1514,271644.0,68851.531,2.51,2.566,2.506,2.564
20181015,513100.SH,2.564,2.575,2.587,2.554,2.555,-0.009,-0.351,202479.0,51989.741,2.575,2.587,2.554,2.555
20181016,513100.SH,2.555,2.559,2.567,2.558,2.559,0.004,0.1566,80553.0,20638.982,2.559,2.567,2.558,2.559
20181017,513100.SH,2.559,2.636,2.648,2.63,2.647,0.088,3.4388,129977.5,34271.194,2.636,2.648,2.63,2.647
20181018,513100.SH,2.647,2.63,2.634,2.617,2.619,-0.028,-1.0578,118551.0,31080.496,2.63,2.634,2.617,2.619
20181019,513100.SH,2.619,2.579,2.599,2.55,2.599,-0.02,-0.7637,195000.5,50512.278,2.579,2.599,2.55,2.599
20181022,513100.SH,2.599,2.576,2.589,2.564,2.587,-0.012,-0.4617,231859.0,59768.193,2.576,2.589,2.564,2.587
20181023,513100.SH,2.587,2.576,2.58,2.542,2.544,-0.043,-1.6622,279121.0,71355.952,2.576,2.58,2.542,2.544
20181024,513100.SH,2.544,2.562,2.578,2.556,2.56,0.016,0.6289,244475.0,62699.892,2.562,2.578,2.556,2.56
20181025,513100.SH,2.56,2.459,2.48,2.453,2.477,-0.083,-3.2422,247102.44,61009.597,2.459,2.48,2.453,2.477
20181026,513100.SH,2.477,2.496,2.497,2.476,2.49,0.013,0.5248,270331.44,67272.61,2.496,2.497,2.476,2.49
20181029,513100.SH,2.49,2.49,2.502,2.483,2.483,-0.007,-0.2811,133929.7,33334.31,2.49,2.502,2.483,2.483
20181030,513100.SH,2.483,2.448,2.461,2.438,2.449,-0.034,-1.3693,282827.44,69221.175,2.448,2.461,2.438,2.449
20181031,513100.SH,2.449,2.468,2.486,2.468,2.486,0.037,1.5108,170763.0,42269.42,2.468,2.486,2.468,2.486
20181101,513100.SH,2.486,2.528,2.535,2.513,2.514,0.028,1.1263,150497.0,38034.532,2.528,2.535,2.513,2.514
20181102,513100.SH,2.514,2.532,2.559,2.527,2.547,0.033,1.3126,226325.0,57448.273,2.532,2.559,2.527,2.547
20181105,513100.SH,2.547,2.509,2.509,2.496,2.505,-0.042,-1.649,108212.0,27067.968,2.509,2.509,2.496,2.505
20181106,513100.SH,2.505,2.504,2.509,2.494,2.499,-0.006,-0.2395,218351.0,54607.008,2.504,2.509,2.494,2.499
20181107,513100.SH,2.499,2.525,2.542,2.525,2.528,0.029,1.1605,172760.0,43744.404,2.525,2.542,2.525,2.528
20181108,513100.SH,2.528,2.594,2.604,2.585,2.588,0.06,2.3734,126242.0,32721.68,2.594,2.604,2.585,2.588
20181109,513100.SH,2.588,2.58,2.583,2.573,2.575,-0.013,-0.5023,103889.56,26783.697,2.58,2.583,2.573,2.575
20181112,513100.SH,2.575,2.548,2.568,2.544,2.568,-0.007,-0.2718,91423.0,23382.028,2.548,2.568,2.544,2.568
20181113,513100.SH,2.568,2.481,2.493,2.475,2.491,-0.077,-2.9984,203380.56,50517.868,2.481,2.493,2.475,2.491
20181114,513100.SH,2.491,2.485,2.489,2.479,2.483,-0.008,-0.3212,102435.0,25435.886,2.485,2.489,2.479,2.483
20181115,513100.SH,2.483,2.458,2.469,2.455,2.464,-0.019,-0.7652,259259.7,63746.329,2.458,2.469,2.455,2.464
20181116,513100.SH,2.464,2.489,2.489,2.472,2.474,0.01,0.4058,566380.0,140490.942,2.489,2.489,2.472,2.474
20181119,513100.SH,2.474,2.472,2.485,2.472,2.484,0.01,0.4042,205129.18,50878.594,2.472,2.485,2.472,2.484
20181120,513100.SH,2.484,2.404,2.41,2.393,2.396,-0.088,-3.5427,277020.9,66429.429,2.404,2.41,2.393,2.396
20181121,513100.SH,2.396,2.36,2.38,2.36,2.379,-0.017,-0.7095,213411.0,50540.135,2.36,2.38,2.36,2.379
20181122,513100.SH,2.379,2.38,2.385,2.368,2.377,-0.002,-0.0841,86598.1,20573.838,2.38,2.385,2.368,2.377
20181123,513100.SH,2.377,2.37,2.37,2.36,2.361,-0.016,-0.6731,124725.0,29495.24,2.37,2.37,2.36,2.361
20181126,513100.SH,2.361,2.363,2.382,2.36,2.382,0.021,0.8895,279776.0,66462.525,2.363,2.382,2.36,2.382
20181127,513100.SH,2.382,2.405,2.411,2.399,2.41,0.028,1.1755,89415.48,21503.298,2.405,2.411,2.399,2.41
20181128,513100.SH,2.41,2.422,2.44,2.422,2.435,0.025,1.0373,246651.0,60014.107,2.422,2.44,2.422,2.435
20181129,513100.SH,2.435,2.499,2.499,2.483,2.483,0.048,1.9713,277366.5,69074.7,2.499,2.499,2.483,2.483
20181130,513100.SH,2.483,2.481,2.496,2.477,2.493,0.01,0.4027,205307.98,51167.918,2.481,2.496,2.477,2.493
20181203,513100.SH,2.493,2.556,2.56,2.541,2.558,0.065,2.6073,242587.0,61950.577,2.556,2.56,2.541,2.558
20181204,513100.SH,2.558,2.544,2.544,2.504,2.513,-0.045,-1.7592,176608.12,44542.14,2.544,2.544,2.504,2.513
20181205,513100.SH,2.513,2.421,2.445,2.421,2.444,-0.069,-2.7457,111730.0,27251.823,2.421,2.445,2.421,2.444
20181206,513100.SH,2.444,2.418,2.42,2.399,2.404,-0.04,-1.6367,335376.48,80659.133,2.418,2.42,2.399,2.404
20181207,513100.SH,2.404,2.45,2.451,2.44,2.44,0.036,1.4975,92137.0,22509.509,2.45,2.451,2.44,2.44
20181210,513100.SH,2.44,2.368,2.379,2.363,2.368,-0.072,-2.9508,198290.0,46957.652,2.368,2.379,2.363,2.368
20181211,513100.SH,2.368,2.389,2.429,2.389,2.399,0.031,1.3091,931535.0,223986.759,2.389,2.429,2.389,2.399
20181212,513100.SH,2.399,2.42,2.442,2.412,2.429,0.03,1.2505,958702.0,232721.615,2.42,2.442,2.412,2.429
20181213,513100.SH,2.429,2.44,2.456,2.434,2.443,0.014,0.5764,678564.0,165812.721,2.44,2.456,2.434,2.443
20181214,513100.SH,2.443,2.427,2.427,2.408,2.411,-0.032,-1.3099,223182.0,53934.478,2.427,2.427,2.408,2.411
20181217,513100.SH,2.411,2.385,2.388,2.37,2.387,-0.024,-0.9954,263597.0,62871.147,2.385,2.388,2.37,2.387
20181218,513100.SH,2.387,2.339,2.343,2.329,2.337,-0.05,-2.0947,147774.0,34517.048,2.339,2.343,2.329,2.337
20181219,513100.SH,2.337,2.345,2.346,2.334,2.336,-0.001,-0.0428,153528.0,35912.101,2.345,2.346,2.334,2.336
20181220,513100.SH,2.336,2.3,2.3,2.266,2.272,-0.064,-2.7397,227564.0,51878.397,2.3,2.3,2.266,2.272
20181221,513100.SH,2.272,2.261,2.268,2.25,2.267,-0.005,-0.2201,265368.0,59931.647,2.261,2.268,2.25,2.267
20181224,513100.SH,2.267,2.202,2.208,2.186,2.194,-0.073,-3.2201,467443.7,102475.197,2.202,2.208,2.186,2.194
20181225,513100.SH,2.194,2.132,2.133,2.118,2.123,-0.071,-3.2361,235884.9,50084.487,2.132,2.133,2.118,2.123
20181226,513100.SH,2.123,2.124,2.127,2.116,2.12,-0.003,-0.1413,333782.8,70773.627,2.124,2.127,2.116,2.12
20181227,513100.SH,2.12,2.234,2.257,2.229,2.236,0.116,5.4717,715950.4,160522.112,2.234,2.257,2.229,2.236
20181228,513100.SH,2.236,2.253,2.259,2.243,2.243,0.007,0.3131,131354.0,29559.364,2.253,2.259,2.243,2.243
20190102,513100.SH,2.243,2.268,2.274,2.232,2.233,-0.01,-0.4458,162454.0,36570.533,2.268,2.274,2.232,2.233
20190103,513100.SH,2.233,2.229,2.238,2.222,2.225,-0.008,-0.3583,288026.0,64309.182,2.229,2.238,2.222,2.225
20190104,513100.SH,2.225,2.183,2.226,2.182,2.224,-0.001,-0.0449,399624.0,88170.188,2.183,2.226,2.182,2.224
20190107,513100.SH,2.224,2.305,2.308,2.289,2.296,0.072,3.2374,652743.0,150081.463,2.305,2.308,2.289,2.296
20190108,513100.SH,2.296,2.313,2.336,2.312,2.328,0.032,1.3937,667792.0,155387.284,2.313,2.336,2.312,2.328
20190109,513100.SH,2.328,2.345,2.358,2.338,2.341,0.013,0.5584,289969.0,68151.871,2.345,2.358,2.338,2.341
20190110,513100.SH,2.341,2.341,2.342,2.322,2.322,-0.019,-0.8116,507887.0,118273.882,2.341,2.342,2.322,2.322
20190111,513100.SH,2.322,2.339,2.342,2.326,2.328,0.006,0.2584,62765.0,14633.962,2.339,2.342,2.326,2.328
20190114,513100.SH,2.328,2.319,2.319,2.3,2.302,-0.026,-1.1168,543083.0,125148.88,2.319,2.319,2.3,2.302
20190115,513100.SH,2.302,2.307,2.322,2.301,2.322,0.02,0.8688,384723.0,89049.135,2.307,2.322,2.301,2.322
20190116,513100.SH,2.322,2.348,2.36,2.347,2.351,0.029,1.2489,312786.0,73654.371,2.348,2.36,2.347,2.351
20190117,513100.SH,2.351,2.344,2.346,2.334,2.334,-0.017,-0.7231,481687.0,112828.006,2.344,2.346,2.334,2.334
20190118,513100.SH,2.334,2.37,2.381,2.37,2.378,0.044,1.8852,86257.0,20499.64,2.37,2.381,2.37,2.378
20190121,513100.SH,2.378,2.384,2.397,2.384,2.392,0.014,0.5887,483501.97,115679.167,2.384,2.397,2.384,2.392
20190122,513100.SH,2.392,2.392,2.392,2.377,2.379,-0.013,-0.5435,333166.0,79471.451,2.392,2.392,2.377,2.379
20190123,513100.SH,2.379,2.364,2.366,2.35,2.353,-0.026,-1.0929,411085.0,96955.816,2.364,2.366,2.35,2.353
20190124,513100.SH,2.353,2.357,2.36,2.352,2.355,0.002,0.085,155347.0,36596.607,2.357,2.36,2.352,2.355
20190125,513100.SH,2.355,2.361,2.375,2.359,2.371,0.016,0.6794,531038.02,125667.96,2.361,2.375,2.359,2.371
20190128,513100.SH,2.371,2.394,2.394,2.366,2.37,-0.001,-0.0422,184820.0,43888.448,2.394,2.394,2.366,2.37
20190129,513100.SH,2.37,2.349,2.351,2.34,2.345,-0.025,-1.0549,77380.0,18148.18,2.349,2.351,2.34,2.345
20190130,513100.SH,2.345,2.339,2.342,2.334,2.339,-0.006,-0.2559,119851.0,28028.976,2.339,2.342,2.334,2.339
20190131,513100.SH,2.339,2.387,2.395,2.386,2.395,0.056,2.3942,155598.0,37195.365,2.387,2.395,2.386,2.395
20190201,513100.SH,2.395,2.406,2.427,2.401,2.427,0.032,1.3361,423987.04,102144.337,2.406,2.427,2.401,2.427
20190211,513100.SH,2.427,2.422,2.439,2.422,2.439,0.012,0.4944,87653.0,21331.39,2.422,2.439,2.422,2.439
20190212,513100.SH,2.439,2.446,2.46,2.445,2.459,0.02,0.82,260650.98,63987.316,2.446,2.46,2.445,2.459
20190213,513100.SH,2.459,2.478,2.489,2.478,2.488,0.029,1.1793,111593.0,27724.036,2.478,2.489,2.478,2.488
20190214,513100.SH,2.488,2.481,2.481,2.471,2.48,-0.008,-0.3215,182147.0,45071.622,2.481,2.481,2.471,2.48
20190215,513100.SH,2.48,2.47,2.474,2.458,2.458,-0.022,-0.8871,101188.05,24945.08,2.47,2.474,2.458,2.458
20190218,513100.SH,2.458,2.48,2.491,2.48,2.491,0.033,1.3426,275082.0,68408.265,2.48,2.491,2.48,2.491
20190219,513100.SH,2.491,2.492,2.498,2.491,2.493,0.002,0.0803,263220.0,65670.121,2.492,2.498,2.491,2.493
20190220,513100.SH,2.493,2.488,2.488,2.471,2.475,-0.018,-0.722,512566.92,127000.174,2.488,2.488,2.471,2.475
20190221,513100.SH,2.475,2.465,2.479,2.465,2.476,0.001,0.0404,99655.0,24654.051,2.465,2.479,2.465,2.476
20190222,513100.SH,2.476,2.343,2.469,2.343,2.463,-0.013,-0.525,775145.0,190775.293,2.343,2.469,2.343,2.463
20190225,513100.SH,2.463,2.475,2.483,2.469,2.476,0.013,0.5278,749473.0,185349.127,2.475,2.483,2.469,2.476
20190226,513100.SH,2.476,2.47,2.471,2.46,2.462,-0.014,-0.5654,789898.68,194713.045,2.47,2.471,2.46,2.462
20190227,513100.SH,2.462,2.468,2.474,2.464,2.465,0.003,0.1219,1131071.0,279584.142,2.468,2.474,2.464,2.465
20190228,513100.SH,2.465,2.465,2.47,2.459,2.461,-0.004,-0.1623,607292.0,149800.578,2.465,2.47,2.459,2.461
20190301,513100.SH,2.461,2.468,2.488,2.468,2.487,0.026,1.0565,501561.98,124372.449,2.468,2.488,2.468,2.487
20190304,513100.SH,2.487,2.504,2.507,2.495,2.501,0.014,0.5629,425089.98,106326.816,2.504,2.507,2.495,2.501
20190305,513100.SH,2.501,2.488,2.491,2.485,2.486,-0.015,-0.5998,251600.0,62566.087,2.488,2.491,2.485,2.486
20190306,513100.SH,2.486,2.485,2.499,2.485,2.491,0.005,0.2011,734656.03,182920.122,2.485,2.499,2.485,2.491
20190307,513100.SH,2.491,2.477,2.479,2.47,2.471,-0.02,-0.8029,657683.96,162680.271,2.477,2.479,2.47,2.471
20190308,513100.SH,2.471,2.456,2.456,2.44,2.442,-0.029,-1.1736,834736.32,204535.797,2.456,2.456,2.44,2.442
20190311,513100.SH,2.442,2.447,2.459,2.447,2.458,0.016,0.6552,382317.16,93814.882,2.447,2.459,2.447,2.458
20190312,513100.SH,2.458,2.503,2.517,2.501,2.508,0.05,2.0342,835085.0,209666.676,2.503,2.517,2.501,2.508
20190313,513100.SH,2.508,2.51,2.516,2.503,2.509,0.001,0.0399,684806.0,171828.234,2.51,2.516,2.503,2.509
20190314,513100.SH,2.509,2.524,2.54,2.523,2.535,0.026,1.0363,281115.98,71187.024,2.524,2.54,2.523,2.535
20190315,513100.SH,2.535,2.535,2.545,2.533,2.541,0.006,0.2367,213660.74,54244.769,2.535,2.545,2.533,2.541
20190318,513100.SH,2.541,2.547,2.569,2.547,2.558,0.017,0.669,254640.0,65177.112,2.547,2.569,2.547,2.558
20190319,513100.SH,2.558,2.565,2.571,2.563,2.565,0.007,0.2737,207644.0,53303.537,2.565,2.571,2.563,2.565
20190320,513100.SH,2.565,2.566,2.568,2.562,2.563,-0.002,-0.078,251268.9,64455.821,2.566,2.568,2.562,2.563
20190321,513100.SH,2.563,2.572,2.573,2.563,2.564,0.001,0.039,694048.94,178337.011,2.572,2.573,2.563,2.564
20190322,513100.SH,2.564,2.608,2.615,2.607,2.615,0.051,1.9891,1045276.0,273131.369,2.608,2.615,2.607,2.615
20190325,513100.SH,2.615,2.544,2.552,2.538,2.538,-0.077,-2.9446,251128.0,63918.949,2.544,2.552,2.538,2.538
20190326,513100.SH,2.538,2.558,2.566,2.552,2.558,0.02,0.788,202137.0,51789.621,2.558,2.566,2.552,2.558
20190327,513100.SH,2.558,2.567,2.577,2.562,2.576,0.018,0.7037,292013.48,75079.363,2.567,2.577,2.562,2.576
20190328,513100.SH,2.576,2.548,2.555,2.543,2.548,-0.028,-1.087,466762.24,119045.183,2.548,2.555,2.543,2.548
20190329,513100.SH,2.548,2.558,2.57,2.558,2.569,0.021,0.8242,488532.8,125368.925,2.558,2.57,2.558,2.569
20190401,513100.SH,2.569,2.587,2.604,2.587,2.604,0.035,1.3624,694365.76,180430.108,2.587,2.604,2.587,2.604
20190402,513100.SH,2.604,2.633,2.633,2.611,2.613,0.009,0.3456,1503245.0,394126.158,2.633,2.633,2.611,2.613
20190403,513100.SH,2.613,2.62,2.638,2.62,2.633,0.02,0.7654,396080.68,104150.204,2.62,2.638,2.62,2.633
20190404,513100.SH,2.633,2.64,2.648,2.633,2.636,0.003,0.1139,782233.0,206340.15,2.64,2.648,2.633,2.636
20190408,513100.SH,2.636,2.648,2.652,2.644,2.645,0.009,0.3414,448073.0,118667.338,2.648,2.652,2.644,2.645
20190409,513100.SH,2.645,2.656,2.657,2.645,2.648,0.003,0.1134,643930.0,170670.13,2.656,2.657,2.645,2.648
20190410,513100.SH,2.648,2.638,2.646,2.634,2.645,-0.003,-0.1133,773949.0,204311.347,2.638,2.646,2.634,2.645
20190411,513100.SH,2.645,2.659,2.667,2.654,2.659,0.014,0.5293,347313.0,92388.569,2.659,2.667,2.654,2.659
20190412,513100.SH,2.659,2.658,2.659,2.653,2.654,-0.005,-0.188,486733.0,129294.232,2.658,2.659,2.653,2.654
20190415,513100.SH,2.654,2.66,2.669,2.66,2.662,0.008,0.3014,347018.0,92481.153,2.66,2.669,2.66,2.662
20190416,513100.SH,2.662,2.667,2.679,2.663,2.677,0.015,0.5635,750233.68,200193.236,2.667,2.679,2.663,2.677
20190417,513100.SH,2.677,2.678,2.687,2.677,2.679,0.002,0.0747,321343.0,86186.812,2.678,2.687,2.677,2.679
20190418,513100.SH,2.679,2.68,2.687,2.669,2.67,-0.009,-0.3359,588602.76,157719.335,2.68,2.687,2.669,2.67
20190419,513100.SH,2.67,2.676,2.69,2.672,2.676,0.006,0.2247,873147.0,234104.032,2.676,2.69,2.672,2.676
20190422,513100.SH,2.676,2.681,2.69,2.675,2.679,0.003,0.1121,1255643.37,336463.066,2.681,2.69,2.675,2.679
20190423,513100.SH,2.679,2.69,2.703,2.687,2.699,0.02,0.7465,395393.0,106609.007,2.69,2.703,2.687,2.699
20190424,513100.SH,2.699,2.736,2.743,2.727,2.741,0.042,1.5561,450210.0,123136.62,2.736,2.743,2.727,2.741
20190425,513100.SH,2.741,2.745,2.764,2.742,2.76,0.019,0.6932,327925.0,90314.633,2.745,2.764,2.742,2.76
20190426,513100.SH,2.76,2.762,2.808,2.747,2.778,0.018,0.6522,579271.0,161487.197,2.762,2.808,2.747,2.778
20190429,513100.SH,2.778,2.788,2.819,2.776,2.814,0.036,1.2959,247419.0,69415.257,2.788,2.819,2.776,2.814
20190430,513100.SH,2.814,2.814,2.832,2.772,2.807,-0.007,-0.2488,203983.0,57216.043,2.814,2.832,2.772,2.807
20190506,513100.SH,2.807,2.781,2.785,2.722,2.727,-0.08,-2.85,238604.01,65829.586,2.781,2.785,2.722,2.727
20190507,513100.SH,2.727,2.753,2.766,2.743,2.757,0.03,1.1001,387360.0,106560.143,2.753,2.766,2.743,2.757
20190508,513100.SH,2.757,2.703,2.713,2.698,2.704,-0.053,-1.9224,690625.01,187117.738,2.703,2.713,2.698,2.704
20190509,513100.SH,2.704,2.701,2.702,2.685,2.686,-0.018,-0.6657,626679.0,168901.554,2.701,2.702,2.685,2.686
20190510,513100.SH,2.686,2.688,2.708,2.677,2.689,0.003,0.1117,1149959.0,309358.499,2.688,2.708,2.677,2.689
20190513,513100.SH,2.689,2.677,2.684,2.671,2.679,-0.01,-0.3719,730403.03,195629.346,2.677,2.684,2.671,2.679
20190514,513100.SH,2.679,2.61,2.648,2.61,2.624,-0.055,-2.053,535472.0,140547.323,2.61,2.648,2.61,2.624
20190515,513100.SH,2.624,2.647,2.66,2.647,2.658,0.034,1.2957,1190890.44,316111.566,2.647,2.66,2.647,2.658
20190516,513100.SH,2.658,2.688,2.688,2.675,2.678,0.02,0.7524,406481.0,108932.634,2.688,2.688,2.675,2.678
20190517,513100.SH,2.678,2.707,2.722,2.706,2.709,0.031,1.1576,225249.45,61125.335,2.707,2.722,2.706,2.709
20190520,513100.SH,2.709,2.696,2.703,2.693,2.696,-0.013,-0.4799,368250.0,99388.657,2.696,2.703,2.693,2.696
20190521,513100.SH,2.696,2.67,2.671,2.658,2.67,-0.026,-0.9644,419438.2,111676.984,2.67,2.671,2.658,2.67
20190522,513100.SH,2.67,2.683,2.686,2.664,2.664,-0.006,-0.2247,240363.44,64238.879,2.683,2.686,2.664,2.664
20190523,513100.SH,2.664,2.653,2.655,2.639,2.639,-0.025,-0.9384,261217.56,69114.546,2.653,2.655,2.639,2.639
20190524,513100.SH,2.639,2.624,2.632,2.624,2.632,-0.007,-0.2653,231561.12,60834.329,2.624,2.632,2.624,2.632
20190527,513100.SH,2.632,2.615,2.618,2.612,2.618,-0.014,-0.5319,112441.0,29401.84,2.615,2.618,2.612,2.618
20190528,513100.SH,2.618,2.618,2.632,2.618,2.624,0.006,0.2292,188484.0,49483.32,2.618,2.632,2.618,2.624
20190529,513100.SH,2.624,2.603,2.604,2.595,2.598,-0.026,-0.9909,297535.0,77387.516,2.603,2.604,2.595,2.598
20190530,513100.SH,2.598,2.589,2.598,2.585,2.596,-0.002,-0.077,94764.0,24542.146,2.589,2.598,2.585,2.596
20190531,513100.SH,2.596,2.58,2.586,2.571,2.573,-0.023,-0.886,273776.0,70623.293,2.58,2.586,2.571,2.573
20190603,513100.SH,2.573,2.544,2.544,2.532,2.538,-0.035,-1.3603,133350.0,33837.115,2.544,2.544,2.532,2.538
20190604,513100.SH,2.538,2.507,2.508,2.501,2.503,-0.035,-1.379,256938.0,64356.086,2.507,2.508,2.501,2.503
20190605,513100.SH,2.503,2.563,2.581,2.563,2.573,0.07,2.7966,325932.44,83904.489,2.563,2.581,2.563,2.573
20190606,513100.SH,2.573,2.585,2.59,2.58,2.585,0.012,0.4664,614319.03,158938.351,2.585,2.59,2.58,2.585
20190610,513100.SH,2.585,2.663,2.671,2.659,2.67,0.085,3.2882,269406.08,71839.71,2.663,2.671,2.659,2.67
20190611,513100.SH,2.67,2.688,2.697,2.688,2.695,0.025,0.9363,100392.0,27038.113,2.688,2.697,2.688,2.695
20190612,513100.SH,2.695,2.688,2.689,2.674,2.674,-0.021,-0.7792,270343.0,72493.475,2.688,2.689,2.674,2.674
20190613,513100.SH,2.674,2.677,2.681,2.656,2.667,-0.007,-0.2618,573458.0,152664.719,2.677,2.681,2.656,2.667
20190614,513100.SH,2.667,2.682,2.687,2.676,2.679,0.012,0.4499,156461.0,41984.513,2.682,2.687,2.676,2.679
20190617,513100.SH,2.679,2.681,2.689,2.681,2.684,0.005,0.1866,179321.0,48155.202,2.681,2.689,2.681,2.684
20190618,513100.SH,2.684,2.698,2.699,2.693,2.698,0.014,0.5216,250979.0,67671.987,2.698,2.699,2.693,2.698
20190619,513100.SH,2.698,2.74,2.742,2.725,2.73,0.032,1.1861,1068221.9,291496.81,2.74,2.742,2.725,2.73
20190620,513100.SH,2.73,2.745,2.76,2.745,2.757,0.027,0.989,664003.76,182798.007,2.745,2.76,2.745,2.757
20190621,513100.SH,2.757,2.759,2.759,2.74,2.748,-0.009,-0.3264,248876.56,68359.179,2.759,2.759,2.74,2.748
20190624,513100.SH,2.748,2.742,2.757,2.742,2.757,0.009,0.3275,512002.0,140942.019,2.742,2.757,2.742,2.757
20190625,513100.SH,2.757,2.751,2.751,2.732,2.734,-0.023,-0.8342,584535.56,160353.229,2.751,2.751,2.732,2.734
20190626,513100.SH,2.734,2.695,2.706,2.695,2.702,-0.032,-1.1704,267501.5,72273.997,2.695,2.706,2.695,2.702
20190627,513100.SH,2.702,2.713,2.728,2.713,2.727,0.025,0.9252,293755.0,79865.373,2.713,2.728,2.713,2.727
20190628,513100.SH,2.727,2.725,2.731,2.717,2.718,-0.009,-0.33,368944.0,100542.7,2.725,2.731,2.717,2.718
20190701,513100.SH,2.718,2.753,2.775,2.75,2.774,0.056,2.0603,305320.0,84371.887,2.753,2.775,2.75,2.774
20190702,513100.SH,2.774,2.769,2.77,2.758,2.762,-0.012,-0.4326,239676.0,66259.321,2.769,2.77,2.758,2.762
20190703,513100.SH,2.762,2.78,2.784,2.774,2.777,0.015,0.5431,459322.5,127567.983,2.78,2.784,2.774,2.777
20190704,513100.SH,2.777,2.798,2.798,2.79,2.792,0.015,0.5402,241256.0,67422.237,2.798,2.798,2.79,2.792
20190705,513100.SH,2.792,2.796,2.804,2.796,2.804,0.012,0.4298,561487.0,157309.899,2.796,2.804,2.796,2.804
20190708,513100.SH,2.804,2.791,2.791,2.775,2.777,-0.027,-0.9629,1081237.22,300659.681,2.791,2.791,2.775,2.777
20190709,513100.SH,2.777,2.777,2.777,2.751,2.756,-0.021,-0.7562,391389.0,108057.533,2.777,2.777,2.751,2.756
20190710,513100.SH,2.756,2.784,2.791,2.782,2.787,0.031,1.1248,442149.0,123246.435,2.784,2.791,2.782,2.787
20190711,513100.SH,2.787,2.817,2.822,2.813,2.822,0.035,1.2558,460535.22,129748.378,2.817,2.822,2.813,2.822
20190712,513100.SH,2.822,2.819,2.819,2.813,2.817,-0.005,-0.1772,323356.0,91034.36,2.819,2.819,2.813,2.817
20190715,513100.SH,2.817,2.831,2.84,2.824,2.84,0.023,0.8165,148416.61,42034.343,2.831,2.84,2.824,2.84
20190716,513100.SH,2.84,2.843,2.853,2.841,2.849,0.009,0.3169,291424.0,83004.967,2.843,2.853,2.841,2.849
20190717,513100.SH,2.849,2.832,2.858,2.825,2.834,-0.015,-0.5265,677128.0,192222.293,2.832,2.858,2.825,2.834
20190718,513100.SH,2.834,2.815,2.822,2.801,2.802,-0.032,-1.1291,585113.98,164692.959,2.815,2.822,2.801,2.802
20190719,513100.SH,2.802,2.824,2.838,2.824,2.835,0.033,1.1777,305701.0,86633.318,2.824,2.838,2.824,2.835
20190722,513100.SH,2.835,2.802,2.813,2.797,2.804,-0.031,-1.0935,225030.0,63056.035,2.802,2.813,2.797,2.804
20190723,513100.SH,2.804,2.827,2.835,2.823,2.835,0.031,1.1056,581582.0,164574.753,2.827,2.835,2.823,2.835
20190724,513100.SH,2.835,2.847,2.85,2.844,2.847,0.012,0.4233,226931.0,64615.778,2.847,2.85,2.844,2.847
20190725,513100.SH,2.847,2.87,2.873,2.865,2.87,0.023,0.8079,153483.0,44020.799,2.87,2.873,2.865,2.87
20190726,513100.SH,2.87,2.843,2.859,2.843,2.854,-0.016,-0.5575,192050.0,54742.652,2.843,2.859,2.843,2.854
20190729,513100.SH,2.854,2.875,2.877,2.862,2.866,0.012,0.4205,190435.0,54571.024,2.875,2.877,2.862,2.866
20190730,513100.SH,2.866,2.859,2.868,2.857,2.861,-0.005,-0.1745,255439.0,73162.411,2.859,2.868,2.857,2.861
20190731,513100.SH,2.861,2.856,2.857,2.851,2.854,-0.007,-0.2447,243291.0,69449.389,2.856,2.857,2.851,2.854
20190801,513100.SH,2.854,2.815,2.824,2.813,2.813,-0.041,-1.4366,196764.0,55470.642,2.815,2.824,2.813,2.813
20190802,513100.SH,2.813,2.797,2.819,2.797,2.818,0.005,0.1777,279052.0,78388.002,2.797,2.819,2.797,2.818
20190805,513100.SH,2.818,2.797,2.803,2.784,2.789,-0.029,-1.0291,172922.0,48294.764,2.797,2.803,2.784,2.789
20190806,513100.SH,2.789,2.702,2.735,2.688,2.734,-0.055,-1.972,289588.0,78400.982,2.702,2.735,2.688,2.734
20190807,513100.SH,2.734,2.741,2.754,2.736,2.754,0.02,0.7315,125010.0,34277.009,2.741,2.754,2.736,2.754
20190808,513100.SH,2.754,2.773,2.786,2.765,2.784,0.03,1.0893,113838.98,31588.344,2.773,2.786,2.765,2.784
20190809,513100.SH,2.784,2.816,2.832,2.816,2.822,0.038,1.3649,197211.72,55746.556,2.816,2.832,2.816,2.822
20190812,513100.SH,2.822,2.816,2.824,2.81,2.823,0.001,0.0354,93418.0,26334.875,2.816,2.824,2.81,2.823
20190813,513100.SH,2.823,2.79,2.79,2.772,2.775,-0.048,-1.7003,187838.98,52291.611,2.79,2.79,2.772,2.775
20190814,513100.SH,2.775,2.827,2.829,2.821,2.827,0.052,1.8739,396125.94,111888.955,2.827,2.829,2.821,2.827
20190815,513100.SH,2.827,2.756,2.769,2.74,2.764,-0.063,-2.2285,297263.0,81880.9,2.756,2.769,2.74,2.764
20190816,513100.SH,2.764,2.756,2.763,2.75,2.762,-0.002,-0.0724,274346.0,75624.794,2.756,2.763,2.75,2.762
20190819,513100.SH,2.762,2.79,2.809,2.785,2.808,0.046,1.6655,209895.0,58673.992,2.79,2.809,2.785,2.808
20190820,513100.SH,2.808,2.82,2.835,2.813,2.823,0.015,0.5342,452793.0,128002.126,2.82,2.835,2.813,2.823
20190821,513100.SH,2.823,2.815,2.815,2.808,2.809,-0.014,-0.4959,71651.0,20144.05,2.815,2.815,2.808,2.809
20190822,513100.SH,2.809,2.835,2.835,2.825,2.828,0.019,0.6764,110553.0,31270.841,2.835,2.835,2.825,2.828
20190823,513100.SH,2.828,2.827,2.84,2.825,2.84,0.012,0.4243,121940.0,34554.781,2.827,2.84,2.825,2.84
20190826,513100.SH,2.84,2.765,2.9,2.74,2.777,-0.063,-2.2183,253535.98,70010.079,2.765,2.9,2.74,2.777
20190827,513100.SH,2.777,2.795,2.811,2.795,2.807,0.03,1.0803,153844.49,43170.997,2.795,2.811,2.795,2.807
20190828,513100.SH,2.807,2.801,2.807,2.801,2.804,-0.003,-0.1069,392105.49,109977.799,2.801,2.807,2.801,2.804
20190829,513100.SH,2.804,2.805,2.806,2.797,2.798,-0.006,-0.214,438795.0,122932.716,2.805,2.806,2.797,2.798
20190830,513100.SH,2.798,2.836,2.846,2.835,2.841,0.043,1.5368,592211.0,168251.099,2.836,2.846,2.835,2.841
20190902,513100.SH,2.841,2.836,2.836,2.827,2.835,-0.006,-0.2112,244577.5,69226.752,2.836,2.836,2.827,2.835
20190903,513100.SH,2.835,2.837,2.838,2.827,2.829,-0.006,-0.2116,194607.0,55151.22,2.837,2.838,2.827,2.829
20190904,513100.SH,2.829,2.82,2.848,2.813,2.847,0.018,0.6363,329706.0,93393.77,2.82,2.848,2.813,2.847
20190905,513100.SH,2.847,2.853,2.872,2.853,2.866,0.019,0.6674,330202.0,94667.042,2.853,2.872,2.853,2.866
20190906,513100.SH,2.866,2.903,2.903,2.889,2.894,0.028,0.977,341095.0,98825.096,2.903,2.903,2.889,2.894
20190909,513100.SH,2.894,2.894,2.904,2.89,2.903,0.009,0.311,227615.0,65892.009,2.894,2.904,2.89,2.903
20190910,513100.SH,2.903,2.891,2.894,2.875,2.876,-0.027,-0.9301,274650.0,79233.716,2.891,2.894,2.875,2.876
20190911,513100.SH,2.876,2.876,2.877,2.865,2.875,-0.001,-0.0348,89822.0,25797.904,2.876,2.877,2.865,2.875
20190912,513100.SH,2.875,2.905,2.912,2.899,2.903,0.028,0.9739,176280.1,51212.368,2.905,2.912,2.899,2.903
20190916,513100.SH,2.903,2.874,2.874,2.857,2.871,-0.032,-1.1023,109556.0,31390.518,2.874,2.874,2.857,2.871
20190917,513100.SH,2.871,2.875,2.881,2.872,2.874,0.003,0.1045,134437.0,38668.466,2.875,2.881,2.872,2.874
20190918,513100.SH,2.874,2.892,2.896,2.886,2.89,0.016,0.5567,393898.0,113881.435,2.892,2.896,2.886,2.89
20190919,513100.SH,2.89,2.893,2.895,2.887,2.888,-0.002,-0.0692,375957.0,108687.604,2.893,2.895,2.887,2.888
20190920,513100.SH,2.888,2.901,2.902,2.892,2.896,0.008,0.277,207142.0,60023.92,2.901,2.902,2.892,2.896
20190923,513100.SH,2.896,2.891,2.891,2.875,2.883,-0.013,-0.4489,183469.0,52896.693,2.891,2.891,2.875,2.883
20190924,513100.SH,2.883,2.886,2.888,2.878,2.88,-0.003,-0.1041,92539.0,26675.294,2.886,2.888,2.878,2.88
20190925,513100.SH,2.88,2.843,2.844,2.836,2.838,-0.042,-1.4583,135261.0,38401.565,2.843,2.844,2.836,2.838
20190926,513100.SH,2.838,2.861,2.866,2.851,2.859,0.021,0.74,125929.16,36030.456,2.861,2.866,2.851,2.859
20190927,513100.SH,2.859,2.844,2.856,2.844,2.855,-0.004,-0.1399,57507.0,16401.937,2.844,2.856,2.844,2.855
20190930,513100.SH,2.855,2.845,2.845,2.833,2.834,-0.021,-0.7356,88858.0,25201.212,2.845,2.845,2.833,2.834
20191008,513100.SH,2.834,2.84,2.849,2.84,2.847,0.013,0.4587,273498.0,77839.849,2.84,2.849,2.84,2.847
20191009,513100.SH,2.847,2.807,2.819,2.803,2.806,-0.041,-1.4401,303090.76,85164.831,2.807,2.819,2.803,2.806
20191010,513100.SH,2.806,2.815,2.821,2.809,2.819,0.013,0.4633,423962.0,119416.176,2.815,2.821,2.809,2.819
20191011,513100.SH,2.819,2.837,2.849,2.834,2.848,0.029,1.0287,154776.84,43956.933,2.837,2.849,2.834,2.848
20191014,513100.SH,2.848,2.876,2.876,2.864,2.868,0.02,0.7022,112460.0,32253.992,2.876,2.876,2.864,2.868
20191015,513100.SH,2.868,2.869,2.881,2.868,2.879,0.011,0.3835,180255.0,51769.108,2.869,2.881,2.868,2.879
20191016,513100.SH,2.879,2.904,2.906,2.9,2.904,0.025,0.8684,92163.27,26752.6,2.904,2.906,2.9,2.904
20191017,513100.SH,2.904,2.9,2.905,2.899,2.903,-0.001,-0.0344,139863.0,40602.646,2.9,2.905,2.899,2.903
20191018,513100.SH,2.903,2.905,2.905,2.897,2.899,-0.004,-0.1378,69208.0,20068.058,2.905,2.905,2.897,2.899
20191021,513100.SH,2.899,2.88,2.895,2.879,2.882,-0.017,-0.5864,41009.0,11820.612,2.88,2.895,2.879,2.882
20191022,513100.SH,2.882,2.904,2.909,2.904,2.907,0.025,0.8675,140082.0,40722.589,2.904,2.909,2.904,2.907
20191023,513100.SH,2.907,2.88,2.88,2.87,2.872,-0.035,-1.204,197109.0,56639.8,2.88,2.88,2.87,2.872
20191024,513100.SH,2.872,2.883,2.889,2.883,2.888,0.016,0.5571,99084.0,28586.132,2.883,2.889,2.883,2.888
20191025,513100.SH,2.888,2.902,2.903,2.893,2.896,0.008,0.277,143593.0,41573.193,2.902,2.903,2.893,2.896
20191028,513100.SH,2.896,2.923,2.932,2.923,2.932,0.036,1.2431,119540.0,35008.635,2.923,2.932,2.923,2.932
20191029,513100.SH,2.932,2.956,2.959,2.952,2.953,0.021,0.7162,57294.12,16927.677,2.956,2.959,2.952,2.953
20191030,513100.SH,2.953,2.938,2.938,2.933,2.934,-0.019,-0.6434,361770.0,106191.002,2.938,2.938,2.933,2.934
20191031,513100.SH,2.934,2.955,2.955,2.94,2.95,0.016,0.5453,71506.0,21100.143,2.955,2.955,2.94,2.95
20191101,513100.SH,2.95,2.947,2.956,2.947,2.956,0.006,0.2034,82380.48,24320.676,2.947,2.956,2.947,2.956
20191104,513100.SH,2.956,2.975,2.986,2.975,2.977,0.021,0.7104,56018.0,16675.517,2.975,2.986,2.975,2.977
20191105,513100.SH,2.977,2.987,2.993,2.987,2.992,0.015,0.5039,86223.0,25784.703,2.987,2.993,2.987,2.992
20191106,513100.SH,2.992,2.986,2.989,2.971,2.974,-0.018,-0.6016,115816.0,34460.358,2.986,2.989,2.971,2.974
20191107,513100.SH,2.974,2.978,2.978,2.968,2.97,-0.004,-0.1345,73083.0,21713.259,2.978,2.978,2.968,2.97
20191108,513100.SH,2.97,2.971,2.971,2.959,2.961,-0.009,-0.303,104860.0,31050.691,2.971,2.971,2.959,2.961
20191111,513100.SH,2.961,2.975,2.981,2.972,2.978,0.017,0.5741,217404.16,64740.277,2.975,2.981,2.972,2.978
20191112,513100.SH,2.978,2.975,2.993,2.973,2.993,0.015,0.5037,215429.16,64284.179,2.975,2.993,2.973,2.993
20191113,513100.SH,2.993,2.993,2.999,2.988,2.994,0.001,0.0334,78491.48,23509.294,2.993,2.999,2.988,2.994
20191114,513100.SH,2.994,2.996,3.004,2.994,3.001,0.007,0.2338,71907.16,21577.581,2.996,3.004,2.994,3.001
20191115,513100.SH,3.001,3.001,3.015,3.001,3.014,0.013,0.4332,143895.0,43279.192,3.001,3.015,3.001,3.014
20191118,513100.SH,3.014,3.028,3.031,3.022,3.028,0.014,0.4645,267514.66,80895.011,3.028,3.031,3.022,3.028
20191119,513100.SH,3.028,3.03,3.046,3.03,3.044,0.016,0.5284,80799.0,24564.064,3.03,3.046,3.03,3.044
20191120,513100.SH,3.044,3.042,3.046,3.028,3.03,-0.014,-0.4599,130020.0,39495.54,3.042,3.046,3.028,3.03
20191121,513100.SH,3.03,3.018,3.018,3.01,3.017,-0.013,-0.429,45182.0,13616.405,3.018,3.018,3.01,3.017
20191122,513100.SH,3.017,3.015,3.026,3.015,3.023,0.006,0.1989,86330.0,26094.437,3.015,3.026,3.015,3.023
20191125,513100.SH,3.023,3.031,3.043,3.031,3.042,0.019,0.6285,61754.0,18750.057,3.031,3.043,3.031,3.042
20191126,513100.SH,3.042,3.07,3.095,3.07,3.09,0.048,1.5779,98925.0,30431.377,3.07,3.095,3.07,3.09
20191127,513100.SH,3.09,3.088,3.109,3.08,3.081,-0.009,-0.2913,83163.0,25718.116,3.088,3.109,3.08,3.081
20191128,513100.SH,3.081,3.099,3.102,3.09,3.099,0.018,0.5842,185121.0,57333.743,3.099,3.102,3.09,3.099
20191129,513100.SH,3.099,3.094,3.102,3.094,3.095,-0.004,-0.1291,68894.0,21345.202,3.094,3.102,3.094,3.095
20191202,513100.SH,3.095,3.095,3.124,3.09,3.12,0.025,0.8078,93160.0,28967.348,3.095,3.124,3.09,3.12
20191203,513100.SH,3.12,3.068,3.098,3.062,3.084,-0.036,-1.1538,74305.0,22883.306,3.068,3.098,3.062,3.084
20191204,513100.SH,3.084,3.063,3.063,3.034,3.047,-0.037,-1.1997,133860.0,40856.135,3.063,3.063,3.034,3.047
20191205,513100.SH,3.047,3.06,3.078,3.049,3.061,0.014,0.4595,216094.0,66079.522,3.06,3.078,3.049,3.061
20191206,513100.SH,3.061,3.063,3.067,3.053,3.058,-0.003,-0.098,119967.0,36680.926,3.063,3.067,3.053,3.058
20191209,513100.SH,3.058,3.076,3.086,3.072,3.086,0.028,0.9156,149767.4,46118.293,3.076,3.086,3.072,3.086
20191210,513100.SH,3.086,3.07,3.07,3.064,3.069,-0.017,-0.5509,68738.6,21084.903,3.07,3.07,3.064,3.069
20191211,513100.SH,3.069,3.064,3.064,3.058,3.064,-0.005,-0.1629,85941.0,26307.893,3.064,3.064,3.058,3.064
20191212,513100.SH,3.064,3.071,3.087,3.07,3.086,0.022,0.718,133678.4,41155.954,3.071,3.087,3.07,3.086
20191213,513100.SH,3.086,3.108,3.112,3.1,3.109,0.023,0.7453,99166.0,30800.735,3.108,3.112,3.1,3.109
20191216,513100.SH,3.109,3.102,3.13,3.102,3.129,0.02,0.6433,155714.66,48442.095,3.102,3.13,3.102,3.129
20191217,513100.SH,3.129,3.139,3.171,3.13,3.161,0.032,1.0227,174742.28,54997.975,3.139,3.171,3.13,3.161
20191218,513100.SH,3.161,3.161,3.161,3.132,3.132,-0.029,-0.9174,91486.0,28764.902,3.161,3.161,3.132,3.132
20191219,513100.SH,3.132,3.135,3.14,3.119,3.121,-0.011,-0.3512,94966.0,29684.902,3.135,3.14,3.119,3.121
20191220,513100.SH,3.121,3.141,3.157,3.14,3.155,0.034,1.0894,146492.0,46072.532,3.141,3.157,3.14,3.155
20191223,513100.SH,3.155,3.168,3.174,3.16,3.17,0.015,0.4754,198828.0,62990.311,3.168,3.174,3.16,3.17
20191224,513100.SH,3.17,3.171,3.192,3.171,3.185,0.015,0.4732,155020.0,49385.477,3.171,3.192,3.171,3.185
20191225,513100.SH,3.185,3.188,3.189,3.155,3.168,-0.017,-0.5338,153169.0,48530.002,3.188,3.189,3.155,3.168
20191226,513100.SH,3.168,3.173,3.195,3.168,3.189,0.021,0.6629,388613.0,123580.586,3.173,3.195,3.168,3.189
20191227,513100.SH,3.189,3.209,3.235,3.192,3.217,0.028,0.878,202189.0,65053.388,3.209,3.235,3.192,3.217
20191230,513100.SH,3.217,3.21,3.222,3.197,3.21,-0.007,-0.2176,134495.0,43159.892,3.21,3.222,3.197,3.21
20191231,513100.SH,3.21,3.187,3.195,3.175,3.193,-0.017,-0.5296,161564.0,51430.903,3.187,3.195,3.175,3.193
20200102,513100.SH,3.193,3.201,3.243,3.201,3.24,0.047,1.472,160678.19,51681.636,3.201,3.243,3.201,3.24
20200103,513100.SH,3.24,3.27,3.27,3.233,3.254,0.014,0.4321,232830.0,75798.968,3.27,3.27,3.233,3.254
20200106,513100.SH,3.254,3.228,3.232,3.196,3.212,-0.042,-1.2907,188451.0,60602.918,3.228,3.232,3.196,3.212
20200107,513100.SH,3.212,3.231,3.28,3.231,3.257,0.045,1.401,187464.75,60875.89,3.231,3.28,3.231,3.257
20200108,513100.SH,3.257,3.226,3.243,3.194,3.219,-0.038,-1.1667,204365.6,65796.355,3.226,3.243,3.194,3.219
20200109,513100.SH,3.219,3.253,3.29,3.253,3.29,0.071,2.2057,222010.1,72674.922,3.253,3.29,3.253,3.29
20200110,513100.SH,3.29,3.33,3.369,3.311,3.366,0.076,2.31,168844.74,56502.645,3.33,3.369,3.311,3.366
20200113,513100.SH,3.366,3.349,3.37,3.327,3.359,-0.007,-0.208,358640.2,120071.113,3.349,3.37,3.327,3.359
20200114,513100.SH,3.359,3.401,3.415,3.369,3.401,0.042,1.2504,287783.6,97677.665,3.401,3.415,3.369,3.401
20200115,513100.SH,3.401,3.397,3.411,3.38,3.41,0.009,0.2646,98738.0,33497.122,3.397,3.411,3.38,3.41
20200116,513100.SH,3.41,3.416,3.448,3.416,3.441,0.031,0.9091,191947.44,65878.507,3.416,3.448,3.416,3.441
20200117,513100.SH,3.441,3.493,3.503,3.475,3.483,0.042,1.2206,174746.0,60921.067,3.493,3.503,3.475,3.483
20200120,513100.SH,3.483,3.482,3.482,3.419,3.424,-0.059,-1.6939,292527.0,100630.192,3.482,3.482,3.419,3.424
20200121,513100.SH,3.424,3.424,3.436,3.354,3.397,-0.027,-0.7886,253272.0,85927.142,3.424,3.436,3.354,3.397
20200122,513100.SH,3.397,3.391,3.44,3.388,3.436,0.039,1.1481,206149.0,70626.962,3.391,3.44,3.388,3.436
20200123,513100.SH,3.436,3.412,3.48,3.4,3.478,0.042,1.2224,176189.79,60494.215,3.412,3.48,3.4,3.478
20200203,513100.SH,3.478,3.3,3.37,3.299,3.303,-0.175,-5.0316,313604.0,104496.622,3.3,3.37,3.299,3.303
20200204,513100.SH,3.303,3.357,3.43,3.324,3.422,0.119,3.6028,318943.0,108110.676,3.357,3.43,3.324,3.422
20200205,513100.SH,3.422,3.5,3.575,3.497,3.57,0.148,4.325,329216.01,116554.09,3.5,3.575,3.497,3.57
20200206,513100.SH,3.57,3.576,3.705,3.575,3.682,0.112,3.1373,289806.56,106085.215,3.576,3.705,3.575,3.682
20200207,513100.SH,3.682,3.72,3.795,3.673,3.709,0.027,0.7333,414313.32,154851.561,3.72,3.795,3.673,3.709
20200210,513100.SH,3.709,3.668,3.738,3.634,3.732,0.023,0.6201,272719.01,101014.271,3.668,3.738,3.634,3.732
20200211,513100.SH,3.732,3.824,3.88,3.807,3.871,0.139,3.7245,267132.8,102527.461,3.824,3.88,3.807,3.871
20200212,513100.SH,3.871,3.88,3.989,3.831,3.971,0.1,2.5833,478230.5,188628.177,3.88,3.989,3.831,3.971
20200213,513100.SH,3.971,4.06,4.239,4.045,4.197,0.226,5.6913,537741.29,221056.488,4.06,4.239,4.045,4.197
20200214,513100.SH,4.197,4.135,4.162,3.999,4.01,-0.187,-4.4556,674229.0,274210.397,4.135,4.162,3.999,4.01
20200217,513100.SH,4.01,4.01,4.01,3.818,3.976,-0.034,-0.8479,849552.57,334636.775,4.01,4.01,3.818,3.976
20200218,513100.SH,3.976,3.967,3.967,3.824,3.837,-0.139,-3.496,702316.94,272338.753,3.967,3.967,3.824,3.837
20200219,513100.SH,3.837,3.791,3.907,3.787,3.799,-0.038,-0.9904,651039.93,250750.208,3.791,3.907,3.787,3.799
20200220,513100.SH,3.799,3.862,3.89,3.804,3.82,0.021,0.5528,422582.62,161995.101,3.862,3.89,3.804,3.82
20200221,513100.SH,3.82,3.746,3.796,3.718,3.719,-0.101,-2.644,609268.84,228071.069,3.746,3.796,3.718,3.719
20200224,513100.SH,3.719,3.626,3.626,3.547,3.558,-0.161,-4.3291,529951.36,189777.435,3.626,3.626,3.547,3.558
20200225,513100.SH,3.558,3.485,3.69,3.44,3.686,0.128,3.5975,851486.61,305355.868,3.485,3.69,3.44,3.686
20200226,513100.SH,3.686,3.537,3.65,3.536,3.619,-0.067,-1.8177,534375.81,192827.505,3.537,3.65,3.536,3.619
20200227,513100.SH,3.619,3.64,3.656,3.55,3.57,-0.049,-1.354,535804.64,192551.483,3.64,3.656,3.55,3.57
20200228,513100.SH,3.57,3.43,3.468,3.383,3.392,-0.178,-4.986,586615.34,200899.681,3.43,3.468,3.383,3.392
20200302,513100.SH,3.392,3.424,3.549,3.421,3.541,0.149,4.3927,625286.0,218251.701,3.424,3.549,3.421,3.541
20200303,513100.SH,3.541,3.669,3.721,3.542,3.565,0.024,0.6778,811495.95,294356.579,3.669,3.721,3.542,3.565
20200304,513100.SH,3.565,3.502,3.575,3.45,3.567,0.002,0.0561,398707.16,139664.866,3.502,3.575,3.45,3.567
20200305,513100.SH,3.567,3.65,3.666,3.553,3.571,0.004,0.1121,577006.6,207550.248,3.65,3.666,3.553,3.571
20200306,513100.SH,3.571,3.508,3.54,3.468,3.493,-0.078,-2.1843,312562.44,109251.091,3.508,3.54,3.468,3.493
20200309,513100.SH,3.493,3.402,3.402,3.255,3.258,-0.235,-6.7277,468301.55,156558.56,3.402,3.402,3.255,3.258
20200310,513100.SH,3.258,3.282,3.43,3.234,3.413,0.155,4.7575,773686.85,258711.515,3.282,3.43,3.234,3.413
20200311,513100.SH,3.413,3.392,3.4,3.286,3.294,-0.119,-3.4867,596499.28,199858.71,3.392,3.4,3.286,3.294
20200312,513100.SH,3.294,3.238,3.238,3.166,3.176,-0.118,-3.5823,472834.41,150685.535,3.238,3.238,3.166,3.176
20200313,513100.SH,3.176,3.0,3.322,2.94,3.217,0.041,1.2909,1178209.1,372430.792,3.0,3.322,2.94,3.217
20200316,513100.SH,3.217,3.14,3.217,3.003,3.015,-0.202,-6.2791,604886.62,189201.864,3.14,3.217,3.003,3.015
20200317,513100.SH,3.015,3.1,3.18,3.001,3.081,0.066,2.1891,990914.03,304251.202,3.1,3.18,3.001,3.081
20200318,513100.SH,3.081,3.101,3.15,2.99,2.998,-0.083,-2.6939,811179.78,251455.611,3.101,3.15,2.99,2.998
20200319,513100.SH,2.998,3.048,3.065,2.982,3.061,0.063,2.1014,487331.5,147274.628,3.048,3.065,2.982,3.061
20200320,513100.SH,3.061,3.093,3.169,3.073,3.161,0.1,3.2669,733378.92,229118.934,3.093,3.169,3.073,3.161
20200323,513100.SH,3.161,3.01,3.133,3.002,3.019,-0.142,-4.4922,538253.74,164116.292,3.01,3.133,3.002,3.019
20200324,513100.SH,3.019,3.106,3.185,3.095,3.181,0.162,5.366,935619.69,293528.367,3.106,3.185,3.095,3.181
20200325,513100.SH,3.181,3.32,3.329,3.254,3.302,0.121,3.8038,781618.66,257807.085,3.32,3.329,3.254,3.302
20200326,513100.SH,3.302,3.265,3.266,3.213,3.22,-0.082,-2.4833,491396.04,159693.163,3.265,3.266,3.213,3.22
20200327,513100.SH,3.22,3.275,3.29,3.151,3.159,-0.061,-1.8944,635375.77,205716.545,3.275,3.29,3.151,3.159
20200330,513100.SH,3.159,3.066,3.135,3.057,3.094,-0.065,-2.0576,497053.91,153513.451,3.066,3.135,3.057,3.094
20200331,513100.SH,3.094,3.152,3.16,3.096,3.099,0.005,0.1616,389778.8,121765.47,3.152,3.16,3.096,3.099
20200401,513100.SH,3.099,3.068,3.107,3.058,3.066,-0.033,-1.0649,291703.0,90015.207,3.068,3.107,3.058,3.066
20200402,513100.SH,3.066,3.05,3.127,3.049,3.123,0.057,1.8591,319045.55,98531.984,3.05,3.127,3.049,3.123
20200403,513100.SH,3.123,3.116,3.116,3.066,3.077,-0.046,-1.4729,318128.0,98292.245,3.116,3.116,3.066,3.077
20200407,513100.SH,3.077,3.19,3.203,3.153,3.175,0.098,3.1849,416735.46,132233.521,3.19,3.203,3.153,3.175
20200408,513100.SH,3.175,3.16,3.183,3.152,3.156,-0.019,-0.5984,243910.0,77208.606,3.16,3.183,3.152,3.156
20200409,513100.SH,3.156,3.19,3.196,3.167,3.168,0.012,0.3802,270899.99,86115.539,3.19,3.196,3.167,3.168
20200410,513100.SH,3.168,3.169,3.175,3.12,3.126,-0.042,-1.3258,270958.76,85296.989,3.169,3.175,3.12,3.126
20200413,513100.SH,3.126,3.116,3.116,3.08,3.095,-0.031,-0.9917,138939.22,43079.399,3.116,3.116,3.08,3.095
20200414,513100.SH,3.095,3.11,3.169,3.11,3.165,0.07,2.2617,247932.0,78136.626,3.11,3.169,3.11,3.165
20200415,513100.SH,3.165,3.201,3.253,3.2,3.237,0.072,2.2749,363618.42,117571.653,3.201,3.253,3.2,3.237
20200416,513100.SH,3.237,3.22,3.274,3.2,3.262,0.025,0.7723,221488.0,71532.292,3.22,3.274,3.2,3.262
20200417,513100.SH,3.262,3.34,3.395,3.333,3.375,0.113,3.4641,444942.26,149562.581,3.34,3.395,3.333,3.375
20200420,513100.SH,3.375,3.378,3.395,3.351,3.375,0.0,0.0,265693.98,89719.802,3.378,3.395,3.351,3.375
20200421,513100.SH,3.375,3.363,3.375,3.299,3.348,-0.027,-0.8,348314.0,116133.522,3.363,3.375,3.299,3.348
20200422,513100.SH,3.348,3.289,3.436,3.281,3.423,0.075,2.2401,468472.11,157667.61,3.289,3.436,3.281,3.423
20200423,513100.SH,3.423,3.435,3.503,3.434,3.465,0.042,1.227,425399.74,147535.464,3.435,3.503,3.434,3.465
20200424,513100.SH,3.465,3.46,3.49,3.43,3.446,-0.019,-0.5483,289775.0,100512.281,3.46,3.49,3.43,3.446
20200427,513100.SH,3.446,3.49,3.575,3.489,3.567,0.121,3.5113,398063.88,141063.682,3.49,3.575,3.489,3.567
20200428,513100.SH,3.567,3.58,3.67,3.58,3.656,0.089,2.4951,430238.0,156558.512,3.58,3.67,3.58,3.656
20200429,513100.SH,3.656,3.652,3.775,3.652,3.722,0.066,1.8053,544889.0,203411.934,3.652,3.775,3.652,3.722
20200430,513100.SH,3.722,3.835,3.882,3.65,3.737,0.015,0.403,723778.58,274149.857,3.835,3.882,3.65,3.737
20200506,513100.SH,3.737,3.727,3.788,3.71,3.748,0.011,0.2944,425286.88,159148.088,3.727,3.788,3.71,3.748
20200507,513100.SH,3.748,3.768,3.776,3.728,3.764,0.016,0.4269,384740.56,144468.979,3.768,3.776,3.728,3.764
20200508,513100.SH,3.764,3.826,3.835,3.787,3.789,0.025,0.6642,380244.0,144936.591,3.826,3.835,3.787,3.789
20200511,513100.SH,3.789,3.818,3.825,3.717,3.726,-0.063,-1.6627,331037.01,124988.334,3.818,3.825,3.717,3.726
20200512,513100.SH,3.726,3.722,3.758,3.63,3.656,-0.07,-1.8787,456615.85,167671.877,3.722,3.758,3.63,3.656
20200513,513100.SH,3.656,3.62,3.657,3.582,3.644,-0.012,-0.3282,370179.64,133778.545,3.62,3.657,3.582,3.644
20200514,513100.SH,3.644,3.61,3.613,3.584,3.586,-0.058,-1.5917,251404.4,90554.409,3.61,3.613,3.584,3.586
20200515,513100.SH,3.586,3.62,3.646,3.605,3.61,0.024,0.6693,285501.24,103480.384,3.62,3.646,3.605,3.61
20200518,513100.SH,3.61,3.64,3.657,3.63,3.651,0.041,1.1357,200227.56,72995.297,3.64,3.657,3.63,3.651
20200519,513100.SH,3.651,3.702,3.749,3.702,3.748,0.097,2.6568,299544.99,111562.274,3.702,3.749,3.702,3.748
20200520,513100.SH,3.748,3.735,3.737,3.714,3.721,-0.027,-0.7204,136689.0,50897.703,3.735,3.737,3.714,3.721
20200521,513100.SH,3.721,3.772,3.783,3.7,3.72,-0.001,-0.0269,184691.48,69162.0,3.772,3.783,3.7,3.72
20200522,513100.SH,3.72,3.713,3.713,3.595,3.596,-0.124,-3.3333,294609.14,107328.802,3.713,3.713,3.595,3.596
20200525,513100.SH,3.596,3.625,3.718,3.615,3.713,0.117,3.2536,225907.0,82830.329,3.625,3.718,3.615,3.713
20200526,513100.SH,3.713,3.777,3.82,3.744,3.797,0.084,2.2623,319052.72,120537.387,3.777,3.82,3.744,3.797
20200527,513100.SH,3.797,3.755,3.84,3.751,3.772,-0.025,-0.6584,333233.34,126315.78,3.755,3.84,3.751,3.772
20200528,513100.SH,3.772,3.79,3.838,3.753,3.757,-0.015,-0.3977,391525.0,148637.492,3.79,3.838,3.753,3.757
20200529,513100.SH,3.757,3.744,3.773,3.724,3.73,-0.027,-0.7187,261543.0,97969.294,3.744,3.773,3.724,3.73
20200601,513100.SH,3.73,3.77,3.781,3.736,3.744,0.014,0.3753,291047.76,109204.398,3.77,3.781,3.736,3.744
20200602,513100.SH,3.744,3.755,3.756,3.731,3.738,-0.006,-0.1603,191400.96,71627.199,3.755,3.756,3.731,3.738
20200603,513100.SH,3.738,3.751,3.776,3.746,3.771,0.033,0.8828,259108.84,97497.525,3.751,3.776,3.746,3.771
20200604,513100.SH,3.771,3.797,3.81,3.778,3.793,0.022,0.5834,217285.15,82377.167,3.797,3.81,3.778,3.793
20200605,513100.SH,3.793,3.794,3.795,3.778,3.792,-0.001,-0.0264,137524.0,52104.792,3.794,3.795,3.778,3.792
20200608,513100.SH,3.792,3.821,3.85,3.79,3.796,0.004,0.1055,183329.81,70064.5,3.821,3.85,3.79,3.796
20200609,513100.SH,3.796,3.82,3.83,3.788,3.802,0.006,0.1581,200797.19,76422.056,3.82,3.83,3.788,3.802
20200610,513100.SH,3.802,3.827,3.829,3.772,3.788,-0.014,-0.3682,168005.19,63777.271,3.827,3.829,3.772,3.788
20200611,513100.SH,3.788,3.8,3.841,3.776,3.786,-0.002,-0.0528,295402.1,112377.829,3.8,3.841,3.776,3.786
20200612,513100.SH,3.786,3.652,3.757,3.647,3.724,-0.062,-1.6376,344962.03,128163.736,3.652,3.757,3.647,3.724
20200615,513100.SH,3.724,3.71,3.737,3.663,3.665,-0.059,-1.5843,209981.0,77794.421,3.71,3.737,3.663,3.665
20200616,513100.SH,3.665,3.742,3.807,3.738,3.806,0.141,3.8472,273071.54,103283.06,3.742,3.807,3.738,3.806
20200617,513100.SH,3.806,3.811,3.84,3.806,3.82,0.014,0.3678,219251.86,83766.8,3.811,3.84,3.806,3.82
20200618,513100.SH,3.82,3.811,3.812,3.785,3.794,-0.026,-0.6806,135249.02,51349.338,3.811,3.812,3.785,3.794
20200619,513100.SH,3.794,3.795,3.818,3.795,3.802,0.008,0.2109,160137.4,60965.555,3.795,3.818,3.795,3.802
20200622,513100.SH,3.802,3.794,3.794,3.779,3.786,-0.016,-0.4208,108064.0,40903.943,3.794,3.794,3.779,3.786
20200623,513100.SH,3.786,3.785,3.836,3.785,3.819,0.033,0.8716,216837.81,82713.903,3.785,3.836,3.785,3.819
20200624,513100.SH,3.819,3.83,3.853,3.824,3.829,0.01,0.2618,121002.0,46393.948,3.83,3.853,3.824,3.829
20200629,513100.SH,3.829,3.757,3.773,3.738,3.76,-0.069,-1.802,180909.28,67997.614,3.757,3.773,3.738,3.76
20200630,513100.SH,3.76,3.793,3.8,3.763,3.77,0.01,0.266,145703.68,55059.499,3.793,3.8,3.763,3.77
20200701,513100.SH,3.77,3.81,3.815,3.776,3.786,0.016,0.4244,136999.06,51903.016,3.81,3.815,3.776,3.786
20200702,513100.SH,3.786,3.8,3.805,3.784,3.803,0.017,0.449,182207.3,69179.745,3.8,3.805,3.784,3.803
20200703,513100.SH,3.803,3.791,3.821,3.791,3.802,-0.001,-0.0263,223852.8,85208.601,3.791,3.821,3.791,3.802
20200706,513100.SH,3.802,3.802,3.85,3.801,3.828,0.026,0.6839,230086.44,87788.734,3.802,3.85,3.801,3.828
20200707,513100.SH,3.828,3.863,3.867,3.823,3.839,0.011,0.2874,250525.51,96213.808,3.863,3.867,3.823,3.839
20200708,513100.SH,3.839,3.825,3.825,3.808,3.821,-0.018,-0.4689,263445.24,100554.642,3.825,3.825,3.808,3.821
20200709,513100.SH,3.821,3.837,3.851,3.833,3.839,0.018,0.4711,280025.47,107506.268,3.837,3.851,3.833,3.839
20200710,513100.SH,3.839,3.845,3.865,3.84,3.847,0.008,0.2084,248009.13,95471.148,3.845,3.865,3.84,3.847
20200713,513100.SH,3.847,3.903,3.95,3.888,3.925,0.078,2.0276,228156.92,89268.682,3.903,3.95,3.888,3.925
20200714,513100.SH,3.925,3.825,3.875,3.825,3.872,-0.053,-1.3503,254597.53,98097.871,3.825,3.875,3.825,3.872
20200715,513100.SH,3.872,3.886,3.899,3.88,3.882,0.01,0.2583,112633.53,43751.499,3.886,3.899,3.88,3.882
20200716,513100.SH,3.882,3.888,3.888,3.819,3.82,-0.062,-1.5971,204058.8,78492.992,3.888,3.888,3.819,3.82
20200717,513100.SH,3.82,3.825,3.874,3.817,3.868,0.048,1.2565,199589.0,76809.089,3.825,3.874,3.817,3.868
20200720,513100.SH,3.868,3.87,3.87,3.84,3.849,-0.019,-0.4912,199565.0,76784.151,3.87,3.87,3.84,3.849
20200721,513100.SH,3.849,3.942,4.007,3.934,3.983,0.134,3.4814,302685.8,120159.112,3.942,4.007,3.934,3.983
20200722,513100.SH,3.983,3.955,3.965,3.894,3.944,-0.039,-0.9792,209540.48,82517.014,3.955,3.965,3.894,3.944
20200723,513100.SH,3.944,3.95,3.966,3.945,3.956,0.012,0.3043,114201.0,45151.29,3.95,3.966,3.945,3.956
20200724,513100.SH,3.956,3.867,3.887,3.835,3.837,-0.119,-3.0081,182612.68,70622.933,3.867,3.887,3.835,3.837
20200727,513100.SH,3.837,3.83,3.864,3.83,3.849,0.012,0.3127,105730.36,40706.413,3.83,3.864,3.83,3.849
20200728,513100.SH,3.849,3.885,3.903,3.863,3.877,0.028,0.7275,169440.76,65819.321,3.885,3.903,3.863,3.877
20200729,513100.SH,3.877,3.848,3.868,3.836,3.864,-0.013,-0.3353,116256.0,44697.202,3.848,3.868,3.836,3.864
20200730,513100.SH,3.864,3.875,3.883,3.859,3.859,-0.005,-0.1294,92154.0,35662.357,3.875,3.883,3.859,3.859
20200731,513100.SH,3.859,3.91,3.945,3.906,3.92,0.061,1.5807,293205.68,114933.686,3.91,3.945,3.906,3.92
20200803,513100.SH,3.92,3.94,3.947,3.901,3.918,-0.002,-0.051,313263.76,122934.347,3.94,3.947,3.901,3.918
20200804,513100.SH,3.918,3.96,3.974,3.948,3.973,0.055,1.4038,231648.2,91783.341,3.96,3.974,3.948,3.973
20200805,513100.SH,3.973,3.975,3.977,3.958,3.967,-0.006,-0.151,107498.0,42644.716,3.975,3.977,3.958,3.967
20200806,513100.SH,3.967,3.976,3.98,3.951,3.958,-0.009,-0.2269,142493.76,56481.854,3.976,3.98,3.951,3.958
20200807,513100.SH,3.958,3.999,4.016,3.985,4.004,0.046,1.1622,174790.76,69956.96,3.999,4.016,3.985,4.004
20200810,513100.SH,4.004,3.979,4.003,3.961,3.994,-0.01,-0.2498,161440.56,64421.542,3.979,4.003,3.961,3.994
20200811,513100.SH,3.994,4.002,4.003,3.986,3.992,-0.002,-0.0501,67929.32,27113.585,4.002,4.003,3.986,3.992
20200812,513100.SH,3.992,3.955,3.984,3.924,3.981,-0.011,-0.2756,135277.0,53377.428,3.955,3.984,3.924,3.981
20200813,513100.SH,3.981,4.099,4.099,3.997,4.065,0.084,2.11,219727.66,89091.03,4.099,4.099,3.997,4.065
20200814,513100.SH,4.065,4.062,4.07,4.046,4.058,-0.007,-0.1722,131565.2,53392.391,4.062,4.07,4.046,4.058
20200817,513100.SH,4.058,4.058,4.064,4.045,4.063,0.005,0.1232,81797.92,33177.953,4.058,4.064,4.045,4.063
20200818,513100.SH,4.063,4.076,4.089,4.056,4.059,-0.004,-0.0984,83467.0,34021.592,4.076,4.089,4.056,4.059
20200819,513100.SH,4.059,4.076,4.114,4.066,4.111,0.052,1.2811,143008.4,58408.794,4.076,4.114,4.066,4.111
20200820,513100.SH,4.111,4.1,4.128,4.068,4.106,-0.005,-0.1216,151676.84,62078.495,4.1,4.128,4.068,4.106
20200821,513100.SH,4.106,4.145,4.228,4.141,4.21,0.104,2.5329,163207.46,68249.378,4.145,4.228,4.141,4.21
20200824,513100.SH,4.21,4.26,4.429,4.242,4.391,0.181,4.2993,236166.48,103106.379,4.26,4.429,4.242,4.391
20200825,513100.SH,4.391,4.427,4.599,4.427,4.591,0.2,4.5548,303009.0,137407.266,4.427,4.599,4.427,4.591
20200826,513100.SH,4.591,4.698,4.699,4.4,4.503,-0.088,-1.9168,376721.36,170601.52,4.698,4.699,4.4,4.503
20200827,513100.SH,4.503,4.59,4.7,4.59,4.697,0.194,4.3082,277568.0,129555.303,4.59,4.7,4.59,4.697
20200828,513100.SH,4.697,4.69,4.888,4.609,4.797,0.1,2.129,465629.23,223256.676,4.69,4.888,4.609,4.797
20200831,513100.SH,4.797,4.854,5.077,4.854,5.058,0.261,5.4409,334551.31,166586.15,4.854,5.077,4.854,5.058
20200901,513100.SH,5.058,5.058,5.314,4.93,4.99,-0.068,-1.3444,820309.37,422752.935,5.058,5.314,4.93,4.99
20200902,513100.SH,4.99,5.148,5.198,5.018,5.193,0.203,4.0681,623385.71,318115.523,5.148,5.198,5.018,5.193
20200903,513100.SH,5.193,5.283,5.4,5.24,5.305,0.112,2.1567,701099.88,372838.546,5.283,5.4,5.24,5.305
20200904,513100.SH,5.305,5.0,5.03,4.781,4.846,-0.459,-8.6522,756826.98,372068.496,5.0,5.03,4.781,4.846
20200907,513100.SH,4.846,4.78,4.8,4.419,4.484,-0.362,-7.4701,806881.0,370697.391,4.78,4.8,4.419,4.484
20200908,513100.SH,4.484,4.496,4.735,4.496,4.724,0.24,5.3524,866868.39,399391.524,4.496,4.735,4.496,4.724
20200909,513100.SH,4.724,4.397,4.607,4.35,4.482,-0.242,-5.1228,903854.61,405236.326,4.397,4.607,4.35,4.482
20200910,513100.SH,4.482,4.61,4.68,4.558,4.609,0.127,2.8336,566005.08,262801.604,4.61,4.68,4.558,4.609
20200911,513100.SH,4.609,4.499,4.545,4.412,4.529,-0.08,-1.7357,630365.76,282667.357,4.499,4.545,4.412,4.529
20200914,513100.SH,4.529,4.533,4.66,4.471,4.654,0.125,2.76,588295.92,267915.788,4.533,4.66,4.471,4.654
20200915,513100.SH,4.654,4.704,4.848,4.68,4.811,0.157,3.3734,711228.37,340002.197,4.704,4.848,4.68,4.811
20200916,513100.SH,4.811,4.89,4.992,4.72,4.802,-0.009,-0.1871,817603.25,401581.368,4.89,4.992,4.72,4.802
20200917,513100.SH,4.802,4.698,4.79,4.6,4.604,-0.198,-4.1233,754734.49,352878.284,4.698,4.79,4.6,4.604
20200918,513100.SH,4.604,4.549,4.765,4.532,4.761,0.157,3.4101,812487.0,378106.497,4.549,4.765,4.532,4.761
20200921,513100.SH,4.761,4.74,4.796,4.64,4.667,-0.094,-1.9744,778612.0,366293.514,4.74,4.796,4.64,4.667
20200922,513100.SH,4.667,4.667,4.708,4.579,4.593,-0.074,-1.5856,475798.81,221376.753,4.667,4.708,4.579,4.593
20200923,513100.SH,4.593,4.71,4.718,4.62,4.655,0.062,1.3499,615036.91,287017.325,4.71,4.718,4.62,4.655
20200924,513100.SH,4.655,4.5,4.55,4.448,4.481,-0.174,-3.7379,601640.41,270379.183,4.5,4.55,4.448,4.481
20200925,513100.SH,4.481,4.54,4.56,4.433,4.445,-0.036,-0.8034,430013.26,193477.663,4.54,4.56,4.433,4.445
20200928,513100.SH,4.445,4.534,4.54,4.459,4.52,0.075,1.6873,579981.26,261555.361,4.534,4.54,4.459,4.52
20200929,513100.SH,4.52,4.579,4.612,4.538,4.546,0.026,0.5752,484273.28,222012.109,4.579,4.612,4.538,4.546
20200930,513100.SH,4.546,4.555,4.564,4.501,4.555,0.009,0.198,282728.22,128172.258,4.555,4.564,4.501,4.555
20201009,513100.SH,4.555,4.688,4.689,4.612,4.644,0.089,1.9539,331361.63,154008.504,4.688,4.689,4.612,4.644
20201012,513100.SH,4.644,4.683,4.692,4.661,4.673,0.029,0.6245,252705.43,118166.492,4.683,4.692,4.661,4.673
20201013,513100.SH,4.673,4.722,4.76,4.713,4.722,0.049,1.0486,402810.27,190462.363,4.722,4.76,4.713,4.722
20201014,513100.SH,4.722,4.73,4.73,4.692,4.707,-0.015,-0.3177,159391.16,75021.457,4.73,4.73,4.692,4.707
20201015,513100.SH,4.707,4.66,4.668,4.581,4.586,-0.121,-2.5706,189687.0,87715.225,4.66,4.668,4.581,4.586
20201016,513100.SH,4.586,4.6,4.615,4.571,4.582,-0.004,-0.0872,129601.0,59523.115,4.6,4.615,4.571,4.582
20201019,513100.SH,4.582,4.607,4.642,4.591,4.636,0.054,1.1785,112824.0,51976.675,4.607,4.642,4.591,4.636
20201020,513100.SH,4.636,4.572,4.613,4.537,4.605,-0.031,-0.6687,126416.0,57836.593,4.572,4.613,4.537,4.605
20201021,513100.SH,4.605,4.612,4.621,4.59,4.604,-0.001,-0.0217,123615.0,56949.219,4.612,4.621,4.59,4.604
20201022,513100.SH,4.604,4.545,4.568,4.54,4.556,-0.048,-1.0426,125018.0,56942.022,4.545,4.568,4.54,4.556
20201023,513100.SH,4.556,4.56,4.568,4.443,4.509,-0.047,-1.0316,130246.0,58860.233,4.56,4.568,4.443,4.509
20201026,513100.SH,4.509,4.51,4.51,4.423,4.429,-0.08,-1.7742,159949.0,71160.071,4.51,4.51,4.423,4.429
20201027,513100.SH,4.429,4.37,4.422,4.339,4.402,-0.027,-0.6096,240527.1,105195.064,4.37,4.422,4.339,4.402
20201028,513100.SH,4.402,4.389,4.399,4.358,4.364,-0.038,-0.8632,118862.14,51966.175,4.389,4.399,4.358,4.364
20201029,513100.SH,4.364,4.25,4.323,4.231,4.312,-0.052,-1.1916,213668.85,91308.49,4.25,4.323,4.231,4.312
20201030,513100.SH,4.312,4.31,4.31,4.232,4.251,-0.061,-1.4147,140389.3,59954.03,4.31,4.31,4.232,4.251
20201102,513100.SH,4.251,4.251,4.272,4.233,4.253,0.002,0.047,123656.62,52580.446,4.251,4.272,4.233,4.253
20201103,513100.SH,4.253,4.257,4.438,4.257,4.42,0.167,3.9266,271513.56,118307.667,4.257,4.438,4.257,4.42
20201104,513100.SH,4.42,4.445,4.82,4.445,4.635,0.215,4.8643,758306.94,350190.09,4.445,4.82,4.445,4.635
20201105,513100.SH,4.635,4.821,4.858,4.638,4.65,0.015,0.3236,731571.24,344615.112,4.821,4.858,4.638,4.65
20201106,513100.SH,4.65,4.7,4.719,4.465,4.483,-0.167,-3.5914,653522.88,297539.283,4.7,4.719,4.465,4.483
20201109,513100.SH,4.483,4.58,4.65,4.526,4.602,0.119,2.6545,388242.17,177538.298,4.58,4.65,4.526,4.602
20201110,513100.SH,4.602,4.5,4.5,4.458,4.469,-0.133,-2.89,197949.1,88604.001,4.5,4.5,4.458,4.469
20201111,513100.SH,4.469,4.448,4.448,4.401,4.407,-0.062,-1.3873,132470.84,58507.588,4.448,4.448,4.401,4.407
20201112,513100.SH,4.407,4.47,4.473,4.413,4.419,0.012,0.2723,111347.06,49377.201,4.47,4.473,4.413,4.419
20201113,513100.SH,4.419,4.39,4.39,4.356,4.385,-0.034,-0.7694,103616.18,45318.285,4.39,4.39,4.356,4.385
20201116,513100.SH,4.385,4.413,4.43,4.395,4.4,0.015,0.3421,127823.0,56387.778,4.413,4.43,4.395,4.4
20201117,513100.SH,4.4,4.399,4.402,4.32,4.324,-0.076,-1.7273,208891.2,90565.974,4.399,4.402,4.32,4.324
20201118,513100.SH,4.324,4.323,4.323,4.282,4.284,-0.04,-0.9251,98609.0,42286.45,4.323,4.323,4.282,4.284
20201119,513100.SH,4.284,4.27,4.287,4.246,4.276,-0.008,-0.1867,117248.87,50019.148,4.27,4.287,4.246,4.276
20201120,513100.SH,4.276,4.283,4.312,4.282,4.305,0.029,0.6782,109527.0,47062.136,4.283,4.312,4.282,4.305
20201123,513100.SH,4.305,4.302,4.302,4.246,4.271,-0.034,-0.7898,110056.0,46928.189,4.302,4.302,4.246,4.271
20201124,513100.SH,4.271,4.287,4.287,4.27,4.281,0.01,0.2341,89597.1,38333.104,4.287,4.287,4.27,4.281
20201125,513100.SH,4.281,4.337,4.337,4.305,4.312,0.031,0.7241,131621.93,56881.982,4.337,4.337,4.305,4.312
20201126,513100.SH,4.312,4.318,4.365,4.313,4.325,0.013,0.3015,158067.0,68558.716,4.318,4.365,4.313,4.325
20201127,513100.SH,4.325,4.32,4.32,4.29,4.312,-0.013,-0.3006,105001.0,45165.507,4.32,4.32,4.29,4.312
20201130,513100.SH,4.312,4.315,4.359,4.302,4.317,0.005,0.116,125911.0,54665.787,4.315,4.359,4.302,4.317
20201201,513100.SH,4.317,4.341,4.369,4.33,4.364,0.047,1.0887,124530.0,54253.892,4.341,4.369,4.33,4.364
20201202,513100.SH,4.364,4.44,4.44,4.35,4.394,0.03,0.6874,126020.7,55413.029,4.44,4.44,4.35,4.394
20201203,513100.SH,4.394,4.393,4.393,4.361,4.371,-0.023,-0.5234,174034.0,76029.544,4.393,4.393,4.361,4.371
20201204,513100.SH,4.371,4.371,4.371,4.338,4.349,-0.022,-0.5033,117258.91,51005.562,4.371,4.371,4.338,4.349
20201207,513100.SH,4.349,4.349,4.359,4.294,4.299,-0.05,-1.1497,129523.24,55926.72,4.349,4.359,4.294,4.299
20201208,513100.SH,4.299,4.304,4.309,4.285,4.293,-0.006,-0.1396,109876.0,47183.062,4.304,4.309,4.285,4.293
20201209,513100.SH,4.293,4.297,4.307,4.288,4.29,-0.003,-0.0699,131076.0,56336.708,4.297,4.307,4.288,4.29
20201210,513100.SH,4.29,4.233,4.233,4.182,4.22,-0.07,-1.6317,176404.97,74192.397,4.233,4.233,4.182,4.22
20201211,513100.SH,4.22,4.248,4.248,4.185,4.207,-0.013,-0.3081,123649.0,52060.659,4.248,4.248,4.185,4.207
20201214,513100.SH,4.207,4.207,4.23,4.196,4.204,-0.003,-0.0713,77443.0,32602.01,4.207,4.23,4.196,4.204
20201215,513100.SH,4.204,4.204,4.214,4.202,4.212,0.008,0.1903,125739.72,52899.713,4.204,4.214,4.202,4.212
20201216,513100.SH,4.212,4.239,4.282,4.239,4.281,0.069,1.6382,168313.26,71783.105,4.239,4.282,4.239,4.281
20201217,513100.SH,4.281,4.3,4.306,4.267,4.283,0.002,0.0467,145659.0,62383.083,4.3,4.306,4.267,4.283
20201218,513100.SH,4.283,4.29,4.304,4.286,4.303,0.02,0.467,105052.88,45129.777,4.29,4.304,4.286,4.303
20201221,513100.SH,4.303,4.301,4.344,4.293,4.341,0.038,0.8831,154907.83,66969.589,4.301,4.344,4.293,4.341
20201222,513100.SH,4.341,4.324,4.342,4.29,4.299,-0.042,-0.9675,104824.21,45237.389,4.324,4.342,4.29,4.299
20201223,513100.SH,4.299,4.282,4.323,4.282,4.315,0.016,0.3722,104901.1,45225.34,4.282,4.323,4.282,4.315
20201224,513100.SH,4.315,4.309,4.309,4.295,4.298,-0.017,-0.394,137683.0,59206.949,4.309,4.309,4.295,4.298
20201225,513100.SH,4.298,4.294,4.33,4.294,4.321,0.023,0.5351,69210.0,29833.606,4.294,4.33,4.294,4.321
20201228,513100.SH,4.321,4.323,4.348,4.322,4.346,0.025,0.5786,88337.0,38292.52,4.323,4.348,4.322,4.346
20201229,513100.SH,4.346,4.365,4.385,4.363,4.383,0.037,0.8514,103467.0,45271.203,4.365,4.385,4.363,4.383
20201230,513100.SH,4.383,4.358,4.385,4.351,4.382,-0.001,-0.0228,119746.0,52311.578,4.358,4.385,4.351,4.382
20201231,513100.SH,4.382,4.382,4.382,4.36,4.375,-0.007,-0.1597,140922.88,61580.33,4.382,4.382,4.36,4.375
20210104,513100.SH,4.375,4.369,4.369,4.32,4.333,-0.042,-0.96,171437.0,74369.278,4.369,4.369,4.32,4.333
20210105,513100.SH,4.333,4.28,4.29,4.254,4.275,-0.058,-1.3386,153631.0,65525.084,4.28,4.29,4.254,4.275
20210106,513100.SH,4.275,4.285,4.295,4.254,4.256,-0.019,-0.4444,181237.02,77372.007,4.285,4.295,4.254,4.256
20210107,513100.SH,4.256,4.242,4.26,4.239,4.243,-0.013,-0.3055,121645.1,51688.693,4.242,4.26,4.239,4.243
20210108,513100.SH,4.243,4.302,4.323,4.3,4.318,0.075,1.7676,165231.2,71249.958,4.302,4.323,4.3,4.318
20210111,513100.SH,4.318,4.342,4.352,4.33,4.331,0.013,0.3011,144968.0,62979.977,4.342,4.352,4.33,4.331
20210112,513100.SH,4.331,4.32,4.32,4.288,4.299,-0.032,-0.7389,150476.0,64637.761,4.32,4.32,4.288,4.299
20210113,513100.SH,4.299,4.293,4.293,4.277,4.281,-0.018,-0.4187,125140.0,53576.959,4.293,4.293,4.277,4.281
20210114,513100.SH,4.281,4.298,4.31,4.294,4.297,0.016,0.3737,83111.0,35750.536,4.298,4.31,4.294,4.297
20210115,513100.SH,4.297,4.284,4.284,4.257,4.268,-0.029,-0.6749,115313.54,49225.975,4.284,4.284,4.257,4.268
20210118,513100.SH,4.268,4.255,4.255,4.235,4.244,-0.024,-0.5623,180809.28,76670.07,4.255,4.255,4.235,4.244
20210119,513100.SH,4.244,4.266,4.302,4.261,4.291,0.047,1.1074,269888.92,115696.032,4.266,4.302,4.261,4.291
20210120,513100.SH,4.291,4.328,4.328,4.306,4.324,0.033,0.7691,138461.08,59781.438,4.328,4.328,4.306,4.324
20210121,513100.SH,4.324,4.41,4.44,4.4,4.435,0.111,2.5671,262698.24,116079.356,4.41,4.44,4.4,4.435
20210122,513100.SH,4.435,4.443,4.448,4.415,4.432,-0.003,-0.0676,183912.29,81552.813,4.443,4.448,4.415,4.432
20210125,513100.SH,4.432,4.444,4.476,4.444,4.471,0.039,0.88,169375.0,75677.883,4.444,4.476,4.444,4.471
20210126,513100.SH,4.471,4.459,4.459,4.44,4.443,-0.028,-0.6263,109642.18,48782.856,4.459,4.459,4.44,4.443
20210127,513100.SH,4.443,4.48,4.517,4.48,4.513,0.07,1.5755,230055.3,103400.184,4.48,4.517,4.48,4.513
20210128,513100.SH,4.513,4.369,4.387,4.323,4.333,-0.18,-3.9885,315916.15,137720.755,4.369,4.387,4.323,4.333
20210129,513100.SH,4.333,4.366,4.389,4.307,4.327,-0.006,-0.1385,319116.53,138646.441,4.366,4.389,4.307,4.327
20210201,513100.SH,4.327,4.265,4.314,4.255,4.31,-0.017,-0.3929,119266.0,51066.953,4.265,4.314,4.255,4.31
20210202,513100.SH,4.31,4.408,4.443,4.391,4.441,0.131,3.0394,184552.23,81598.835,4.408,4.443,4.391,4.441
20210203,513100.SH,4.441,4.521,4.521,4.47,4.493,0.052,1.1709,129761.78,58212.472,4.521,4.521,4.47,4.493
20210204,513100.SH,4.493,4.455,4.477,4.431,4.449,-0.044,-0.9793,140561.64,62647.028,4.455,4.477,4.431,4.449
20210205,513100.SH,4.449,4.492,4.513,4.492,4.508,0.059,1.3261,120910.32,54472.351,4.492,4.513,4.492,4.508
20210208,513100.SH,4.508,4.526,4.546,4.525,4.537,0.029,0.6433,130836.0,59407.953,4.526,4.546,4.525,4.537
20210209,513100.SH,4.537,4.549,4.55,4.535,4.536,-0.001,-0.022,97356.71,44205.944,4.549,4.55,4.535,4.536
20210210,513100.SH,4.536,4.538,4.555,4.53,4.553,0.017,0.3748,127306.0,57817.897,4.538,4.555,4.53,4.553
20210218,513100.SH,4.553,4.52,4.54,4.52,4.532,-0.021,-0.4612,253472.21,114769.984,4.52,4.54,4.52,4.532
20210219,513100.SH,4.532,4.525,4.528,4.505,4.527,-0.005,-0.1103,119959.0,54144.183,4.525,4.528,4.505,4.527
20210222,513100.SH,4.527,4.524,4.524,4.479,4.487,-0.04,-0.8836,167952.06,75518.477,4.524,4.524,4.479,4.487
20210223,513100.SH,4.487,4.386,4.434,4.383,4.416,-0.071,-1.5823,190168.23,83936.733,4.386,4.434,4.383,4.416
20210224,513100.SH,4.416,4.397,4.399,4.323,4.339,-0.077,-1.7437,229785.98,100189.161,4.397,4.399,4.323,4.339
20210225,513100.SH,4.339,4.4,4.423,4.392,4.422,0.083,1.9129,147028.99,64817.392,4.4,4.423,4.392,4.422
20210226,513100.SH,4.422,4.251,4.294,4.237,4.246,-0.176,-3.9801,348929.64,148577.776,4.251,4.294,4.237,4.246
20210301,513100.SH,4.246,4.309,4.355,4.309,4.342,0.096,2.261,186083.0,80731.125,4.309,4.355,4.309,4.342
20210302,513100.SH,4.342,4.428,4.45,4.387,4.396,0.054,1.2437,145140.0,63944.248,4.428,4.45,4.387,4.396
20210303,513100.SH,4.396,4.35,4.383,4.321,4.376,-0.02,-0.455,149953.0,65333.173,4.35,4.383,4.321,4.376
20210304,513100.SH,4.376,4.265,4.266,4.215,4.234,-0.142,-3.245,222387.0,94120.632,4.265,4.266,4.215,4.234
20210305,513100.SH,4.234,4.157,4.186,4.124,4.182,-0.052,-1.2282,185980.0,77254.187,4.157,4.186,4.124,4.182
20210308,513100.SH,4.182,4.23,4.249,4.185,4.189,0.007,0.1674,157019.2,66169.208,4.23,4.249,4.185,4.189
20210309,513100.SH,4.189,4.137,4.177,4.117,4.153,-0.036,-0.8594,198803.0,82384.359,4.137,4.177,4.117,4.153
20210310,513100.SH,4.153,4.271,4.278,4.254,4.261,0.108,2.6005,148085.0,63106.767,4.271,4.278,4.254,4.261
20210311,513100.SH,4.261,4.258,4.298,4.252,4.297,0.036,0.8449,206584.37,88191.1,4.258,4.298,4.252,4.297
20210312,513100.SH,4.297,4.346,4.358,4.322,4.324,0.027,0.6283,152869.36,66418.806,4.346,4.358,4.322,4.324
20210315,513100.SH,4.324,4.334,4.348,4.296,4.306,-0.018,-0.4163,98686.91,42599.389,4.334,4.348,4.296,4.306
20210316,513100.SH,4.306,4.36,4.388,4.353,4.387,0.081,1.8811,159501.4,69737.558,4.36,4.388,4.353,4.387
20210317,513100.SH,4.387,4.385,4.385,4.366,4.38,-0.007,-0.1596,131160.0,57378.745,4.385,4.385,4.366,4.38
20210318,513100.SH,4.38,4.407,4.418,4.395,4.413,0.033,0.7534,102179.0,45043.798,4.407,4.418,4.395,4.413
20210319,513100.SH,4.413,4.278,4.284,4.258,4.267,-0.146,-3.3084,180023.62,76885.037,4.278,4.284,4.258,4.267
20210322,513100.SH,4.267,4.274,4.313,4.274,4.308,0.041,0.9609,103139.0,44352.032,4.274,4.313,4.274,4.308
20210323,513100.SH,4.308,4.351,4.356,4.332,4.349,0.041,0.9517,123290.94,53580.474,4.351,4.356,4.332,4.349
20210324,513100.SH,4.349,4.346,4.36,4.346,4.351,0.002,0.046,127121.36,55343.263,4.346,4.36,4.346,4.351
20210325,513100.SH,4.351,4.288,4.296,4.272,4.285,-0.066,-1.5169,113953.0,48832.985,4.288,4.296,4.272,4.285
20210326,513100.SH,4.285,4.285,4.326,4.283,4.322,0.037,0.8635,120592.0,51925.732,4.285,4.326,4.283,4.322
20210329,513100.SH,4.322,4.31,4.331,4.3,4.322,0.0,0.0,133535.0,57657.824,4.31,4.331,4.3,4.322
20210330,513100.SH,4.322,4.338,4.345,4.329,4.331,0.009,0.2082,102704.0,44573.415,4.338,4.345,4.329,4.331
20210331,513100.SH,4.331,4.339,4.348,4.321,4.329,-0.002,-0.0462,72895.0,31558.521,4.339,4.348,4.321,4.329
20210401,513100.SH,4.329,4.399,4.432,4.392,4.43,0.101,2.3331,154052.0,67928.485,4.399,4.432,4.392,4.43
20210402,513100.SH,4.43,4.487,4.489,4.476,4.479,0.049,1.1061,109043.0,48882.278,4.487,4.489,4.476,4.479
20210406,513100.SH,4.479,4.559,4.559,4.538,4.549,0.07,1.5628,157011.14,71436.554,4.559,4.559,4.538,4.549
20210407,513100.SH,4.549,4.547,4.548,4.529,4.545,-0.004,-0.0879,126475.0,57373.024,4.547,4.548,4.529,4.545
20210408,513100.SH,4.545,4.554,4.598,4.554,4.592,0.047,1.0341,124978.14,57261.712,4.554,4.598,4.554,4.592
20210409,513100.SH,4.592,4.624,4.635,4.596,4.605,0.013,0.2831,163541.2,75474.397,4.624,4.635,4.596,4.605
20210412,513100.SH,4.605,4.631,4.644,4.626,4.635,0.03,0.6515,146480.87,67835.406,4.631,4.644,4.626,4.635
20210413,513100.SH,4.635,4.625,4.642,4.622,4.625,-0.01,-0.2157,109805.25,50858.595,4.625,4.642,4.622,4.625
20210414,513100.SH,4.625,4.668,4.688,4.668,4.685,0.06,1.2973,119518.0,55966.919,4.668,4.688,4.668,4.685
20210415,513100.SH,4.685,4.637,4.639,4.618,4.638,-0.047,-1.0032,155530.0,71958.091,4.637,4.639,4.618,4.638
20210416,513100.SH,4.638,4.673,4.683,4.673,4.681,0.043,0.9271,132377.25,61934.973,4.673,4.683,4.673,4.681
20210419,513100.SH,4.681,4.69,4.701,4.682,4.69,0.009,0.1923,95091.0,44613.619,4.69,4.701,4.682,4.69
20210420,513100.SH,4.69,4.639,4.65,4.618,4.62,-0.07,-1.4925,146737.0,68018.392,4.639,4.65,4.618,4.62
20210421,513100.SH,4.62,4.577,4.588,4.559,4.585,-0.035,-0.7576,135548.0,61925.127,4.577,4.588,4.559,4.585
20210422,513100.SH,4.585,4.617,4.63,4.615,4.627,0.042,0.916,78487.0,36286.211,4.617,4.63,4.615,4.627
20210423,513100.SH,4.627,4.578,4.584,4.57,4.572,-0.055,-1.1887,96149.43,44007.202,4.578,4.584,4.57,4.572
20210426,513100.SH,4.572,4.628,4.632,4.615,4.619,0.047,1.028,108748.0,50280.887,4.628,4.632,4.615,4.619
20210427,513100.SH,4.619,4.648,4.659,4.647,4.656,0.037,0.801,131422.0,61163.041,4.648,4.659,4.647,4.656
20210428,513100.SH,4.656,4.635,4.648,4.634,4.64,-0.016,-0.3436,68387.0,31727.359,4.635,4.648,4.634,4.64
20210429,513100.SH,4.64,4.645,4.659,4.645,4.653,0.013,0.2802,119894.43,55749.184,4.645,4.659,4.645,4.653
20210430,513100.SH,4.653,4.62,4.621,4.6,4.619,-0.034,-0.7307,157081.62,72404.746,4.62,4.621,4.6,4.619
20210506,513100.SH,4.619,4.5,4.515,4.49,4.512,-0.107,-2.3165,182325.0,82031.15,4.5,4.515,4.49,4.512
20210507,513100.SH,4.512,4.525,4.536,4.499,4.502,-0.01,-0.2216,210878.5,95258.593,4.525,4.536,4.499,4.502
20210510,513100.SH,4.502,4.53,4.54,4.519,4.537,0.035,0.7774,242919.0,110083.144,4.53,4.54,4.519,4.537
20210511,513100.SH,4.537,4.408,4.412,4.377,4.405,-0.132,-2.9094,183792.3,80745.952,4.408,4.412,4.377,4.405
20210512,513100.SH,4.405,4.393,4.408,4.385,4.406,0.001,0.0227,109482.0,48149.075,4.393,4.408,4.385,4.406
20210513,513100.SH,4.406,4.322,4.349,4.322,4.346,-0.06,-1.3618,126471.0,54821.056,4.322,4.349,4.322,4.346
20210514,513100.SH,4.346,4.371,4.397,4.365,4.394,0.048,1.1045,173533.0,75887.55,4.371,4.397,4.365,4.394
20210517,513100.SH,4.394,4.426,4.446,4.421,4.439,0.045,1.0241,153711.0,68071.29,4.426,4.446,4.421,4.439
20210518,513100.SH,4.439,4.439,4.457,4.42,4.453,0.014,0.3154,89683.0,39763.525,4.439,4.457,4.42,4.453
20210519,513100.SH,4.453,4.381,4.382,4.363,4.371,-0.082,-1.8415,113436.0,49606.381,4.381,4.382,4.363,4.371
20210520,513100.SH,4.371,4.378,4.389,4.373,4.382,0.011,0.2517,82841.0,36306.163,4.378,4.389,4.373,4.382
20210521,513100.SH,4.382,4.46,4.471,4.458,4.47,0.088,2.0082,128215.0,57231.506,4.46,4.471,4.458,4.47
20210524,513100.SH,4.47,4.449,4.455,4.437,4.448,-0.022,-0.4922,75500.0,33562.675,4.449,4.455,4.437,4.448
20210525,513100.SH,4.448,4.497,4.516,4.493,4.516,0.068,1.5288,115305.0,51944.039,4.497,4.516,4.493,4.516
20210526,513100.SH,4.516,4.512,4.515,4.501,4.51,-0.006,-0.1329,82918.0,37369.161,4.512,4.515,4.501,4.51
20210527,513100.SH,4.51,4.509,4.509,4.481,4.485,-0.025,-0.5543,108626.0,48815.214,4.509,4.509,4.481,4.485
20210528,513100.SH,4.485,4.492,4.497,4.478,4.483,-0.002,-0.0446,106216.28,47702.731,4.492,4.497,4.478,4.483
20210531,513100.SH,4.483,4.483,4.49,4.471,4.475,-0.008,-0.1785,130459.08,58389.919,4.483,4.49,4.471,4.475
20210601,513100.SH,4.475,4.475,4.484,4.458,4.483,0.008,0.1788,96609.22,43164.444,4.475,4.484,4.458,4.483
20210602,513100.SH,4.483,4.458,4.48,4.457,4.462,-0.021,-0.4684,85534.24,38166.326,4.458,4.48,4.457,4.462
20210603,513100.SH,4.462,4.472,4.479,4.465,4.473,0.011,0.2465,58301.0,26085.927,4.472,4.479,4.465,4.473
20210604,513100.SH,4.473,4.43,4.441,4.423,4.439,-0.034,-0.7601,80084.0,35505.323,4.43,4.441,4.423,4.439
20210607,513100.SH,4.439,4.498,4.514,4.49,4.501,0.062,1.3967,109695.0,49342.26,4.498,4.514,4.49,4.501
20210608,513100.SH,4.501,4.53,4.531,4.516,4.517,0.016,0.3555,91720.08,41487.55,4.53,4.531,4.516,4.517
20210609,513100.SH,4.517,4.524,4.525,4.5,4.523,0.006,0.1328,77988.0,35261.472,4.524,4.525,4.5,4.523
20210610,513100.SH,4.523,4.518,4.521,4.505,4.509,-0.014,-0.3095,69627.56,31441.684,4.518,4.521,4.505,4.509
20210611,513100.SH,4.509,4.558,4.567,4.555,4.563,0.054,1.1976,99248.48,45264.522,4.558,4.567,4.555,4.563
20210615,513100.SH,4.563,4.606,4.633,4.606,4.633,0.07,1.5341,142798.0,66077.095,4.606,4.633,4.606,4.633
20210616,513100.SH,4.633,4.595,4.628,4.595,4.603,-0.03,-0.6475,80651.0,37095.044,4.595,4.628,4.595,4.603
20210617,513100.SH,4.603,4.58,4.589,4.563,4.588,-0.015,-0.3259,116391.0,53291.263,4.58,4.589,4.563,4.588
20210618,513100.SH,4.588,4.672,4.686,4.661,4.684,0.096,2.0924,194730.2,91083.22,4.672,4.686,4.661,4.684
20210621,513100.SH,4.684,4.639,4.653,4.62,4.641,-0.043,-0.918,267279.0,123928.337,4.639,4.653,4.62,4.641
20210622,513100.SH,4.641,4.665,4.679,4.665,4.671,0.03,0.6464,166966.5,78012.582,4.665,4.679,4.665,4.671
20210623,513100.SH,4.671,4.726,4.748,4.726,4.743,0.072,1.5414,170124.0,80606.808,4.726,4.748,4.726,4.743
20210624,513100.SH,4.743,4.743,4.746,4.732,4.742,-0.001,-0.0211,100510.0,47665.167,4.743,4.746,4.732,4.742
20210625,513100.SH,4.742,4.762,4.763,4.753,4.756,0.014,0.2952,111271.0,52957.702,4.762,4.763,4.753,4.756
20210628,513100.SH,4.756,4.75,4.771,4.736,4.767,0.011,0.2313,102450.2,48745.266,4.75,4.771,4.736,4.767
20210629,513100.SH,4.767,4.801,4.81,4.801,4.803,0.036,0.7552,103722.0,49846.347,4.801,4.81,4.801,4.803
20210630,513100.SH,4.803,4.82,4.839,4.82,4.837,0.034,0.7079,61962.0,29935.438,4.82,4.839,4.82,4.837
20210701,513100.SH,4.837,4.837,4.837,4.822,4.827,-0.01,-0.2067,70330.0,33960.748,4.837,4.837,4.822,4.827
20210702,513100.SH,4.827,4.83,4.833,4.819,4.828,0.001,0.0207,80743.0,38961.481,4.83,4.833,4.819,4.828
20210705,513100.SH,4.828,4.872,4.887,4.868,4.883,0.055,1.1392,77353.0,37745.553,4.872,4.887,4.868,4.883
20210706,513100.SH,4.883,4.884,4.888,4.879,4.887,0.004,0.0819,72918.04,35604.655,4.884,4.888,4.879,4.887
20210707,513100.SH,4.887,4.898,4.922,4.898,4.919,0.032,0.6548,73740.88,36238.041,4.898,4.922,4.898,4.919
20210708,513100.SH,4.919,4.923,4.925,4.905,4.91,-0.009,-0.183,98415.33,48379.711,4.923,4.925,4.905,4.91
20210709,513100.SH,4.91,4.879,4.905,4.862,4.903,-0.007,-0.1426,163222.63,79697.588,4.879,4.905,4.862,4.903
20210712,513100.SH,4.903,4.919,4.941,4.919,4.934,0.031,0.6323,154106.0,76023.46,4.919,4.941,4.919,4.934
20210713,513100.SH,4.934,4.948,4.954,4.938,4.94,0.006,0.1216,126038.0,62336.002,4.948,4.954,4.938,4.94
20210714,513100.SH,4.94,4.932,4.94,4.93,4.938,-0.002,-0.0405,91546.0,45193.077,4.932,4.94,4.93,4.938
20210715,513100.SH,4.938,4.933,4.95,4.933,4.948,0.01,0.2025,77780.82,38437.793,4.933,4.95,4.933,4.948
20210716,513100.SH,4.948,4.902,4.921,4.893,4.903,-0.045,-0.9095,113523.0,55659.095,4.902,4.921,4.893,4.903
20210719,513100.SH,4.903,4.863,4.876,4.852,4.874,-0.029,-0.5915,112075.0,54456.673,4.863,4.876,4.852,4.874
20210720,513100.SH,4.874,4.851,4.865,4.851,4.863,-0.011,-0.2257,111634.2,54245.04,4.851,4.865,4.851,4.863
20210721,513100.SH,4.863,4.892,4.9,4.878,4.893,0.03,0.6169,142722.4,69790.401,4.892,4.9,4.878,4.893
20210722,513100.SH,4.893,4.919,4.939,4.919,4.938,0.045,0.9197,99920.0,49260.645,4.919,4.939,4.919,4.938
20210723,513100.SH,4.938,4.938,4.938,4.938,4.938,0.0,0.0,98370.0,48874.042,4.938,4.938,4.938,4.938
20210726,513100.SH,4.975,5.011,5.049,5.01,5.041,0.066,1.3266,203730.0,102402.697,5.011,5.049,5.01,5.041
20210727,513100.SH,5.041,5.03,5.045,5.028,5.03,-0.011,-0.2182,142134.0,71573.959,5.03,5.045,5.028,5.03
20210728,513100.SH,5.03,5.0,5.0,4.963,4.98,-0.05,-0.994,240005.0,119429.397,5.0,5.0,4.963,4.98
20210729,513100.SH,4.98,4.99,4.999,4.979,4.996,0.016,0.3213,177530.99,88555.223,4.99,4.999,4.979,4.996
20210730,513100.SH,4.996,4.94,4.942,4.908,4.912,-0.084,-1.6813,167455.0,82535.423,4.94,4.942,4.908,4.912
20210802,513100.SH,4.912,4.962,4.983,4.962,4.98,0.068,1.3844,168412.0,83736.994,4.962,4.983,4.962,4.98
20210803,513100.SH,4.98,4.96,4.97,4.954,4.968,-0.012,-0.241,77637.99,38518.31,4.96,4.97,4.954,4.968
20210804,513100.SH,4.968,4.992,5.005,4.99,5.001,0.033,0.6643,153829.14,76860.52,4.992,5.005,4.99,5.001
20210805,513100.SH,5.001,5.003,5.003,4.992,4.996,-0.005,-0.1,65021.3,32495.556,5.003,5.003,4.992,4.996
20210806,513100.SH,4.996,5.036,5.045,5.029,5.033,0.037,0.7406,136743.1,68846.74,5.036,5.045,5.029,5.033
20210809,513100.SH,5.033,4.998,5.017,4.993,5.008,-0.025,-0.4967,103656.0,51883.975,4.998,5.017,4.993,5.008
20210810,513100.SH,5.008,5.019,5.031,5.019,5.031,0.023,0.4593,73555.0,36966.994,5.019,5.031,5.019,5.031
20210811,513100.SH,5.031,5.019,5.019,5.002,5.006,-0.025,-0.4969,113201.0,56687.937,5.019,5.019,5.002,5.006
20210812,513100.SH,5.006,4.993,4.996,4.987,4.992,-0.014,-0.2797,86856.01,43346.735,4.993,4.996,4.987,4.992
20210813,513100.SH,4.992,5.01,5.012,5.005,5.01,0.018,0.3606,77710.0,38924.121,5.01,5.012,5.005,5.01
20210816,513100.SH,5.01,5.016,5.035,5.012,5.022,0.012,0.2395,121726.0,61158.428,5.016,5.035,5.012,5.022
20210817,513100.SH,5.022,5.016,5.041,5.016,5.039,0.017,0.3385,130137.0,65488.528,5.016,5.041,5.016,5.039
20210818,513100.SH,5.039,5.012,5.013,4.995,5.009,-0.03,-0.5954,162237.96,81196.315,5.012,5.013,4.995,5.009
20210819,513100.SH,5.009,4.976,4.976,4.92,4.922,-0.087,-1.7369,216796.0,107280.845,4.976,4.976,4.92,4.922
20210820,513100.SH,4.922,4.965,4.972,4.96,4.968,0.046,0.9346,181083.24,89937.923,4.965,4.972,4.96,4.968
20210823,513100.SH,4.968,5.03,5.052,5.021,5.05,0.082,1.6506,144482.8,72789.561,5.03,5.052,5.021,5.05
20210824,513100.SH,5.05,5.106,5.126,5.106,5.123,0.073,1.4455,277313.0,141874.901,5.106,5.126,5.106,5.123
20210825,513100.SH,5.123,5.122,5.123,5.107,5.118,-0.005,-0.0976,87953.0,44994.301,5.122,5.123,5.107,5.118
20210826,513100.SH,5.118,5.116,5.118,5.105,5.111,-0.007,-0.1368,106345.0,54363.392,5.116,5.118,5.105,5.111
20210827,513100.SH,5.111,5.086,5.119,5.086,5.115,0.004,0.0783,175068.66,89500.864,5.086,5.119,5.086,5.115
20210830,513100.SH,5.115,5.146,5.16,5.146,5.154,0.039,0.7625,222037.0,114441.614,5.146,5.16,5.146,5.154
20210831,513100.SH,5.154,5.195,5.224,5.188,5.224,0.07,1.3582,173896.23,90611.529,5.195,5.224,5.188,5.224
20210901,513100.SH,5.224,5.198,5.203,5.18,5.2,-0.024,-0.4594,253170.0,131428.092,5.198,5.203,5.18,5.2
20210902,513100.SH,5.2,5.2,5.201,5.186,5.193,-0.007,-0.1346,254871.0,132317.577,5.2,5.201,5.186,5.193
20210903,513100.SH,5.193,5.191,5.191,5.176,5.182,-0.011,-0.2118,150651.19,78100.83,5.191,5.191,5.176,5.182
20210906,513100.SH,5.182,5.185,5.199,5.185,5.195,0.013,0.2509,146771.65,76244.201,5.185,5.199,5.185,5.195
20210907,513100.SH,5.195,5.193,5.2,5.192,5.2,0.005,0.0962,98827.0,51351.432,5.193,5.2,5.192,5.2
20210908,513100.SH,5.2,5.196,5.199,5.19,5.193,-0.007,-0.1346,91159.04,47357.222,5.196,5.199,5.19,5.193
20210909,513100.SH,5.193,5.174,5.174,5.151,5.165,-0.028,-0.5392,154602.0,79798.368,5.174,5.174,5.151,5.165
20210910,513100.SH,5.165,5.151,5.158,5.146,5.148,-0.017,-0.3291,139253.0,71716.841,5.151,5.158,5.146,5.148
20210913,513100.SH,5.148,5.099,5.125,5.094,5.122,-0.026,-0.5051,228107.0,116376.954,5.099,5.125,5.094,5.122
20210914,513100.SH,5.122,5.112,5.114,5.09,5.092,-0.03,-0.5857,118141.0,60308.524,5.112,5.114,5.09,5.092
20210915,513100.SH,5.092,5.08,5.086,5.068,5.081,-0.011,-0.216,86066.45,43686.517,5.08,5.086,5.068,5.081
20210916,513100.SH,5.081,5.117,5.118,5.103,5.106,0.025,0.492,116916.0,59759.313,5.117,5.118,5.103,5.106
20210917,513100.SH,5.106,5.113,5.136,5.111,5.135,0.029,0.568,144361.19,73974.027,5.113,5.136,5.111,5.135
20210922,513100.SH,5.135,4.998,5.015,4.98,5.009,-0.126,-2.4537,245589.0,122737.117,4.998,5.015,4.98,5.009
20210923,513100.SH,5.009,5.051,5.057,5.043,5.055,0.046,0.9183,134919.0,68106.109,5.051,5.057,5.043,5.055
20210924,513100.SH,5.055,5.083,5.091,5.064,5.065,0.01,0.1978,144513.0,73374.448,5.083,5.091,5.064,5.065
20210927,513100.SH,5.065,5.082,5.1,5.082,5.096,0.031,0.612,150473.0,76599.478,5.082,5.1,5.082,5.096
20210928,513100.SH,5.096,5.034,5.04,5.004,5.005,-0.091,-1.7857,195311.0,98112.826,5.034,5.04,5.004,5.005
20210929,513100.SH,5.005,4.9,4.936,4.894,4.934,-0.071,-1.4186,263989.0,129722.769,4.9,4.936,4.894,4.934
20210930,513100.SH,4.934,4.922,4.945,4.91,4.944,0.01,0.2027,113083.0,55756.988,4.922,4.945,4.91,4.944
20211008,513100.SH,4.944,4.958,4.966,4.934,4.937,-0.007,-0.1416,166051.0,82156.39,4.958,4.966,4.934,4.937
20211011,513100.SH,4.937,4.901,4.906,4.876,4.881,-0.056,-1.1343,244696.16,119478.384,4.901,4.906,4.876,4.881
20211012,513100.SH,4.881,4.854,4.854,4.838,4.84,-0.041,-0.84,153200.99,74234.096,4.854,4.854,4.838,4.84
20211013,513100.SH,4.84,4.835,4.853,4.833,4.852,0.012,0.2479,85151.08,41225.489,4.835,4.853,4.833,4.852
20211014,513100.SH,4.852,4.88,4.918,4.88,4.917,0.065,1.3397,118535.14,58062.247,4.88,4.918,4.88,4.917
20211015,513100.SH,4.917,4.973,4.998,4.966,4.986,0.069,1.4033,162600.14,81050.129,4.973,4.998,4.966,4.986
20211018,513100.SH,4.986,4.99,4.991,4.978,4.982,-0.004,-0.0802,80002.0,39881.649,4.99,4.991,4.978,4.982
20211019,513100.SH,4.982,5.039,5.04,5.027,5.039,0.057,1.1441,130323.0,65588.232,5.039,5.04,5.027,5.039
20211020,513100.SH,5.039,5.05,5.055,5.042,5.048,0.009,0.1786,103485.0,52261.325,5.05,5.055,5.042,5.048
20211021,513100.SH,5.048,5.042,5.05,5.027,5.047,-0.001,-0.0198,387253.9,195287.424,5.042,5.05,5.027,5.047
20211022,513100.SH,5.047,5.057,5.068,5.051,5.065,0.018,0.3566,318820.0,161460.431,5.057,5.068,5.051,5.065
20211025,513100.SH,5.065,5.025,5.042,5.023,5.04,-0.025,-0.4936,86725.0,43661.191,5.025,5.042,5.023,5.04
20211026,513100.SH,5.04,5.091,5.106,5.089,5.103,0.063,1.25,100671.45,51278.644,5.091,5.106,5.089,5.103
20211027,513100.SH,5.103,5.1,5.1,5.08,5.095,-0.008,-0.1568,78653.07,40022.758,5.1,5.1,5.08,5.095
20211028,513100.SH,5.095,5.109,5.122,5.107,5.116,0.021,0.4122,84901.08,43440.259,5.109,5.122,5.107,5.116
20211029,513100.SH,5.116,5.14,5.14,5.117,5.122,0.006,0.1173,127359.0,65334.329,5.14,5.14,5.117,5.122
20211101,513100.SH,5.122,5.193,5.214,5.189,5.208,0.086,1.679,134778.78,70169.645,5.193,5.214,5.189,5.208
20211102,513100.SH,5.208,5.216,5.218,5.204,5.218,0.01,0.192,95713.46,49872.304,5.216,5.218,5.204,5.218
20211103,513100.SH,5.218,5.238,5.249,5.238,5.243,0.025,0.4791,78165.69,40970.836,5.238,5.249,5.238,5.243
20211104,513100.SH,5.243,5.301,5.318,5.3,5.315,0.072,1.3733,170176.9,90381.638,5.301,5.318,5.3,5.315
20211105,513100.SH,5.315,5.375,5.381,5.354,5.38,0.065,1.223,151408.21,81364.399,5.375,5.381,5.354,5.38
20211108,513100.SH,5.38,5.377,5.38,5.357,5.362,-0.018,-0.3346,170157.0,91309.309,5.377,5.38,5.357,5.362
20211109,513100.SH,5.362,5.359,5.371,5.344,5.368,0.006,0.1119,174418.89,93466.797,5.359,5.371,5.344,5.368
20211110,513100.SH,5.368,5.327,5.327,5.301,5.316,-0.052,-0.9687,166067.0,88157.608,5.327,5.327,5.301,5.316
20211111,513100.SH,5.316,5.248,5.282,5.247,5.272,-0.044,-0.8277,185817.86,97818.537,5.248,5.282,5.247,5.272
20211112,513100.SH,5.272,5.28,5.291,5.264,5.27,-0.002,-0.0379,117727.0,62149.29,5.28,5.291,5.264,5.27
20211115,513100.SH,5.27,5.325,5.336,5.312,5.336,0.066,1.2524,133688.0,71187.02,5.325,5.336,5.312,5.336
20211116,513100.SH,5.336,5.325,5.325,5.295,5.304,-0.032,-0.5997,119959.0,63667.497,5.325,5.325,5.295,5.304
20211117,513100.SH,5.304,5.339,5.357,5.339,5.347,0.043,0.8107,116643.29,62379.128,5.339,5.357,5.339,5.347
20211118,513100.SH,5.347,5.345,5.362,5.344,5.359,0.012,0.2244,108822.0,58227.028,5.345,5.362,5.344,5.359
20211119,513100.SH,5.359,5.4,5.439,5.4,5.433,0.074,1.3809,166525.0,90359.194,5.4,5.439,5.4,5.433
20211122,513100.SH,5.433,5.452,5.464,5.444,5.448,0.015,0.2761,133449.0,72777.433,5.452,5.464,5.444,5.448
20211123,513100.SH,5.448,5.377,5.377,5.352,5.359,-0.089,-1.6336,229890.0,123348.901,5.377,5.377,5.352,5.359
20211124,513100.SH,5.359,5.348,5.369,5.343,5.368,0.009,0.1679,158399.0,84819.465,5.348,5.369,5.343,5.368
20211125,513100.SH,5.368,5.373,5.396,5.369,5.395,0.027,0.503,124150.35,66796.665,5.373,5.396,5.369,5.395
20211126,513100.SH,5.395,5.372,5.372,5.332,5.34,-0.055,-1.0195,183054.0,97951.614,5.372,5.372,5.332,5.34
20211129,513100.SH,5.34,5.288,5.326,5.288,5.322,-0.018,-0.3371,230348.0,122340.481,5.288,5.326,5.288,5.322
20211130,513100.SH,5.322,5.377,5.387,5.318,5.346,0.024,0.451,234882.0,125791.996,5.377,5.387,5.318,5.346
20211201,513100.SH,5.346,5.308,5.353,5.298,5.35,0.004,0.0748,141084.0,75182.117,5.308,5.353,5.298,5.35
20211202,513100.SH,5.35,5.227,5.235,5.216,5.23,-0.12,-2.243,309606.01,161735.501,5.227,5.235,5.216,5.23
20211203,513100.SH,5.23,5.227,5.233,5.196,5.226,-0.004,-0.0765,196563.0,102577.27,5.227,5.233,5.196,5.226
20211206,513100.SH,5.226,5.14,5.158,5.135,5.153,-0.073,-1.3969,188825.31,97180.851,5.14,5.158,5.135,5.153
20211207,513100.SH,5.153,5.191,5.223,5.186,5.22,0.067,1.3002,184285.0,95841.587,5.191,5.223,5.186,5.22
20211208,513100.SH,5.22,5.346,5.358,5.33,5.35,0.13,2.4904,184009.0,98398.782,5.346,5.358,5.33,5.35
20211209,513100.SH,5.35,5.341,5.346,5.318,5.329,-0.021,-0.3925,144206.07,76900.729,5.341,5.346,5.318,5.329
20211210,513100.SH,5.329,5.27,5.3,5.27,5.28,-0.049,-0.9195,107394.0,56734.021,5.27,5.3,5.27,5.28
20211213,513100.SH,5.28,5.347,5.353,5.337,5.346,0.066,1.25,98852.0,52822.249,5.347,5.353,5.337,5.346
20211214,513100.SH,5.346,5.276,5.276,5.256,5.261,-0.085,-1.59,129226.07,68006.291,5.276,5.276,5.256,5.261
20211215,513100.SH,5.261,5.228,5.228,5.207,5.217,-0.044,-0.8363,245028.07,127824.306,5.228,5.228,5.207,5.217
20211216,513100.SH,5.217,5.322,5.348,5.311,5.347,0.13,2.4919,209474.25,111546.517,5.322,5.348,5.311,5.347
20211217,513100.SH,5.347,5.222,5.224,5.182,5.191,-0.156,-2.9175,349379.0,181672.411,5.222,5.224,5.182,5.191
20211220,513100.SH,5.191,5.12,5.17,5.105,5.113,-0.078,-1.5026,273293.0,140027.963,5.12,5.17,5.105,5.113
20211221,513100.SH,5.113,5.13,5.183,5.13,5.18,0.067,1.3104,201690.0,104006.77,5.13,5.183,5.13,5.18
20211222,513100.SH,5.18,5.213,5.218,5.197,5.206,0.026,0.5019,185644.0,96697.724,5.213,5.218,5.197,5.206
20211223,513100.SH,5.206,5.27,5.279,5.261,5.276,0.07,1.3446,194998.55,102835.431,5.27,5.279,5.261,5.276
20211224,513100.SH,5.276,5.31,5.316,5.301,5.307,0.031,0.5876,122290.5,64888.429,5.31,5.316,5.301,5.307
20211227,513100.SH,5.307,5.326,5.335,5.321,5.331,0.024,0.4522,126852.0,67604.47,5.326,5.335,5.321,5.331
20211228,513100.SH,5.331,5.393,5.408,5.39,5.405,0.074,1.3881,158716.0,85708.202,5.393,5.408,5.39,5.405
20211229,513100.SH,5.405,5.39,5.403,5.382,5.402,-0.003,-0.0555,143469.0,77395.295,5.39,5.403,5.382,5.402
20211230,513100.SH,5.402,5.382,5.4,5.368,5.372,-0.03,-0.5553,183340.0,98563.492,5.382,5.4,5.368,5.372
20211231,513100.SH,5.372,5.355,5.368,5.339,5.364,-0.008,-0.1489,209981.0,112435.48,5.355,5.368,5.339,5.364
20220104,513100.SH,5.364,5.398,5.407,5.382,5.406,0.042,0.783,176174.12,95061.728,5.398,5.407,5.382,5.406
20220105,513100.SH,5.406,5.327,5.328,5.289,5.297,-0.109,-2.0163,222765.0,118143.631,5.327,5.328,5.289,5.297
20220106,513100.SH,5.297,5.15,5.179,5.122,5.151,-0.146,-2.7563,360627.0,185911.55,5.15,5.179,5.122,5.151
20220107,513100.SH,5.151,5.181,5.191,5.165,5.188,0.037,0.7183,172726.0,89415.607,5.181,5.191,5.165,5.188
20220110,513100.SH,5.188,5.11,5.144,5.097,5.142,-0.046,-0.8867,227467.87,116407.524,5.11,5.144,5.097,5.142
20220111,513100.SH,5.142,5.127,5.127,5.094,5.101,-0.041,-0.7974,267524.0,136706.442,5.127,5.127,5.094,5.101
20220112,513100.SH,5.101,5.16,5.197,5.16,5.192,0.091,1.784,218919.0,113410.233,5.16,5.197,5.16,5.192
20220114,513100.SH,1.038,1.01,1.016,1.007,1.015,-0.023,-2.2158,1256440.69,126977.793,1.01,1.016,1.007,1.015
20220117,513100.SH,1.015,1.015,1.017,1.012,1.014,-0.001,-0.0985,844954.0,85681.333,1.015,1.017,1.012,1.014
20220118,513100.SH,1.014,1.015,1.015,1.005,1.008,-0.006,-0.5917,1227079.0,123867.339,1.015,1.015,1.005,1.008
20220119,513100.SH,1.008,0.99,0.995,0.982,0.986,-0.022,-2.1825,1632153.0,161228.736,0.99,0.995,0.982,0.986
20220120,513100.SH,0.986,0.981,0.99,0.979,0.989,0.003,0.3043,1266580.0,124668.997,0.981,0.99,0.979,0.989
20220121,513100.SH,0.989,0.964,0.969,0.955,0.96,-0.029,-2.9323,2160242.99,207732.08,0.964,0.969,0.955,0.96
20220124,513100.SH,0.96,0.948,0.953,0.944,0.951,-0.009,-0.9375,1440314.8,136339.736,0.948,0.953,0.944,0.951
20220125,513100.SH,0.951,0.938,0.943,0.925,0.93,-0.021,-2.2082,2844069.0,265073.903,0.938,0.943,0.925,0.93
20220126,513100.SH,0.93,0.922,0.926,0.921,0.925,-0.005,-0.5376,2169992.0,200515.988,0.922,0.926,0.921,0.925
20220127,513100.SH,0.925,0.912,0.917,0.903,0.905,-0.02,-2.1622,2571776.0,233661.353,0.912,0.917,0.903,0.905
20220128,513100.SH,0.905,0.917,0.924,0.915,0.919,0.014,1.547,2475484.76,227565.967,0.917,0.924,0.915,0.919
20220207,513100.SH,0.919,0.948,0.957,0.945,0.956,0.037,4.0261,2143715.03,203752.782,0.948,0.957,0.945,0.956
20220208,513100.SH,0.956,0.95,0.951,0.946,0.95,-0.006,-0.6276,1190957.0,112928.585,0.95,0.951,0.946,0.95
20220209,513100.SH,0.95,0.96,0.967,0.96,0.966,0.016,1.6842,1234131.12,118814.16,0.96,0.967,0.96,0.966
20220210,513100.SH,0.966,0.98,0.981,0.975,0.98,0.014,1.4493,1328652.0,129956.854,0.98,0.981,0.975,0.98
20220211,513100.SH,0.98,0.958,0.959,0.949,0.952,-0.028,-2.8571,1778864.01,169668.468,0.958,0.959,0.949,0.952
20220214,513100.SH,0.952,0.931,0.935,0.93,0.933,-0.019,-1.9958,1566211.0,145936.506,0.931,0.935,0.93,0.933
20220215,513100.SH,0.933,0.932,0.936,0.93,0.933,0.0,0.0,1485429.0,138578.388,0.932,0.936,0.93,0.933
20220216,513100.SH,0.933,0.948,0.952,0.947,0.949,0.016,1.7149,1592830.0,151229.068,0.948,0.952,0.947,0.949
20220217,513100.SH,0.949,0.948,0.949,0.939,0.942,-0.007,-0.7376,1502978.5,141965.089,0.948,0.949,0.939,0.942
20220218,513100.SH,0.942,0.921,0.934,0.92,0.933,-0.009,-0.9554,2022836.24,187810.39,0.921,0.934,0.92,0.933
20220221,513100.SH,0.933,0.92,0.934,0.918,0.931,-0.002,-0.2144,1619460.0,149458.709,0.92,0.934,0.918,0.931
20220222,513100.SH,0.931,0.902,0.911,0.89,0.893,-0.038,-4.0816,3634680.0,325842.05,0.902,0.911,0.89,0.893
20220223,513100.SH,0.893,0.905,0.91,0.902,0.908,0.015,1.6797,1720732.0,156003.35,0.905,0.91,0.902,0.908
20220224,513100.SH,0.908,0.875,0.876,0.854,0.857,-0.051,-5.6167,5359795.6,464416.847,0.875,0.876,0.854,0.857
20220225,513100.SH,0.857,0.895,0.898,0.889,0.894,0.037,4.3174,4690199.55,419073.494,0.895,0.898,0.889,0.894
20220228,513100.SH,0.894,0.9,0.9,0.89,0.896,0.002,0.2237,2430264.94,217527.949,0.9,0.9,0.89,0.896
20220301,513100.SH,0.896,0.914,0.92,0.913,0.919,0.023,2.567,2251116.98,206222.389,0.914,0.92,0.913,0.919
20220302,513100.SH,0.919,0.906,0.91,0.902,0.905,-0.014,-1.5234,1371753.0,124257.126,0.906,0.91,0.902,0.905
20220303,513100.SH,0.905,0.918,0.92,0.915,0.92,0.015,1.6575,1324198.52,121485.124,0.918,0.92,0.915,0.92
20220304,513100.SH,0.92,0.896,0.905,0.895,0.902,-0.018,-1.9565,2120728.17,190917.455,0.896,0.905,0.895,0.902
20220307,513100.SH,0.902,0.88,0.883,0.874,0.881,-0.021,-2.3282,2974393.24,261212.442,0.88,0.883,0.874,0.881
20220308,513100.SH,0.881,0.866,0.866,0.847,0.852,-0.029,-3.2917,4088149.0,350416.786,0.866,0.866,0.847,0.852
20220309,513100.SH,0.852,0.856,0.862,0.852,0.862,0.01,1.1737,2990404.31,256466.167,0.856,0.862,0.852,0.862
20220310,513100.SH,0.862,0.885,0.888,0.882,0.884,0.022,2.5522,1991420.17,176269.211,0.885,0.888,0.882,0.884
20220311,513100.SH,0.884,0.872,0.879,0.87,0.879,-0.005,-0.5656,1676707.63,146530.34,0.872,0.879,0.87,0.879
20220314,513100.SH,0.879,0.868,0.871,0.863,0.868,-0.011,-1.2514,4611770.0,399601.717,0.868,0.871,0.863,0.868
20220315,513100.SH,0.868,0.853,0.859,0.85,0.851,-0.017,-1.9585,2216697.9,189290.792,0.853,0.859,0.85,0.851
20220316,513100.SH,0.851,0.874,0.885,0.869,0.883,0.032,3.7603,3086872.9,270713.269,0.874,0.885,0.869,0.883
20220317,513100.SH,0.883,0.904,0.911,0.903,0.91,0.027,3.0578,2347257.18,212588.633,0.904,0.911,0.903,0.91
20220318,513100.SH,0.91,0.909,0.912,0.906,0.91,0.0,0.0,1526027.29,138718.603,0.909,0.912,0.906,0.91
20220321,513100.SH,0.91,0.931,0.933,0.927,0.93,0.02,2.1978,3415619.0,317695.144,0.931,0.933,0.927,0.93
20220322,513100.SH,0.93,0.927,0.932,0.927,0.932,0.002,0.2151,1616859.43,150247.764,0.927,0.932,0.927,0.932
20220323,513100.SH,0.932,0.953,0.956,0.951,0.955,0.023,2.4678,1760530.0,167913.454,0.953,0.956,0.951,0.955
20220324,513100.SH,0.955,0.942,0.95,0.941,0.946,-0.009,-0.9424,1749838.75,165394.667,0.942,0.95,0.941,0.946
20220325,513100.SH,0.946,0.96,0.963,0.959,0.963,0.017,1.797,2666440.85,256377.984,0.96,0.963,0.959,0.963
20220328,513100.SH,0.963,0.959,0.961,0.956,0.958,-0.005,-0.5192,1700408.0,162992.086,0.959,0.961,0.956,0.958
20220329,513100.SH,0.958,0.975,0.979,0.974,0.978,0.02,2.0877,1644471.75,160428.58,0.975,0.979,0.974,0.978
20220330,513100.SH,0.978,0.992,0.994,0.988,0.99,0.012,1.227,1807035.0,179139.554,0.992,0.994,0.988,0.99
20220331,513100.SH,0.99,0.984,0.985,0.98,0.983,-0.007,-0.7071,2672372.68,262607.893,0.984,0.985,0.98,0.983
20220401,513100.SH,0.983,0.967,0.976,0.966,0.973,-0.01,-1.0173,4696001.62,456108.275,0.967,0.976,0.966,0.973
20220406,513100.SH,0.973,0.964,0.968,0.963,0.967,-0.006,-0.6166,2320761.06,223935.15,0.964,0.968,0.963,0.967
20220407,513100.SH,0.967,0.944,0.948,0.943,0.947,-0.02,-2.0683,2449462.03,231469.579,0.944,0.948,0.943,0.947
20220408,513100.SH,0.947,0.946,0.954,0.945,0.953,0.006,0.6336,1635207.04,155102.843,0.946,0.954,0.945,0.953
20220411,513100.SH,0.953,0.934,0.935,0.926,0.929,-0.024,-2.5184,2791027.0,259599.68,0.934,0.935,0.926,0.929
20220412,513100.SH,0.929,0.91,0.912,0.905,0.911,-0.018,-1.9376,4914912.32,446485.306,0.91,0.912,0.905,0.911
20220413,513100.SH,0.911,0.912,0.919,0.91,0.917,0.006,0.6586,3164928.13,289520.511,0.912,0.919,0.91,0.917
20220414,513100.SH,0.917,0.927,0.932,0.927,0.931,0.014,1.5267,2767545.0,257265.132,0.927,0.932,0.927,0.931
20220415,513100.SH,0.931,0.906,0.908,0.903,0.905,-0.026,-2.7927,3376918.77,305429.654,0.906,0.908,0.903,0.905
20220418,513100.SH,0.905,0.898,0.901,0.896,0.9,-0.005,-0.5525,2285199.0,205325.452,0.898,0.901,0.896,0.9
20220419,513100.SH,0.9,0.909,0.914,0.908,0.913,0.013,1.4444,2094562.0,190755.988,0.909,0.914,0.908,0.913
20220420,513100.SH,0.913,0.923,0.925,0.922,0.924,0.011,1.2048,3298732.0,304593.612,0.923,0.925,0.922,0.924
20220421,513100.SH,0.924,0.923,0.932,0.922,0.928,0.004,0.4329,3660280.39,339424.957,0.923,0.932,0.922,0.928
20220422,513100.SH,0.928,0.901,0.911,0.9,0.911,-0.017,-1.8319,2904957.63,262953.235,0.901,0.911,0.9,0.911
20220425,513100.SH,0.911,0.885,0.893,0.882,0.883,-0.028,-3.0735,4913954.0,436376.715,0.885,0.893,0.882,0.883
20220426,513100.SH,0.883,0.905,0.908,0.903,0.904,0.021,2.3783,3919876.0,355020.471,0.905,0.908,0.903,0.904
20220427,513100.SH,0.904,0.875,0.882,0.872,0.881,-0.023,-2.5442,6439723.0,564081.434,0.875,0.882,0.872,0.881
20220428,513100.SH,0.881,0.882,0.894,0.881,0.893,0.012,1.3621,3868917.59,342892.067,0.882,0.894,0.881,0.893
20220429,513100.SH,0.893,0.902,0.908,0.901,0.905,0.012,1.3438,6033178.0,545703.553,0.902,0.908,0.901,0.905
20220505,513100.SH,0.905,0.915,0.919,0.912,0.913,0.008,0.884,5736781.87,525763.617,0.915,0.919,0.912,0.913
20220506,513100.SH,0.913,0.873,0.882,0.87,0.878,-0.035,-3.8335,5542918.0,485698.587,0.873,0.882,0.87,0.878
20220509,513100.SH,0.878,0.868,0.87,0.863,0.866,-0.012,-1.3667,3355871.2,290470.755,0.868,0.87,0.863,0.866
20220510,513100.SH,0.866,0.84,0.856,0.838,0.855,-0.011,-1.2702,5721655.16,484168.744,0.84,0.856,0.838,0.855
20220511,513100.SH,0.855,0.856,0.861,0.854,0.859,0.004,0.4678,5832291.95,500483.63,0.856,0.861,0.854,0.859
20220512,513100.SH,0.859,0.837,0.84,0.827,0.83,-0.029,-3.376,8186337.0,682099.734,0.837,0.84,0.827,0.83
20220513,513100.SH,0.83,0.838,0.845,0.837,0.844,0.014,1.6867,5719600.0,480626.625,0.838,0.845,0.837,0.844
20220516,513100.SH,0.844,0.864,0.865,0.851,0.855,0.011,1.3033,6457121.01,554129.782,0.864,0.865,0.851,0.855
20220517,513100.SH,0.855,0.854,0.859,0.852,0.859,0.004,0.4678,3962962.01,339108.774,0.854,0.859,0.852,0.859
20220518,513100.SH,0.859,0.867,0.868,0.862,0.864,0.005,0.5821,4044100.42,349848.392,0.867,0.868,0.862,0.864
20220519,513100.SH,0.864,0.825,0.831,0.824,0.828,-0.036,-4.1667,6396451.64,528945.726,0.825,0.831,0.824,0.828
20220520,513100.SH,0.828,0.831,0.834,0.83,0.833,0.005,0.6039,5775175.98,479878.045,0.831,0.834,0.83,0.833
20220523,513100.SH,0.833,0.832,0.838,0.828,0.837,0.004,0.4802,3773699.0,313864.564,0.832,0.838,0.828,0.837
20220524,513100.SH,0.837,0.83,0.831,0.81,0.813,-0.024,-2.8674,4493013.01,369291.255,0.83,0.831,0.81,0.813
20220525,513100.SH,0.813,0.813,0.819,0.813,0.818,0.005,0.615,3039822.62,248255.387,0.813,0.819,0.813,0.818
20220526,513100.SH,0.818,0.823,0.824,0.819,0.822,0.004,0.489,3465545.0,284708.182,0.823,0.824,0.819,0.822
20220527,513100.SH,0.822,0.841,0.849,0.841,0.848,0.026,3.163,5267406.59,445515.897,0.841,0.849,0.841,0.848
20220530,513100.SH,0.848,0.878,0.879,0.871,0.875,0.027,3.184,4191581.69,366190.168,0.878,0.879,0.871,0.875
20220531,513100.SH,0.875,0.871,0.872,0.867,0.868,-0.007,-0.8,3046730.56,264992.036,0.871,0.872,0.867,0.868
20220601,513100.SH,0.868,0.87,0.871,0.866,0.868,0.0,0.0,2340751.03,203331.254,0.87,0.871,0.866,0.868
20220602,513100.SH,0.868,0.863,0.864,0.859,0.86,-0.008,-0.9217,2663797.0,229395.613,0.863,0.864,0.859,0.86
20220606,513100.SH,0.86,0.858,0.862,0.855,0.861,0.001,0.1163,5062406.98,434969.08,0.858,0.862,0.855,0.861
20220607,513100.SH,0.861,0.856,0.857,0.852,0.854,-0.007,-0.813,3176145.53,271338.831,0.856,0.857,0.852,0.854
20220608,513100.SH,0.854,0.865,0.866,0.863,0.866,0.012,1.4052,2725083.01,235720.64,0.865,0.866,0.863,0.866
20220609,513100.SH,0.866,0.862,0.863,0.859,0.861,-0.005,-0.5774,2373205.95,204402.362,0.862,0.863,0.859,0.861
20220610,513100.SH,0.861,0.842,0.848,0.84,0.847,-0.014,-1.626,3776503.58,318720.697,0.842,0.848,0.84,0.847
20220613,513100.SH,0.847,0.818,0.818,0.802,0.804,-0.043,-5.0767,7423159.64,600739.044,0.818,0.818,0.802,0.804
20220614,513100.SH,0.804,0.788,0.801,0.788,0.799,-0.005,-0.6219,5884837.54,467766.208,0.788,0.801,0.788,0.799
20220615,513100.SH,0.799,0.798,0.805,0.794,0.803,0.004,0.5006,7746179.95,618348.741,0.798,0.805,0.794,0.803
20220616,513100.SH,0.803,0.817,0.818,0.798,0.798,-0.005,-0.6227,7214082.67,583968.033,0.817,0.818,0.798,0.798
20220617,513100.SH,0.798,0.778,0.792,0.776,0.791,-0.007,-0.8772,5958089.0,467924.031,0.778,0.792,0.776,0.791
20220620,513100.SH,0.791,0.793,0.796,0.785,0.796,0.005,0.6321,5135858.0,405675.724,0.793,0.796,0.785,0.796
20220621,513100.SH,0.796,0.797,0.808,0.795,0.805,0.009,1.1307,3951040.89,317021.148,0.797,0.808,0.795,0.805
20220622,513100.SH,0.805,0.808,0.81,0.802,0.802,-0.003,-0.3727,4818736.23,387642.803,0.808,0.81,0.802,0.802
20220623,513100.SH,0.802,0.806,0.816,0.805,0.815,0.013,1.6209,4651441.83,376108.149,0.806,0.816,0.805,0.815
20220624,513100.SH,0.815,0.817,0.827,0.817,0.824,0.009,1.1043,4099963.85,337400.018,0.817,0.827,0.817,0.824
20220627,513100.SH,0.824,0.84,0.842,0.836,0.837,0.013,1.5777,4657970.51,390847.894,0.84,0.842,0.836,0.837
20220628,513100.SH,0.837,0.833,0.834,0.825,0.828,-0.009,-1.0753,6571021.31,544677.524,0.833,0.834,0.825,0.828
20220629,513100.SH,0.828,0.805,0.811,0.805,0.806,-0.022,-2.657,4676095.76,377666.293,0.805,0.811,0.805,0.806
20220630,513100.SH,0.806,0.806,0.808,0.8,0.801,-0.005,-0.6203,4144414.63,333486.378,0.806,0.808,0.8,0.801
20220701,513100.SH,0.801,0.801,0.802,0.794,0.799,-0.002,-0.2497,4094009.37,326834.325,0.801,0.802,0.794,0.799
20220704,513100.SH,0.799,0.8,0.803,0.796,0.802,0.003,0.3755,4533810.2,362410.672,0.8,0.803,0.796,0.802
20220705,513100.SH,0.802,0.806,0.815,0.805,0.814,0.012,1.4963,3433101.65,278127.982,0.806,0.815,0.805,0.814
20220706,513100.SH,0.814,0.822,0.825,0.815,0.819,0.005,0.6143,4550416.24,372965.189,0.822,0.825,0.815,0.819
20220707,513100.SH,0.819,0.821,0.829,0.82,0.829,0.01,1.221,3768208.0,310772.951,0.821,0.829,0.82,0.829
20220708,513100.SH,0.829,0.839,0.841,0.834,0.835,0.006,0.7238,3328033.44,278773.573,0.839,0.841,0.834,0.835
20220711,513100.SH,0.835,0.832,0.835,0.827,0.828,-0.007,-0.8383,3413352.0,283410.744,0.832,0.835,0.827,0.828
20220712,513100.SH,0.828,0.815,0.819,0.814,0.816,-0.012,-1.4493,2427633.0,198114.108,0.815,0.819,0.814,0.816
20220713,513100.SH,0.816,0.815,0.821,0.814,0.821,0.005,0.6127,2932817.0,239525.596,0.815,0.821,0.814,0.821
20220714,513100.SH,0.821,0.814,0.816,0.811,0.812,-0.009,-1.0962,3481561.0,283148.001,0.814,0.816,0.811,0.812
20220715,513100.SH,0.812,0.818,0.823,0.818,0.821,0.009,1.1084,2600302.42,213505.541,0.818,0.823,0.818,0.821
20220718,513100.SH,0.821,0.834,0.842,0.832,0.841,0.02,2.4361,3066709.93,256690.117,0.834,0.842,0.832,0.841
20220719,513100.SH,0.841,0.829,0.832,0.827,0.829,-0.012,-1.4269,2517029.0,208850.023,0.829,0.832,0.827,0.829
20220720,513100.SH,0.829,0.852,0.857,0.85,0.856,0.027,3.2569,4465670.04,381017.41,0.852,0.857,0.85,0.856
20220721,513100.SH,0.856,0.861,0.865,0.86,0.861,0.005,0.5841,3671391.63,316491.2,0.861,0.865,0.86,0.861
20220722,513100.SH,0.861,0.868,0.87,0.866,0.867,0.006,0.6969,3413661.26,296316.907,0.868,0.87,0.866,0.867
20220725,513100.SH,0.867,0.858,0.858,0.851,0.854,-0.013,-1.4994,3888038.0,332327.234,0.858,0.858,0.851,0.854
20220726,513100.SH,0.854,0.847,0.851,0.846,0.849,-0.005,-0.5855,2615775.0,221878.449,0.847,0.851,0.846,0.849
20220727,513100.SH,0.849,0.846,0.852,0.845,0.849,0.0,0.0,2996574.4,254462.598,0.846,0.852,0.845,0.849
20220728,513100.SH,0.849,0.867,0.868,0.863,0.864,0.015,1.7668,3427438.48,296358.704,0.867,0.868,0.863,0.864
20220729,513100.SH,0.864,0.884,0.888,0.884,0.888,0.024,2.7778,3839103.02,340115.052,0.884,0.888,0.884,0.888
20220801,513100.SH,0.888,0.888,0.888,0.885,0.886,-0.002,-0.2252,2445383.92,216874.47,0.888,0.888,0.885,0.886
20220802,513100.SH,0.886,0.888,0.889,0.883,0.886,0.0,0.0,4495565.7,398254.109,0.888,0.889,0.883,0.886
20220803,513100.SH,0.886,0.886,0.888,0.884,0.886,0.0,0.0,1939182.0,171831.385,0.886,0.888,0.884,0.886
20220804,513100.SH,0.886,0.909,0.911,0.908,0.911,0.025,2.8217,2510568.93,228403.533,0.909,0.911,0.908,0.911
20220805,513100.SH,0.911,0.916,0.918,0.915,0.915,0.004,0.4391,1742953.9,159756.378,0.916,0.918,0.915,0.915
20220808,513100.SH,0.915,0.907,0.913,0.905,0.912,-0.003,-0.3279,1898237.3,172424.848,0.907,0.913,0.905,0.912
20220809,513100.SH,0.912,0.906,0.908,0.903,0.905,-0.007,-0.7675,2089589.0,189171.903,0.906,0.908,0.903,0.905
20220810,513100.SH,0.905,0.895,0.895,0.89,0.892,-0.013,-1.4365,2218134.7,198015.951,0.895,0.895,0.89,0.892
20220811,513100.SH,0.892,0.92,0.924,0.918,0.923,0.031,3.4753,3484495.17,320889.588,0.92,0.924,0.918,0.923
20220812,513100.SH,0.923,0.914,0.915,0.912,0.914,-0.009,-0.9751,1898585.0,173376.187,0.914,0.915,0.912,0.914
20220815,513100.SH,0.914,0.929,0.932,0.928,0.931,0.017,1.86,1755819.09,163425.681,0.929,0.932,0.928,0.931
20220816,513100.SH,0.931,0.941,0.944,0.941,0.942,0.011,1.1815,1680467.43,158386.595,0.941,0.944,0.941,0.942
20220817,513100.SH,0.942,0.941,0.942,0.939,0.939,-0.003,-0.3185,1417633.0,133270.871,0.941,0.942,0.939,0.939
20220818,513100.SH,0.939,0.928,0.931,0.925,0.926,-0.013,-1.3845,2152687.86,199941.475,0.928,0.931,0.925,0.926
20220819,513100.SH,0.926,0.933,0.935,0.927,0.928,0.002,0.216,2523309.0,235233.592,0.933,0.935,0.927,0.928
20220822,513100.SH,0.928,0.915,0.916,0.911,0.912,-0.016,-1.7241,3123407.0,285446.563,0.915,0.916,0.911,0.912
20220823,513100.SH,0.912,0.898,0.9,0.892,0.895,-0.017,-1.864,3763317.0,337404.474,0.898,0.9,0.892,0.895
20220824,513100.SH,0.895,0.896,0.899,0.892,0.898,0.003,0.3352,3627561.24,324766.843,0.896,0.899,0.892,0.898
20220825,513100.SH,0.898,0.901,0.91,0.9,0.91,0.012,1.3363,2191722.52,198266.543,0.901,0.91,0.9,0.91
20220826,513100.SH,0.91,0.916,0.916,0.912,0.915,0.005,0.5495,2244427.84,205226.471,0.916,0.916,0.912,0.915
20220829,513100.SH,0.915,0.872,0.879,0.87,0.879,-0.036,-3.9344,4227427.0,369829.614,0.872,0.879,0.87,0.879
20220830,513100.SH,0.879,0.878,0.884,0.877,0.883,0.004,0.4551,2140440.0,188371.535,0.878,0.884,0.877,0.883
20220831,513100.SH,0.883,0.873,0.877,0.872,0.875,-0.008,-0.906,3370016.0,294519.193,0.873,0.877,0.872,0.875
20220901,513100.SH,0.875,0.859,0.86,0.852,0.854,-0.021,-2.4,4551474.0,389780.656,0.859,0.86,0.852,0.854
20220902,513100.SH,0.854,0.863,0.864,0.859,0.863,0.009,1.0539,3842979.0,330987.321,0.863,0.864,0.859,0.863
20220905,513100.SH,0.863,0.853,0.856,0.852,0.856,-0.007,-0.8111,2672954.0,228188.951,0.853,0.856,0.852,0.856
20220906,513100.SH,0.856,0.861,0.862,0.858,0.862,0.006,0.7009,2185434.48,187930.752,0.861,0.862,0.858,0.862
20220907,513100.SH,0.862,0.848,0.854,0.848,0.853,-0.009,-1.0441,3631111.0,308922.897,0.848,0.854,0.848,0.853
20220908,513100.SH,0.853,0.868,0.871,0.867,0.87,0.017,1.993,4495864.2,390457.249,0.868,0.871,0.867,0.87
20220909,513100.SH,0.87,0.874,0.875,0.871,0.873,0.003,0.3448,2913935.0,254402.278,0.874,0.875,0.871,0.873
20220913,513100.SH,0.873,0.894,0.899,0.894,0.898,0.025,2.8637,3311919.17,296713.49,0.894,0.899,0.894,0.898
20220914,513100.SH,0.898,0.854,0.856,0.851,0.856,-0.042,-4.6771,4842971.0,413635.996,0.854,0.856,0.851,0.856
20220915,513100.SH,0.856,0.859,0.862,0.858,0.858,0.002,0.2336,2235706.0,192204.322,0.859,0.862,0.858,0.858
20220916,513100.SH,0.858,0.845,0.845,0.84,0.841,-0.017,-1.9814,1950053.0,164482.098,0.845,0.845,0.84,0.841
20220919,513100.SH,0.841,0.842,0.845,0.838,0.84,-0.001,-0.1189,3064462.59,257919.184,0.842,0.845,0.838,0.84
20220920,513100.SH,0.84,0.851,0.856,0.85,0.855,0.015,1.7857,2762758.5,235844.233,0.851,0.856,0.85,0.855
20220921,513100.SH,0.855,0.85,0.852,0.847,0.85,-0.005,-0.5848,2983442.0,253555.116,0.85,0.852,0.847,0.85
20220922,513100.SH,0.85,0.83,0.836,0.828,0.834,-0.016,-1.8824,6324250.8,526428.025,0.83,0.836,0.828,0.834
20220923,513100.SH,0.834,0.829,0.832,0.828,0.829,-0.005,-0.5995,2093595.0,173688.41,0.829,0.832,0.828,0.829
20220926,513100.SH,0.829,0.818,0.822,0.816,0.816,-0.013,-1.5682,4210576.0,344766.913,0.818,0.822,0.816,0.816
20220927,513100.SH,0.816,0.823,0.831,0.822,0.831,0.015,1.8382,4275999.0,353155.477,0.823,0.831,0.822,0.831
20220928,513100.SH,0.831,0.826,0.827,0.817,0.82,-0.011,-1.3237,5923217.0,485943.854,0.826,0.827,0.817,0.82
20220929,513100.SH,0.82,0.834,0.837,0.829,0.833,0.013,1.5854,4395973.27,366705.994,0.834,0.837,0.829,0.833
20220930,513100.SH,0.833,0.812,0.813,0.807,0.812,-0.021,-2.521,5383496.08,435943.702,0.812,0.813,0.807,0.812
20221010,513100.SH,0.812,0.799,0.8,0.792,0.792,-0.02,-2.4631,3822661.0,304462.283,0.799,0.8,0.792,0.792
20221011,513100.SH,0.792,0.796,0.797,0.792,0.792,0.0,0.0,3143051.0,249818.049,0.796,0.797,0.792,0.792
20221012,513100.SH,0.792,0.791,0.799,0.787,0.797,0.005,0.6313,4246500.08,336267.331,0.791,0.799,0.787,0.797
20221013,513100.SH,0.797,0.789,0.791,0.787,0.79,-0.007,-0.8783,3126281.0,246662.733,0.789,0.791,0.787,0.79
20221014,513100.SH,0.79,0.804,0.813,0.803,0.811,0.021,2.6582,6025513.06,487384.047,0.804,0.813,0.803,0.811
20221017,513100.SH,0.811,0.791,0.795,0.786,0.793,-0.018,-2.2195,6070953.0,479432.191,0.791,0.795,0.786,0.793
20221018,513100.SH,0.793,0.816,0.83,0.814,0.824,0.031,3.9092,7391387.0,606442.2,0.816,0.83,0.814,0.824
20221019,513100.SH,0.824,0.829,0.83,0.82,0.821,-0.003,-0.3641,4904511.6,404455.723,0.829,0.83,0.82,0.821
20221020,513100.SH,0.821,0.809,0.815,0.806,0.812,-0.009,-1.0962,4739326.0,383888.04,0.809,0.815,0.806,0.812
20221021,513100.SH,0.812,0.81,0.812,0.808,0.81,-0.002,-0.2463,2410707.68,195238.331,0.81,0.812,0.808,0.81
20221024,513100.SH,0.81,0.836,0.838,0.831,0.833,0.023,2.8395,7998023.65,667368.573,0.836,0.838,0.831,0.833
20221025,513100.SH,0.833,0.844,0.85,0.842,0.848,0.015,1.8007,3993075.51,337787.361,0.844,0.85,0.842,0.848
20221026,513100.SH,0.848,0.847,0.848,0.841,0.842,-0.006,-0.7075,4080507.41,344885.248,0.847,0.848,0.841,0.842
20221027,513100.SH,0.842,0.836,0.84,0.833,0.837,-0.005,-0.5938,3255286.0,272313.026,0.836,0.84,0.833,0.837
20221028,513100.SH,0.837,0.823,0.825,0.81,0.811,-0.026,-3.1063,4268553.47,348243.401,0.823,0.825,0.81,0.811
20221031,513100.SH,0.811,0.845,0.85,0.844,0.849,0.038,4.6856,4197603.24,355493.839,0.845,0.85,0.844,0.849
20221101,513100.SH,0.849,0.848,0.852,0.846,0.851,0.002,0.2356,4072181.58,345517.353,0.848,0.852,0.846,0.851
20221102,513100.SH,0.851,0.841,0.841,0.837,0.838,-0.013,-1.5276,4877140.0,408799.981,0.841,0.841,0.837,0.838
20221103,513100.SH,0.838,0.812,0.815,0.811,0.813,-0.025,-2.9833,5565742.0,452422.492,0.812,0.815,0.811,0.813
20221104,513100.SH,0.813,0.801,0.815,0.797,0.814,0.001,0.123,8887941.21,713927.749,0.801,0.815,0.797,0.814
20221107,513100.SH,0.814,0.803,0.816,0.803,0.815,0.001,0.1229,3802905.0,308151.009,0.803,0.816,0.803,0.815
20221108,513100.SH,0.815,0.82,0.82,0.813,0.816,0.001,0.1227,3009399.38,245522.922,0.82,0.82,0.813,0.816
20221109,513100.SH,0.816,0.816,0.822,0.816,0.818,0.002,0.2451,3535311.0,289933.655,0.816,0.822,0.816,0.818
20221110,513100.SH,0.818,0.805,0.809,0.804,0.808,-0.01,-1.2225,2245968.15,181172.374,0.805,0.809,0.804,0.808
20221111,513100.SH,0.808,0.856,0.858,0.847,0.854,0.046,5.6931,7643684.8,650802.341,0.856,0.858,0.847,0.854
20221114,513100.SH,0.854,0.856,0.857,0.848,0.848,-0.006,-0.7026,3349210.5,285185.492,0.856,0.857,0.848,0.848
20221115,513100.SH,0.848,0.848,0.856,0.846,0.855,0.007,0.8255,3611786.36,307613.582,0.848,0.856,0.846,0.855
20221116,513100.SH,0.855,0.854,0.863,0.852,0.861,0.006,0.7018,4909859.0,421197.739,0.854,0.863,0.852,0.861
20221117,513100.SH,0.861,0.852,0.856,0.851,0.856,-0.005,-0.5807,2553658.32,217953.465,0.852,0.856,0.851,0.856
20221118,513100.SH,0.856,0.854,0.857,0.851,0.853,-0.003,-0.3505,2934641.42,250649.539,0.854,0.857,0.851,0.853
20221121,513100.SH,0.853,0.85,0.853,0.849,0.85,-0.003,-0.3517,2406327.0,204784.728,0.85,0.853,0.849,0.85
20221122,513100.SH,0.85,0.846,0.848,0.841,0.843,-0.007,-0.8235,2100738.0,177365.381,0.846,0.848,0.841,0.843
20221123,513100.SH,0.843,0.85,0.854,0.85,0.853,0.01,1.1862,2391928.98,203725.024,0.85,0.854,0.85,0.853
20221124,513100.SH,0.853,0.863,0.865,0.862,0.863,0.01,1.1723,3005548.2,259387.9,0.863,0.865,0.862,0.863
20221125,513100.SH,0.863,0.868,0.868,0.865,0.865,0.002,0.2317,1541088.84,133469.877,0.868,0.868,0.865,0.865
20221128,513100.SH,0.865,0.858,0.859,0.853,0.854,-0.011,-1.2717,3023382.86,258766.685,0.858,0.859,0.853,0.854
20221129,513100.SH,0.854,0.851,0.853,0.848,0.852,-0.002,-0.2342,4426797.14,376399.521,0.851,0.853,0.848,0.852
20221130,513100.SH,0.852,0.842,0.843,0.839,0.842,-0.01,-1.1737,3028017.0,254642.387,0.842,0.843,0.839,0.842
20221201,513100.SH,0.842,0.867,0.869,0.864,0.868,0.026,3.0879,4974690.3,431078.311,0.867,0.869,0.864,0.868
20221202,513100.SH,0.868,0.862,0.865,0.861,0.863,-0.005,-0.576,2008654.8,173347.024,0.862,0.865,0.861,0.863
20221205,513100.SH,0.863,0.857,0.858,0.853,0.854,-0.009,-1.0429,3110624.0,265986.199,0.857,0.858,0.853,0.854
20221206,513100.SH,0.854,0.842,0.845,0.841,0.844,-0.01,-1.171,4081430.0,343878.119,0.842,0.845,0.841,0.844
20221207,513100.SH,0.844,0.83,0.835,0.829,0.835,-0.009,-1.0664,4282771.05,356325.981,0.83,0.835,0.829,0.835
20221208,513100.SH,0.835,0.83,0.832,0.829,0.832,-0.003,-0.3593,2928767.0,243285.731,0.83,0.832,0.829,0.832
20221209,513100.SH,0.832,0.837,0.838,0.832,0.833,0.001,0.1202,3147373.0,262379.608,0.837,0.838,0.832,0.833
20221212,513100.SH,0.833,0.825,0.826,0.824,0.825,-0.008,-0.9604,3092833.0,255151.204,0.825,0.826,0.824,0.825
20221213,513100.SH,0.825,0.833,0.838,0.832,0.838,0.013,1.5758,3583012.15,299146.823,0.833,0.838,0.832,0.838
20221214,513100.SH,0.838,0.844,0.848,0.844,0.848,0.01,1.1933,2928628.2,247540.566,0.844,0.848,0.844,0.848
20221215,513100.SH,0.848,0.84,0.841,0.835,0.835,-0.013,-1.533,2732272.5,228719.111,0.84,0.841,0.835,0.835
20221216,513100.SH,0.835,0.812,0.817,0.81,0.816,-0.019,-2.2754,4404198.45,358492.06,0.812,0.817,0.81,0.816
20221219,513100.SH,0.816,0.814,0.815,0.812,0.813,-0.003,-0.3676,1811147.0,147278.257,0.814,0.815,0.812,0.813
20221220,513100.SH,0.813,0.806,0.808,0.8,0.802,-0.011,-1.353,4593641.0,369395.861,0.806,0.808,0.8,0.802
20221221,513100.SH,0.802,0.806,0.81,0.805,0.809,0.007,0.8728,3199739.59,258432.855,0.806,0.81,0.805,0.809
20221222,513100.SH,0.809,0.816,0.816,0.81,0.811,0.002,0.2472,2336213.42,189955.55,0.816,0.816,0.81,0.811
20221223,513100.SH,0.811,0.798,0.802,0.796,0.801,-0.01,-1.233,2880296.42,230174.912,0.798,0.802,0.796,0.801
20221226,513100.SH,0.801,0.802,0.803,0.798,0.802,0.001,0.1248,1478573.76,118331.562,0.802,0.803,0.798,0.802
20221227,513100.SH,0.802,0.805,0.81,0.804,0.808,0.006,0.7481,2395605.53,193493.025,0.805,0.81,0.804,0.808
20221228,513100.SH,0.808,0.797,0.801,0.796,0.799,-0.009,-1.1139,3775848.0,301220.541,0.797,0.801,0.796,0.799
20221229,513100.SH,0.799,0.793,0.796,0.79,0.795,-0.004,-0.5006,2434756.13,192989.862,0.793,0.796,0.79,0.795
20221230,513100.SH,0.795,0.802,0.804,0.798,0.799,0.004,0.5031,2998501.5,240251.385,0.802,0.804,0.798,0.799
20230103,513100.SH,0.799,0.797,0.809,0.795,0.806,0.007,0.8761,3123326.74,250424.669,0.797,0.809,0.795,0.806
20230104,513100.SH,0.806,0.801,0.805,0.8,0.804,-0.002,-0.2481,1808677.08,145215.892,0.801,0.805,0.8,0.804
20230105,513100.SH,0.804,0.804,0.806,0.802,0.805,0.001,0.1244,3622862.0,291206.822,0.804,0.806,0.802,0.805
20230106,513100.SH,0.805,0.799,0.8,0.796,0.799,-0.006,-0.7453,4265900.0,340506.187,0.799,0.8,0.796,0.799
20230109,513100.SH,0.799,0.805,0.809,0.805,0.809,0.01,1.2516,3063903.0,247146.635,0.805,0.809,0.805,0.809
20230110,513100.SH,0.809,0.808,0.808,0.804,0.805,-0.004,-0.4944,2384404.0,192202.904,0.808,0.808,0.804,0.805
20230111,513100.SH,0.805,0.81,0.811,0.809,0.81,0.005,0.6211,2317915.4,187754.202,0.81,0.811,0.809,0.81
20230112,513100.SH,0.81,0.817,0.819,0.817,0.818,0.008,0.9877,2268482.01,185563.507,0.817,0.819,0.817,0.818
20230113,513100.SH,0.818,0.819,0.819,0.814,0.815,-0.003,-0.3667,1946463.0,158791.276,0.819,0.819,0.814,0.815
20230116,513100.SH,0.815,0.817,0.819,0.814,0.815,0.0,0.0,1885863.87,154096.05,0.817,0.819,0.814,0.815
20230117,513100.SH,0.815,0.816,0.821,0.815,0.82,0.005,0.6135,2408458.0,196896.242,0.816,0.821,0.815,0.82
20230118,513100.SH,0.82,0.819,0.823,0.819,0.821,0.001,0.122,2012846.14,165301.044,0.819,0.823,0.819,0.821
20230119,513100.SH,0.821,0.811,0.812,0.806,0.81,-0.011,-1.3398,3337042.28,270071.613,0.811,0.812,0.806,0.81
20230120,513100.SH,0.81,0.807,0.816,0.806,0.815,0.005,0.6173,2622931.99,212517.405,0.807,0.816,0.806,0.815
20230130,513100.SH,0.815,0.843,0.85,0.842,0.844,0.029,3.5583,6019738.17,509438.273,0.843,0.85,0.842,0.844
20230131,513100.SH,0.844,0.835,0.837,0.832,0.832,-0.012,-1.4218,1935520.0,161528.535,0.835,0.837,0.832,0.832
20230201,513100.SH,0.832,0.841,0.847,0.84,0.847,0.015,1.8029,2623151.64,221268.472,0.841,0.847,0.84,0.847
20230202,513100.SH,0.847,0.864,0.865,0.86,0.862,0.015,1.771,2945934.82,253835.245,0.864,0.865,0.86,0.862
20230203,513100.SH,0.862,0.873,0.874,0.87,0.87,0.008,0.9281,5499839.24,479434.718,0.873,0.874,0.87,0.87
20230206,513100.SH,0.87,0.87,0.873,0.863,0.865,-0.005,-0.5747,7575822.64,657007.541,0.87,0.873,0.863,0.865
20230207,513100.SH,0.865,0.867,0.868,0.865,0.866,0.001,0.1156,2064736.0,178993.852,0.867,0.868,0.865,0.866
20230208,513100.SH,0.866,0.878,0.883,0.878,0.882,0.016,1.8476,3492056.0,307398.65,0.878,0.883,0.878,0.882
20230209,513100.SH,0.882,0.871,0.874,0.869,0.873,-0.009,-1.0204,3792463.0,330739.731,0.871,0.874,0.869,0.873
20230210,513100.SH,0.873,0.863,0.864,0.859,0.86,-0.013,-1.4891,2236587.84,192579.57,0.863,0.864,0.859,0.86
20230213,513100.SH,0.86,0.856,0.86,0.855,0.859,-0.001,-0.1163,2091004.54,179234.609,0.856,0.86,0.855,0.859
20230214,513100.SH,0.859,0.869,0.872,0.868,0.871,0.012,1.397,2875053.62,250170.998,0.869,0.872,0.868,0.871
20230215,513100.SH,0.871,0.875,0.876,0.871,0.873,0.002,0.2296,3305117.67,288749.896,0.875,0.876,0.871,0.873
20230216,513100.SH,0.873,0.888,0.891,0.888,0.89,0.017,1.9473,3171996.35,282206.174,0.888,0.891,0.888,0.89
20230217,513100.SH,0.89,0.87,0.872,0.865,0.865,-0.025,-2.809,3629978.0,315159.101,0.87,0.872,0.865,0.865
20230220,513100.SH,0.865,0.863,0.868,0.863,0.868,0.003,0.3468,3893257.02,336701.611,0.863,0.868,0.863,0.868
20230221,513100.SH,0.868,0.865,0.867,0.864,0.866,-0.002,-0.2304,2218603.0,191878.308,0.865,0.867,0.864,0.866
20230222,513100.SH,0.866,0.851,0.854,0.85,0.85,-0.016,-1.8476,3490256.0,297221.986,0.851,0.854,0.85,0.85
20230223,513100.SH,0.85,0.855,0.857,0.854,0.857,0.007,0.8235,1669315.0,142880.234,0.855,0.857,0.854,0.857
20230224,513100.SH,0.857,0.86,0.861,0.857,0.86,0.003,0.3501,1783027.0,153145.704,0.86,0.861,0.857,0.86
20230227,513100.SH,0.86,0.853,0.854,0.852,0.852,-0.008,-0.9302,1523080.0,129912.644,0.853,0.854,0.852,0.852
20230228,513100.SH,0.852,0.857,0.858,0.854,0.855,0.003,0.3521,1606320.0,137493.501,0.857,0.858,0.854,0.855
20230301,513100.SH,0.855,0.85,0.853,0.849,0.852,-0.003,-0.3509,3240836.18,275763.108,0.85,0.853,0.849,0.852
20230302,513100.SH,0.852,0.845,0.846,0.835,0.84,-0.012,-1.4085,5096779.53,427516.73,0.845,0.846,0.835,0.84
20230303,513100.SH,0.84,0.847,0.849,0.845,0.849,0.009,1.0714,2765143.64,234284.733,0.847,0.849,0.845,0.849
20230306,513100.SH,0.849,0.865,0.874,0.864,0.871,0.022,2.5913,5215064.0,452856.509,0.865,0.874,0.864,0.871
20230307,513100.SH,0.871,0.874,0.875,0.871,0.872,0.001,0.1148,2906579.0,253812.613,0.874,0.875,0.871,0.872
20230308,513100.SH,0.872,0.866,0.867,0.863,0.864,-0.008,-0.9174,1764495.0,152523.607,0.866,0.867,0.863,0.864
20230309,513100.SH,0.864,0.866,0.87,0.865,0.868,0.004,0.463,1589416.0,137901.059,0.866,0.87,0.865,0.868
20230310,513100.SH,0.868,0.851,0.853,0.847,0.848,-0.02,-2.3041,3554478.0,302188.872,0.851,0.853,0.847,0.848
20230313,513100.SH,0.848,0.844,0.855,0.843,0.854,0.006,0.7075,4674375.0,396522.122,0.844,0.855,0.843,0.854
20230314,513100.SH,0.854,0.846,0.847,0.839,0.841,-0.013,-1.5222,6289868.0,529579.419,0.846,0.847,0.839,0.841
20230315,513100.SH,0.841,0.857,0.86,0.856,0.859,0.018,2.1403,4716075.13,404668.502,0.857,0.86,0.856,0.859
20230316,513100.SH,0.859,0.864,0.867,0.862,0.863,0.004,0.4657,2629183.0,227465.904,0.864,0.867,0.862,0.863
20230317,513100.SH,0.863,0.884,0.886,0.882,0.884,0.021,2.4334,4268883.9,377226.118,0.884,0.886,0.882,0.884
20230320,513100.SH,0.884,0.881,0.883,0.872,0.873,-0.011,-1.2443,3937981.01,345994.951,0.881,0.883,0.872,0.873
20230321,513100.SH,0.873,0.88,0.882,0.879,0.882,0.009,1.0309,1464419.02,129060.132,0.88,0.882,0.879,0.882
20230322,513100.SH,0.882,0.893,0.896,0.893,0.895,0.013,1.4739,2451245.29,219190.335,0.893,0.896,0.893,0.895
20230323,513100.SH,0.895,0.882,0.884,0.881,0.884,-0.011,-1.2291,3626370.0,319983.686,0.882,0.884,0.881,0.884
20230324,513100.SH,0.884,0.888,0.891,0.886,0.891,0.007,0.7919,3206303.13,284914.297,0.888,0.891,0.886,0.891
20230327,513100.SH,0.891,0.897,0.901,0.896,0.899,0.008,0.8979,2974491.03,267172.867,0.897,0.901,0.896,0.899
20230328,513100.SH,0.899,0.891,0.894,0.888,0.893,-0.006,-0.6674,2147671.01,191359.36,0.891,0.894,0.888,0.893
20230329,513100.SH,0.893,0.89,0.895,0.889,0.893,0.0,0.0,1912863.01,170648.248,0.89,0.895,0.889,0.893
20230330,513100.SH,0.893,0.902,0.905,0.902,0.903,0.01,1.1198,3617075.2,326675.174,0.902,0.905,0.902,0.903
20230331,513100.SH,0.903,0.912,0.913,0.907,0.908,0.005,0.5537,2526160.0,229773.424,0.912,0.913,0.907,0.908
20230403,513100.SH,0.908,0.919,0.921,0.918,0.92,0.012,1.3216,3139582.38,288770.357,0.919,0.921,0.918,0.92
20230404,513100.SH,0.92,0.921,0.922,0.919,0.922,0.002,0.2174,2352498.86,216484.19,0.921,0.922,0.919,0.922
20230406,513100.SH,0.922,0.907,0.908,0.905,0.906,-0.016,-1.7354,2378908.75,215580.344,0.907,0.908,0.905,0.906
20230407,513100.SH,0.906,0.915,0.916,0.914,0.914,0.008,0.883,1448657.45,132538.256,0.915,0.916,0.914,0.914
20230410,513100.SH,0.914,0.914,0.914,0.909,0.91,-0.004,-0.4376,1522958.84,138871.245,0.914,0.914,0.909,0.91
20230411,513100.SH,0.91,0.915,0.916,0.913,0.915,0.005,0.5495,1559199.0,142624.219,0.915,0.916,0.913,0.915
20230412,513100.SH,0.915,0.91,0.911,0.907,0.908,-0.007,-0.765,2038950.91,185254.71,0.91,0.911,0.907,0.908
20230413,513100.SH,0.908,0.899,0.903,0.898,0.902,-0.006,-0.6608,2772894.36,249653.123,0.899,0.903,0.898,0.902
20230414,513100.SH,0.902,0.915,0.915,0.91,0.91,0.008,0.8869,1977763.0,180432.451,0.915,0.915,0.91,0.91
20230417,513100.SH,0.91,0.915,0.916,0.914,0.914,0.004,0.4396,1695009.7,155048.915,0.915,0.916,0.914,0.914
20230418,513100.SH,0.914,0.914,0.915,0.913,0.914,0.0,0.0,1568659.0,143331.276,0.914,0.915,0.913,0.914
20230419,513100.SH,0.914,0.914,0.915,0.912,0.912,-0.002,-0.2188,1265083.0,115516.077,0.914,0.915,0.912,0.912
20230420,513100.SH,0.912,0.913,0.915,0.911,0.912,0.0,0.0,2913989.0,266041.562,0.913,0.915,0.911,0.912
20230421,513100.SH,0.912,0.91,0.911,0.908,0.908,-0.004,-0.4386,1559525.0,141783.55,0.91,0.911,0.908,0.908
20230424,513100.SH,0.908,0.908,0.911,0.905,0.906,-0.002,-0.2203,2499513.5,226874.648,0.908,0.911,0.905,0.906
20230425,513100.SH,0.906,0.908,0.908,0.905,0.906,0.0,0.0,1951857.75,176962.578,0.908,0.908,0.905,0.906
20230426,513100.SH,0.906,0.907,0.908,0.904,0.904,-0.002,-0.2208,2696859.0,244314.877,0.907,0.908,0.904,0.904
20230427,513100.SH,0.904,0.905,0.907,0.904,0.905,0.001,0.1106,1833485.0,165956.48,0.905,0.907,0.904,0.905
20230428,513100.SH,0.905,0.921,0.923,0.92,0.923,0.018,1.989,2948879.0,271874.45,0.921,0.923,0.92,0.923
20230504,513100.SH,0.923,0.916,0.919,0.914,0.918,-0.005,-0.5417,2000716.0,183362.451,0.916,0.919,0.914,0.918
20230505,513100.SH,0.918,0.915,0.916,0.915,0.916,-0.002,-0.2179,878182.7,80388.627,0.915,0.916,0.915,0.916
20230508,513100.SH,0.916,0.93,0.931,0.928,0.93,0.014,1.5284,2548493.1,236840.616,0.93,0.931,0.928,0.93
20230509,513100.SH,0.93,0.931,0.932,0.93,0.93,0.0,0.0,1718027.0,160005.529,0.931,0.932,0.93,0.93
20230510,513100.SH,0.93,0.927,0.93,0.926,0.93,0.0,0.0,1285141.7,119270.336,0.927,0.93,0.926,0.93
20230511,513100.SH,0.93,0.94,0.942,0.94,0.942,0.012,1.2903,2086514.0,196339.953,0.94,0.942,0.94,0.942
20230512,513100.SH,0.942,0.947,0.948,0.946,0.946,0.004,0.4246,1807403.0,171166.296,0.947,0.948,0.946,0.946
20230515,513100.SH,0.946,0.943,0.944,0.941,0.944,-0.002,-0.2114,1453544.0,137005.361,0.943,0.944,0.941,0.944
20230516,513100.SH,0.944,0.947,0.948,0.946,0.947,0.003,0.3178,2132313.0,201929.979,0.947,0.948,0.946,0.947
20230517,513100.SH,0.947,0.954,0.956,0.953,0.953,0.006,0.6336,2343548.0,223694.919,0.954,0.956,0.953,0.953
20230518,513100.SH,0.953,0.965,0.969,0.964,0.968,0.015,1.574,2537538.0,245329.037,0.965,0.969,0.964,0.968
20230519,513100.SH,0.968,0.992,0.996,0.989,0.99,0.022,2.2727,5450150.04,541216.98,0.992,0.996,0.989,0.99
20230522,513100.SH,0.99,0.985,0.986,0.981,0.984,-0.006,-0.6061,3319287.32,326411.017,0.985,0.986,0.981,0.984
20230523,513100.SH,0.984,0.993,0.996,0.991,0.992,0.008,0.813,3115601.32,309547.101,0.993,0.996,0.991,0.992
20230524,513100.SH,0.992,0.982,0.982,0.976,0.977,-0.015,-1.5121,4112096.0,402691.164,0.982,0.982,0.976,0.977
20230525,513100.SH,0.977,0.987,0.993,0.986,0.993,0.016,1.6377,3496459.0,345633.582,0.987,0.993,0.986,0.993
20230526,513100.SH,0.993,1.0,1.001,0.995,0.996,0.003,0.3021,3123782.0,311549.389,1.0,1.001,0.995,0.996
20230529,513100.SH,0.996,1.029,1.033,1.028,1.032,0.036,3.6145,3537924.0,364438.891,1.029,1.033,1.028,1.032
20230530,513100.SH,1.032,1.032,1.037,1.029,1.035,0.003,0.2907,4247797.55,439222.284,1.032,1.037,1.029,1.035
20230531,513100.SH,1.035,1.034,1.036,1.029,1.031,-0.004,-0.3865,3208005.38,331394.948,1.034,1.036,1.029,1.031
20230601,513100.SH,1.031,1.028,1.03,1.024,1.03,-0.001,-0.097,2924230.6,300526.261,1.028,1.03,1.024,1.03
20230602,513100.SH,1.03,1.041,1.044,1.039,1.043,0.013,1.2621,4350425.0,453129.345,1.041,1.044,1.039,1.043
20230605,513100.SH,1.043,1.048,1.048,1.044,1.048,0.005,0.4794,2763392.0,289139.215,1.048,1.048,1.044,1.048
20230606,513100.SH,1.048,1.05,1.052,1.048,1.049,0.001,0.0954,3444214.73,361702.045,1.05,1.052,1.048,1.049
20230607,513100.SH,1.049,1.05,1.053,1.049,1.052,0.003,0.286,2622824.51,275674.849,1.05,1.053,1.049,1.052
20230608,513100.SH,1.052,1.036,1.038,1.03,1.03,-0.022,-2.0913,4736692.0,489477.471,1.036,1.038,1.03,1.03
20230609,513100.SH,1.03,1.045,1.048,1.044,1.047,0.017,1.6505,3512801.02,367573.664,1.045,1.048,1.044,1.047
20230612,513100.SH,1.047,1.055,1.06,1.054,1.059,0.012,1.1461,2509964.33,265389.732,1.055,1.06,1.054,1.059
20230613,513100.SH,1.059,1.079,1.086,1.076,1.085,0.026,2.4551,6560033.0,708866.735,1.079,1.086,1.076,1.085
20230614,513100.SH,1.085,1.089,1.091,1.084,1.086,0.001,0.0922,3033960.0,329643.733,1.089,1.091,1.084,1.086
20230615,513100.SH,1.086,1.093,1.096,1.091,1.091,0.005,0.4604,5664784.0,619291.117,1.093,1.096,1.091,1.091
20230616,513100.SH,1.091,1.098,1.101,1.096,1.1,0.009,0.8249,5519091.31,606589.834,1.098,1.101,1.096,1.1
20230619,513100.SH,1.1,1.097,1.097,1.093,1.096,-0.004,-0.3636,5018787.0,549571.925,1.097,1.097,1.093,1.096
20230620,513100.SH,1.096,1.096,1.097,1.094,1.095,-0.001,-0.0912,2878691.0,315357.716,1.096,1.097,1.094,1.095
20230621,513100.SH,1.095,1.1,1.102,1.098,1.1,0.005,0.4566,3764691.0,414152.896,1.1,1.102,1.098,1.1
20230626,513100.SH,1.1,1.091,1.093,1.09,1.091,-0.009,-0.8182,3964189.0,432681.747,1.091,1.093,1.09,1.091
20230627,513100.SH,1.091,1.077,1.077,1.073,1.076,-0.015,-1.3749,5846116.0,628360.899,1.077,1.077,1.073,1.076
20230628,513100.SH,1.076,1.088,1.091,1.087,1.09,0.014,1.3011,3473139.0,378328.884,1.088,1.091,1.087,1.09
20230629,513100.SH,1.09,1.098,1.101,1.098,1.099,0.009,0.8257,2773811.0,305009.895,1.098,1.101,1.098,1.099
20230630,513100.SH,1.099,1.099,1.1,1.098,1.1,0.001,0.091,1883859.0,207081.842,1.099,1.1,1.098,1.1
20230703,513100.SH,1.1,1.116,1.12,1.113,1.118,0.018,1.6364,5014745.35,559294.621,1.116,1.12,1.113,1.118
20230704,513100.SH,1.118,1.114,1.116,1.111,1.112,-0.006,-0.5367,3909988.22,435622.891,1.114,1.116,1.111,1.112
20230705,513100.SH,1.112,1.112,1.114,1.11,1.11,-0.002,-0.1799,3225731.0,358890.678,1.112,1.114,1.11,1.11
20230706,513100.SH,1.11,1.115,1.116,1.109,1.111,0.001,0.0901,3257357.0,362393.974,1.115,1.116,1.109,1.111
20230707,513100.SH,1.111,1.106,1.107,1.104,1.106,-0.005,-0.45,3413465.71,377423.853,1.106,1.107,1.104,1.106
20230710,513100.SH,1.106,1.101,1.101,1.095,1.095,-0.011,-0.9946,4019415.68,441085.218,1.101,1.101,1.095,1.095
20230711,513100.SH,1.095,1.1,1.102,1.096,1.101,0.006,0.5479,3438587.14,378189.881,1.1,1.102,1.096,1.101
20230712,513100.SH,1.101,1.104,1.104,1.1,1.102,0.001,0.0908,2930743.73,323008.308,1.104,1.104,1.1,1.102
20230713,513100.SH,1.102,1.113,1.12,1.112,1.118,0.016,1.4519,5118858.0,571648.893,1.113,1.12,1.112,1.118
20230714,513100.SH,1.118,1.129,1.13,1.125,1.126,0.008,0.7156,3967748.0,447137.169,1.129,1.13,1.125,1.126
20230717,513100.SH,1.126,1.126,1.132,1.125,1.132,0.006,0.5329,3125651.0,352685.239,1.126,1.132,1.125,1.132
20230718,513100.SH,1.132,1.14,1.144,1.139,1.142,0.01,0.8834,4300859.54,490885.164,1.14,1.144,1.139,1.142
20230719,513100.SH,1.142,1.153,1.164,1.153,1.163,0.021,1.8389,5435357.0,629856.534,1.153,1.164,1.153,1.163
20230720,513100.SH,1.163,1.152,1.153,1.147,1.147,-0.016,-1.3758,7218323.25,830628.768,1.152,1.153,1.147,1.147
20230721,513100.SH,1.147,1.124,1.128,1.122,1.128,-0.019,-1.6565,5808080.61,653943.003,1.124,1.128,1.122,1.128
20230724,513100.SH,1.128,1.124,1.134,1.123,1.132,0.004,0.3546,4087268.0,461759.302,1.124,1.134,1.123,1.132
20230725,513100.SH,1.132,1.131,1.131,1.124,1.128,-0.004,-0.3534,4803583.73,541073.456,1.131,1.131,1.124,1.128
20230726,513100.SH,1.128,1.13,1.132,1.129,1.131,0.003,0.266,3365604.0,380451.56,1.13,1.132,1.129,1.131
20230727,513100.SH,1.131,1.131,1.143,1.13,1.141,0.01,0.8842,5784796.73,657039.986,1.131,1.143,1.13,1.141
20230728,513100.SH,1.141,1.133,1.137,1.131,1.134,-0.007,-0.6135,6310412.74,715486.815,1.133,1.137,1.131,1.134
20230731,513100.SH,1.134,1.146,1.151,1.142,1.149,0.015,1.3228,5988079.0,686548.904,1.146,1.151,1.142,1.149
20230801,513100.SH,1.149,1.151,1.155,1.151,1.153,0.004,0.3481,3376060.0,389459.491,1.151,1.155,1.151,1.153
20230802,513100.SH,1.153,1.149,1.149,1.137,1.137,-0.016,-1.3877,5485948.98,627599.06,1.149,1.149,1.137,1.137
20230803,513100.SH,1.137,1.121,1.124,1.118,1.118,-0.019,-1.6711,5788835.23,649167.637,1.121,1.124,1.118,1.118
20230804,513100.SH,1.118,1.121,1.13,1.119,1.128,0.01,0.8945,6145847.98,690670.547,1.121,1.13,1.119,1.128
20230807,513100.SH,1.128,1.121,1.122,1.116,1.118,-0.01,-0.8865,5273550.0,589762.001,1.121,1.122,1.116,1.118
20230808,513100.SH,1.118,1.123,1.124,1.12,1.12,0.002,0.1789,3646200.0,409184.557,1.123,1.124,1.12,1.12
20230809,513100.SH,1.12,1.119,1.12,1.116,1.119,-0.001,-0.0893,4168333.0,465948.809,1.119,1.12,1.116,1.119
20230810,513100.SH,1.119,1.107,1.11,1.104,1.109,-0.01,-0.8937,4105889.23,454389.682,1.107,1.11,1.104,1.109
20230811,513100.SH,1.109,1.111,1.112,1.107,1.11,0.001,0.0902,3265620.0,362188.54,1.111,1.112,1.107,1.11
20230814,513100.SH,1.11,1.104,1.105,1.098,1.103,-0.007,-0.6306,5042869.21,555460.1,1.104,1.105,1.098,1.103
20230815,513100.SH,1.103,1.119,1.128,1.119,1.124,0.021,1.9039,5217858.8,586836.026,1.119,1.128,1.119,1.124
20230816,513100.SH,1.124,1.113,1.114,1.11,1.112,-0.012,-1.0676,3106892.0,345406.703,1.113,1.114,1.11,1.112
20230817,513100.SH,1.112,1.098,1.104,1.097,1.104,-0.008,-0.7194,4951573.0,544736.359,1.098,1.104,1.097,1.104
20230818,513100.SH,1.104,1.086,1.087,1.08,1.083,-0.021,-1.9022,6251376.66,677229.199,1.086,1.087,1.08,1.083
20230821,513100.SH,1.083,1.084,1.087,1.084,1.086,0.003,0.277,4057427.0,440516.215,1.084,1.087,1.084,1.086
20230822,513100.SH,1.086,1.098,1.104,1.096,1.104,0.018,1.6575,4023217.7,442416.058,1.098,1.104,1.096,1.104
20230823,513100.SH,1.104,1.104,1.106,1.102,1.104,0.0,0.0,3109045.51,343276.95,1.104,1.106,1.102,1.104
20230824,513100.SH,1.104,1.127,1.137,1.127,1.134,0.03,2.7174,8081913.0,915294.954,1.127,1.137,1.127,1.134
20230825,513100.SH,1.134,1.097,1.098,1.089,1.091,-0.043,-3.7919,5125697.0,560786.79,1.097,1.098,1.089,1.091
20230828,513100.SH,1.091,1.102,1.106,1.101,1.105,0.014,1.2832,3843734.03,424034.077,1.102,1.106,1.101,1.105
20230829,513100.SH,1.105,1.113,1.115,1.111,1.111,0.006,0.543,3410341.0,379512.974,1.113,1.115,1.111,1.111
20230830,513100.SH,1.111,1.135,1.137,1.133,1.135,0.024,2.1602,5263487.97,597672.372,1.135,1.137,1.133,1.135
20230831,513100.SH,1.135,1.141,1.143,1.139,1.14,0.005,0.4405,4129059.0,471300.613,1.141,1.143,1.139,1.14
20230901,513100.SH,1.14,1.138,1.141,1.137,1.139,-0.001,-0.0877,3232874.2,368333.133,1.138,1.141,1.137,1.139
20230904,513100.SH,1.139,1.14,1.143,1.138,1.142,0.003,0.2634,2645962.03,301736.039,1.14,1.143,1.138,1.142
20230905,513100.SH,1.142,1.141,1.143,1.14,1.141,-0.001,-0.0876,1517921.0,173293.0,1.141,1.143,1.14,1.141
20230906,513100.SH,1.141,1.146,1.147,1.143,1.143,0.002,0.1753,1866193.86,213750.744,1.146,1.147,1.143,1.143
20230907,513100.SH,1.143,1.137,1.138,1.133,1.134,-0.009,-0.7874,3225183.62,366209.444,1.137,1.138,1.133,1.134
20230908,513100.SH,1.134,1.131,1.141,1.13,1.141,0.007,0.6173,2951581.0,335141.32,1.131,1.141,1.13,1.141
20230911,513100.SH,1.141,1.136,1.137,1.132,1.134,-0.007,-0.6135,4032390.0,457604.811,1.136,1.137,1.132,1.134
20230912,513100.SH,1.134,1.141,1.142,1.139,1.141,0.007,0.6173,2333770.0,266143.006,1.141,1.142,1.139,1.141
20230913,513100.SH,1.141,1.128,1.13,1.126,1.128,-0.013,-1.1394,3354662.0,378459.156,1.128,1.13,1.126,1.128
20230914,513100.SH,1.128,1.133,1.139,1.132,1.136,0.008,0.7092,3656597.0,415523.723,1.133,1.139,1.132,1.136
20230915,513100.SH,1.136,1.145,1.145,1.14,1.142,0.006,0.5282,3331786.0,380662.485,1.145,1.145,1.14,1.142
20230918,513100.SH,1.142,1.124,1.126,1.122,1.124,-0.018,-1.5762,2640156.0,296802.28,1.124,1.126,1.122,1.124
20230919,513100.SH,1.124,1.126,1.127,1.122,1.123,-0.001,-0.089,2164085.0,243388.678,1.126,1.127,1.122,1.123
20230920,513100.SH,1.123,1.122,1.124,1.12,1.124,0.001,0.089,3307127.0,370892.218,1.122,1.124,1.12,1.124
20230921,513100.SH,1.124,1.105,1.106,1.1,1.103,-0.021,-1.8683,5230421.0,576471.819,1.105,1.106,1.1,1.103
20230922,513100.SH,1.103,1.085,1.093,1.084,1.092,-0.011,-0.9973,5140599.3,559297.772,1.085,1.093,1.084,1.092
20230925,513100.SH,1.092,1.089,1.095,1.089,1.094,0.002,0.1832,2916232.0,318704.232,1.089,1.095,1.089,1.094
20230926,513100.SH,1.094,1.092,1.094,1.085,1.085,-0.009,-0.8227,3703135.0,403515.519,1.092,1.094,1.085,1.085
20230927,513100.SH,1.085,1.078,1.082,1.076,1.081,-0.004,-0.3687,4937658.5,532609.64,1.078,1.082,1.076,1.081
20230928,513100.SH,1.081,1.085,1.085,1.079,1.08,-0.001,-0.0925,3946643.0,426777.016,1.085,1.085,1.079,1.08
20231009,513100.SH,1.08,1.099,1.1,1.092,1.096,0.016,1.4815,6799799.21,745196.302,1.099,1.1,1.092,1.096
20231010,513100.SH,1.096,1.109,1.112,1.108,1.111,0.015,1.3686,4966925.09,551155.362,1.109,1.112,1.108,1.111
20231011,513100.SH,1.111,1.116,1.12,1.115,1.118,0.007,0.6301,3763684.7,420544.394,1.116,1.12,1.115,1.118
20231012,513100.SH,1.118,1.129,1.13,1.127,1.128,0.01,0.8945,2847651.0,321384.504,1.129,1.13,1.127,1.128
20231013,513100.SH,1.128,1.122,1.124,1.119,1.122,-0.006,-0.5319,3104624.0,348124.202,1.122,1.124,1.119,1.122
20231016,513100.SH,1.122,1.112,1.112,1.108,1.111,-0.011,-0.9804,3799498.0,421913.645,1.112,1.112,1.108,1.111
20231017,513100.SH,1.111,1.12,1.121,1.118,1.119,0.008,0.7201,2710704.21,303480.914,1.12,1.121,1.118,1.119
20231018,513100.SH,1.119,1.115,1.116,1.114,1.114,-0.005,-0.4468,2321918.0,258865.948,1.115,1.116,1.114,1.114
20231019,513100.SH,1.114,1.104,1.105,1.097,1.1,-0.014,-1.2567,5031533.93,553580.663,1.104,1.105,1.097,1.1
20231020,513100.SH,1.1,1.086,1.089,1.085,1.086,-0.014,-1.2727,6340077.32,688765.686,1.086,1.089,1.085,1.086
20231023,513100.SH,1.086,1.076,1.079,1.075,1.079,-0.007,-0.6446,3705545.0,399158.935,1.076,1.079,1.075,1.079
20231024,513100.SH,1.079,1.081,1.087,1.078,1.086,0.007,0.6487,4149645.93,449006.206,1.081,1.087,1.078,1.086
20231025,513100.SH,1.086,1.088,1.089,1.082,1.082,-0.004,-0.3683,4300778.0,466954.609,1.088,1.089,1.082,1.082
20231026,513100.SH,1.082,1.053,1.054,1.048,1.049,-0.033,-3.0499,6369098.0,668894.573,1.053,1.054,1.048,1.049
20231027,513100.SH,1.049,1.047,1.056,1.047,1.053,0.004,0.3813,5408932.0,569142.414,1.047,1.056,1.047,1.053
20231030,513100.SH,1.053,1.053,1.055,1.052,1.055,0.002,0.1899,2343590.0,246903.928,1.053,1.055,1.052,1.055
20231031,513100.SH,1.055,1.057,1.058,1.052,1.054,-0.001,-0.0948,2485814.0,262348.364,1.057,1.058,1.052,1.054
20231101,513100.SH,1.054,1.061,1.07,1.06,1.069,0.015,1.4231,5191302.0,553330.394,1.061,1.07,1.06,1.069
20231102,513100.SH,1.069,1.09,1.094,1.089,1.091,0.022,2.058,5078154.0,554284.496,1.09,1.094,1.089,1.091
20231103,513100.SH,1.091,1.102,1.102,1.098,1.099,0.008,0.7333,2423426.0,266646.78,1.102,1.102,1.098,1.099
20231106,513100.SH,1.099,1.11,1.112,1.11,1.111,0.012,1.0919,2938789.82,326474.591,1.11,1.112,1.11,1.111
20231107,513100.SH,1.111,1.112,1.113,1.109,1.11,-0.001,-0.09,3598517.89,399810.516,1.112,1.113,1.109,1.11
20231108,513100.SH,1.11,1.122,1.123,1.12,1.12,0.01,0.9009,2555679.54,286584.955,1.122,1.123,1.12,1.12
20231109,513100.SH,1.12,1.123,1.127,1.122,1.127,0.007,0.625,3077967.0,346183.536,1.123,1.127,1.122,1.127
20231110,513100.SH,1.127,1.117,1.117,1.115,1.116,-0.011,-0.976,2550397.94,284596.49,1.117,1.117,1.115,1.116
20231113,513100.SH,1.116,1.14,1.141,1.137,1.14,0.024,2.1505,3001230.0,341774.283,1.14,1.141,1.137,1.14
20231114,513100.SH,1.14,1.14,1.145,1.139,1.144,0.004,0.3509,3171770.28,362432.46,1.14,1.145,1.139,1.144
20231115,513100.SH,1.144,1.166,1.166,1.163,1.164,0.02,1.7483,4335176.0,504904.81,1.166,1.166,1.163,1.164
20231116,513100.SH,1.164,1.159,1.161,1.158,1.159,-0.005,-0.4296,2217156.57,257059.296,1.159,1.161,1.158,1.159
20231117,513100.SH,1.159,1.16,1.163,1.16,1.161,0.002,0.1726,2734724.0,317577.031,1.16,1.163,1.16,1.161
20231120,513100.SH,1.161,1.154,1.154,1.143,1.145,-0.016,-1.3781,4466986.0,512805.113,1.154,1.154,1.143,1.145
20231121,513100.SH,1.145,1.159,1.16,1.157,1.158,0.013,1.1354,2355814.49,272854.154,1.159,1.16,1.157,1.158
20231122,513100.SH,1.158,1.148,1.151,1.147,1.15,-0.008,-0.6908,2479522.7,284947.01,1.148,1.151,1.147,1.15
20231123,513100.SH,1.15,1.158,1.159,1.155,1.156,0.006,0.5217,1754960.31,203015.622,1.158,1.159,1.155,1.156
20231124,513100.SH,1.156,1.157,1.158,1.156,1.157,0.001,0.0865,1263720.9,146231.936,1.157,1.158,1.156,1.157
20231127,513100.SH,1.157,1.151,1.152,1.149,1.151,-0.006,-0.5186,1458504.0,167749.2,1.151,1.152,1.149,1.151
20231128,513100.SH,1.151,1.153,1.155,1.152,1.154,0.003,0.2606,1377782.51,158990.403,1.153,1.155,1.152,1.154
20231129,513100.SH,1.154,1.155,1.156,1.153,1.154,0.0,0.0,1667502.44,192513.606,1.155,1.156,1.153,1.154
20231130,513100.SH,1.154,1.156,1.156,1.153,1.153,-0.001,-0.0867,2918330.0,336873.559,1.156,1.156,1.153,1.153
20231201,513100.SH,1.153,1.148,1.15,1.146,1.148,-0.005,-0.4337,2449546.44,281214.515,1.148,1.15,1.146,1.148
20231204,513100.SH,1.148,1.148,1.15,1.148,1.15,0.002,0.1742,2292661.0,263443.151,1.148,1.15,1.148,1.15
20231205,513100.SH,1.15,1.141,1.142,1.136,1.137,-0.013,-1.1304,3087652.0,351767.285,1.141,1.142,1.136,1.137
20231206,513100.SH,1.137,1.152,1.154,1.151,1.153,0.016,1.4072,2683575.98,309251.792,1.152,1.154,1.151,1.153
20231207,513100.SH,1.153,1.143,1.144,1.14,1.14,-0.013,-1.1275,3498229.0,399429.039,1.143,1.144,1.14,1.14
20231208,513100.SH,1.14,1.156,1.157,1.154,1.157,0.017,1.4912,3312274.0,382881.582,1.156,1.157,1.154,1.157
20231211,513100.SH,1.157,1.164,1.167,1.163,1.164,0.007,0.605,3259040.7,379606.391,1.164,1.167,1.163,1.164
20231212,513100.SH,1.164,1.177,1.18,1.176,1.178,0.014,1.2027,3684374.62,434035.238,1.177,1.18,1.176,1.178
20231213,513100.SH,1.178,1.188,1.191,1.188,1.191,0.013,1.1036,4211971.24,501098.575,1.188,1.191,1.188,1.191
20231214,513100.SH,1.191,1.202,1.205,1.2,1.204,0.013,1.0915,5673080.48,682505.418,1.202,1.205,1.2,1.204
20231215,513100.SH,1.204,1.193,1.194,1.191,1.193,-0.011,-0.9136,2721837.0,324544.341,1.193,1.194,1.191,1.193
20231218,513100.SH,1.193,1.198,1.203,1.198,1.202,0.009,0.7544,4765967.0,572452.29,1.198,1.203,1.198,1.202
20231219,513100.SH,1.202,1.208,1.209,1.207,1.209,0.007,0.5824,3600805.82,435066.465,1.208,1.209,1.207,1.209
20231220,513100.SH,1.209,1.213,1.216,1.213,1.216,0.007,0.579,3665379.76,445003.675,1.213,1.216,1.213,1.216
20231221,513100.SH,1.216,1.2,1.201,1.197,1.2,-0.016,-1.3158,5585669.0,669791.816,1.2,1.201,1.197,1.2
20231222,513100.SH,1.2,1.206,1.208,1.204,1.206,0.006,0.5,4102954.0,494881.98,1.206,1.208,1.204,1.206
20231225,513100.SH,1.206,1.21,1.21,1.206,1.207,0.001,0.0829,3044729.0,367557.966,1.21,1.21,1.206,1.207
20231226,513100.SH,1.207,1.21,1.215,1.209,1.215,0.008,0.6628,4063960.0,492775.816,1.21,1.215,1.209,1.215
20231227,513100.SH,1.215,1.218,1.22,1.217,1.219,0.004,0.3292,2914397.0,355233.013,1.218,1.22,1.217,1.219
20231228,513100.SH,1.219,1.221,1.221,1.215,1.216,-0.003,-0.2461,3708308.6,451684.049,1.221,1.221,1.215,1.216
20231229,513100.SH,1.216,1.212,1.213,1.209,1.213,-0.003,-0.2467,2839054.78,343910.746,1.212,1.213,1.209,1.213
20240102,513100.SH,1.213,1.21,1.212,1.209,1.21,-0.003,-0.2473,3300847.96,399605.999,1.21,1.212,1.209,1.21
20240103,513100.SH,1.21,1.193,1.193,1.189,1.191,-0.019,-1.5702,6826747.76,813106.911,1.193,1.193,1.189,1.191
20240104,513100.SH,1.191,1.182,1.185,1.181,1.185,-0.006,-0.5038,4300041.53,508450.592,1.182,1.185,1.181,1.185
20240105,513100.SH,1.185,1.179,1.181,1.175,1.176,-0.009,-0.7595,4293443.0,506328.441,1.179,1.181,1.175,1.176
20240108,513100.SH,1.176,1.18,1.181,1.177,1.179,0.003,0.2551,2276687.02,268517.134,1.18,1.181,1.177,1.179
20240109,513100.SH,1.179,1.203,1.209,1.202,1.209,0.03,2.5445,8179118.0,986012.899,1.203,1.209,1.202,1.209
20240110,513100.SH,1.209,1.213,1.214,1.208,1.209,0.0,0.0,4627462.0,559959.006,1.213,1.214,1.208,1.209
20240111,513100.SH,1.209,1.221,1.224,1.22,1.223,0.014,1.158,4666587.34,570443.306,1.221,1.224,1.22,1.223
20240112,513100.SH,1.223,1.218,1.22,1.216,1.219,-0.004,-0.3271,3908189.42,475952.467,1.218,1.22,1.216,1.219
20240115,513100.SH,1.219,1.221,1.228,1.22,1.227,0.008,0.6563,4827580.99,590704.749,1.221,1.228,1.22,1.227
20240116,513100.SH,1.227,1.221,1.221,1.214,1.215,-0.012,-0.978,5276479.98,642495.849,1.221,1.221,1.214,1.215
20240117,513100.SH,1.215,1.224,1.224,1.213,1.214,-0.001,-0.0823,5665485.0,690424.567,1.224,1.224,1.213,1.214
20240118,513100.SH,1.214,1.215,1.218,1.214,1.217,0.003,0.2471,4341799.0,527906.49,1.215,1.218,1.214,1.217
20240119,513100.SH,1.217,1.237,1.242,1.237,1.242,0.025,2.0542,6832563.0,847405.418,1.237,1.242,1.237,1.242
20240122,513100.SH,1.242,1.269,1.283,1.269,1.28,0.038,3.0596,13817285.46,1761449.109,1.269,1.283,1.269,1.28
20240123,513100.SH,1.28,1.277,1.277,1.268,1.271,-0.009,-0.7031,6286920.82,799993.786,1.277,1.277,1.268,1.271
20240124,513100.SH,1.271,1.278,1.287,1.276,1.278,0.007,0.5507,8022387.02,1027956.798,1.278,1.287,1.276,1.278
20240125,513100.SH,1.278,1.276,1.277,1.269,1.271,-0.007,-0.5477,5871382.99,747494.223,1.276,1.277,1.269,1.271
20240126,513100.SH,1.271,1.262,1.265,1.255,1.261,-0.01,-0.7868,6370294.48,803115.362,1.262,1.265,1.255,1.261
20240129,513100.SH,1.261,1.261,1.274,1.261,1.272,0.011,0.8723,4283169.28,542552.974,1.261,1.274,1.261,1.272
20240130,513100.SH,1.272,1.286,1.296,1.283,1.292,0.02,1.5723,7115957.0,917408.956,1.286,1.296,1.283,1.292
20240131,513100.SH,1.292,1.268,1.273,1.263,1.264,-0.028,-2.1672,8575650.0,1087682.721,1.268,1.273,1.263,1.264
20240201,513100.SH,1.264,1.251,1.255,1.251,1.252,-0.012,-0.9494,3258445.0,408039.919,1.251,1.255,1.251,1.252
20240202,513100.SH,1.252,1.278,1.285,1.278,1.283,0.031,2.476,5837813.41,748757.799,1.278,1.285,1.278,1.283
20240205,513100.SH,1.283,1.295,1.296,1.286,1.289,0.006,0.4677,4404706.05,568337.188,1.295,1.296,1.286,1.289
20240206,513100.SH,1.289,1.289,1.291,1.286,1.291,0.002,0.1552,5412622.95,697623.439,1.289,1.291,1.286,1.291
20240207,513100.SH,1.291,1.286,1.288,1.278,1.279,-0.012,-0.9295,3640878.0,467258.174,1.286,1.288,1.278,1.279
20240208,513100.SH,1.279,1.298,1.31,1.296,1.308,0.029,2.2674,6107483.19,795636.085,1.298,1.31,1.296,1.308
20240219,513100.SH,1.308,1.296,1.303,1.292,1.301,-0.007,-0.5352,5867048.56,761279.749,1.296,1.303,1.292,1.301
20240220,513100.SH,1.301,1.298,1.301,1.292,1.299,-0.002,-0.1537,3527086.89,457049.807,1.298,1.301,1.292,1.299
20240221,513100.SH,1.299,1.285,1.286,1.281,1.282,-0.017,-1.3087,5362714.65,688278.128,1.285,1.286,1.281,1.282
20240222,513100.SH,1.282,1.301,1.304,1.296,1.304,0.022,1.7161,4970621.21,646178.243,1.301,1.304,1.296,1.304
20240223,513100.SH,1.304,1.322,1.325,1.319,1.321,0.017,1.3037,4908005.38,648578.473,1.322,1.325,1.319,1.321
20240226,513100.SH,1.321,1.311,1.313,1.308,1.308,-0.013,-0.9841,3393889.0,444587.26,1.311,1.313,1.308,1.308
20240227,513100.SH,1.308,1.308,1.311,1.303,1.306,-0.002,-0.1529,4585179.45,598982.715,1.308,1.311,1.303,1.306
20240228,513100.SH,1.306,1.309,1.31,1.306,1.309,0.003,0.2297,3494534.8,457204.401,1.309,1.31,1.306,1.309
20240229,513100.SH,1.309,1.301,1.302,1.298,1.3,-0.009,-0.6875,4391800.63,570874.233,1.301,1.302,1.298,1.3
20240301,513100.SH,1.3,1.314,1.322,1.312,1.321,0.021,1.6154,6860305.0,903859.342,1.314,1.322,1.312,1.321
20240304,513100.SH,1.321,1.337,1.34,1.336,1.339,0.018,1.3626,5223647.27,698788.627,1.337,1.34,1.336,1.339
20240305,513100.SH,1.339,1.326,1.331,1.326,1.329,-0.01,-0.7468,4792196.65,636335.72,1.326,1.331,1.326,1.329
20240306,513100.SH,1.329,1.313,1.325,1.31,1.324,-0.005,-0.3762,7312436.28,962632.964,1.313,1.325,1.31,1.324
20240307,513100.SH,1.324,1.321,1.323,1.314,1.315,-0.009,-0.6798,5368741.0,707757.378,1.321,1.323,1.314,1.315
20240308,513100.SH,1.315,1.337,1.34,1.336,1.337,0.022,1.673,4825517.55,645302.432,1.337,1.34,1.336,1.337
20240311,513100.SH,1.337,1.317,1.318,1.314,1.317,-0.02,-1.4959,5853438.45,770539.656,1.317,1.318,1.314,1.317
20240312,513100.SH,1.317,1.318,1.322,1.317,1.322,0.005,0.3797,4315324.69,569181.693,1.318,1.322,1.317,1.322
20240313,513100.SH,1.322,1.335,1.335,1.327,1.33,0.008,0.6051,6562259.0,873240.805,1.335,1.335,1.327,1.33
20240314,513100.SH,1.33,1.323,1.325,1.322,1.324,-0.006,-0.4511,3403403.28,450500.096,1.323,1.325,1.322,1.324
20240315,513100.SH,1.324,1.316,1.318,1.314,1.316,-0.008,-0.6042,3471311.28,456799.114,1.316,1.318,1.314,1.316
20240318,513100.SH,1.316,1.307,1.317,1.306,1.316,0.0,0.0,5874702.85,770031.584,1.307,1.317,1.306,1.316
20240319,513100.SH,1.316,1.311,1.312,1.308,1.309,-0.007,-0.5319,5682404.0,744246.103,1.311,1.312,1.308,1.309
20240320,513100.SH,1.309,1.315,1.316,1.314,1.314,0.005,0.382,3017900.0,396776.525,1.315,1.316,1.314,1.314
20240321,513100.SH,1.314,1.337,1.338,1.332,1.337,0.023,1.7504,6526559.7,871280.886,1.337,1.338,1.332,1.337
20240322,513100.SH,1.337,1.335,1.34,1.334,1.338,0.001,0.0748,6363019.88,850774.249,1.335,1.34,1.334,1.338
20240325,513100.SH,1.338,1.34,1.341,1.334,1.334,-0.004,-0.299,5365040.72,717310.195,1.34,1.341,1.334,1.334
20240326,513100.SH,1.334,1.334,1.342,1.334,1.341,0.007,0.5247,3530791.8,472245.675,1.334,1.342,1.334,1.341
20240327,513100.SH,1.341,1.335,1.342,1.335,1.342,0.001,0.0746,2764286.0,370066.268,1.335,1.342,1.335,1.342
20240328,513100.SH,1.342,1.343,1.343,1.338,1.339,-0.003,-0.2235,4491405.0,601758.039,1.343,1.343,1.338,1.339
20240329,513100.SH,1.339,1.338,1.338,1.335,1.337,-0.002,-0.1494,1438011.0,192180.365,1.338,1.338,1.335,1.337
20240401,513100.SH,1.337,1.346,1.348,1.342,1.344,0.007,0.5236,3814852.0,512680.95,1.346,1.348,1.342,1.344
20240402,513100.SH,1.344,1.337,1.341,1.336,1.34,-0.004,-0.2976,2915496.24,390391.243,1.337,1.341,1.336,1.34
20240403,513100.SH,1.34,1.327,1.331,1.326,1.327,-0.013,-0.9701,3587869.6,476768.472,1.327,1.331,1.326,1.327
20240408,513100.SH,1.327,1.327,1.331,1.326,1.326,-0.001,-0.0754,2667232.0,354154.76,1.327,1.331,1.326,1.326
20240409,513100.SH,1.326,1.327,1.329,1.325,1.328,0.002,0.1508,2404448.21,319058.574,1.327,1.329,1.325,1.328
20240410,513100.SH,1.328,1.331,1.333,1.33,1.333,0.005,0.3765,2169703.0,288967.12,1.331,1.333,1.33,1.333
20240411,513100.SH,1.333,1.321,1.323,1.32,1.321,-0.012,-0.9002,2761868.22,364927.643,1.321,1.323,1.32,1.321
20240412,513100.SH,1.321,1.342,1.343,1.339,1.341,0.02,1.514,4836535.8,648527.623,1.342,1.343,1.339,1.341
20240415,513100.SH,1.341,1.323,1.33,1.322,1.329,-0.012,-0.8949,4282976.0,567732.17,1.323,1.33,1.322,1.329
20240416,513100.SH,1.329,1.299,1.301,1.291,1.293,-0.036,-2.7088,7957617.93,1030676.823,1.299,1.301,1.291,1.293
20240417,513100.SH,1.293,1.297,1.301,1.29,1.292,-0.001,-0.0773,5052446.6,654780.023,1.297,1.301,1.29,1.292
20240418,513100.SH,1.292,1.281,1.289,1.28,1.289,-0.003,-0.2322,4235159.0,543948.439,1.281,1.289,1.28,1.289
20240419,513100.SH,1.289,1.264,1.266,1.251,1.264,-0.025,-1.9395,9855318.0,1239946.552,1.264,1.266,1.251,1.264
20240422,513100.SH,1.264,1.25,1.257,1.249,1.256,-0.008,-0.6329,4490022.0,562420.676,1.25,1.257,1.249,1.256
20240423,513100.SH,1.256,1.26,1.261,1.256,1.259,0.003,0.2389,5922012.0,745047.762,1.26,1.261,1.256,1.259
20240424,513100.SH,1.259,1.287,1.292,1.285,1.289,0.03,2.3828,4821768.9,621450.413,1.287,1.292,1.285,1.289
20240425,513100.SH,1.289,1.274,1.274,1.266,1.268,-0.021,-1.6292,4284890.0,544006.678,1.274,1.274,1.266,1.268
20240426,513100.SH,1.268,1.288,1.292,1.288,1.29,0.022,1.735,5009098.05,645980.511,1.288,1.292,1.288,1.29
20240429,513100.SH,1.29,1.301,1.302,1.297,1.298,0.008,0.6202,4268045.0,554423.946,1.301,1.302,1.297,1.298
20240430,513100.SH,1.298,1.297,1.301,1.297,1.299,0.001,0.077,3930133.68,510410.268,1.297,1.301,1.297,1.299
20240506,513100.SH,1.299,1.301,1.303,1.3,1.302,0.003,0.2309,3381645.0,440118.136,1.301,1.303,1.3,1.302
20240507,513100.SH,1.302,1.314,1.317,1.314,1.315,0.013,0.9985,2329613.1,306521.263,1.314,1.317,1.314,1.315
20240508,513100.SH,1.315,1.319,1.319,1.315,1.317,0.002,0.1521,2413999.1,317938.96,1.319,1.319,1.315,1.317
20240509,513100.SH,1.317,1.315,1.317,1.313,1.314,-0.003,-0.2278,3112273.0,409268.216,1.315,1.317,1.313,1.314
20240510,513100.SH,1.314,1.319,1.322,1.318,1.321,0.007,0.5327,2583982.0,340925.402,1.319,1.322,1.318,1.321
20240513,513100.SH,1.321,1.323,1.328,1.322,1.326,0.005,0.3785,2270005.0,300921.92,1.323,1.328,1.322,1.326
20240514,513100.SH,1.326,1.325,1.328,1.325,1.326,0.0,0.0,1774436.0,235260.758,1.325,1.328,1.325,1.326
20240515,513100.SH,1.326,1.336,1.338,1.334,1.335,0.009,0.6787,3109273.28,415412.728,1.336,1.338,1.334,1.335
20240516,513100.SH,1.335,1.356,1.359,1.356,1.358,0.023,1.7228,4524380.0,614044.858,1.356,1.359,1.356,1.358
20240517,513100.SH,1.358,1.355,1.356,1.354,1.355,-0.003,-0.2209,3435169.59,465506.383,1.355,1.356,1.354,1.355
20240520,513100.SH,1.355,1.357,1.358,1.356,1.357,0.002,0.1476,2646689.31,359142.42,1.357,1.358,1.356,1.357
20240521,513100.SH,1.357,1.365,1.366,1.363,1.364,0.007,0.5158,2989895.0,407850.667,1.365,1.366,1.363,1.364
20240522,513100.SH,1.364,1.369,1.37,1.368,1.369,0.005,0.3666,2932901.0,401619.288,1.369,1.37,1.368,1.369
20240523,513100.SH,1.369,1.375,1.382,1.374,1.381,0.012,0.8766,4115857.72,567612.592,1.375,1.382,1.374,1.381
20240524,513100.SH,1.381,1.364,1.365,1.357,1.358,-0.023,-1.6655,6821832.8,928595.408,1.364,1.365,1.357,1.358
20240527,513100.SH,1.358,1.371,1.375,1.37,1.374,0.016,1.1782,3802884.0,522033.327,1.371,1.375,1.37,1.374
20240528,513100.SH,1.374,1.377,1.381,1.376,1.38,0.006,0.4367,2590900.0,357275.211,1.377,1.381,1.376,1.38
20240529,513100.SH,1.38,1.38,1.381,1.373,1.374,-0.006,-0.4348,3866418.0,532223.326,1.38,1.381,1.373,1.374
20240530,513100.SH,1.374,1.364,1.365,1.359,1.359,-0.015,-1.0917,3415735.81,465068.045,1.364,1.365,1.359,1.359
20240531,513100.SH,1.359,1.348,1.353,1.347,1.353,-0.006,-0.4415,4125821.0,557152.711,1.348,1.353,1.347,1.353
20240603,513100.SH,1.353,1.359,1.361,1.356,1.359,0.006,0.4435,5539542.0,752798.428,1.359,1.361,1.356,1.359
20240604,513100.SH,1.359,1.359,1.36,1.355,1.355,-0.004,-0.2943,2387519.0,324230.62,1.359,1.36,1.355,1.355
20240605,513100.SH,1.355,1.364,1.368,1.362,1.366,0.011,0.8118,3204431.0,437680.268,1.364,1.368,1.362,1.366
20240606,513100.SH,1.366,1.393,1.394,1.391,1.393,0.027,1.9766,4707903.0,655883.712,1.393,1.394,1.391,1.393
20240607,513100.SH,1.393,1.392,1.395,1.392,1.394,0.001,0.0718,2285490.6,318464.679,1.392,1.395,1.392,1.394
20240611,513100.SH,1.394,1.396,1.397,1.395,1.395,0.001,0.0717,3013059.0,420629.11,1.396,1.397,1.395,1.395
20240612,513100.SH,1.395,1.408,1.409,1.407,1.408,0.013,0.9319,3185155.0,448441.885,1.408,1.409,1.407,1.408
20240613,513100.SH,1.408,1.434,1.436,1.431,1.436,0.028,1.9886,4758423.0,682101.579,1.434,1.436,1.431,1.436
20240614,513100.SH,1.436,1.434,1.437,1.434,1.435,-0.001,-0.0696,3850720.72,552649.176,1.434,1.437,1.434,1.435
20240617,513100.SH,1.435,1.439,1.442,1.439,1.441,0.006,0.4181,3897700.0,561664.88,1.439,1.442,1.439,1.441
20240618,513100.SH,1.441,1.457,1.461,1.457,1.46,0.019,1.3185,5990196.0,873510.997,1.457,1.461,1.457,1.46
20240619,513100.SH,1.46,1.461,1.464,1.46,1.462,0.002,0.137,4455117.0,651234.413,1.461,1.464,1.46,1.462
20240620,513100.SH,1.462,1.465,1.473,1.464,1.472,0.01,0.684,6182476.8,908068.89,1.465,1.473,1.464,1.472
20240621,513100.SH,1.472,1.453,1.453,1.448,1.45,-0.022,-1.4946,6375733.0,924377.905,1.453,1.453,1.448,1.45
20240624,513100.SH,1.45,1.443,1.446,1.441,1.444,-0.006,-0.4138,3915295.0,565095.509,1.443,1.446,1.441,1.444
20240625,513100.SH,1.444,1.426,1.431,1.426,1.429,-0.015,-1.0388,5803748.0,829151.771,1.426,1.431,1.426,1.429
20240626,513100.SH,1.429,1.447,1.457,1.447,1.456,0.027,1.8894,6679220.0,968954.961,1.447,1.457,1.447,1.456
20240627,513100.SH,1.456,1.45,1.456,1.449,1.455,-0.001,-0.0687,4381676.0,637021.629,1.45,1.456,1.449,1.455
20240628,513100.SH,1.455,1.466,1.479,1.466,1.475,0.02,1.3746,6991521.74,1029961.319,1.466,1.479,1.466,1.475
20240701,513100.SH,1.475,1.467,1.475,1.463,1.473,-0.002,-0.1356,7471122.0,1097782.092,1.467,1.475,1.463,1.473
20240702,513100.SH,1.473,1.482,1.485,1.471,1.474,0.001,0.0679,8252473.0,1219582.651,1.482,1.485,1.471,1.474
20240703,513100.SH,1.474,1.496,1.504,1.491,1.501,0.027,1.8318,8460286.72,1268117.887,1.496,1.504,1.491,1.501
20240704,513100.SH,1.501,1.52,1.54,1.5,1.51,0.009,0.5996,11568361.0,1763045.031,1.52,1.54,1.5,1.51
20240705,513100.SH,1.51,1.512,1.534,1.512,1.529,0.019,1.2583,7541037.0,1147229.187,1.512,1.534,1.512,1.529
20240708,513100.SH,1.529,1.547,1.557,1.537,1.552,0.023,1.5043,5504556.0,850396.041,1.547,1.557,1.537,1.552
20240709,513100.SH,1.552,1.559,1.572,1.558,1.568,0.016,1.0309,7655477.0,1198427.326,1.559,1.572,1.558,1.568
20240710,513100.SH,1.568,1.57,1.571,1.542,1.548,-0.02,-1.2755,9578113.0,1486253.452,1.57,1.571,1.542,1.548
20240711,513100.SH,1.548,1.568,1.57,1.551,1.555,0.007,0.4522,7903376.0,1230531.821,1.568,1.57,1.551,1.555
20240712,513100.SH,1.555,1.505,1.509,1.491,1.492,-0.063,-4.0514,10425685.99,1561380.342,1.505,1.509,1.491,1.492
20240715,513100.SH,1.492,1.505,1.541,1.505,1.539,0.047,3.1501,9082237.0,1384355.021,1.505,1.541,1.505,1.539
20240716,513100.SH,1.539,1.544,1.558,1.534,1.536,-0.003,-0.1949,6887308.72,1064050.03,1.544,1.558,1.534,1.536
20240717,513100.SH,1.536,1.534,1.534,1.513,1.522,-0.014,-0.9115,5042145.72,768286.837,1.534,1.534,1.513,1.522
20240718,513100.SH,1.522,1.466,1.497,1.464,1.495,-0.027,-1.774,8536640.94,1262599.319,1.466,1.497,1.464,1.495
20240719,513100.SH,1.495,1.477,1.483,1.47,1.471,-0.024,-1.6054,4990799.2,736918.893,1.477,1.483,1.47,1.471
20240722,513100.SH,1.471,1.46,1.466,1.449,1.463,-0.008,-0.5438,7356904.0,1071024.598,1.46,1.466,1.449,1.463
20240723,513100.SH,1.463,1.483,1.488,1.469,1.477,0.014,0.9569,5567611.0,823639.124,1.483,1.488,1.469,1.477
20240724,513100.SH,1.477,1.465,1.471,1.447,1.448,-0.029,-1.9634,6620587.91,964919.804,1.465,1.471,1.447,1.448
20240725,513100.SH,1.448,1.41,1.414,1.398,1.407,-0.041,-2.8315,10327303.35,1453392.518,1.41,1.414,1.398,1.407
20240726,513100.SH,1.407,1.396,1.411,1.396,1.409,0.002,0.1421,7924867.15,1111923.067,1.396,1.411,1.396,1.409
20240729,513100.SH,1.409,1.428,1.438,1.422,1.437,0.028,1.9872,7251557.0,1035826.213,1.428,1.438,1.422,1.437
20240730,513100.SH,1.437,1.422,1.426,1.411,1.42,-0.017,-1.183,7478707.85,1060686.024,1.422,1.426,1.411,1.42
20240731,513100.SH,1.42,1.412,1.432,1.409,1.429,0.009,0.6338,6076252.62,862712.907,1.412,1.432,1.409,1.429
20240801,513100.SH,1.429,1.463,1.472,1.462,1.463,0.034,2.3793,6758593.0,990907.955,1.463,1.472,1.462,1.463
20240802,513100.SH,1.463,1.411,1.429,1.388,1.396,-0.067,-4.5796,10584025.0,1491470.874,1.411,1.429,1.388,1.396
20240805,513100.SH,1.396,1.33,1.339,1.262,1.287,-0.109,-7.808,21872905.97,2853557.071,1.33,1.339,1.262,1.287
20240806,513100.SH,1.287,1.335,1.342,1.324,1.332,0.045,3.4965,13465695.0,1797753.586,1.335,1.342,1.324,1.332
20240807,513100.SH,1.332,1.332,1.35,1.33,1.334,0.002,0.1502,9937122.87,1332653.6,1.332,1.35,1.33,1.334
20240808,513100.SH,1.334,1.312,1.319,1.305,1.314,-0.02,-1.4993,9255085.55,1214313.735,1.312,1.319,1.305,1.314
20240809,513100.SH,1.314,1.355,1.355,1.341,1.35,0.036,2.7397,5762414.48,778137.099,1.355,1.355,1.341,1.35
20240812,513100.SH,1.35,1.355,1.366,1.353,1.365,0.015,1.1111,4464929.41,607200.654,1.355,1.366,1.353,1.365
20240813,513100.SH,1.365,1.368,1.381,1.367,1.379,0.014,1.0256,3872637.0,531395.996,1.368,1.381,1.367,1.379
20240814,513100.SH,1.379,1.412,1.419,1.404,1.413,0.034,2.4656,7165264.69,1011927.916,1.412,1.419,1.404,1.413
20240815,513100.SH,1.413,1.417,1.425,1.414,1.422,0.009,0.6369,5723533.0,813304.921,1.417,1.425,1.414,1.422
20240816,513100.SH,1.422,1.462,1.472,1.457,1.469,0.047,3.3052,8191910.87,1199835.449,1.462,1.472,1.457,1.469
20240819,513100.SH,1.469,1.47,1.47,1.44,1.442,-0.027,-1.838,7309864.81,1062345.882,1.47,1.47,1.44,1.442
20240820,513100.SH,1.442,1.468,1.471,1.464,1.468,0.026,1.8031,5473463.57,803034.72,1.468,1.471,1.464,1.468
20240821,513100.SH,1.468,1.462,1.47,1.455,1.469,0.001,0.0681,3427927.0,501187.674,1.462,1.47,1.455,1.469
20240822,513100.SH,1.469,1.477,1.483,1.466,1.471,0.002,0.1361,5684278.0,837091.535,1.477,1.483,1.466,1.471
20240823,513100.SH,1.471,1.449,1.459,1.447,1.457,-0.014,-0.9517,5576588.0,809863.436,1.449,1.459,1.447,1.457
20240826,513100.SH,1.457,1.47,1.47,1.46,1.46,0.003,0.2059,3750932.0,549032.764,1.47,1.47,1.46,1.46
20240827,513100.SH,1.46,1.447,1.449,1.44,1.442,-0.018,-1.2329,4243092.26,612541.668,1.447,1.449,1.44,1.442
20240828,513100.SH,1.442,1.441,1.446,1.438,1.442,0.0,0.0,5272790.99,760050.936,1.441,1.446,1.438,1.442
20240829,513100.SH,1.442,1.41,1.414,1.405,1.407,-0.035,-2.4272,7229985.83,1018532.943,1.41,1.414,1.405,1.407
20240830,513100.SH,1.407,1.413,1.418,1.41,1.417,0.01,0.7107,4883032.0,690199.689,1.413,1.418,1.41,1.417
20240902,513100.SH,1.417,1.429,1.43,1.427,1.429,0.012,0.8469,3620174.0,517278.745,1.429,1.43,1.427,1.429
20240903,513100.SH,1.429,1.431,1.436,1.429,1.431,0.002,0.14,2875213.0,411923.85,1.431,1.436,1.429,1.431
20240904,513100.SH,1.431,1.374,1.377,1.354,1.356,-0.075,-5.2411,11460186.0,1567023.375,1.374,1.377,1.354,1.356
20240905,513100.SH,1.356,1.366,1.369,1.358,1.36,0.004,0.295,4180782.02,570247.808,1.366,1.369,1.358,1.36
20240906,513100.SH,1.36,1.351,1.384,1.351,1.372,0.012,0.8824,8334623.0,1141811.906,1.351,1.384,1.351,1.372
20240909,513100.SH,1.372,1.349,1.366,1.343,1.364,-0.008,-0.5831,5481686.0,741657.926,1.349,1.366,1.343,1.364
20240910,513100.SH,1.364,1.375,1.377,1.367,1.368,0.004,0.2933,4460372.4,612238.602,1.375,1.377,1.367,1.368
20240911,513100.SH,1.368,1.381,1.382,1.369,1.377,0.009,0.6579,4461679.25,613644.268,1.381,1.382,1.369,1.377
20240912,513100.SH,1.377,1.414,1.423,1.412,1.421,0.044,3.1954,6535593.75,925906.001,1.414,1.423,1.412,1.421
20240913,513100.SH,1.421,1.432,1.437,1.429,1.435,0.014,0.9852,4521259.0,647791.882,1.432,1.437,1.429,1.435
20240918,513100.SH,1.435,1.433,1.433,1.423,1.424,-0.011,-0.7666,4613494.0,658429.018,1.433,1.433,1.423,1.424
20240919,513100.SH,1.424,1.429,1.441,1.427,1.44,0.016,1.1236,5011833.0,718034.473,1.429,1.441,1.427,1.44
20240920,513100.SH,1.44,1.456,1.457,1.442,1.443,0.003,0.2083,4459152.0,646890.663,1.456,1.457,1.442,1.443
20240923,513100.SH,1.443,1.45,1.457,1.448,1.449,0.006,0.4158,3180356.0,461559.666,1.45,1.457,1.448,1.449
20240924,513100.SH,1.449,1.45,1.45,1.429,1.441,-0.008,-0.5521,5290076.5,760945.961,1.45,1.45,1.429,1.441
20240925,513100.SH,1.441,1.431,1.437,1.426,1.43,-0.011,-0.7634,4796093.0,686141.282,1.431,1.437,1.426,1.43
20240926,513100.SH,1.43,1.445,1.448,1.438,1.445,0.015,1.049,5563663.0,802490.965,1.445,1.448,1.438,1.445
20240927,513100.SH,1.445,1.426,1.431,1.41,1.414,-0.031,-2.1453,4950595.0,704246.568,1.426,1.431,1.41,1.414
20240930,513100.SH,1.414,1.401,1.414,1.389,1.409,-0.005,-0.3536,15949409.44,2242037.868,1.401,1.414,1.389,1.409
20241008,513100.SH,1.409,1.39,1.41,1.382,1.403,-0.006,-0.4258,10214800.0,1428519.78,1.39,1.41,1.382,1.403
20241009,513100.SH,1.403,1.43,1.432,1.42,1.427,0.024,1.7106,7755421.51,1106940.571,1.43,1.432,1.42,1.427
20241010,513100.SH,1.427,1.439,1.446,1.436,1.443,0.016,1.1212,7339617.99,1058464.102,1.439,1.446,1.436,1.443
20241011,513100.SH,1.443,1.445,1.447,1.442,1.445,0.002,0.1386,5492464.0,793335.929,1.445,1.447,1.442,1.445
20241014,513100.SH,1.445,1.447,1.447,1.443,1.446,0.001,0.0692,3859523.0,557548.997,1.447,1.447,1.443,1.446
20241015,513100.SH,1.446,1.46,1.477,1.459,1.476,0.03,2.0747,5919009.0,870387.399,1.46,1.477,1.459,1.476
20241016,513100.SH,1.476,1.455,1.465,1.453,1.459,-0.017,-1.1518,5634182.0,821853.628,1.455,1.465,1.453,1.459
20241017,513100.SH,1.459,1.457,1.47,1.453,1.468,0.009,0.6169,5246583.97,765805.597,1.457,1.47,1.453,1.468
20241018,513100.SH,1.468,1.461,1.464,1.453,1.459,-0.009,-0.6131,6792833.98,991092.992,1.461,1.464,1.453,1.459
20241021,513100.SH,1.459,1.464,1.465,1.459,1.461,0.002,0.1371,5453125.0,797425.128,1.464,1.465,1.459,1.461
20241022,513100.SH,1.461,1.464,1.464,1.458,1.459,-0.002,-0.1369,3504874.43,512050.57,1.464,1.464,1.458,1.459
20241023,513100.SH,1.459,1.465,1.466,1.463,1.465,0.006,0.4112,3850056.35,563887.086,1.465,1.466,1.463,1.465
20241024,513100.SH,1.465,1.452,1.453,1.447,1.449,-0.016,-1.0922,4682622.27,678552.263,1.452,1.453,1.447,1.449
20241025,513100.SH,1.449,1.456,1.457,1.453,1.455,0.006,0.4141,2844981.04,414031.455,1.456,1.457,1.453,1.455
20241028,513100.SH,1.455,1.473,1.475,1.471,1.473,0.018,1.2371,4824185.0,710771.996,1.473,1.475,1.471,1.473
20241029,513100.SH,1.473,1.466,1.472,1.464,1.47,-0.003,-0.2037,3638155.0,533894.573,1.466,1.472,1.464,1.47
20241030,513100.SH,1.47,1.485,1.488,1.481,1.484,0.014,0.9524,5991424.0,889568.947,1.485,1.488,1.481,1.484
20241031,513100.SH,1.484,1.463,1.467,1.457,1.459,-0.025,-1.6846,5439566.01,795604.295,1.463,1.467,1.457,1.459
20241101,513100.SH,1.459,1.433,1.444,1.433,1.442,-0.017,-1.1652,4854351.73,698786.312,1.433,1.444,1.433,1.442
20241104,513100.SH,1.442,1.441,1.449,1.441,1.443,0.001,0.0693,4236791.0,611778.158,1.441,1.449,1.441,1.443
20241105,513100.SH,1.443,1.435,1.439,1.433,1.438,-0.005,-0.3465,3872367.0,556210.662,1.435,1.439,1.433,1.438
20241106,513100.SH,1.438,1.463,1.49,1.457,1.489,0.051,3.5466,14086456.0,2077444.802,1.463,1.49,1.457,1.489
20241107,513100.SH,1.489,1.515,1.522,1.51,1.512,0.023,1.5447,11505146.91,1742505.984,1.515,1.522,1.51,1.512
20241108,513100.SH,1.512,1.525,1.526,1.52,1.525,0.013,0.8598,6215732.0,946726.694,1.525,1.526,1.52,1.525
20241111,513100.SH,1.525,1.53,1.535,1.529,1.534,0.009,0.5902,4552322.0,697591.571,1.53,1.535,1.529,1.534
20241112,513100.SH,1.534,1.535,1.538,1.534,1.536,0.002,0.1304,6713765.0,1031303.307,1.535,1.538,1.534,1.536
20241113,513100.SH,1.536,1.53,1.53,1.525,1.527,-0.009,-0.5859,5346542.0,816627.578,1.53,1.53,1.525,1.527
20241114,513100.SH,1.527,1.528,1.531,1.527,1.529,0.002,0.131,4503562.34,688877.445,1.528,1.531,1.527,1.529
20241115,513100.SH,1.529,1.514,1.515,1.507,1.51,-0.019,-1.2426,5082268.0,768560.09,1.514,1.515,1.507,1.51
20241118,513100.SH,1.51,1.491,1.499,1.49,1.499,-0.011,-0.7285,5856469.0,875864.387,1.491,1.499,1.49,1.499
20241119,513100.SH,1.499,1.496,1.505,1.494,1.504,0.005,0.3336,5401459.0,810715.565,1.496,1.505,1.494,1.504
20241120,513100.SH,1.504,1.517,1.521,1.516,1.521,0.017,1.1303,4893660.0,742917.702,1.517,1.521,1.516,1.521
20241121,513100.SH,1.521,1.51,1.512,1.508,1.51,-0.011,-0.7232,4692372.0,708466.317,1.51,1.512,1.508,1.51
20241122,513100.SH,1.51,1.519,1.522,1.517,1.521,0.011,0.7285,4207896.0,639541.43,1.519,1.522,1.517,1.521
20241125,513100.SH,1.521,1.533,1.537,1.532,1.536,0.015,0.9862,5325242.0,817357.206,1.533,1.537,1.532,1.536
20241126,513100.SH,1.536,1.529,1.537,1.526,1.536,0.0,0.0,3317737.0,508026.515,1.529,1.537,1.526,1.536
20241127,513100.SH,1.536,1.542,1.548,1.539,1.54,0.004,0.2604,6027736.0,930677.242,1.542,1.548,1.539,1.54
20241128,513100.SH,1.54,1.53,1.534,1.529,1.531,-0.009,-0.5844,3066714.0,469474.627,1.53,1.534,1.529,1.531
20241129,513100.SH,1.531,1.53,1.534,1.529,1.532,0.001,0.0653,3016335.0,461982.24,1.53,1.534,1.529,1.532
20241202,513100.SH,1.532,1.54,1.542,1.537,1.54,0.008,0.5222,2529456.05,389465.167,1.54,1.542,1.537,1.54
20241203,513100.SH,1.54,1.559,1.568,1.559,1.568,0.028,1.8182,4844225.0,757839.713,1.559,1.568,1.559,1.568
20241204,513100.SH,1.568,1.576,1.578,1.572,1.575,0.007,0.4464,4457209.0,702273.612,1.576,1.578,1.572,1.575
20241205,513100.SH,1.575,1.59,1.593,1.587,1.589,0.014,0.8889,4311263.0,685444.545,1.59,1.593,1.587,1.589
20241206,513100.SH,1.589,1.581,1.585,1.58,1.584,-0.005,-0.3147,3132982.0,495743.515,1.581,1.585,1.58,1.584
20241209,513100.SH,1.584,1.599,1.611,1.597,1.61,0.026,1.6414,5577090.0,895434.989,1.599,1.611,1.597,1.61
20241210,513100.SH,1.61,1.586,1.598,1.584,1.597,-0.013,-0.8075,6603608.86,1051004.096,1.586,1.598,1.584,1.597
20241211,513100.SH,1.597,1.593,1.597,1.591,1.593,-0.004,-0.2505,4226132.68,673754.807,1.593,1.597,1.591,1.593
20241212,513100.SH,1.593,1.621,1.622,1.614,1.617,0.024,1.5066,5854418.53,946682.155,1.621,1.622,1.614,1.617
20241213,513100.SH,1.617,1.616,1.63,1.614,1.629,0.012,0.7421,5369466.0,869640.509,1.616,1.63,1.614,1.629
20241216,513100.SH,1.629,1.631,1.65,1.63,1.649,0.02,1.2277,6114484.0,1003760.742,1.631,1.65,1.63,1.649
20241217,513100.SH,1.649,1.676,1.682,1.661,1.663,0.014,0.849,9914977.0,1657751.841,1.676,1.682,1.661,1.663
20241218,513100.SH,1.663,1.658,1.675,1.657,1.674,0.011,0.6615,6348117.99,1057006.03,1.658,1.675,1.657,1.674
20241219,513100.SH,1.674,1.617,1.64,1.617,1.63,-0.044,-2.6284,9581644.0,1558778.631,1.617,1.64,1.617,1.63
20241220,513100.SH,1.63,1.62,1.623,1.591,1.597,-0.033,-2.0245,8662102.25,1389108.651,1.62,1.623,1.591,1.597
20241223,513100.SH,1.597,1.626,1.653,1.622,1.652,0.055,3.444,7324889.17,1200022.188,1.626,1.653,1.622,1.652
20241224,513100.SH,1.652,1.673,1.675,1.63,1.648,-0.004,-0.2421,9125139.3,1510353.868,1.673,1.675,1.63,1.648
20241225,513100.SH,1.648,1.667,1.671,1.656,1.667,0.019,1.1529,7482987.68,1244871.688,1.667,1.671,1.656,1.667
20241226,513100.SH,1.667,1.669,1.676,1.663,1.674,0.007,0.4199,5554893.5,928055.616,1.669,1.676,1.663,1.674
20241227,513100.SH,1.674,1.664,1.667,1.66,1.662,-0.012,-0.7168,3902614.09,648938.992,1.664,1.667,1.66,1.662
20241230,513100.SH,1.662,1.634,1.651,1.632,1.639,-0.023,-1.3839,5859797.64,961433.051,1.634,1.651,1.632,1.639
20241231,513100.SH,1.639,1.625,1.637,1.62,1.629,-0.01,-0.6101,6244733.0,1017720.782,1.625,1.637,1.62,1.629
20250102,513100.SH,1.629,1.625,1.645,1.622,1.643,0.014,0.8594,6565221.0,1073799.052,1.625,1.645,1.622,1.643
20250103,513100.SH,1.643,1.639,1.646,1.631,1.633,-0.01,-0.6086,6468813.78,1058693.329,1.639,1.646,1.631,1.633
20250106,513100.SH,1.633,1.66,1.669,1.65,1.669,0.036,2.2045,9192815.6,1526053.988,1.66,1.669,1.65,1.669
20250107,513100.SH,1.669,1.687,1.689,1.651,1.659,-0.01,-0.5992,11301335.9,1895120.724,1.687,1.689,1.651,1.659
20250108,513100.SH,1.659,1.632,1.649,1.631,1.642,-0.017,-1.0247,7242672.92,1188142.174,1.632,1.649,1.631,1.642
20250109,513100.SH,1.642,1.64,1.64,1.635,1.636,-0.006,-0.3654,3136397.0,513348.658,1.64,1.64,1.635,1.636
20250110,513100.SH,1.636,1.628,1.648,1.628,1.63,-0.006,-0.3667,5375986.84,880152.322,1.628,1.648,1.628,1.63
20250113,513100.SH,1.63,1.613,1.614,1.588,1.592,-0.038,-2.3313,6060736.0,970168.673,1.613,1.614,1.588,1.592
20250114,513100.SH,1.592,1.609,1.613,1.599,1.611,0.019,1.1935,8129753.0,1304729.516,1.609,1.613,1.599,1.611
20250115,513100.SH,1.611,1.603,1.607,1.599,1.601,-0.01,-0.6207,2939770.0,471020.984,1.603,1.607,1.599,1.601
20250116,513100.SH,1.601,1.64,1.643,1.628,1.637,0.036,2.2486,5686603.0,929006.589,1.64,1.643,1.628,1.637
20250117,513100.SH,1.637,1.622,1.631,1.619,1.63,-0.007,-0.4276,4372705.0,710780.733,1.622,1.631,1.619,1.63
20250120,513100.SH,1.63,1.644,1.648,1.639,1.646,0.016,0.9816,5111773.16,840066.955,1.644,1.648,1.639,1.646
20250121,513100.SH,1.646,1.641,1.65,1.638,1.647,0.001,0.0608,5023735.0,826503.64,1.641,1.65,1.638,1.647
20250122,513100.SH,1.647,1.656,1.66,1.653,1.657,0.01,0.6072,5194655.0,860793.938,1.656,1.66,1.653,1.657
20250123,513100.SH,1.657,1.663,1.666,1.642,1.643,-0.014,-0.8449,5990583.0,992590.95,1.663,1.666,1.642,1.643
20250124,513100.SH,1.643,1.65,1.655,1.639,1.644,0.001,0.0609,4641673.8,764627.556,1.65,1.655,1.639,1.644
20250127,513100.SH,1.644,1.612,1.621,1.61,1.615,-0.029,-1.764,5114999.0,825592.977,1.612,1.621,1.61,1.615
20250205,513100.SH,1.615,1.617,1.622,1.611,1.612,-0.003,-0.1858,3743460.0,605623.792,1.617,1.622,1.611,1.612
20250206,513100.SH,1.612,1.625,1.627,1.618,1.627,0.015,0.9305,4908545.7,796149.13,1.625,1.627,1.618,1.627
20250207,513100.SH,1.627,1.628,1.63,1.615,1.623,-0.004,-0.2459,6384732.84,1035946.121,1.628,1.63,1.615,1.623
20250210,513100.SH,1.623,1.611,1.612,1.602,1.606,-0.017,-1.0474,6552023.0,1051699.011,1.611,1.612,1.602,1.606
20250211,513100.SH,1.606,1.612,1.614,1.607,1.607,0.001,0.0623,3947833.0,635608.09,1.612,1.614,1.607,1.607
20250212,513100.SH,1.607,1.609,1.61,1.603,1.609,0.002,0.1245,2768621.0,444839.851,1.609,1.61,1.603,1.609
20250213,513100.SH,1.609,1.613,1.619,1.611,1.618,0.009,0.5594,3079401.0,496805.634,1.613,1.619,1.611,1.618
20250214,513100.SH,1.618,1.629,1.631,1.625,1.629,0.011,0.6799,4326552.68,704742.254,1.629,1.631,1.625,1.629
20250217,513100.SH,1.629,1.629,1.632,1.624,1.63,0.001,0.0614,3786691.0,616381.396,1.629,1.632,1.624,1.63
20250218,513100.SH,1.63,1.629,1.643,1.628,1.643,0.013,0.7975,4147463.0,677736.026,1.629,1.643,1.628,1.643
20250219,513100.SH,1.643,1.639,1.639,1.633,1.636,-0.007,-0.426,4257912.0,696400.934,1.639,1.639,1.633,1.636
20250220,513100.SH,1.636,1.63,1.63,1.621,1.622,-0.014,-0.8557,3142343.0,510769.863,1.63,1.63,1.621,1.622
20250221,513100.SH,1.622,1.616,1.618,1.607,1.611,-0.011,-0.6782,5332985.0,859547.131,1.616,1.618,1.607,1.611
20250224,513100.SH,1.611,1.581,1.592,1.579,1.59,-0.021,-1.3035,5135584.0,813957.993,1.581,1.592,1.579,1.59
20250225,513100.SH,1.59,1.568,1.571,1.563,1.565,-0.025,-1.5723,3975460.0,622802.938,1.568,1.571,1.563,1.565
20250226,513100.SH,1.565,1.555,1.563,1.548,1.561,-0.004,-0.2556,4841151.38,753110.166,1.555,1.563,1.548,1.561
20250227,513100.SH,1.561,1.553,1.573,1.551,1.571,0.01,0.6406,4826473.0,753189.564,1.553,1.573,1.551,1.571
20250228,513100.SH,1.571,1.53,1.531,1.51,1.511,-0.06,-3.8192,9862761.0,1497271.535,1.53,1.531,1.51,1.511
20250303,513100.SH,1.511,1.528,1.544,1.527,1.542,0.031,2.0516,6507859.02,998516.714,1.528,1.544,1.527,1.542
20250304,513100.SH,1.542,1.505,1.516,1.499,1.515,-0.027,-1.751,6970735.45,1050011.766,1.505,1.516,1.499,1.515
20250305,513100.SH,1.515,1.515,1.551,1.509,1.533,0.018,1.1881,11155064.82,1703965.426,1.515,1.551,1.509,1.533
20250306,513100.SH,1.533,1.536,1.542,1.534,1.534,0.001,0.0652,4546481.0,699104.572,1.536,1.542,1.534,1.534
20250307,513100.SH,1.534,1.505,1.509,1.498,1.5,-0.034,-2.2164,5312244.0,798677.872,1.505,1.509,1.498,1.5
20250310,513100.SH,1.5,1.498,1.503,1.494,1.496,-0.004,-0.2667,3548577.03,531596.757,1.498,1.503,1.494,1.496
20250311,513100.SH,1.496,1.429,1.431,1.369,1.428,-0.068,-4.5455,20612574.8,2917437.259,1.429,1.431,1.369,1.428
20250312,513100.SH,1.428,1.425,1.437,1.422,1.432,0.004,0.2801,9081387.0,1298969.399,1.425,1.437,1.422,1.432
20250313,513100.SH,1.432,1.444,1.445,1.419,1.424,-0.008,-0.5587,9842656.05,1408128.82,1.444,1.445,1.419,1.424
20250314,513100.SH,1.424,1.419,1.45,1.417,1.438,0.014,0.9831,12102000.66,1733721.36,1.419,1.45,1.417,1.438
20250317,513100.SH,1.438,1.452,1.454,1.442,1.443,0.005,0.3477,3497389.05,506484.321,1.452,1.454,1.442,1.443
20250318,513100.SH,1.443,1.451,1.457,1.448,1.455,0.012,0.8316,4259647.12,618439.805,1.451,1.457,1.448,1.455
20250319,513100.SH,1.455,1.442,1.448,1.441,1.443,-0.012,-0.8247,3987369.0,575795.787,1.442,1.448,1.441,1.443
20250320,513100.SH,1.443,1.461,1.48,1.458,1.475,0.032,2.2176,8705116.0,1280870.151,1.461,1.48,1.458,1.475
20250321,513100.SH,1.475,1.47,1.473,1.463,1.468,-0.007,-0.4746,3238722.32,475567.813,1.47,1.473,1.463,1.468
20250324,513100.SH,1.468,1.485,1.499,1.483,1.498,0.03,2.0436,6560393.0,980398.478,1.485,1.499,1.483,1.498
20250325,513100.SH,1.498,1.524,1.528,1.504,1.513,0.015,1.0013,5675300.07,860844.403,1.524,1.528,1.504,1.513
20250326,513100.SH,1.513,1.522,1.522,1.507,1.508,-0.005,-0.3305,3933240.0,594966.532,1.522,1.522,1.507,1.508
20250327,513100.SH,1.508,1.478,1.492,1.478,1.482,-0.026,-1.7241,5202629.0,772341.094,1.478,1.492,1.478,1.482
20250328,513100.SH,1.482,1.477,1.479,1.472,1.475,-0.007,-0.4723,2757518.0,406879.271,1.477,1.479,1.472,1.475
20250331,513100.SH,1.475,1.428,1.431,1.4,1.411,-0.064,-4.339,9261749.01,1311109.967,1.428,1.431,1.4,1.411
20250401,513100.SH,1.411,1.42,1.437,1.42,1.436,0.025,1.7718,4981497.0,711853.71,1.42,1.437,1.42,1.436
20250402,513100.SH,1.436,1.442,1.449,1.439,1.442,0.006,0.4178,3418509.0,493495.633,1.442,1.449,1.439,1.442
20250403,513100.SH,1.442,1.409,1.427,1.407,1.413,-0.029,-2.0111,5907465.0,835938.501,1.409,1.427,1.407,1.413
20250407,513100.SH,1.413,1.272,1.272,1.272,1.272,-0.141,-9.9788,3728587.0,474276.266,1.272,1.272,1.272,1.272
20250408,513100.SH,1.272,1.306,1.335,1.303,1.319,0.047,3.695,11784641.0,1553300.165,1.306,1.335,1.303,1.319
20250409,513100.SH,1.319,1.271,1.313,1.26,1.3,-0.019,-1.4405,18236090.99,2341506.606,1.271,1.313,1.26,1.3
20250410,513100.SH,1.3,1.43,1.43,1.401,1.429,0.129,9.9231,13148448.38,1871465.439,1.43,1.43,1.401,1.429
20250411,513100.SH,1.429,1.372,1.424,1.371,1.413,-0.016,-1.1197,11290487.19,1574464.588,1.372,1.424,1.371,1.413
20250414,513100.SH,1.413,1.435,1.437,1.429,1.432,0.019,1.3447,6431883.5,921138.892,1.435,1.437,1.429,1.432
20250415,513100.SH,1.432,1.425,1.425,1.415,1.416,-0.016,-1.1173,3585723.0,508687.532,1.425,1.425,1.415,1.416
20250416,513100.SH,1.416,1.4,1.406,1.384,1.389,-0.027,-1.9068,4194374.0,584705.519,1.4,1.406,1.384,1.389
20250417,513100.SH,1.389,1.379,1.398,1.377,1.39,0.001,0.072,5235547.0,726435.268,1.379,1.398,1.377,1.39
20250418,513100.SH,1.39,1.381,1.387,1.376,1.381,-0.009,-0.6475,3590872.27,495918.617,1.381,1.387,1.376,1.381
20250421,513100.SH,1.381,1.374,1.376,1.367,1.369,-0.012,-0.8689,3236146.0,443818.043,1.374,1.376,1.367,1.369
20250422,513100.SH,1.369,1.361,1.374,1.351,1.371,0.002,0.1461,4599907.0,625172.84,1.361,1.374,1.351,1.371
20250423,513100.SH,1.371,1.401,1.417,1.391,1.415,0.044,3.2093,7174157.58,1006395.403,1.401,1.417,1.391,1.415
20250424,513100.SH,1.415,1.42,1.42,1.398,1.398,-0.017,-1.2014,4418734.0,621762.277,1.42,1.42,1.398,1.398
20250425,513100.SH,1.398,1.436,1.446,1.436,1.444,0.046,3.2904,7496685.79,1080808.243,1.436,1.446,1.436,1.444
20250428,513100.SH,1.444,1.44,1.45,1.437,1.448,0.004,0.277,4579687.0,661337.925,1.44,1.45,1.437,1.448
20250429,513100.SH,1.448,1.451,1.456,1.445,1.446,-0.002,-0.1381,3680105.0,534296.359,1.451,1.456,1.445,1.446
20250430,513100.SH,1.446,1.448,1.452,1.444,1.446,0.0,0.0,3628218.99,525415.764,1.448,1.452,1.444,1.446
20250506,513100.SH,1.446,1.469,1.47,1.454,1.457,0.011,0.7607,6441272.05,939843.165,1.469,1.47,1.454,1.457
20250507,513100.SH,1.457,1.463,1.476,1.459,1.462,0.005,0.3432,3423797.7,501356.837,1.463,1.476,1.459,1.462
20250508,513100.SH,1.462,1.477,1.486,1.47,1.485,0.023,1.5732,4591589.0,678513.366,1.477,1.486,1.47,1.485
20250509,513100.SH,1.485,1.485,1.489,1.479,1.486,0.001,0.0673,5095209.75,756114.122,1.485,1.489,1.479,1.486
20250512,513100.SH,1.486,1.513,1.518,1.506,1.516,0.03,2.0188,5584639.42,844555.802,1.513,1.518,1.506,1.516
20250513,513100.SH,1.516,1.538,1.539,1.519,1.522,0.006,0.3958,6294489.0,964111.051,1.538,1.539,1.519,1.522
20250514,513100.SH,1.522,1.546,1.567,1.546,1.566,0.044,2.8909,9210377.0,1435307.892,1.546,1.567,1.546,1.566
20250515,513100.SH,1.566,1.564,1.572,1.558,1.559,-0.007,-0.447,5872130.0,919133.468,1.564,1.572,1.558,1.559
20250516,513100.SH,1.559,1.561,1.568,1.559,1.561,0.002,0.1283,3176076.0,496405.563,1.561,1.568,1.559,1.561
20250519,513100.SH,1.561,1.55,1.555,1.546,1.547,-0.014,-0.8969,5224579.0,810154.17,1.55,1.555,1.546,1.547
20250520,513100.SH,1.547,1.565,1.569,1.562,1.564,0.017,1.0989,4654630.0,728745.837,1.565,1.569,1.562,1.564
20250521,513100.SH,1.564,1.563,1.563,1.547,1.549,-0.015,-0.9591,4276423.0,664518.529,1.563,1.563,1.547,1.549
20250522,513100.SH,1.549,1.54,1.547,1.534,1.539,-0.01,-0.6456,5585075.99,859406.311,1.54,1.547,1.534,1.539
20250523,513100.SH,1.539,1.54,1.544,1.532,1.534,-0.005,-0.3249,2436645.0,375113.192,1.54,1.544,1.532,1.534
20250526,513100.SH,1.534,1.54,1.543,1.536,1.543,0.009,0.5867,2373397.0,365072.257,1.54,1.543,1.536,1.543
20250527,513100.SH,1.543,1.54,1.554,1.538,1.55,0.007,0.4537,3632932.0,561737.745,1.54,1.554,1.538,1.55
20250528,513100.SH,1.55,1.568,1.572,1.563,1.568,0.018,1.1613,3190855.87,500059.139,1.568,1.572,1.563,1.568
20250529,513100.SH,1.568,1.59,1.594,1.585,1.589,0.021,1.3393,4682623.96,744436.602,1.59,1.594,1.585,1.589
20250530,513100.SH,1.589,1.554,1.562,1.553,1.556,-0.033,-2.0768,4523246.93,704779.774,1.554,1.562,1.553,1.556
20250603,513100.SH,1.556,1.567,1.568,1.561,1.562,0.006,0.3856,3376504.18,528130.783,1.567,1.568,1.561,1.562
20250604,513100.SH,1.562,1.577,1.578,1.57,1.575,0.013,0.8323,4252270.0,669322.847,1.577,1.578,1.57,1.575
20250605,513100.SH,1.575,1.575,1.577,1.571,1.571,-0.004,-0.254,2332413.0,367112.293,1.575,1.577,1.571,1.571
20250606,513100.SH,1.571,1.56,1.569,1.559,1.567,-0.004,-0.2546,3877387.0,606359.852,1.56,1.569,1.559,1.567
20250609,513100.SH,1.567,1.573,1.574,1.57,1.571,0.004,0.2553,2204700.0,346454.875,1.573,1.574,1.57,1.571
20250610,513100.SH,1.571,1.581,1.586,1.569,1.571,0.0,0.0,7086257.4,1118526.443,1.581,1.586,1.569,1.571
20250611,513100.SH,1.571,1.577,1.58,1.576,1.577,0.006,0.3819,3638397.0,574223.192,1.577,1.58,1.576,1.577
20250612,513100.SH,1.577,1.57,1.574,1.568,1.571,-0.006,-0.3805,3311562.0,520206.614,1.57,1.574,1.568,1.571
20250613,513100.SH,1.571,1.552,1.559,1.548,1.554,-0.017,-1.0821,6415816.0,996845.781,1.552,1.559,1.548,1.554
20250616,513100.SH,1.554,1.561,1.568,1.56,1.567,0.013,0.8366,4620218.46,722547.267,1.561,1.568,1.56,1.567
20250617,513100.SH,1.567,1.573,1.577,1.57,1.573,0.006,0.3829,6074351.29,955652.016,1.573,1.577,1.57,1.573
20250618,513100.SH,1.573,1.568,1.572,1.566,1.568,-0.005,-0.3179,3229766.0,506645.671,1.568,1.572,1.566,1.568
20250619,513100.SH,1.568,1.56,1.563,1.556,1.559,-0.009,-0.574,3832173.0,597707.974,1.56,1.563,1.556,1.559
20250620,513100.SH,1.559,1.559,1.566,1.557,1.562,0.003,0.1924,3214342.0,501907.071,1.559,1.566,1.557,1.562
20250623,513100.SH,1.562,1.551,1.559,1.549,1.559,-0.003,-0.1921,3033614.0,471833.777,1.551,1.559,1.549,1.559
20250624,513100.SH,1.559,1.585,1.595,1.583,1.595,0.036,2.3092,6232075.0,989391.14,1.585,1.595,1.583,1.595
20250625,513100.SH,1.595,1.596,1.598,1.594,1.595,0.0,0.0,4366056.09,696692.253,1.596,1.598,1.594,1.595
20250626,513100.SH,1.595,1.599,1.603,1.596,1.603,0.008,0.5016,4287298.0,685836.528,1.599,1.603,1.596,1.603
20250627,513100.SH,1.603,1.612,1.622,1.611,1.619,0.016,0.9981,5142310.97,831251.319,1.612,1.622,1.611,1.619
20250630,513100.SH,1.619,1.625,1.631,1.624,1.629,0.01,0.6177,4747140.5,772888.563,1.625,1.631,1.624,1.629
20250701,513100.SH,1.629,1.631,1.631,1.621,1.622,-0.007,-0.4297,5043952.0,819923.182,1.631,1.631,1.621,1.622
20250702,513100.SH,1.622,1.614,1.624,1.613,1.623,0.001,0.0617,4615354.01,747016.411,1.614,1.624,1.613,1.623
20250703,513100.SH,1.623,1.63,1.63,1.625,1.626,0.003,0.1848,4985408.0,811058.469,1.63,1.63,1.625,1.626
20250704,513100.SH,1.626,1.639,1.64,1.635,1.636,0.01,0.615,3187550.01,521867.889,1.639,1.64,1.635,1.636
20250707,513100.SH,1.636,1.633,1.638,1.632,1.635,-0.001,-0.0611,4245882.31,694133.135,1.633,1.638,1.632,1.635
20250708,513100.SH,1.635,1.633,1.637,1.631,1.636,0.001,0.0612,4060493.0,663595.412,1.633,1.637,1.631,1.636
20250709,513100.SH,1.636,1.633,1.634,1.627,1.63,-0.006,-0.3667,4460343.0,726923.367,1.633,1.634,1.627,1.63
20250710,513100.SH,1.63,1.637,1.64,1.636,1.639,0.009,0.5521,3386540.0,554832.629,1.637,1.64,1.636,1.639
20250711,513100.SH,1.639,1.634,1.636,1.632,1.633,-0.006,-0.3661,3780417.0,617609.837,1.634,1.636,1.632,1.633
20250714,513100.SH,1.633,1.626,1.627,1.622,1.623,-0.01,-0.6124,3911329.0,635443.593,1.626,1.627,1.622,1.623
20250715,513100.SH,1.623,1.635,1.649,1.634,1.648,0.025,1.5404,7667673.32,1259571.479,1.635,1.649,1.634,1.648
20250716,513100.SH,1.648,1.64,1.643,1.637,1.638,-0.01,-0.6068,3491234.0,572658.501,1.64,1.643,1.637,1.638
20250717,513100.SH,1.638,1.644,1.652,1.642,1.65,0.012,0.7326,4063493.69,668885.597,1.644,1.652,1.642,1.65
20250718,513100.SH,1.65,1.658,1.666,1.658,1.662,0.012,0.7273,3877669.98,644602.073,1.658,1.666,1.658,1.662
20250721,513100.SH,1.662,1.663,1.665,1.661,1.662,0.0,0.0,2313866.34,384748.031,1.663,1.665,1.661,1.662
20250722,513100.SH,1.662,1.666,1.669,1.661,1.663,0.001,0.0602,3204355.18,533359.694,1.666,1.669,1.661,1.663
20250723,513100.SH,1.663,1.657,1.66,1.655,1.66,-0.003,-0.1804,3955703.28,655631.191,1.657,1.66,1.655,1.66
20250724,513100.SH,1.66,1.667,1.668,1.661,1.663,0.003,0.1807,3016826.0,502335.769,1.667,1.668,1.661,1.663
20250725,513100.SH,1.663,1.667,1.669,1.665,1.666,0.003,0.1804,2899654.0,483387.197,1.667,1.669,1.665,1.666
20250728,513100.SH,1.666,1.677,1.684,1.677,1.684,0.018,1.0804,2724062.0,457808.874,1.677,1.684,1.677,1.684
20250729,513100.SH,1.684,1.683,1.685,1.68,1.683,-0.001,-0.0594,3264103.25,549120.98,1.683,1.685,1.68,1.683
20250730,513100.SH,1.683,1.679,1.682,1.677,1.68,-0.003,-0.1783,2269491.12,381179.556,1.679,1.682,1.677,1.68
20250731,513100.SH,1.68,1.703,1.706,1.701,1.704,0.024,1.4286,3852397.28,656362.639,1.703,1.706,1.701,1.704
20250801,513100.SH,1.704,1.674,1.678,1.67,1.671,-0.033,-1.9366,5850542.0,979733.465,1.674,1.678,1.67,1.671
20250804,513100.SH,1.671,1.643,1.649,1.643,1.648,-0.023,-1.3764,5128905.0,843930.241,1.643,1.649,1.643,1.648
20250805,513100.SH,1.648,1.672,1.68,1.67,1.679,0.031,1.8811,3870617.15,647949.079,1.672,1.68,1.67,1.679
20250806,513100.SH,1.679,1.658,1.671,1.656,1.67,-0.009,-0.536,5309114.27,883728.903,1.658,1.671,1.656,1.67
20250807,513100.SH,1.67,1.689,1.692,1.683,1.684,0.014,0.8383,3808515.2,642683.408,1.689,1.692,1.683,1.684
20250808,513100.SH,1.684,1.691,1.693,1.688,1.691,0.007,0.4157,2886854.65,488077.451,1.691,1.693,1.688,1.691
20250811,513100.SH,1.691,1.706,1.708,1.704,1.708,0.017,1.0053,3831490.64,653825.071,1.706,1.708,1.704,1.708
20250812,513100.SH,1.708,1.702,1.706,1.699,1.703,-0.005,-0.2927,4405985.01,750223.739,1.702,1.706,1.699,1.703
20250813,513100.SH,1.703,1.721,1.722,1.715,1.721,0.018,1.057,5355960.0,920722.283,1.721,1.722,1.715,1.721
20250814,513100.SH,1.721,1.718,1.719,1.714,1.717,-0.004,-0.2324,3282039.0,563160.183,1.718,1.719,1.714,1.717
20250815,513100.SH,1.717,1.717,1.722,1.717,1.722,0.005,0.2912,3403341.71,584968.237,1.717,1.722,1.717,1.722
20250818,513100.SH,1.722,1.715,1.718,1.708,1.71,-0.012,-0.6969,4454913.99,763759.639,1.715,1.718,1.708,1.71
20250819,513100.SH,1.71,1.709,1.71,1.701,1.703,-0.007,-0.4094,3426459.17,584113.636,1.709,1.71,1.701,1.703
20250820,513100.SH,1.703,1.678,1.686,1.675,1.684,-0.019,-1.1157,5257342.0,882667.917,1.678,1.686,1.675,1.684
20250821,513100.SH,1.684,1.676,1.69,1.676,1.69,0.006,0.3563,4438892.33,747422.689,1.676,1.69,1.676,1.69
20250822,513100.SH,1.69,1.681,1.687,1.672,1.676,-0.014,-0.8284,4891104.0,821283.28,1.681,1.687,1.672,1.676
20250825,513100.SH,1.676,1.7,1.701,1.695,1.698,0.022,1.3126,4435584.1,753339.172,1.7,1.701,1.695,1.698
20250826,513100.SH,1.698,1.691,1.692,1.688,1.69,-0.008,-0.4711,2700551.26,456202.211,1.691,1.692,1.688,1.69
20250827,513100.SH,1.69,1.699,1.705,1.696,1.704,0.014,0.8284,2784757.26,473148.811,1.699,1.705,1.696,1.704
20250828,513100.SH,1.704,1.694,1.698,1.69,1.693,-0.011,-0.6455,3838409.0,649940.942,1.694,1.698,1.69,1.693
20250829,513100.SH,1.693,1.7,1.7,1.691,1.692,-0.001,-0.0591,4104974.62,695360.805,1.7,1.7,1.691,1.692
20250901,513100.SH,1.692,1.679,1.68,1.667,1.673,-0.019,-1.1229,6282234.63,1051094.459,1.679,1.68,1.667,1.673
20250902,513100.SH,1.673,1.676,1.677,1.672,1.676,0.003,0.1793,2828848.0,473504.831,1.676,1.677,1.672,1.676
20250903,513100.SH,1.676,1.667,1.678,1.666,1.676,0.0,0.0,4094441.16,684086.898,1.667,1.678,1.666,1.676
20250904,513100.SH,1.676,1.685,1.686,1.681,1.682,0.006,0.358,4275985.0,719796.014,1.685,1.686,1.681,1.682
20250905,513100.SH,1.682,1.698,1.701,1.696,1.701,0.019,1.1296,3384915.69,574946.613,1.698,1.701,1.696,1.701
20250908,513100.SH,1.701,1.698,1.699,1.694,1.696,-0.005,-0.2939,2489903.65,422336.578,1.698,1.699,1.694,1.696
20250909,513100.SH,1.696,1.698,1.701,1.696,1.701,0.005,0.2948,3196478.04,542998.716,1.698,1.701,1.696,1.701
20250910,513100.SH,1.701,1.704,1.711,1.704,1.711,0.01,0.5879,2657639.0,453939.668,1.704,1.711,1.704,1.711
20250911,513100.SH,1.711,1.707,1.709,1.703,1.708,-0.003,-0.1753,2891104.0,493321.883,1.707,1.709,1.703,1.708
20250912,513100.SH,1.708,1.713,1.715,1.712,1.714,0.006,0.3513,2191303.0,375506.188,1.713,1.715,1.712,1.714
20250915,513100.SH,1.714,1.719,1.727,1.718,1.727,0.013,0.7585,3214370.39,553773.591,1.719,1.727,1.718,1.727
20250916,513100.SH,1.727,1.736,1.741,1.735,1.736,0.009,0.5211,3485674.87,605608.362,1.736,1.741,1.735,1.736
20250917,513100.SH,1.736,1.732,1.733,1.726,1.729,-0.007,-0.4032,4416105.3,763310.325,1.732,1.733,1.726,1.729
20250918,513100.SH,1.729,1.734,1.745,1.733,1.744,0.015,0.8676,5214698.64,907458.119,1.734,1.745,1.733,1.744
20250919,513100.SH,1.744,1.751,1.755,1.75,1.751,0.007,0.4014,4219362.91,739522.444,1.751,1.755,1.75,1.751
20250922,513100.SH,1.751,1.762,1.774,1.76,1.771,0.02,1.1422,6033056.5,1066008.16,1.762,1.774,1.76,1.771
20250923,513100.SH,1.771,1.788,1.8,1.786,1.8,0.029,1.6375,5484259.94,983843.041,1.788,1.8,1.786,1.8
20250924,513100.SH,1.8,1.784,1.786,1.774,1.785,-0.015,-0.8333,5490781.39,978019.024,1.784,1.786,1.774,1.785
20250925,513100.SH,1.785,1.779,1.784,1.776,1.779,-0.006,-0.3361,2416786.0,430269.125,1.779,1.784,1.776,1.779
20250926,513100.SH,1.779,1.771,1.782,1.769,1.78,0.001,0.0562,3102190.2,550291.947,1.771,1.782,1.769,1.78
20250929,513100.SH,1.78,1.793,1.805,1.792,1.8,0.02,1.1236,4374478.47,787243.757,1.793,1.805,1.792,1.8
20250930,513100.SH,1.8,1.802,1.816,1.802,1.813,0.013,0.7222,4818682.42,871513.137,1.802,1.816,1.802,1.813
20251009,513100.SH,1.813,1.842,1.855,1.842,1.851,0.038,2.096,4596623.45,849175.124,1.842,1.855,1.842,1.851
20251010,513100.SH,1.851,1.852,1.865,1.843,1.86,0.009,0.4862,5062775.99,938819.24,1.852,1.865,1.843,1.86
20251013,513100.SH,1.86,1.807,1.834,1.806,1.829,-0.031,-1.6667,9320491.65,1697766.422,1.807,1.834,1.806,1.829
20251014,513100.SH,1.829,1.855,1.855,1.802,1.81,-0.019,-1.0388,6435169.16,1176970.873,1.855,1.855,1.802,1.81
20251015,513100.SH,1.81,1.823,1.836,1.813,1.825,0.015,0.8287,6138426.63,1119518.555,1.823,1.836,1.813,1.825
20251016,513100.SH,1.825,1.823,1.84,1.818,1.838,0.013,0.7123,4647926.0,848578.305,1.823,1.84,1.818,1.838
20251017,513100.SH,1.838,1.825,1.83,1.806,1.807,-0.031,-1.6866,4382429.02,796285.489,1.825,1.83,1.806,1.807
20251020,513100.SH,1.807,1.835,1.86,1.834,1.859,0.052,2.8777,6380882.62,1178254.243,1.835,1.86,1.834,1.859
20251021,513100.SH,1.859,1.888,1.89,1.858,1.873,0.014,0.7531,4519168.7,848230.926,1.888,1.89,1.858,1.873
20251022,513100.SH,1.873,1.871,1.888,1.862,1.883,0.01,0.5339,4957988.81,932400.738,1.871,1.888,1.862,1.883
20251023,513100.SH,1.883,1.868,1.886,1.866,1.883,0.0,0.0,3411844.0,639486.959,1.868,1.886,1.866,1.883
20251024,513100.SH,1.883,1.91,1.911,1.895,1.902,0.019,1.009,3204220.28,609124.626,1.91,1.911,1.895,1.902
20251027,513100.SH,1.902,1.923,1.964,1.923,1.956,0.054,2.8391,7136044.64,1383610.769,1.923,1.964,1.923,1.956
20251028,513100.SH,1.956,1.976,1.991,1.932,1.961,0.005,0.2556,7365046.94,1445738.892,1.976,1.991,1.932,1.961
20251029,513100.SH,1.961,1.984,2.0,1.969,2.0,0.039,1.9888,4677597.81,930028.054,1.984,2.0,1.969,2.0
20251030,513100.SH,2.0,1.997,2.001,1.98,1.985,-0.015,-0.75,5846492.94,1164800.873,1.997,2.001,1.98,1.985
20251031,513100.SH,1.985,1.981,1.998,1.969,1.982,-0.003,-0.1511,4697858.0,931639.318,1.981,1.998,1.969,1.982
20251103,513100.SH,1.982,1.984,1.989,1.975,1.976,-0.006,-0.3027,3146724.41,623922.202,1.984,1.989,1.975,1.976
20251104,513100.SH,1.976,1.977,1.979,1.918,1.94,-0.036,-1.8219,5530366.45,1076660.643,1.977,1.979,1.918,1.94
20251105,513100.SH,1.94,1.89,1.927,1.862,1.912,-0.028,-1.4433,6911385.66,1312596.198,1.89,1.927,1.862,1.912
20251106,513100.SH,1.912,1.923,1.95,1.919,1.949,0.037,1.9351,3594969.19,697288.782,1.923,1.95,1.919,1.949
20251107,513100.SH,1.949,1.918,1.938,1.912,1.924,-0.025,-1.2827,4875313.78,936994.575,1.918,1.938,1.912,1.924
20251110,513100.SH,1.924,1.946,1.953,1.936,1.951,0.027,1.4033,3958626.28,769495.114,1.946,1.953,1.936,1.951
20251111,513100.SH,1.951,1.975,1.98,1.95,1.959,0.008,0.41,3637482.17,714875.883,1.975,1.98,1.95,1.959
20251112,513100.SH,1.959,1.967,1.975,1.96,1.974,0.015,0.7657,3450910.27,678540.381,1.967,1.975,1.96,1.974
20251113,513100.SH,1.974,1.97,1.976,1.965,1.975,0.001,0.0507,3206418.26,631787.274,1.97,1.976,1.965,1.975
20251114,513100.SH,1.975,1.935,1.946,1.92,1.923,-0.052,-2.6329,4759288.86,920478.852,1.935,1.946,1.92,1.923
20251117,513100.SH,1.923,1.941,1.942,1.886,1.909,-0.014,-0.728,5129447.55,987797.579,1.941,1.942,1.886,1.909
20251118,513100.SH,1.909,1.881,1.892,1.838,1.844,-0.065,-3.4049,8785409.39,1636555.043,1.881,1.892,1.838,1.844
20251119,513100.SH,1.844,1.835,1.863,1.831,1.836,-0.008,-0.4338,7144110.99,1317560.582,1.835,1.863,1.831,1.836
20251120,513100.SH,1.836,1.879,1.909,1.879,1.907,0.071,3.8671,6358347.86,1203355.917,1.879,1.909,1.879,1.907
20251121,513100.SH,1.907,1.834,1.858,1.831,1.848,-0.059,-3.0939,6331538.5,1169156.015,1.834,1.858,1.831,1.848
20251124,513100.SH,1.848,1.868,1.876,1.851,1.856,0.008,0.4329,5391473.56,1002630.338,1.868,1.876,1.851,1.856
20251125,513100.SH,1.856,1.896,1.899,1.89,1.897,0.041,2.2091,6021638.72,1141232.503,1.896,1.899,1.89,1.897
20251126,513100.SH,1.897,1.911,1.93,1.911,1.927,0.03,1.5814,2997252.91,575439.492,1.911,1.93,1.911,1.927
20251127,513100.SH,1.927,1.941,1.942,1.922,1.925,-0.002,-0.1038,2846438.82,549531.409,1.941,1.942,1.922,1.925
20251128,513100.SH,1.925,1.935,1.944,1.928,1.943,0.018,0.9351,2388458.0,462289.776,1.935,1.944,1.928,1.943
20251201,513100.SH,1.943,1.93,1.943,1.926,1.936,-0.007,-0.3603,3124567.01,604420.744,1.93,1.943,1.926,1.936
20251202,513100.SH,1.936,1.945,1.946,1.933,1.94,0.004,0.2066,1971989.94,382400.053,1.945,1.946,1.933,1.94
20251203,513100.SH,1.94,1.95,1.966,1.95,1.965,0.025,1.2887,3261452.89,638854.275,1.95,1.966,1.95,1.965
20251204,513100.SH,1.965,1.965,1.972,1.964,1.965,0.0,0.0,2394191.0,471018.398,1.965,1.972,1.964,1.965
20251205,513100.SH,1.965,1.968,1.972,1.956,1.963,-0.002,-0.1018,3236556.24,635988.794,1.968,1.972,1.956,1.963
20251208,513100.SH,1.963,1.963,1.969,1.951,1.952,-0.011,-0.5604,2692512.31,527612.125,1.963,1.969,1.951,1.952
20251209,513100.SH,1.952,1.948,1.948,1.922,1.928,-0.024,-1.2295,3210902.67,619646.139,1.948,1.948,1.922,1.928
20251210,513100.SH,1.928,1.928,1.948,1.924,1.944,0.016,0.8299,2911716.77,564132.144,1.928,1.948,1.924,1.944
20251211,513100.SH,1.944,1.942,1.952,1.917,1.918,-0.026,-1.3374,3738106.77,722358.25,1.942,1.952,1.917,1.918
20251212,513100.SH,1.918,1.932,1.932,1.918,1.921,0.003,0.1564,2856957.82,549497.814,1.932,1.932,1.918,1.921
20251215,513100.SH,1.921,1.89,1.905,1.888,1.902,-0.019,-0.9891,2470526.0,469276.987,1.89,1.905,1.888,1.902
20251216,513100.SH,1.902,1.89,1.895,1.866,1.873,-0.029,-1.5247,3296844.4,618842.757,1.89,1.895,1.866,1.873
20251217,513100.SH,1.873,1.886,1.905,1.883,1.899,0.026,1.3881,3378807.0,640773.222,1.886,1.905,1.883,1.899
20251218,513100.SH,1.899,1.873,1.88,1.87,1.878,-0.021,-1.1058,2596504.0,487149.813,1.873,1.88,1.87,1.878
20251219,513100.SH,1.878,1.899,1.917,1.896,1.916,0.038,2.0234,2884446.0,549409.166,1.899,1.917,1.896,1.916
20251222,513100.SH,1.916,1.94,1.947,1.94,1.945,0.029,1.5136,2548444.01,495178.026,1.94,1.947,1.94,1.945
20251223,513100.SH,1.945,1.946,1.947,1.932,1.935,-0.01,-0.5141,2072785.0,401579.307,1.946,1.947,1.932,1.935
20251224,513100.SH,1.935,1.943,1.944,1.93,1.933,-0.002,-0.1034,1783781.35,345374.07,1.943,1.944,1.93,1.933
20251225,513100.SH,1.933,1.933,1.935,1.926,1.93,-0.003,-0.1552,1385094.0,267162.247,1.933,1.935,1.926,1.93
20251226,513100.SH,1.93,1.935,1.937,1.928,1.929,-0.001,-0.0518,1064529.0,205518.716,1.935,1.937,1.928,1.929
20251229,513100.SH,1.929,1.925,1.925,1.909,1.916,-0.013,-0.6739,1972866.75,377423.282,1.925,1.925,1.909,1.916
20251230,513100.SH,1.916,1.903,1.916,1.898,1.914,-0.002,-0.1044,2105944.93,400985.653,1.903,1.916,1.898,1.914
20251231,513100.SH,1.914,1.905,1.909,1.901,1.904,-0.01,-0.5225,1335822.62,254309.544,1.905,1.909,1.901,1.904
20260105,513100.SH,1.904,1.909,1.93,1.907,1.93,0.026,1.3655,2742749.38,526499.13,1.909,1.93,1.907,1.93
20260106,513100.SH,1.93,1.932,1.933,1.92,1.925,-0.005,-0.2591,2686141.14,517079.765,1.932,1.933,1.92,1.925
20260107,513100.SH,1.925,1.93,1.931,1.917,1.919,-0.006,-0.3117,2139806.0,411125.006,1.93,1.931,1.917,1.919
20260108,513100.SH,1.919,1.916,1.918,1.898,1.899,-0.02,-1.0422,2518386.25,480506.535,1.916,1.918,1.898,1.899
20260109,513100.SH,1.899,1.896,1.906,1.89,1.903,0.004,0.2106,1831268.72,347682.936,1.896,1.906,1.89,1.903
20260112,513100.SH,1.903,1.904,1.907,1.892,1.893,-0.01,-0.5255,2938080.14,557937.555,1.904,1.907,1.892,1.893
20260113,513100.SH,1.893,1.895,1.917,1.893,1.915,0.022,1.1622,2607273.0,495999.372,1.895,1.917,1.893,1.915
20260114,513100.SH,1.915,1.914,1.914,1.901,1.909,-0.006,-0.3133,2170816.68,413816.883,1.914,1.914,1.901,1.909
20260115,513100.SH,1.909,1.898,1.906,1.891,1.901,-0.008,-0.4191,2234631.0,424221.658,1.898,1.906,1.891,1.901
20260116,513100.SH,1.901,1.904,1.906,1.899,1.904,0.003,0.1578,1527866.21,290524.176,1.904,1.906,1.899,1.904
20260119,513100.SH,1.904,1.886,1.896,1.883,1.887,-0.017,-0.8929,1902555.6,359432.671,1.886,1.896,1.883,1.887
20260120,513100.SH,1.887,1.887,1.89,1.871,1.876,-0.011,-0.5829,1700406.5,319538.3,1.887,1.89,1.871,1.876
20260121,513100.SH,1.876,1.862,1.879,1.856,1.875,-0.001,-0.0533,2331083.88,435445.341,1.862,1.879,1.856,1.875
20260122,513100.SH,1.875,1.896,1.906,1.894,1.901,0.026,1.3867,2307415.77,438507.589,1.896,1.906,1.894,1.901
20260123,513100.SH,1.901,1.908,1.91,1.89,1.891,-0.01,-0.526,2367098.0,449491.529,1.908,1.91,1.89,1.891
20260126,513100.SH,1.891,1.888,1.888,1.87,1.882,-0.009,-0.4759,2372021.0,445490.355,1.888,1.888,1.87,1.882
20260127,513100.SH,1.882,1.894,1.899,1.888,1.894,0.012,0.6376,2109184.29,399852.913,1.894,1.899,1.888,1.894
20260128,513100.SH,1.894,1.902,1.912,1.894,1.905,0.011,0.5808,3683997.0,701550.799,1.902,1.912,1.894,1.905
20260129,513100.SH,1.905,1.895,1.898,1.886,1.891,-0.014,-0.7349,1904562.3,360386.656,1.895,1.898,1.886,1.891
20260130,513100.SH,1.891,1.874,1.887,1.874,1.881,-0.01,-0.5288,1912240.0,359283.664,1.874,1.887,1.874,1.881
20260202,513100.SH,1.881,1.858,1.875,1.831,1.833,-0.048,-2.5518,3399120.39,628621.227,1.858,1.875,1.831,1.833
20260203,513100.SH,1.833,1.87,1.873,1.855,1.872,0.039,2.1277,2516214.52,469735.418,1.87,1.873,1.855,1.872
20260204,513100.SH,1.872,1.849,1.855,1.841,1.853,-0.019,-1.015,2501767.51,462537.67,1.849,1.855,1.841,1.853
20260205,513100.SH,1.853,1.835,1.843,1.831,1.84,-0.013,-0.7016,1884899.49,345974.787,1.835,1.843,1.831,1.84
20260206,513100.SH,1.84,1.809,1.818,1.805,1.813,-0.027,-1.4674,2796254.08,506740.548,1.809,1.818,1.805,1.813
20260209,513100.SH,1.813,1.846,1.85,1.841,1.847,0.034,1.8753,2035545.66,375820.258,1.846,1.85,1.841,1.847
20260210,513100.SH,1.847,1.851,1.854,1.842,1.844,-0.003,-0.1624,1536115.67,284057.452,1.851,1.854,1.842,1.844
20260211,513100.SH,1.844,1.84,1.843,1.839,1.841,-0.003,-0.1627,1094132.02,201427.474,1.84,1.843,1.839,1.841
20260212,513100.SH,1.841,1.84,1.847,1.833,1.836,-0.005,-0.2716,1574970.58,289696.313,1.84,1.847,1.833,1.836
20260213,513100.SH,1.836,1.81,1.833,1.807,1.83,-0.006,-0.3268,2241111.81,407603.92,1.81,1.833,1.807,1.83
20260224,513100.SH,1.83,1.821,1.824,1.81,1.823,-0.007,-0.3825,1585211.0,288055.017,1.821,1.824,1.81,1.823
20260225,513100.SH,1.823,1.832,1.837,1.824,1.825,0.002,0.1097,1367577.67,250206.24,1.832,1.837,1.824,1.825
20260226,513100.SH,1.825,1.839,1.841,1.831,1.832,0.007,0.3836,1560805.0,286430.531,1.839,1.841,1.831,1.832
20260227,513100.SH,1.832,1.816,1.823,1.816,1.819,-0.013,-0.7096,1234306.52,224528.674,1.816,1.823,1.816,1.819
